20, 0.0157948, 1.32562
20.025, 0.033793, 1.34568
20.05, 0.0465176, 1.42417
20.075, 0.101496, 1.5768
20.1, 0.160161, 1.61388
20.125, 0.192379, 1.75884
20.15, 0.222773, 1.80013
20.175, 0.263403, 1.96362
20.2, 0.310324, 2.00951
20.225, 0.408068, 2.15895
20.25, 0.519004, 2.2051
20.275, 0.680723, 2.36693
20.3, 0.862774, 2.39838
20.325, 1.13029, 2.51458
20.35, 1.42014, 2.55638
20.375, 1.74981, 2.6497
20.4, 2.07609, 2.68587
20.425, 2.38465, 2.78264
20.45, 2.68501, 2.81089
20.475, 2.97816, 2.89462
20.5, 3.2609, 2.9331
20.525, 3.55408, 3.0323
20.55, 3.85462, 3.05863
20.575, 4.21194, 3.14824
20.6, 4.58292, 3.1669
20.625, 4.97188, 3.23555
20.65, 5.3494, 3.25524
20.675, 5.73644, 3.30854
20.7, 6.1009, 3.32056
20.725, 6.45389, 3.3731
20.75, 6.80455, 3.3924
20.775, 7.15837, 3.44609
20.8, 7.49741, 3.46079
20.825, 7.84429, 3.49032
20.85, 8.18183, 3.49645
20.875, 8.50818, 3.54848
20.9, 8.82703, 3.56331
20.925, 9.16519, 3.60102
20.95, 9.49242, 3.61048
20.975, 9.79577, 3.63771
21, 10.0951, 3.64269
21.025, 10.3771, 3.68449
21.05, 10.6383, 3.6928
21.075, 10.948, 3.72118
21.1, 11.2635, 3.73409
21.125, 11.5568, 3.73933
21.15, 11.8361, 3.74023
21.175, 12.1044, 3.76554
21.2, 12.3621, 3.7704
21.225, 12.6534, 3.7727
21.25, 12.9442, 3.77283
21.275, 13.2265, 3.77372
21.3, 13.499, 3.77398
21.325, 13.7311, 3.77449
21.35, 13.9387, 3.77462
21.375, 14.1073, 3.79366
21.4, 14.2524, 3.79456
21.425, 14.4052, 3.80427
21.45, 14.5683, 3.81092
21.475, 14.7619, 3.81782
21.5, 14.9633, 3.81795
21.525, 15.1784, 3.81808
21.55, 15.3891, 3.81808
21.575, 15.5439, 3.81808
21.6, 15.669, 3.81808
21.625, 15.7408, 3.81795
21.65, 15.7915, 3.81808
21.675, 15.8303, 3.81808
21.7, 15.8644, 3.81808
21.725, 15.9659, 3.81821
21.75, 16.0899, 3.81821
21.775, 16.237, 3.81833
21.8, 16.3873, 3.81833
21.825, 16.5187, 3.81821
21.85, 16.6335, 3.81821
21.875, 16.709, 3.81808
21.9, 16.7687, 3.81808
21.925, 16.8153, 3.81782
21.95, 16.8565, 3.81782
21.975, 16.9192, 3.81706
22, 16.9895, 3.81693
22.025, 17.0727, 3.81475
22.05, 17.1585, 3.80951
22.075, 17.2401, 3.8012
22.1, 17.3107, 3.79341
22.125, 17.3652, 3.77781
22.15, 17.4101, 3.76695
22.175, 17.4405, 3.74521
22.2, 17.4658, 3.73985
22.225, 17.4995, 3.71926
22.25, 17.5379, 3.71121
22.275, 17.5704, 3.69089
22.3, 17.6067, 3.6827
22.325, 17.6357, 3.66238
22.35, 17.6582, 3.65701
22.375, 17.6667, 3.63464
22.4, 17.6674, 3.6317
22.425, 17.6634, 3.60498
22.45, 17.662, 3.60166
22.475, 17.6406, 3.57737
22.5, 17.6015, 3.57494
22.525, 17.5638, 3.57239
22.55, 17.5345, 3.56561
22.575, 17.5, 3.54324
22.6, 17.4548, 3.538
22.625, 17.4326, 3.53736
22.65, 17.4204, 3.53723
22.675, 17.4099, 3.53404
22.7, 17.4024, 3.53071
22.725, 17.3852, 3.51537
22.75, 17.3559, 3.50617
22.775, 17.2603, 3.49952
22.8, 17.1521, 3.49927
22.825, 17.0362, 3.49863
22.85, 16.9176, 3.49863
22.875, 16.8635, 3.49901
22.9, 16.8386, 3.49901
22.925, 16.8466, 3.49901
22.95, 16.8649, 3.49888
22.975, 16.8787, 3.49108
23, 16.8817, 3.48827
23.025, 16.8386, 3.46859
23.05, 16.7821, 3.46744
23.075, 16.6959, 3.45542
23.1, 16.6042, 3.45478
23.125, 16.5322, 3.45491
23.15, 16.4727, 3.45491
23.175, 16.4355, 3.45465
23.2, 16.4078, 3.45452
23.225, 16.3923, 3.45427
23.25, 16.3777, 3.45401
23.275, 16.3458, 3.45363
23.3, 16.3092, 3.45363
23.325, 16.2686, 3.45363
23.35, 16.2278, 3.45363
23.375, 16.1937, 3.4512
23.4, 16.1646, 3.44967
23.425, 16.1453, 3.44954
23.45, 16.132, 3.44954
23.475, 16.1213, 3.44455
23.5, 16.1115, 3.44391
23.525, 16.1153, 3.431
23.55, 16.1197, 3.42474
23.575, 16.112, 3.41183
23.6, 16.0993, 3.40646
23.625, 16.0786, 3.39866
23.65, 16.0588, 3.39368
23.675, 16.0188, 3.38128
23.7, 15.9757, 3.37719
23.725, 15.9189, 3.3768
23.75, 15.8587, 3.3768
23.775, 15.8085, 3.37706
23.8, 15.7644, 3.37693
23.825, 15.7278, 3.37706
23.85, 15.6948, 3.37706
23.875, 15.6637, 3.37731
23.9, 15.6335, 3.37731
23.925, 15.5994, 3.37744
23.95, 15.5653, 3.37744
23.975, 15.5318, 3.37744
24, 15.4995, 3.37744
24.025, 15.4971, 3.37757
24.05, 15.5081, 3.37783
24.075, 15.5401, 3.37783
24.1, 15.5775, 3.37783
24.125, 15.6162, 3.37757
24.15, 15.6425, 3.37744
24.175, 15.6062, 3.37731
24.2, 15.5483, 3.37744
24.225, 15.4716, 3.37744
24.25, 15.3913, 3.37744
24.275, 15.3411, 3.37821
24.3, 15.309, 3.37834
24.325, 15.3175, 3.37872
24.35, 15.3398, 3.37872
24.375, 15.3747, 3.3791
24.4, 15.4127, 3.37923
24.425, 15.3996, 3.37936
24.45, 15.3664, 3.37936
24.475, 15.3132, 3.37936
24.5, 15.2542, 3.37949
24.525, 15.2025, 3.37974
24.55, 15.158, 3.38013
24.575, 15.1347, 3.38396
24.6, 15.1183, 3.38435
24.625, 15.1124, 3.38652
24.65, 15.112, 3.38805
24.675, 15.1179, 3.39163
24.7, 15.125, 3.39291
24.725, 15.1367, 3.39726
24.75, 15.1477, 3.39751
24.775, 15.1649, 3.39853
24.8, 15.1837, 3.40045
24.825, 15.2008, 3.4025
24.85, 15.2176, 3.4025
24.875, 15.2327, 3.40237
24.9, 15.2471, 3.40237
24.925, 15.2598, 3.40224
24.95, 15.2704, 3.40224
24.975, 15.279, 3.40211
25, 15.2873, 3.40199
25.025, 15.2948, 3.40186
25.05, 15.3015, 3.40173
25.075, 15.3056, 3.40147
25.1, 15.3087, 3.40147
25.125, 15.3121, 3.39994
25.15, 15.3158, 3.39892
25.175, 15.3179, 3.39879
25.2, 15.3217, 3.39853
25.225, 15.3289, 3.39713
25.25, 15.343, 3.39112
25.275, 15.3607, 3.38984
25.3, 15.365, 3.38537
25.325, 15.3578, 3.38447
25.35, 15.3314, 3.38102
25.375, 15.2995, 3.38089
25.4, 15.2614, 3.37642
25.425, 15.2236, 3.37642
25.45, 15.2326, 3.37642
25.475, 15.2573, 3.37642
25.5, 15.2961, 3.37565
25.525, 15.3399, 3.37412
25.55, 15.3743, 3.37067
25.575, 15.3892, 3.36376
25.6, 15.3328, 3.3483
25.625, 15.255, 3.3474
25.65, 15.1599, 3.34651
25.675, 15.0603, 3.34663
25.7, 15.0091, 3.34715
25.725, 14.9809, 3.34715
25.75, 14.9846, 3.34702
25.775, 14.9994, 3.34702
25.8, 15.0247, 3.34702
25.825, 15.0468, 3.34689
25.85, 15.0355, 3.34638
25.875, 15.0129, 3.34638
25.9, 14.9835, 3.34651
25.925, 14.9527, 3.34651
25.95, 14.9314, 3.34663
25.975, 14.9163, 3.34663
26, 14.9179, 3.34676
26.025, 14.9251, 3.34676
26.05, 14.9369, 3.34689
26.075, 14.9497, 3.34689
26.1, 14.9377, 3.34689
26.125, 14.9165, 3.34689
26.15, 14.8861, 3.34702
26.175, 14.8534, 3.34702
26.2, 14.829, 3.34779
26.225, 14.8099, 3.34804
26.25, 14.8052, 3.34957
26.275, 14.8061, 3.35009
26.3, 14.8135, 3.35073
26.325, 14.8229, 3.35085
26.35, 14.8214, 3.35085
26.375, 14.815, 3.35085
26.4, 14.804, 3.35085
26.425, 14.7921, 3.35085
26.45, 14.7797, 3.35085
26.475, 14.7671, 3.35073
26.5, 14.7525, 3.35073
26.525, 14.7377, 3.35085
26.55, 14.7248, 3.35085
26.575, 14.7132, 3.35098
26.6, 14.7152, 3.35085
26.625, 14.7235, 3.35098
26.65, 14.7446, 3.35098
26.675, 14.7691, 3.35098
26.7, 14.7959, 3.35111
26.725, 14.8224, 3.35098
26.75, 14.8168, 3.35111
26.775, 14.7995, 3.35111
26.8, 14.7733, 3.35124
26.825, 14.7446, 3.35124
26.85, 14.7442, 3.35175
26.875, 14.7594, 3.35213
26.9, 14.8109, 3.35213
26.925, 14.8732, 3.35213
26.95, 14.9419, 3.352
26.975, 15.0104, 3.352
27, 15.0107, 3.35034
27.025, 14.9842, 3.35009
27.05, 14.9311, 3.34983
27.075, 14.8698, 3.34983
27.1, 14.8237, 3.35021
27.125, 14.7913, 3.35021
27.15, 14.8012, 3.3506
27.175, 14.8257, 3.35085
27.2, 14.8641, 3.35085
27.225, 14.9061, 3.35085
27.25, 14.9172, 3.35073
27.275, 14.9154, 3.35073
27.3, 14.8984, 3.35073
27.325, 14.8768, 3.35073
27.35, 14.8534, 3.35073
27.375, 14.8314, 3.35073
27.4, 14.8182, 3.35085
27.425, 14.8088, 3.35085
27.45, 14.8037, 3.35085
27.475, 14.8005, 3.35085
27.5, 14.7997, 3.35085
27.525, 14.8001, 3.35073
27.55, 14.8017, 3.35085
27.575, 14.8039, 3.35085
27.6, 14.8069, 3.35098
27.625, 14.81, 3.35098
27.65, 14.8104, 3.35136
27.675, 14.8098, 3.35162
27.7, 14.8101, 3.35188
27.725, 14.8106, 3.35188
27.75, 14.8166, 3.352
27.775, 14.8255, 3.35213
27.8, 14.8419, 3.35264
27.825, 14.8605, 3.35354
27.85, 14.8815, 3.35379
27.875, 14.9017, 3.35367
27.9, 14.9081, 3.35379
27.925, 14.9094, 3.35379
27.95, 14.9053, 3.35405
27.975, 14.8993, 3.35405
28, 14.8994, 3.35712
28.025, 14.9039, 3.35776
28.05, 14.9219, 3.35788
28.075, 14.9422, 3.35788
28.1, 14.9663, 3.35776
28.125, 14.9923, 3.35776
28.15, 14.979, 3.35763
28.175, 14.95, 3.35763
28.2, 14.9043, 3.3575
28.225, 14.8546, 3.3575
28.25, 14.8034, 3.35763
28.275, 14.7641, 3.35763
28.3, 14.7872, 3.35788
28.325, 14.8308, 3.35788
28.35, 14.8893, 3.35776
28.375, 14.9511, 3.35776
28.4, 14.9718, 3.35737
28.425, 14.9721, 3.35724
28.45, 14.9307, 3.35609
28.475, 14.8759, 3.35597
28.5, 14.8134, 3.35558
28.525, 14.7504, 3.35558
28.55, 14.7217, 3.35558
28.575, 14.7071, 3.35571
28.6, 14.7084, 3.35571
28.625, 14.7154, 3.35571
28.65, 14.7239, 3.35584
28.675, 14.7321, 3.35584
28.7, 14.738, 3.35597
28.725, 14.7426, 3.35609
28.75, 14.7469, 3.35686
28.775, 14.7506, 3.35699
28.8, 14.7499, 3.35737
28.825, 14.7472, 3.3575
28.85, 14.743, 3.35788
28.875, 14.7384, 3.35801
28.9, 14.7349, 3.35801
28.925, 14.7328, 3.35827
28.95, 14.7396, 3.35929
28.975, 14.7497, 3.35942
29, 14.7609, 3.36274
29.025, 14.7724, 3.363
29.05, 14.7766, 3.36619
29.075, 14.7782, 3.3676
29.1, 14.7845, 3.36798
29.125, 14.7906, 3.36798
29.15, 14.7934, 3.36837
29.175, 14.7978, 3.36849
29.2, 14.8127, 3.37156
29.225, 14.8308, 3.3731
29.25, 14.852, 3.37335
29.275, 14.8712, 3.37335
29.3, 14.8721, 3.37348
29.325, 14.8654, 3.37348
29.35, 14.8422, 3.37374
29.375, 14.814, 3.37374
29.4, 14.7844, 3.37476
29.425, 14.7558, 3.37514
29.45, 14.7618, 3.39892
29.475, 14.7827, 3.39917
29.5, 14.84, 3.40045
29.525, 14.9104, 3.40058
29.55, 14.9496, 3.40071
29.575, 14.9712, 3.40071
29.6, 14.9562, 3.40096
29.625, 14.9289, 3.40109
29.65, 14.8907, 3.4025
29.675, 14.851, 3.40352
29.7, 14.8612, 3.41196
29.725, 14.8909, 3.41272
29.75, 14.9412, 3.41413
29.775, 14.9917, 3.41426
29.8, 15.0373, 3.41426
29.825, 15.0749, 3.41426
29.85, 15.0629, 3.41426
29.875, 15.0342, 3.41426
29.9, 14.9959, 3.41439
29.925, 14.9557, 3.41451
29.95, 14.9354, 3.41515
29.975, 14.9257, 3.41592
30, 14.9378, 3.41835
30, 14.9556, 3.42154
30.025, 14.9551, 3.47153
30.05, 14.9556, 3.48635
30.075, 14.9821, 3.52291
30.1, 15.0086, 3.5403
30.125, 15.0382, 3.59974
30.15, 15.0575, 3.60971
30.175, 15.0892, 3.65982
30.2, 15.1299, 3.67222
30.225, 15.2244, 3.70968
30.25, 15.3349, 3.71901
30.275, 15.4293, 3.75595
30.3, 15.5206, 3.76899
30.325, 15.6142, 3.80926
30.35, 15.7021, 3.82191
30.375, 15.7992, 3.84837
30.4, 15.8905, 3.86256
30.425, 15.9815, 3.88212
30.45, 16.0669, 3.89312
30.475, 16.1522, 3.92303
30.5, 16.2446, 3.92852
30.525, 16.3304, 3.96317
30.55, 16.4185, 3.96598
30.575, 16.535, 4.00484
30.6, 16.6663, 4.01302
30.625, 16.8234, 4.02312
30.65, 16.976, 4.03169
30.675, 17.1239, 4.05163
30.7, 17.254, 4.05188
30.725, 17.3628, 4.0662
30.75, 17.4645, 4.07822
30.775, 17.5508, 4.09087
30.8, 17.6318, 4.09368
30.825, 17.7542, 4.10161
30.85, 17.89, 4.10596
30.875, 18.0596, 4.10736
30.9, 18.2356, 4.10749
30.925, 18.4014, 4.10762
30.95, 18.5448, 4.10762
30.975, 18.6055, 4.10787
31, 18.634, 4.10877
31.025, 18.6316, 4.12462
31.05, 18.6181, 4.13779
31.075, 18.6688, 4.17281
31.1, 18.7462, 4.17703
31.125, 18.8783, 4.17869
31.15, 19.0259, 4.17882
31.175, 19.1856, 4.17895
31.2, 19.3433, 4.17895
31.225, 19.4177, 4.17895
31.25, 19.4574, 4.17908
31.275, 19.4616, 4.17908
31.3, 19.4533, 4.1792
31.325, 19.4566, 4.19531
31.35, 19.4655, 4.19914
31.375, 19.5042, 4.2003
31.4, 19.5457, 4.20055
31.425, 19.6106, 4.20157
31.45, 19.6832, 4.20183
31.475, 19.7601, 4.20183
31.5, 19.8379, 4.20196
31.525, 19.917, 4.20221
31.55, 19.993, 4.20221
31.575, 20.0658, 4.2026
31.6, 20.1356, 4.20272
31.625, 20.2018, 4.20311
31.65, 20.265, 4.20311
31.675, 20.3267, 4.20311
31.7, 20.3855, 4.20311
31.725, 20.4369, 4.20311
31.75, 20.484, 4.20298
31.775, 20.5254, 4.20298
31.8, 20.5636, 4.20298
31.825, 20.5997, 4.20298
31.85, 20.6338, 4.20298
31.875, 20.6516, 4.20298
31.9, 20.663, 4.20298
31.925, 20.6699, 4.20285
31.95, 20.6757, 4.20285
31.975, 20.7, 4.20285
32, 20.7333, 4.20285
32.025, 20.7891, 4.2026
32.05, 20.851, 4.20221
32.075, 20.9167, 4.20196
32.1, 20.9824, 4.19953
32.125, 20.9919, 4.18994
32.15, 20.978, 4.18738
32.175, 20.945, 4.187
32.2, 20.9114, 4.187
32.225, 20.9008, 4.18687
32.25, 20.9065, 4.18687
32.275, 20.9693, 4.18623
32.3, 21.0495, 4.18393
32.325, 21.1383, 4.16655
32.35, 21.23, 4.15837
32.375, 21.2489, 4.13267
32.4, 21.2268, 4.13012
32.425, 21.1601, 4.1296
32.45, 21.0824, 4.1296
32.475, 20.9953, 4.12973
32.5, 20.9163, 4.12973
32.525, 20.8871, 4.12999
32.55, 20.8762, 4.12999
32.575, 20.8832, 4.12973
32.6, 20.8963, 4.1296
32.625, 20.886, 4.12615
32.65, 20.8646, 4.1259
32.675, 20.8231, 4.12577
32.7, 20.7753, 4.12564
32.725, 20.7236, 4.12232
32.75, 20.6727, 4.12206
32.775, 20.6559, 4.12104
32.8, 20.6514, 4.11835
32.825, 20.6632, 4.10008
32.85, 20.6719, 4.09713
32.875, 20.685, 4.0841
32.9, 20.6984, 4.08307
32.925, 20.7077, 4.07937
32.95, 20.7164, 4.07694
32.975, 20.7241, 4.06454
33, 20.7301, 4.05994
33.025, 20.7149, 4.04766
33.05, 20.6882, 4.04549
33.075, 20.665, 4.03296
33.1, 20.6494, 4.02747
33.125, 20.6201, 4.02632
33.15, 20.5899, 4.02593
33.175, 20.5724, 4.02593
33.2, 20.5576, 4.02593
33.225, 20.5468, 4.0258
33.25, 20.5384, 4.02568
33.275, 20.5031, 4.01686
33.3, 20.4613, 4.01328
33.325, 20.3923, 4.00791
33.35, 20.3153, 4.00816
33.375, 20.259, 4.00829
33.4, 20.2234, 4.00842
33.425, 20.2401, 4.00855
33.45, 20.2743, 4.00829
33.475, 20.3268, 4.00561
33.5, 20.3827, 4.00433
33.525, 20.3802, 3.99538
33.55, 20.3517, 3.995
33.575, 20.2686, 3.98822
33.6, 20.1662, 3.98822
33.625, 20.05, 3.98886
33.65, 19.9328, 3.98899
33.675, 19.8886, 3.99346
33.7, 19.8734, 3.99385
33.725, 19.8903, 3.995
33.75, 19.9173, 3.99513
33.775, 19.9374, 3.99513
33.8, 19.9513, 3.99513
33.825, 19.9469, 3.99538
33.85, 19.9362, 3.99538
33.875, 19.9205, 3.99551
33.9, 19.9035, 3.99564
33.925, 19.8946, 3.99781
33.95, 19.8892, 3.99896
33.975, 19.887, 4.00254
34, 19.8849, 4.0051
34.025, 19.8728, 4.00855
34.05, 19.8639, 4.00868
34.075, 19.8504, 4.00919
34.1, 19.8349, 4.00931
34.125, 19.82, 4.02005
34.15, 19.8033, 4.02517
34.175, 19.7884, 4.03053
34.2, 19.7712, 4.03514
34.225, 19.7517, 4.05661
34.25, 19.7282, 4.05712
34.275, 19.7249, 4.05738
34.3, 19.7312, 4.05751
34.325, 19.7453, 4.05763
34.35, 19.7622, 4.05763
34.375, 19.7868, 4.05763
34.4, 19.8128, 4.05763
34.425, 19.8357, 4.05776
34.45, 19.8561, 4.05789
34.475, 19.8732, 4.05802
34.5, 19.8886, 4.0584
34.525, 19.9044, 4.05853
34.55, 19.9198, 4.05853
34.575, 19.9609, 4.05853
34.6, 20.0108, 4.05853
34.625, 20.0668, 4.05853
34.65, 20.1229, 4.05853
34.675, 20.1441, 4.0584
34.7, 20.1452, 4.0584
34.725, 20.102, 4.05815
34.75, 20.0447, 4.05815
34.775, 19.978, 4.05815
34.8, 19.9108, 4.05827
34.825, 19.9181, 4.0584
34.85, 19.9547, 4.0584
34.875, 20.022, 4.0584
34.9, 20.0979, 4.05827
34.925, 20.1648, 4.05802
34.95, 20.214, 4.05789
34.975, 20.188, 4.05431
35, 20.1371, 4.05354
35.025, 20.0655, 4.05329
35.05, 19.989, 4.05342
35.075, 19.9537, 4.05342
35.1, 19.9388, 4.05342
35.125, 19.9612, 4.05329
35.15, 19.9957, 4.05342
35.175, 20.039, 4.05252
35.2, 20.0786, 4.05022
35.225, 20.0909, 4.04626
35.25, 20.0937, 4.046
35.275, 20.0893, 4.03897
35.3, 20.0797, 4.03629
35.325, 20.0581, 4.03603
35.35, 20.0367, 4.0359
35.375, 20.0207, 4.03603
35.4, 20.0058, 4.03603
35.425, 19.9958, 4.03565
35.45, 19.9877, 4.03552
35.475, 19.9726, 4.03322
35.5, 19.9552, 4.03232
35.525, 19.938, 4.02823
35.55, 19.9204, 4.02798
35.575, 19.9037, 4.02798
35.6, 19.8875, 4.02798
35.625, 19.8735, 4.02798
35.65, 19.861, 4.02798
35.675, 19.8511, 4.02811
35.7, 19.8423, 4.02811
35.725, 19.8497, 4.02836
35.75, 19.8633, 4.02836
35.775, 19.8838, 4.02849
35.8, 19.9059, 4.02849
35.825, 19.9249, 4.02849
35.85, 19.9382, 4.02862
35.875, 19.9278, 4.02836
35.9, 19.9094, 4.02849
35.925, 19.8866, 4.02849
35.95, 19.8634, 4.02849
35.975, 19.8791, 4.02836
36, 19.9116, 4.02836
36.025, 19.9736, 4.02836
36.05, 20.0436, 4.02823
36.075, 20.1152, 4.02747
36.1, 20.1689, 4.02568
36.125, 20.1428, 4.00356
36.15, 20.0863, 4.0028
36.175, 19.9964, 4.0028
36.2, 19.9015, 4.0028
36.225, 19.8345, 4.00331
36.25, 19.7855, 4.00331
36.275, 19.7887, 4.00369
36.3, 19.8095, 4.00382
36.325, 19.8429, 4.00395
36.35, 19.8796, 4.00382
36.375, 19.8765, 4.00407
36.4, 19.8581, 4.00407
36.425, 19.8232, 4.00433
36.45, 19.7838, 4.00433
36.475, 19.7537, 4.00497
36.5, 19.7306, 4.00612
36.525, 19.7298, 4.0065
36.55, 19.7368, 4.0065
36.575, 19.75, 4.00689
36.6, 19.765, 4.00701
36.625, 19.7706, 4.00714
36.65, 19.7715, 4.00714
36.675, 19.7675, 4.0074
36.7, 19.7623, 4.00778
36.725, 19.7584, 4.00791
36.75, 19.7558, 4.00791
36.775, 19.7587, 4.00816
36.8, 19.7639, 4.00829
36.825, 19.7698, 4.00944
36.85, 19.7757, 4.0097
36.875, 19.7846, 4.01187
36.9, 19.7945, 4.01392
36.925, 19.8121, 4.01737
36.95, 19.8329, 4.01801
36.975, 19.8537, 4.01839
37, 19.8716, 4.01852
37.025, 19.8694, 4.01877
37.05, 19.8597, 4.01916
37.075, 19.8426, 4.0198
37.1, 19.8236, 4.02056
37.125, 19.8204, 4.02517
37.15, 19.826, 4.02542
37.175, 19.8498, 4.02568
37.2, 19.8799, 4.02568
37.225, 19.9166, 4.02593
37.25, 19.9534, 4.02606
37.275, 19.9314, 4.02606
37.3, 19.8875, 4.02606
37.325, 19.8207, 4.02632
37.35, 19.7483, 4.02836
37.375, 19.7056, 4.04869
37.4, 19.6824, 4.05291
37.425, 19.7158, 4.05431
37.45, 19.7663, 4.05431
37.475, 19.8426, 4.05469
37.5, 19.9241, 4.05469
37.525, 19.9397, 4.05469
37.55, 19.9292, 4.05457
37.575, 19.886, 4.05457
37.6, 19.8323, 4.05457
37.625, 19.7794, 4.05469
37.65, 19.7364, 4.05469
37.675, 19.7399, 4.05482
37.7, 19.7599, 4.05482
37.725, 19.7972, 4.05482
37.75, 19.8394, 4.05482
37.775, 19.8663, 4.05469
37.8, 19.8853, 4.05469
37.825, 19.8908, 4.05469
37.85, 19.8915, 4.05469
37.875, 19.8879, 4.05469
37.9, 19.8827, 4.05469
37.925, 19.8847, 4.05482
37.95, 19.8892, 4.05469
37.975, 19.8959, 4.05469
38, 19.9033, 4.05469
38.025, 19.913, 4.05482
38.05, 19.9234, 4.05482
38.075, 19.9361, 4.05482
38.1, 19.9493, 4.05482
38.125, 19.9624, 4.05482
38.15, 19.975, 4.05482
38.175, 19.9675, 4.05457
38.2, 19.9521, 4.05457
38.225, 19.9306, 4.05457
38.25, 19.9078, 4.05457
38.275, 19.8852, 4.05469
38.3, 19.8852, 4.05469
38.325, 19.8941, 4.05457
38.35, 19.916, 4.05457
38.375, 19.9418, 4.05457
38.4, 19.9651, 4.05457
38.425, 19.982, 4.05457
38.45, 19.9709, 4.05418
38.475, 19.95, 4.05418
38.5, 19.9225, 4.05406
38.525, 19.8941, 4.05406
38.55, 19.9089, 4.05406
38.575, 19.943, 4.05393
38.6, 20.0109, 4.05265
38.625, 20.0883, 4.04996
38.65, 20.1633, 4.04639
38.675, 20.2212, 4.03526
38.7, 20.197, 4.01724
38.725, 20.1401, 4.01647
38.75, 20.0632, 4.01519
38.775, 19.9825, 4.01481
38.8, 19.9262, 4.01481
38.825, 19.8888, 4.01494
38.85, 19.8991, 4.01519
38.875, 19.9245, 4.01507
38.9, 19.9628, 4.01532
38.925, 20.0043, 4.01532
38.95, 19.9942, 4.01507
38.975, 19.9648, 4.01519
39, 19.9196, 4.01519
39.025, 19.8703, 4.01519
39.05, 19.8325, 4.01532
39.075, 19.8037, 4.01532
39.1, 19.7994, 4.01558
39.125, 19.8038, 4.01558
39.15, 19.8166, 4.01558
39.175, 19.8317, 4.01558
39.2, 19.8312, 4.01558
39.225, 19.8243, 4.01558
39.25, 19.8114, 4.01558
39.275, 19.7968, 4.01558
39.3, 19.7817, 4.01558
39.325, 19.7674, 4.01571
39.35, 19.7572, 4.01558
39.375, 19.7489, 4.01558
39.4, 19.7434, 4.01558
39.425, 19.7388, 4.01558
39.45, 19.7411, 4.01558
39.475, 19.7465, 4.01558
39.5, 19.7576, 4.01558
39.525, 19.7702, 4.01558
39.55, 19.7832, 4.01558
39.575, 19.7935, 4.01558
39.6, 19.7897, 4.01558
39.625, 19.7808, 4.01558
39.65, 19.7683, 4.01558
39.675, 19.7553, 4.01571
39.7, 19.7663, 4.01571
39.725, 19.7889, 4.01571
39.75, 19.834, 4.01558
39.775, 19.8855, 4.01558
39.8, 19.9408, 4.01545
39.825, 19.9954, 4.01545
39.85, 19.9798, 4.01545
39.875, 19.9379, 4.01545
39.9, 19.8742, 4.01545
39.925, 19.8051, 4.01545
39.95, 19.7529, 4.01558
39.975, 19.7167, 4.01558
40, 19.7373, 4.01571
40, 19.7774, 4.01583
40.025, 19.8283, 4.0198
40.05, 19.8827, 4.03181
40.075, 19.8985, 4.07119
40.1, 19.8938, 4.0809
40.125, 19.8409, 4.1296
40.15, 19.7862, 4.14852
40.175, 19.7313, 4.21896
40.2, 19.6749, 4.24657
40.225, 19.7263, 4.32135
40.25, 19.8015, 4.33439
40.275, 19.8999, 4.37236
40.3, 20.004, 4.37952
40.325, 20.0923, 4.42515
40.35, 20.1529, 4.44612
40.375, 20.2447, 4.47897
40.4, 20.3443, 4.48625
40.425, 20.4116, 4.53445
40.45, 20.4813, 4.54915
40.475, 20.5778, 4.58417
40.5, 20.6793, 4.59734
40.525, 20.7717, 4.63326
40.55, 20.8675, 4.64106
40.575, 20.9764, 4.67775
40.6, 21.0948, 4.69526
40.625, 21.2213, 4.73527
40.65, 21.3337, 4.74524
40.675, 21.4553, 4.76506
40.7, 21.5861, 4.76531
40.725, 21.7202, 4.76569
40.75, 21.8489, 4.76582
40.775, 21.9734, 4.76582
40.8, 22.0942, 4.76595
40.825, 22.2265, 4.76608
40.85, 22.3638, 4.76621
40.875, 22.5326, 4.76621
40.9, 22.7073, 4.76633
40.925, 22.8853, 4.76633
40.95, 23.0585, 4.76633
40.975, 23.1599, 4.76633
41, 23.2293, 4.76633
41.025, 23.2623, 4.76659
41.05, 23.2822, 4.76659
41.075, 23.294, 4.76685
41.1, 23.3185, 4.76697
41.125, 23.4306, 4.76723
41.15, 23.5695, 4.76723
41.175, 23.7285, 4.76736
41.2, 23.8892, 4.76736
41.225, 23.9898, 4.76748
41.25, 24.0603, 4.76748
41.275, 24.0817, 4.76748
41.3, 24.0854, 4.76761
41.325, 24.0752, 4.768
41.35, 24.073, 4.768
41.375, 24.1332, 4.768
41.4, 24.2141, 4.768
41.425, 24.3137, 4.76825
41.45, 24.4162, 4.76825
41.475, 24.4992, 4.76825
41.5, 24.5686, 4.76825
41.525, 24.6092, 4.76825
41.55, 24.6385, 4.76825
41.575, 24.6567, 4.76838
41.6, 24.6706, 4.76838
41.625, 24.6933, 4.76851
41.65, 24.7188, 4.76863
41.675, 24.7495, 4.76876
41.7, 24.7811, 4.76889
41.725, 24.812, 4.76889
41.75, 24.8409, 4.76889
41.775, 24.8649, 4.76902
41.8, 24.8862, 4.76902
41.825, 24.9071, 4.76915
41.85, 24.9273, 4.76915
41.875, 24.9435, 4.76927
41.9, 24.9576, 4.76927
41.925, 24.9698, 4.76927
41.95, 24.9814, 4.7694
41.975, 24.9958, 4.7694
42, 25.0136, 4.7694
42.025, 25.0476, 4.7694
42.05, 25.0864, 4.7694
42.075, 25.1288, 4.76953
42.1, 25.1712, 4.76953
42.125, 25.1708, 4.76953
42.15, 25.1512, 4.76953
42.175, 25.1017, 4.76966
42.2, 25.0435, 4.76966
42.225, 24.9812, 4.76979
42.25, 24.9196, 4.76979
42.275, 24.9331, 4.76991
42.3, 24.9751, 4.76991
42.325, 25.0439, 4.76991
42.35, 25.1195, 4.76991
42.375, 25.1553, 4.76991
42.4, 25.1676, 4.76991
42.425, 25.1257, 4.77004
42.45, 25.0664, 4.76991
42.475, 24.9932, 4.77004
42.5, 24.918, 4.77004
42.525, 24.9243, 4.77055
42.55, 24.9621, 4.77055
42.575, 25.0375, 4.77055
42.6, 25.1229, 4.77042
42.625, 25.1959, 4.77042
42.65, 25.254, 4.77042
42.675, 25.2613, 4.77042
42.7, 25.2512, 4.77042
42.725, 25.2273, 4.77055
42.75, 25.1994, 4.77055
42.775, 25.1847, 4.77055
42.8, 25.177, 4.77068
42.825, 25.1817, 4.77081
42.85, 25.1906, 4.77081
42.875, 25.2038, 4.77106
42.9, 25.2166, 4.77106
42.925, 25.2219, 4.77106
42.95, 25.2247, 4.77106
42.975, 25.226, 4.77106
43, 25.2266, 4.77106
43.025, 25.2328, 4.77119
43.05, 25.2416, 4.77119
43.075, 25.2576, 4.77119
43.1, 25.2757, 4.77119
43.125, 25.2951, 4.77119
43.15, 25.3148, 4.77119
43.175, 25.3343, 4.77119
43.2, 25.3535, 4.77119
43.225, 25.3722, 4.77119
43.25, 25.3901, 4.77119
43.275, 25.3973, 4.77119
43.3, 25.3979, 4.77119
43.325, 25.3825, 4.77119
43.35, 25.3621, 4.77119
43.375, 25.3388, 4.77119
43.4, 25.3155, 4.77119
43.425, 25.3388, 4.77119
43.45, 25.3796, 4.77119
43.475, 25.4387, 4.77119
43.5, 25.5027, 4.77119
43.525, 25.5442, 4.77119
43.55, 25.565, 4.77119
43.575, 25.5177, 4.77119
43.6, 25.4479, 4.77132
43.625, 25.36, 4.77132
43.65, 25.269, 4.77132
43.675, 25.2521, 4.77132
43.7, 25.2672, 4.77132
43.725, 25.3296, 4.77132
43.75, 25.4063, 4.77132
43.775, 25.4923, 4.77132
43.8, 25.5626, 4.77132
43.825, 25.5473, 4.77119
43.85, 25.5019, 4.77119
43.875, 25.4301, 4.77132
43.9, 25.3516, 4.77132
43.925, 25.305, 4.77132
43.95, 25.2761, 4.77132
43.975, 25.2842, 4.77132
44, 25.3052, 4.77132
44.025, 25.3388, 4.77132
44.05, 25.3757, 4.77132
44.075, 25.3768, 4.77132
44.1, 25.3642, 4.77132
44.125, 25.3395, 4.77132
44.15, 25.3119, 4.77132
44.175, 25.2902, 4.77132
44.2, 25.2734, 4.77132
44.225, 25.2713, 4.77132
44.25, 25.2744, 4.77132
44.275, 25.2835, 4.77132
44.3, 25.2948, 4.77132
44.325, 25.3018, 4.77132
44.35, 25.3067, 4.77132
44.375, 25.3094, 4.77132
44.4, 25.311, 4.77132
44.425, 25.3091, 4.77132
44.45, 25.3044, 4.77132
44.475, 25.2919, 4.77132
44.5, 25.2773, 4.77145
44.525, 25.2626, 4.77132
44.55, 25.2487, 4.77145
44.575, 25.2565, 4.77145
44.6, 25.2738, 4.77132
44.625, 25.3084, 4.77145
44.65, 25.3478, 4.77145
44.675, 25.3887, 4.77145
44.7, 25.4192, 4.77132
44.725, 25.3952, 4.77132
44.75, 25.353, 4.77132
44.775, 25.2986, 4.77132
44.8, 25.2419, 4.77132
44.825, 25.228, 4.77132
44.85, 25.2358, 4.77132
44.875, 25.2884, 4.77132
44.9, 25.3546, 4.77132
44.925, 25.4289, 4.77132
44.95, 25.5035, 4.77132
44.975, 25.4988, 4.77132
45, 25.4641, 4.77132
45.025, 25.4017, 4.77132
45.05, 25.3319, 4.77132
45.075, 25.2837, 4.77132
45.1, 25.2518, 4.77132
45.125, 25.2687, 4.77132
45.15, 25.3028, 4.77132
45.175, 25.3506, 4.77132
45.2, 25.4016, 4.77132
45.225, 25.4154, 4.77132
45.25, 25.4134, 4.77132
45.275, 25.393, 4.77132
45.3, 25.3665, 4.77132
45.325, 25.3379, 4.77132
45.35, 25.3123, 4.77132
45.375, 25.3031, 4.77132
45.4, 25.3001, 4.77132
45.425, 25.3032, 4.77132
45.45, 25.3083, 4.77132
45.475, 25.3118, 4.77132
45.5, 25.3143, 4.77132
45.525, 25.3169, 4.77132
45.55, 25.3195, 4.77119
45.575, 25.3219, 4.77119
45.6, 25.3246, 4.77119
45.625, 25.3292, 4.77106
45.65, 25.3345, 4.77106
45.675, 25.3403, 4.77106
45.7, 25.3465, 4.77094
45.725, 25.357, 4.77094
45.75, 25.3694, 4.77094
45.775, 25.3861, 4.77094
45.8, 25.4033, 4.77081
45.825, 25.4212, 4.77055
45.85, 25.4391, 4.77055
45.875, 25.4279, 4.77042
45.9, 25.4062, 4.77042
45.925, 25.3757, 4.77042
45.95, 25.3434, 4.77042
45.975, 25.3279, 4.77042
46, 25.3267, 4.77042
46.025, 25.375, 4.7703
46.05, 25.4391, 4.77004
46.075, 25.521, 4.757
46.1, 25.5987, 4.74844
46.125, 25.5837, 4.73834
46.15, 25.54, 4.73783
46.175, 25.4735, 4.7377
46.2, 25.3958, 4.73783
46.225, 25.3306, 4.73783
46.25, 25.2805, 4.73796
46.275, 25.2801, 4.73808
46.3, 25.2971, 4.73808
46.325, 25.3323, 4.73808
46.35, 25.3728, 4.73808
46.375, 25.3783, 4.73744
46.4, 25.3674, 4.73732
46.425, 25.3281, 4.7368
46.45, 25.2804, 4.73629
46.475, 25.2254, 4.73617
46.5, 25.1751, 4.73617
46.525, 25.1533, 4.73629
46.55, 25.1419, 4.73629
46.575, 25.1422, 4.73629
46.6, 25.1471, 4.73629
46.625, 25.1525, 4.73629
46.65, 25.1574, 4.73629
46.675, 25.1593, 4.73629
46.7, 25.1603, 4.73629
46.725, 25.1595, 4.73642
46.75, 25.158, 4.73642
46.775, 25.1556, 4.73642
46.8, 25.1525, 4.73642
46.825, 25.1498, 4.73655
46.85, 25.147, 4.73655
46.875, 25.1479, 4.73655
46.9, 25.1511, 4.73655
46.925, 25.1618, 4.73642
46.95, 25.1751, 4.73629
46.975, 25.1891, 4.73617
47, 25.2028, 4.73617
47.025, 25.2004, 4.73208
47.05, 25.1865, 4.73169
47.075, 25.1552, 4.73169
47.1, 25.1233, 4.73156
47.125, 25.1038, 4.73144
47.15, 25.0962, 4.73144
47.175, 25.1367, 4.73092
47.2, 25.1926, 4.72696
47.225, 25.265, 4.70229
47.25, 25.3332, 4.69564
47.275, 25.3434, 4.66701
47.3, 25.3271, 4.66458
47.325, 25.2463, 4.66292
47.35, 25.1534, 4.66279
47.375, 25.0465, 4.66266
47.4, 24.9392, 4.66292
47.425, 24.9214, 4.6633
47.45, 24.9368, 4.6633
47.475, 24.9828, 4.66369
47.5, 25.0385, 4.66356
47.525, 25.0647, 4.66369
47.55, 25.0729, 4.66369
47.575, 25.0755, 4.66356
47.6, 25.0376, 4.66343
47.625, 24.9853, 4.66343
47.65, 24.9223, 4.66356
47.675, 24.8579, 4.66381
47.7, 24.8252, 4.66381
47.725, 24.8061, 4.66381
47.75, 24.8038, 4.66381
47.775, 24.8073, 4.66381
47.8, 24.8101, 4.66394
47.825, 24.8099, 4.66394
47.85, 24.7961, 4.66394
47.875, 24.778, 4.6642
47.9, 24.7572, 4.66432
47.925, 24.7364, 4.66445
47.95, 24.7181, 4.66471
47.975, 24.7014, 4.66509
48, 24.6891, 4.66599
48.025, 24.6784, 4.66611
48.05, 24.6715, 4.66637
48.075, 24.6672, 4.6665
48.1, 24.6682, 4.66675
48.125, 24.6715, 4.66803
48.15, 24.6766, 4.66841
48.175, 24.6814, 4.66982
48.2, 24.6802, 4.67136
48.225, 24.6784, 4.67289
48.25, 24.6726, 4.67327
48.275, 24.6664, 4.67378
48.3, 24.6626, 4.67545
48.325, 24.6599, 4.68874
48.35, 24.6938, 4.68912
48.375, 24.7354, 4.68925
48.4, 24.8058, 4.68925
48.425, 24.8871, 4.68925
48.45, 24.9173, 4.68925
48.475, 24.9209, 4.68925
48.5, 24.8718, 4.68925
48.525, 24.8047, 4.68925
48.55, 24.7271, 4.68938
48.575, 24.6492, 4.68938
48.6, 24.6475, 4.68951
48.625, 24.6758, 4.68976
48.65, 24.7386, 4.68976
48.675, 24.8108, 4.68989
48.7, 24.8635, 4.68989
48.725, 24.8968, 4.68989
48.75, 24.8623, 4.69002
48.775, 24.8054, 4.69015
48.8, 24.732, 4.69053
48.825, 24.6552, 4.69155
48.85, 24.6049, 4.70587
48.875, 24.5684, 4.7308
48.9, 24.5591, 4.7345
48.925, 24.5669, 4.73578
48.95, 24.5707, 4.73604
48.975, 24.5619, 4.73629
49, 24.5328, 4.73629
49.025, 24.4955, 4.7368
49.05, 24.4538, 4.73744
49.075, 24.4134, 4.75969
49.1, 24.395, 4.76263
49.125, 24.3782, 4.76378
49.15, 24.3918, 4.76391
49.175, 24.4232, 4.76454
49.2, 24.4576, 4.76467
49.225, 24.4912, 4.76493
49.25, 24.5311, 4.76493
49.275, 24.5711, 4.76493
49.3, 24.6102, 4.76493
49.325, 24.6481, 4.76493
49.35, 24.6799, 4.76493
49.375, 24.7072, 4.76493
49.4, 24.7254, 4.76493
49.425, 24.7399, 4.76493
49.45, 24.7521, 4.7648
49.475, 24.7632, 4.7648
49.5, 24.8046, 4.7648
49.525, 24.8571, 4.7648
49.55, 24.9208, 4.7648
49.575, 24.9864, 4.76467
49.6, 25.0427, 4.76467
49.625, 25.0847, 4.76429
49.65, 25.0716, 4.76429
49.675, 25.0398, 4.76429
49.7, 24.9943, 4.76429
49.725, 24.9459, 4.76429
49.75, 24.9652, 4.76442
49.775, 25.013, 4.76442
49.8, 25.1008, 4.76442
49.825, 25.1995, 4.76416
49.85, 25.2905, 4.76352
49.875, 25.3615, 4.75815
49.9, 25.3479, 4.74754
49.925, 25.3034, 4.74575
49.95, 25.2262, 4.74575
49.975, 25.1471, 4.74575
50, 25.0986, 4.74601
50, 25.0672, 4.74601
50.025, 25.0869, 4.74678
50.05, 25.1242, 4.75726
50.075, 25.1741, 4.76212
50.1, 25.2254, 4.78755
50.125, 25.1986, 4.8075
50.15, 25.1422, 4.86003
50.175, 25.0835, 4.89327
50.2, 25.029, 4.94824
50.225, 25.0065, 4.9793
50.25, 25, 5.02519
50.275, 25.0264, 5.05396
50.3, 25.0661, 5.1125
50.325, 25.1186, 5.13411
50.35, 25.1809, 5.15763
50.375, 25.2854, 5.1814
50.4, 25.3925, 5.1961
50.425, 25.5067, 5.22384
50.45, 25.6138, 5.25401
50.475, 25.7286, 5.2682
50.5, 25.8428, 5.27549
50.525, 25.9507, 5.28277
50.55, 26.0612, 5.30463
50.575, 26.1678, 5.31665
50.6, 26.2689, 5.32125
50.625, 26.3878, 5.32138
50.65, 26.5062, 5.32176
50.675, 26.6327, 5.32202
50.7, 26.7579, 5.32202
50.725, 26.88, 5.32202
50.75, 26.989, 5.32215
50.775, 27.0529, 5.32227
50.8, 27.0989, 5.3224
50.825, 27.1324, 5.3224
50.85, 27.1607, 5.32279
50.875, 27.2267, 5.32291
50.9, 27.3102, 5.32291
50.925, 27.4348, 5.32304
50.95, 27.5698, 5.32304
50.975, 27.7104, 5.32304
51, 27.8487, 5.32304
51.025, 27.8908, 5.32317
51.05, 27.8956, 5.32317
51.075, 27.8681, 5.3233
51.1, 27.8307, 5.32394
51.125, 27.8254, 5.32406
51.15, 27.8415, 5.32458
51.175, 27.9295, 5.3247
51.2, 28.0395, 5.32483
51.225, 28.1652, 5.32483
51.25, 28.2928, 5.32496
51.275, 28.3609, 5.32496
51.3, 28.4027, 5.32509
51.325, 28.4105, 5.32521
51.35, 28.4066, 5.32547
51.375, 28.3998, 5.32547
51.4, 28.3976, 5.32573
51.425, 28.4281, 5.32585
51.45, 28.4694, 5.32585
51.475, 28.5193, 5.32598
51.5, 28.5712, 5.32598
51.525, 28.618, 5.32598
51.55, 28.6607, 5.32598
51.575, 28.6979, 5.32611
51.6, 28.7317, 5.32611
51.625, 28.7627, 5.32611
51.65, 28.7904, 5.32611
51.675, 28.8096, 5.32624
51.7, 28.8254, 5.32624
51.725, 28.8395, 5.32636
51.75, 28.8531, 5.32636
51.775, 28.8727, 5.32649
51.8, 28.895, 5.32662
51.825, 28.9251, 5.32662
51.85, 28.957, 5.32688
51.875, 28.9899, 5.32688
51.9, 29.0225, 5.327
51.925, 29.0209, 5.32713
51.95, 29.0061, 5.32726
51.975, 28.9787, 5.32739
52, 28.9481, 5.32764
52.025, 28.9472, 5.3279
52.05, 28.9659, 5.32803
52.075, 29.0404, 5.32828
52.1, 29.1312, 5.32841
52.125, 29.2328, 5.32854
52.15, 29.3345, 5.32854
52.175, 29.3476, 5.32854
52.2, 29.3241, 5.32854
52.225, 29.2549, 5.32867
52.25, 29.1721, 5.32879
52.275, 29.0962, 5.32905
52.3, 29.0395, 5.33058
52.325, 29.0693, 5.33787
52.35, 29.1275, 5.36344
52.375, 29.2088, 5.37251
52.4, 29.3001, 5.37852
52.425, 29.337, 5.38184
52.45, 29.3534, 5.40089
52.475, 29.3125, 5.40153
52.5, 29.2704, 5.4207
52.525, 29.2334, 5.44653
52.55, 29.1852, 5.49408
52.575, 29.1638, 5.51249
52.6, 29.1602, 5.54432
52.625, 29.1736, 5.56439
52.65, 29.1932, 5.59302
52.675, 29.2327, 5.60389
52.7, 29.281, 5.62741
52.725, 29.3378, 5.64109
52.75, 29.3902, 5.64339
52.775, 29.4561, 5.64594
52.8, 29.5231, 5.66243
52.825, 29.5834, 5.67892
52.85, 29.638, 5.6811
52.875, 29.7092, 5.68135
52.9, 29.776, 5.68148
52.925, 29.8482, 5.68161
52.95, 29.926, 5.68174
52.975, 30.0095, 5.68174
53, 30.0914, 5.68174
53.025, 30.1742, 5.68186
53.05, 30.2544, 5.68199
53.075, 30.2959, 5.68199
53.1, 30.3213, 5.68212
53.125, 30.3307, 5.68212
53.15, 30.3336, 5.68225
53.175, 30.3447, 5.68238
53.2, 30.3688, 5.6825
53.225, 30.4528, 5.6825
53.25, 30.5561, 5.6825
53.275, 30.6764, 5.6825
53.3, 30.7982, 5.6825
53.325, 30.8604, 5.6825
53.35, 30.8916, 5.6825
53.375, 30.8638, 5.6825
53.4, 30.8168, 5.68263
53.425, 30.7583, 5.68263
53.45, 30.6976, 5.68276
53.475, 30.7352, 5.68289
53.5, 30.8078, 5.68289
53.525, 30.908, 5.68289
53.55, 31.0148, 5.68289
53.575, 31.0824, 5.68289
53.6, 31.1267, 5.68276
53.625, 31.1196, 5.68276
53.65, 31.0943, 5.68289
53.675, 31.0531, 5.68289
53.7, 31.0082, 5.68289
53.725, 31.0039, 5.68289
53.75, 31.0158, 5.68302
53.775, 31.0473, 5.68302
53.8, 31.0846, 5.68302
53.825, 31.1198, 5.68302
53.85, 31.1511, 5.68302
53.875, 31.1715, 5.68302
53.9, 31.1873, 5.68314
53.925, 31.1995, 5.68314
53.95, 31.2106, 5.68314
53.975, 31.2169, 5.68314
54, 31.2211, 5.68314
54.025, 31.2245, 5.68314
54.05, 31.2281, 5.68314
54.075, 31.232, 5.68314
54.1, 31.2391, 5.68314
54.125, 31.2635, 5.68314
54.15, 31.2932, 5.68314
54.175, 31.3273, 5.68314
54.2, 31.3619, 5.68314
54.225, 31.3792, 5.68314
54.25, 31.3875, 5.68302
54.275, 31.378, 5.68302
54.3, 31.3623, 5.68302
54.325, 31.3442, 5.68302
54.35, 31.3255, 5.68302
54.375, 31.3716, 5.68302
54.4, 31.4405, 5.68302
54.425, 31.5289, 5.68289
54.45, 31.6209, 5.68238
54.475, 31.6642, 5.68148
54.5, 31.6798, 5.67419
54.525, 31.6396, 5.67062
54.55, 31.5783, 5.67036
54.575, 31.4984, 5.66985
54.6, 31.4161, 5.66985
54.625, 31.4112, 5.66972
54.65, 31.4369, 5.6687
54.675, 31.4986, 5.66665
54.7, 31.5711, 5.65425
54.725, 31.6335, 5.63469
54.75, 31.672, 5.60504
54.775, 31.6395, 5.59341
54.8, 31.5871, 5.59187
54.825, 31.5091, 5.58868
54.85, 31.4257, 5.5888
54.875, 31.3901, 5.5888
54.9, 31.3754, 5.58727
54.925, 31.3813, 5.58382
54.95, 31.394, 5.57014
54.975, 31.4216, 5.56797
55, 31.4479, 5.55506
55.025, 31.4542, 5.54253
55.05, 31.4446, 5.53269
55.075, 31.4303, 5.52297
55.1, 31.4154, 5.51479
55.125, 31.3926, 5.5052
55.15, 31.3699, 5.49229
55.175, 31.3474, 5.4827
55.2, 31.3267, 5.46813
55.225, 31.3044, 5.46033
55.25, 31.2837, 5.44947
55.275, 31.2664, 5.44819
55.3, 31.2516, 5.44384
55.325, 31.229, 5.43272
55.35, 31.205, 5.42901
55.375, 31.1574, 5.42211
55.4, 31.1057, 5.41892
55.425, 31.0388, 5.41674
55.45, 30.9669, 5.41163
55.475, 30.9, 5.41137
55.5, 30.8389, 5.41099
55.525, 30.8299, 5.41086
55.55, 30.8405, 5.39782
55.575, 30.8781, 5.39092
55.6, 30.927, 5.36906
55.625, 30.9478, 5.35513
55.65, 30.9414, 5.34746
55.675, 30.83, 5.33851
55.7, 30.6923, 5.338
55.725, 30.5354, 5.33838
55.75, 30.3743, 5.33864
55.775, 30.304, 5.33928
55.8, 30.274, 5.33966
55.825, 30.3021, 5.33966
55.85, 30.3493, 5.33966
55.875, 30.408, 5.33966
55.9, 30.4538, 5.33928
55.925, 30.4217, 5.33915
55.95, 30.3629, 5.33915
55.975, 30.2787, 5.33915
56, 30.1886, 5.33915
56.025, 30.1214, 5.33928
56.05, 30.0678, 5.33953
56.075, 30.0417, 5.33953
56.1, 30.026, 5.33953
56.125, 30.0193, 5.33966
56.15, 30.0158, 5.33966
56.175, 29.988, 5.33953
56.2, 29.9523, 5.33966
56.225, 29.9104, 5.33966
56.25, 29.8672, 5.33979
56.275, 29.8325, 5.33992
56.3, 29.8042, 5.34004
56.325, 29.7947, 5.34068
56.35, 29.7921, 5.34247
56.375, 29.7937, 5.34426
56.4, 29.7961, 5.34439
56.425, 29.7902, 5.34439
56.45, 29.7804, 5.34464
56.475, 29.7666, 5.34477
56.5, 29.7518, 5.34592
56.525, 29.7261, 5.34669
56.55, 29.694, 5.3481
56.575, 29.6382, 5.3504
56.6, 29.5748, 5.36395
56.625, 29.5004, 5.36446
56.65, 29.4348, 5.37238
56.675, 29.4394, 5.38491
56.7, 29.4656, 5.38734
56.725, 29.5222, 5.3876
56.75, 29.5895, 5.38977
56.775, 29.6536, 5.39003
56.8, 29.6982, 5.39003
56.825, 29.6663, 5.39003
56.85, 29.6097, 5.39015
56.875, 29.5322, 5.39054
56.9, 29.4504, 5.39859
56.925, 29.4311, 5.41661
56.95, 29.4423, 5.42134
56.975, 29.5239, 5.4216
57, 29.6267, 5.42186
57.025, 29.7356, 5.42186
57.05, 29.846, 5.42186
57.075, 29.8488, 5.42186
57.1, 29.8095, 5.42198
57.125, 29.7317, 5.42198
57.15, 29.6438, 5.42198
57.175, 29.58, 5.4239
57.2, 29.535, 5.42569
57.225, 29.5485, 5.42595
57.25, 29.5829, 5.42607
57.275, 29.633, 5.4262
57.3, 29.6872, 5.42633
57.325, 29.7144, 5.42633
57.35, 29.7296, 5.42658
57.375, 29.7294, 5.42658
57.4, 29.7241, 5.42671
57.425, 29.7198, 5.42671
57.45, 29.7174, 5.42684
57.475, 29.7247, 5.42697
57.5, 29.7355, 5.42697
57.525, 29.7511, 5.42697
57.55, 29.7676, 5.42697
57.575, 29.7775, 5.4271
57.6, 29.7842, 5.4271
57.625, 29.7859, 5.4271
57.65, 29.7857, 5.4271
57.675, 29.7855, 5.4271
57.7, 29.7841, 5.4271
57.725, 29.7784, 5.42722
57.75, 29.7716, 5.42722
57.775, 29.7656, 5.42722
57.8, 29.7603, 5.42722
57.825, 29.7797, 5.42722
57.85, 29.8104, 5.42735
57.875, 29.8654, 5.42735
57.9, 29.9267, 5.42748
57.925, 29.9909, 5.42735
57.95, 30.0538, 5.42735
57.975, 30.0261, 5.42735
58, 29.9657, 5.42748
58.025, 29.877, 5.42748
58.05, 29.7816, 5.42748
58.075, 29.7219, 5.42748
58.1, 29.6872, 5.42761
58.125, 29.7257, 5.42761
58.15, 29.7888, 5.42761
58.175, 29.8694, 5.42761
58.2, 29.9535, 5.42748
58.225, 29.9779, 5.42748
58.25, 29.977, 5.42748
58.275, 29.9445, 5.42748
58.3, 29.9023, 5.42748
58.325, 29.8592, 5.42761
58.35, 29.822, 5.42786
58.375, 29.8162, 5.42786
58.4, 29.8216, 5.42786
58.425, 29.8366, 5.42786
58.45, 29.8542, 5.42786
58.475, 29.8597, 5.42799
58.5, 29.859, 5.42799
58.525, 29.8495, 5.42799
58.55, 29.837, 5.42812
58.575, 29.8228, 5.42799
58.6, 29.8107, 5.42812
58.625, 29.811, 5.42812
58.65, 29.8159, 5.42812
58.675, 29.8258, 5.42812
58.7, 29.8371, 5.42825
58.725, 29.8513, 5.42825
58.75, 29.8662, 5.42825
58.775, 29.8816, 5.42825
58.8, 29.897, 5.42825
58.825, 29.9126, 5.42825
58.85, 29.9275, 5.42825
58.875, 29.9168, 5.42825
58.9, 29.897, 5.42825
58.925, 29.8703, 5.42825
58.95, 29.8417, 5.42837
58.975, 29.8327, 5.42837
59, 29.836, 5.42837
59.025, 29.8734, 5.4285
59.05, 29.9218, 5.42837
59.075, 29.9792, 5.42837
59.1, 30.0376, 5.42837
59.125, 30.029, 5.42837
59.15, 29.9936, 5.42837
59.175, 29.9258, 5.42837
59.2, 29.8491, 5.4285
59.225, 29.7832, 5.4285
59.25, 29.7374, 5.4285
59.275, 29.7767, 5.42863
59.3, 29.8453, 5.4285
59.325, 29.9388, 5.4285
59.35, 30.0379, 5.4285
59.375, 30.0676, 5.4285
59.4, 30.065, 5.4285
59.425, 30.0098, 5.4285
59.45, 29.9374, 5.4285
59.475, 29.8515, 5.42863
59.5, 29.7738, 5.42876
59.525, 29.7488, 5.42889
59.55, 29.7437, 5.42901
59.575, 29.7585, 5.42901
59.6, 29.7797, 5.42901
59.625, 29.7921, 5.42914
59.65, 29.7983, 5.42914
59.675, 29.7886, 5.42927
59.7, 29.7738, 5.4294
59.725, 29.7547, 5.4294
59.75, 29.7353, 5.4294
59.775, 29.7276, 5.4294
59.8, 29.725, 5.42953
59.825, 29.7286, 5.42953
59.85, 29.7344, 5.42965
59.875, 29.7434, 5.42965
59.9, 29.753, 5.42965
59.925, 29.7639, 5.42978
59.95, 29.7753, 5.42965
59.975, 29.7867, 5.42978
60, 29.7979, 5.42991
60, 29.79, 5.43004
60.025, 29.7745, 5.42991
60.05, 29.7507, 5.42978
60.075, 29.725, 5.42927
60.1, 29.708, 5.42646
60.125, 29.7029, 5.40166
60.15, 29.7515, 5.37328
60.175, 29.8188, 5.31294
60.2, 29.8978, 5.27702
60.225, 29.9763, 5.21873
60.25, 29.9702, 5.18652
60.275, 29.9343, 5.14331
60.3, 29.852, 5.11314
60.325, 29.7505, 5.07441
60.35, 29.6287, 5.05255
60.375, 29.516, 5.02762
60.4, 29.4711, 5.00781
60.425, 29.4542, 4.96895
60.45, 29.4668, 4.93878
60.475, 29.4886, 4.88931
60.5, 29.4479, 4.85543
60.525, 29.3849, 4.81261
60.55, 29.2708, 4.78589
60.575, 29.1317, 4.75802
60.6, 28.9529, 4.74269
60.625, 28.7725, 4.73041
60.65, 28.6172, 4.71661
60.675, 28.4708, 4.70229
60.7, 28.3384, 4.68478
60.725, 28.222, 4.65755
60.75, 28.1041, 4.64183
60.775, 27.9837, 4.61485
60.8, 27.8604, 4.60297
60.825, 27.7336, 4.59402
60.85, 27.5877, 4.58264
60.875, 27.4452, 4.56577
60.9, 27.3145, 4.55528
60.925, 27.1858, 4.55337
60.95, 27.0631, 4.54813
60.975, 26.9469, 4.5379
61, 26.8334, 4.53074
61.025, 26.7263, 4.5177
61.05, 26.6383, 4.51527
61.075, 26.561, 4.50377
61.1, 26.478, 4.4961
61.125, 26.3906, 4.48293
61.15, 26.291, 4.47219
61.175, 26.1856, 4.45302
61.2, 26.062, 4.44675
61.225, 25.9401, 4.44522
61.25, 25.8045, 4.44407
61.275, 25.6712, 4.44433
61.3, 25.5733, 4.44433
61.325, 25.4885, 4.44433
61.35, 25.4138, 4.4442
61.375, 25.346, 4.44381
61.4, 25.2491, 4.44164
61.425, 25.1385, 4.44151
61.45, 24.9904, 4.44139
61.475, 24.8337, 4.44164
61.5, 24.6746, 4.44202
61.525, 24.5199, 4.44356
61.55, 24.4508, 4.44445
61.575, 24.4167, 4.44471
61.6, 24.4155, 4.44497
61.625, 24.4258, 4.44522
61.65, 24.4183, 4.44535
61.675, 24.3938, 4.44548
61.7, 24.3025, 4.44548
61.725, 24.1909, 4.44624
61.75, 24.0652, 4.44867
61.775, 23.9381, 4.4566
61.8, 23.8407, 4.46695
61.825, 23.7602, 4.47961
61.85, 23.7056, 4.48037
61.875, 23.6627, 4.49597
61.9, 23.6306, 4.51118
61.925, 23.5951, 4.51885
61.95, 23.5797, 4.51924
61.975, 23.5804, 4.52
62, 23.5694, 4.52064
62.025, 23.5496, 4.54046
62.05, 23.5247, 4.55746
62.075, 23.4937, 4.55874
62.1, 23.481, 4.55925
62.125, 23.47, 4.56078
62.15, 23.4585, 4.57459
62.175, 23.4508, 4.60092
62.2, 23.4547, 4.60808
62.225, 23.471, 4.61
62.25, 23.4946, 4.61268
62.275, 23.5214, 4.61421
62.3, 23.5561, 4.6247
62.325, 23.59, 4.63262
62.35, 23.6103, 4.63275
62.375, 23.6256, 4.63301
62.4, 23.6201, 4.63313
62.425, 23.6069, 4.63339
62.45, 23.6424, 4.63416
62.475, 23.6942, 4.65819
62.5, 23.7487, 4.66637
62.525, 23.7938, 4.66675
62.55, 23.8352, 4.66675
62.575, 23.8691, 4.66688
62.6, 23.8549, 4.66688
62.625, 23.8228, 4.66714
62.65, 23.7807, 4.66893
62.675, 23.7373, 4.70561
62.7, 23.7393, 4.72837
62.725, 23.7525, 4.73783
62.75, 23.828, 4.73821
62.775, 23.9248, 4.74064
62.8, 24.0211, 4.74639
62.825, 24.1009, 4.74639
62.85, 24.1215, 4.74639
62.875, 24.1185, 4.74665
62.9, 24.1015, 4.74678
62.925, 24.0815, 4.7469
62.95, 24.0793, 4.74729
62.975, 24.0864, 4.7616
63, 24.1186, 4.76327
63.025, 24.1506, 4.76378
63.05, 24.2038, 4.76391
63.075, 24.2718, 4.76391
63.1, 24.3146, 4.76378
63.125, 24.3437, 4.76391
63.15, 24.3696, 4.76378
63.175, 24.394, 4.76378
63.2, 24.425, 4.76378
63.225, 24.4599, 4.76378
63.25, 24.5069, 4.76391
63.275, 24.5561, 4.76391
63.3, 24.6076, 4.76378
63.325, 24.6579, 4.76391
63.35, 24.6827, 4.76391
63.375, 24.6964, 4.76391
63.4, 24.7, 4.76391
63.425, 24.6997, 4.76391
63.45, 24.6971, 4.76391
63.475, 24.6931, 4.76391
63.5, 24.6897, 4.76403
63.525, 24.6872, 4.76403
63.55, 24.6871, 4.76403
63.575, 24.6881, 4.76416
63.6, 24.7219, 4.76416
63.625, 24.7687, 4.76416
63.65, 24.8348, 4.76429
63.675, 24.9054, 4.76416
63.7, 24.9697, 4.76416
63.725, 25.0205, 4.76403
63.75, 25.0173, 4.76403
63.775, 24.9951, 4.76403
63.8, 24.9579, 4.76403
63.825, 24.9168, 4.76416
63.85, 24.927, 4.76416
63.875, 24.9607, 4.76416
63.9, 25.0339, 4.76416
63.925, 25.1191, 4.76403
63.95, 25.2121, 4.76391
63.975, 25.3045, 4.76327
64, 25.2974, 4.76097
64.025, 25.2529, 4.76097
64.05, 25.1724, 4.76097
64.075, 25.0851, 4.76097
64.1, 25.0296, 4.76109
64.125, 24.992, 4.76122
64.15, 24.999, 4.76122
64.175, 25.0231, 4.76122
64.2, 25.0631, 4.76122
64.225, 25.1071, 4.76097
64.25, 25.1158, 4.76084
64.275, 25.1097, 4.75969
64.3, 25.0849, 4.75815
64.325, 25.055, 4.75751
64.35, 25.0317, 4.75713
64.375, 25.0133, 4.7556
64.4, 25.0127, 4.75138
64.425, 25.0193, 4.74153
64.45, 25.0342, 4.73693
64.475, 25.0478, 4.72517
64.5, 25.0717, 4.71674
64.525, 25.0988, 4.70689
64.55, 25.1009, 4.70638
64.575, 25.1012, 4.70613
64.6, 25.0885, 4.70613
64.625, 25.0693, 4.70613
64.65, 25.0584, 4.70625
64.675, 25.0522, 4.70625
64.7, 25.043, 4.70625
64.725, 25.0339, 4.70638
64.75, 25.0324, 4.70638
64.775, 25.0343, 4.70574
64.8, 25.0428, 4.70536
64.825, 25.0536, 4.7037
64.85, 25.0657, 4.69961
64.875, 25.0779, 4.69641
64.9, 25.0523, 4.695
64.925, 25.0108, 4.69488
64.95, 24.9573, 4.69475
64.975, 24.9027, 4.69475
65, 24.874, 4.69488
65.025, 24.8631, 4.695
65.05, 24.906, 4.69475
65.075, 24.9658, 4.69385
65.1, 25.0353, 4.69142
65.125, 25.106, 4.67506
65.15, 25.1089, 4.66228
65.175, 25.0772, 4.66075
65.2, 24.9714, 4.66075
65.225, 24.8559, 4.66126
65.25, 24.7591, 4.66138
65.275, 24.6774, 4.66381
65.3, 24.6754, 4.66394
65.325, 24.703, 4.66407
65.35, 24.7481, 4.6642
65.375, 24.7987, 4.6642
65.4, 24.8111, 4.6642
65.425, 24.8052, 4.6642
65.45, 24.7682, 4.6642
65.475, 24.722, 4.6642
65.5, 24.6698, 4.6642
65.525, 24.6231, 4.6642
65.55, 24.6118, 4.66432
65.575, 24.613, 4.66445
65.6, 24.6244, 4.66445
65.625, 24.639, 4.66445
65.65, 24.6374, 4.66458
65.675, 24.6274, 4.66458
65.7, 24.601, 4.66471
65.725, 24.5696, 4.66522
65.75, 24.5346, 4.66586
65.775, 24.4994, 4.66637
65.8, 24.4842, 4.6665
65.825, 24.4771, 4.66854
65.85, 24.4805, 4.6734
65.875, 24.4872, 4.67826
65.9, 24.4988, 4.67864
65.925, 24.5123, 4.68388
65.95, 24.5286, 4.68439
65.975, 24.5438, 4.68554
66, 24.5556, 4.68606
66.025, 24.569, 4.68938
66.05, 24.5584, 4.69679
66.075, 24.5386, 4.71418
66.1, 24.5034, 4.72466
66.125, 24.4709, 4.74435
66.15, 24.4645, 4.74588
66.175, 24.4731, 4.74626
66.2, 24.5458, 4.74652
66.225, 24.6429, 4.74652
66.25, 24.7445, 4.74652
66.275, 24.8415, 4.74639
66.3, 24.86, 4.74626
66.325, 24.8441, 4.74626
66.35, 24.7803, 4.74639
66.375, 24.7021, 4.74639
66.4, 24.6152, 4.74639
66.425, 24.5433, 4.74639
66.45, 24.5554, 4.74652
66.475, 24.5968, 4.74665
66.5, 24.6648, 4.74665
66.525, 24.7404, 4.74652
66.55, 24.7829, 4.74652
66.575, 24.8069, 4.74652
66.6, 24.7937, 4.74652
66.625, 24.7679, 4.74652
66.65, 24.7328, 4.74652
66.675, 24.6953, 4.74652
66.7, 24.6918, 4.74652
66.725, 24.7012, 4.74652
66.75, 24.7241, 4.74652
66.775, 24.751, 4.74652
66.8, 24.7797, 4.74652
66.825, 24.8077, 4.74639
66.85, 24.8308, 4.74626
66.875, 24.8514, 4.74626
66.9, 24.8697, 4.74626
66.925, 24.8868, 4.74601
66.95, 24.9016, 4.74588
66.975, 24.9152, 4.7446
67, 24.9281, 4.74217
67.025, 24.94, 4.73975
67.05, 24.956, 4.73847
67.075, 24.9709, 4.73796
67.1, 24.9853, 4.73783
67.125, 24.9988, 4.73156
67.15, 25.0104, 4.73054
67.175, 25.0245, 4.72862
67.2, 25.0187, 4.72325
67.225, 25.0003, 4.72159
67.25, 24.9664, 4.72147
67.275, 24.931, 4.72134
67.3, 24.896, 4.72147
67.325, 24.8705, 4.72147
67.35, 24.8967, 4.72147
67.375, 24.9407, 4.72147
67.4, 24.999, 4.72134
67.425, 25.0606, 4.71482
67.45, 25.0774, 4.71111
67.475, 25.0677, 4.70932
67.5, 24.9973, 4.70919
67.525, 24.9054, 4.70919
67.55, 24.8008, 4.70919
67.575, 24.6975, 4.70996
67.6, 24.6881, 4.71009
67.625, 24.7148, 4.71009
67.65, 24.7839, 4.71009
67.675, 24.865, 4.71009
67.7, 24.9259, 4.7097
67.725, 24.9658, 4.70983
67.75, 24.9347, 4.70932
67.775, 24.8793, 4.70958
67.8, 24.8017, 4.7097
67.825, 24.7194, 4.71009
67.85, 24.6777, 4.71162
67.875, 24.6547, 4.71252
67.9, 24.665, 4.71277
67.925, 24.6851, 4.71316
67.95, 24.7077, 4.71328
67.975, 24.7288, 4.71367
68, 24.7373, 4.71392
68.025, 24.7407, 4.71443
68.05, 24.7389, 4.71469
68.075, 24.7348, 4.71495
68.1, 24.7361, 4.71495
68.125, 24.7404, 4.71507
68.15, 24.7495, 4.71507
68.175, 24.7601, 4.7152
68.2, 24.7722, 4.7152
68.225, 24.7843, 4.71546
68.25, 24.7859, 4.71558
68.275, 24.7838, 4.71622
68.3, 24.7787, 4.72236
68.325, 24.7725, 4.72862
68.35, 24.7643, 4.72939
68.375, 24.7588, 4.72965
68.4, 24.7464, 4.72977
68.425, 24.7323, 4.7299
68.45, 24.7223, 4.7299
68.475, 24.7139, 4.73029
68.5, 24.7426, 4.7308
68.525, 24.7853, 4.73118
68.55, 24.8443, 4.73131
68.575, 24.9067, 4.73131
68.6, 24.9484, 4.73131
68.625, 24.973, 4.73118
68.65, 24.9386, 4.73118
68.675, 24.885, 4.73118
68.7, 24.8191, 4.73118
68.725, 24.7514, 4.73131
68.75, 24.7454, 4.73131
68.775, 24.7658, 4.73131
68.8, 24.8275, 4.73131
68.825, 24.9015, 4.73131
68.85, 24.9807, 4.73131
68.875, 25.044, 4.73118
68.9, 25.0238, 4.73118
68.925, 24.9753, 4.73118
68.95, 24.9053, 4.73118
68.975, 24.8299, 4.73131
69, 24.7908, 4.73131
69.025, 24.7714, 4.73131
69.05, 24.7931, 4.73131
69.075, 24.8283, 4.73131
69.1, 24.8739, 4.73131
69.125, 24.9218, 4.73131
69.15, 24.9363, 4.73131
69.175, 24.9381, 4.73131
69.2, 24.931, 4.73131
69.225, 24.921, 4.73131
69.25, 24.9086, 4.73131
69.275, 24.8956, 4.73131
69.3, 24.8824, 4.73131
69.325, 24.87, 4.73144
69.35, 24.8601, 4.73144
69.375, 24.8513, 4.73144
69.4, 24.8533, 4.73156
69.425, 24.8596, 4.73182
69.45, 24.8704, 4.73233
69.475, 24.8824, 4.73246
69.5, 24.89, 4.73259
69.525, 24.8932, 4.73284
69.55, 24.8812, 4.73297
69.575, 24.8647, 4.73323
69.6, 24.8455, 4.73374
69.625, 24.8259, 4.73885
69.65, 24.8372, 4.74499
69.675, 24.8593, 4.74895
69.7, 24.898, 4.75036
69.725, 24.9453, 4.75074
69.75, 24.9867, 4.75074
69.775, 25.0186, 4.75087
69.8, 25.0076, 4.75087
69.825, 24.9807, 4.75087
69.85, 24.9413, 4.75087
69.875, 24.8998, 4.75125
69.9, 24.9059, 4.75151
69.925, 24.9335, 4.75304
69.95, 24.9967, 4.75675
69.975, 25.0702, 4.75675
70, 25.1553, 4.75675
70.025, 25.2375, 4.75355
70.05, 25.22, 4.73885
70.075, 25.1659, 4.70357
70.1, 25.0842, 4.67302
70.125, 24.9935, 4.64272
70.15, 24.9229, 4.62891
70.175, 24.8584, 4.58724
70.2, 24.8482, 4.55707
70.225, 24.8556, 4.50837
70.25, 24.8435, 4.47999
70.275, 24.8313, 4.42413
70.3, 24.7939, 4.39754
70.325, 24.7435, 4.34896
70.35, 24.6649, 4.32634
70.375, 24.5797, 4.294
70.4, 24.4858, 4.27738
70.425, 24.389, 4.24337
70.45, 24.3055, 4.22407
70.475, 24.2251, 4.18559
70.5, 24.1491, 4.16118
70.525, 24.0734, 4.12002
70.55, 23.9777, 4.09483
70.575, 23.8829, 4.05687
70.6, 23.7742, 4.04063
70.625, 23.6576, 4.00228
70.65, 23.5332, 3.99244
70.675, 23.4053, 3.9693
70.7, 23.2643, 3.95166
70.725, 23.1195, 3.92955
70.75, 22.9701, 3.91395
70.775, 22.8262, 3.90385
70.8, 22.6652, 3.89669
70.825, 22.5154, 3.89542
70.85, 22.3803, 3.88634
70.875, 22.2501, 3.86653
70.9, 22.1373, 3.85873
70.925, 22.0344, 3.84505
70.95, 21.8514, 3.83303
70.975, 21.6579, 3.83163
71, 21.4409, 3.8315
71.025, 21.2232, 3.83201
71.05, 21.0552, 3.83201
71.075, 20.9155, 3.8324
71.1, 20.8306, 3.8324
71.125, 20.7687, 3.83188
71.15, 20.7245, 3.83137
71.175, 20.6871, 3.82025
71.2, 20.5961, 3.81233
71.225, 20.4874, 3.81143
71.25, 20.3533, 3.81143
71.275, 20.2139, 3.81194
71.3, 20.0776, 3.8122
71.325, 19.9532, 3.81399
71.35, 19.8708, 3.81565
71.375, 19.806, 3.81846
71.4, 19.7563, 3.82421
71.425, 19.7118, 3.82588
71.45, 19.6711, 3.82626
71.475, 19.6286, 3.8269
71.5, 19.5794, 3.82715
71.525, 19.5305, 3.82767
71.55, 19.4798, 3.82779
71.575, 19.4282, 3.82818
71.6, 19.3701, 3.8283
71.625, 19.3117, 3.83572
71.65, 19.2512, 3.84352
71.675, 19.1933, 3.84876
71.7, 19.1374, 3.85246
71.725, 19.0849, 3.85502
71.75, 19.0314, 3.86397
71.775, 18.978, 3.88455
71.8, 18.9269, 3.88545
71.825, 18.8794, 3.88813
71.85, 18.8448, 3.89912
71.875, 18.8168, 3.90117
71.9, 18.7995, 3.90436
71.925, 18.7774, 3.90603
71.95, 18.7661, 3.91638
71.975, 18.7657, 3.91894
72, 18.8048, 3.92047
72.025, 18.8525, 3.9206
72.05, 18.8962, 3.9206
72.075, 18.9395, 3.9206
72.1, 18.9341, 3.92073
72.125, 18.9094, 3.92073
72.15, 18.8673, 3.92111
72.175, 18.8208, 3.93901
72.2, 18.7856, 3.95384
72.225, 18.7602, 3.96087
72.25, 18.791, 3.96163
72.275, 18.8448, 3.9624
72.3, 18.921, 3.96253
72.325, 18.9998, 3.96278
72.35, 19.0127, 3.96291
72.375, 18.9989, 3.9633
72.4, 18.9468, 3.96393
72.425, 18.8828, 3.97825
72.45, 18.7999, 3.9973
72.475, 18.7221, 4.01481
72.5, 18.7276, 4.02146
72.525, 18.7605, 4.02619
72.55, 18.8176, 4.02632
72.575, 18.885, 4.02644
72.6, 18.9373, 4.02644
72.625, 18.9795, 4.02657
72.65, 19.0064, 4.02683
72.675, 19.0273, 4.02708
72.7, 19.0433, 4.02772
72.725, 19.0573, 4.04524
72.75, 19.0552, 4.05239
72.775, 19.0463, 4.05354
72.8, 19.0515, 4.0538
72.825, 19.0637, 4.05508
72.85, 19.0814, 4.05789
72.875, 19.0988, 4.07464
72.9, 19.1127, 4.07796
72.925, 19.1286, 4.08039
72.95, 19.1613, 4.08243
72.975, 19.1959, 4.08282
73, 19.2364, 4.08295
73.025, 19.2775, 4.08307
73.05, 19.3237, 4.08307
73.075, 19.3702, 4.08307
73.1, 19.419, 4.0832
73.125, 19.4698, 4.08333
73.15, 19.5352, 4.08358
73.175, 19.6035, 4.08371
73.2, 19.6723, 4.08371
73.225, 19.739, 4.08358
73.25, 19.7544, 4.08371
73.275, 19.748, 4.08358
73.3, 19.7131, 4.08358
73.325, 19.6688, 4.08371
73.35, 19.6208, 4.08371
73.375, 19.5735, 4.08371
73.4, 19.6111, 4.08371
73.425, 19.6791, 4.08371
73.45, 19.7697, 4.08371
73.475, 19.8653, 4.08358
73.5, 19.9189, 4.0832
73.525, 19.9476, 4.08307
73.55, 19.9158, 4.08269
73.575, 19.8639, 4.08256
73.6, 19.7992, 4.08256
73.625, 19.7321, 4.08256
73.65, 19.7225, 4.08269
73.675, 19.7359, 4.08269
73.7, 19.7767, 4.08269
73.725, 19.8257, 4.08269
73.75, 19.8587, 4.08269
73.775, 19.8794, 4.08269
73.8, 19.8639, 4.08269
73.825, 19.8365, 4.08269
73.85, 19.8003, 4.08269
73.875, 19.762, 4.08295
73.9, 19.7569, 4.08295
73.925, 19.7661, 4.08307
73.95, 19.7929, 4.0832
73.975, 19.8251, 4.08358
74, 19.859, 4.08358
74.025, 19.89, 4.08358
74.05, 19.9049, 4.08358
74.075, 19.9129, 4.08358
74.1, 19.916, 4.08358
74.125, 19.9177, 4.08346
74.15, 19.9145, 4.08358
74.175, 19.9099, 4.08358
74.2, 19.9051, 4.08358
74.225, 19.9005, 4.08358
74.25, 19.8968, 4.08358
74.275, 19.8939, 4.08346
74.3, 19.9082, 4.08346
74.325, 19.9284, 4.08346
74.35, 19.9535, 4.08346
74.375, 19.9795, 4.08346
74.4, 19.9964, 4.08333
74.425, 20.0079, 4.0832
74.45, 20.0076, 4.0832
74.475, 20.003, 4.0832
74.5, 19.9959, 4.0832
74.525, 19.9876, 4.08307
74.55, 20.0176, 4.08307
74.575, 20.062, 4.08295
74.6, 20.1204, 4.08282
74.625, 20.1819, 4.08154
74.65, 20.2141, 4.07873
74.675, 20.2263, 4.06799
74.7, 20.1881, 4.06735
74.725, 20.128, 4.06658
74.75, 20.0556, 4.06633
74.775, 19.9823, 4.06633
74.8, 19.9639, 4.06633
74.825, 19.9687, 4.06594
74.85, 20.0034, 4.06569
74.875, 20.0475, 4.05674
74.9, 20.0952, 4.05367
74.925, 20.1386, 4.0437
74.95, 20.1331, 4.0299
74.975, 20.1093, 4.02913
75, 20.0553, 4.029
75.025, 20.0003, 4.02913
75.05, 19.9581, 4.02926
75.075, 19.9218, 4.02938
75.1, 19.9056, 4.02951
75.125, 19.8982, 4.02938
75.15, 19.8964, 4.02938
75.175, 19.8961, 4.02926
75.2, 19.8723, 4.02926
75.225, 19.8401, 4.02913
75.25, 19.803, 4.02926
75.275, 19.7654, 4.02938
75.3, 19.7339, 4.02938
75.325, 19.7062, 4.02951
75.35, 19.6874, 4.02951
75.375, 19.6726, 4.02964
75.4, 19.6622, 4.02964
75.425, 19.6533, 4.02964
75.45, 19.6625, 4.02964
75.475, 19.6784, 4.02964
75.5, 19.7018, 4.02964
75.525, 19.727, 4.02977
75.55, 19.7466, 4.02977
75.575, 19.7609, 4.02977
75.6, 19.7596, 4.02977
75.625, 19.7527, 4.0299
75.65, 19.7402, 4.02977
75.675, 19.7262, 4.0299
75.7, 19.7502, 4.0299
75.725, 19.7897, 4.02977
75.75, 19.8504, 4.02964
75.775, 19.916, 4.02964
75.8, 19.972, 4.02836
75.825, 20.0121, 4.0212
75.85, 19.9926, 4.01481
75.875, 19.9516, 4.01417
75.9, 19.8743, 4.01404
75.925, 19.788, 4.0143
75.95, 19.7534, 4.01443
75.975, 19.7395, 4.01443
76, 19.76, 4.01456
76.025, 19.7932, 4.01443
76.05, 19.8331, 4.0143
76.075, 19.8734, 4.01174
76.1, 19.8589, 4.00944
76.125, 19.8266, 4.0088
76.15, 19.7787, 4.0088
76.175, 19.7246, 4.00931
76.2, 19.6799, 4.00931
76.225, 19.6447, 4.00983
76.25, 19.6359, 4.01046
76.275, 19.6358, 4.01072
76.3, 19.643, 4.01085
76.325, 19.6525, 4.01123
76.35, 19.6484, 4.01149
76.375, 19.6388, 4.01187
76.4, 19.6224, 4.012
76.425, 19.604, 4.01238
76.45, 19.5881, 4.01264
76.475, 19.575, 4.01277
76.5, 19.5704, 4.01417
76.525, 19.5692, 4.01468
76.55, 19.573, 4.01494
76.575, 19.579, 4.01507
76.6, 19.5856, 4.01519
76.625, 19.5933, 4.01762
76.65, 19.6039, 4.02197
76.675, 19.616, 4.02708
76.7, 19.6286, 4.02811
76.725, 19.6398, 4.02849
76.75, 19.6276, 4.02849
76.775, 19.6069, 4.029
76.8, 19.5833, 4.03092
76.825, 19.5597, 4.0345
76.85, 19.5637, 4.0423
76.875, 19.5792, 4.05009
76.9, 19.6356, 4.05035
76.925, 19.7096, 4.05048
76.95, 19.7764, 4.05048
76.975, 19.8373, 4.05048
77, 19.8267, 4.05048
77.025, 19.789, 4.05073
77.05, 19.7265, 4.05099
77.075, 19.6585, 4.05175
77.1, 19.6231, 4.05393
77.125, 19.6082, 4.05917
77.15, 19.6515, 4.05981
77.175, 19.7141, 4.05994
77.2, 19.7976, 4.05994
77.225, 19.8853, 4.06006
77.25, 19.9109, 4.05994
77.275, 19.9107, 4.05994
77.3, 19.8786, 4.06006
77.325, 19.8364, 4.06032
77.35, 19.7974, 4.06045
77.375, 19.7646, 4.0607
77.4, 19.7563, 4.06403
77.425, 19.7577, 4.08026
77.45, 19.7646, 4.08077
77.475, 19.7763, 4.08141
77.5, 19.7912, 4.08154
77.525, 19.807, 4.08167
77.55, 19.8197, 4.08167
77.575, 19.8306, 4.0818
77.6, 19.8415, 4.0818
77.625, 19.85, 4.0818
77.65, 19.8481, 4.08192
77.675, 19.843, 4.08192
77.7, 19.8365, 4.08192
77.725, 19.8298, 4.08192
77.75, 19.833, 4.08205
77.775, 19.8411, 4.08218
77.8, 19.8611, 4.08218
77.825, 19.8847, 4.08218
77.85, 19.911, 4.08218
77.875, 19.9373, 4.08218
77.9, 19.9366, 4.08218
77.925, 19.9253, 4.08218
77.95, 19.905, 4.08218
77.975, 19.8828, 4.08218
78, 19.879, 4.08218
78.025, 19.8869, 4.08218
78.05, 19.9286, 4.08218
78.075, 19.9807, 4.08205
78.1, 20.0398, 4.08205
78.125, 20.0992, 4.08154
78.15, 20.0944, 4.08103
78.175, 20.0636, 4.08103
78.2, 20.0017, 4.08103
78.225, 19.931, 4.08128
78.25, 19.8793, 4.08128
78.275, 19.8458, 4.08154
78.3, 19.876, 4.08154
78.325, 19.928, 4.08154
78.35, 19.9987, 4.08154
78.375, 20.0731, 4.08141
78.4, 20.0898, 4.08141
78.425, 20.0816, 4.08128
78.45, 20.0383, 4.08116
78.475, 19.9844, 4.08116
78.5, 19.9237, 4.08116
78.525, 19.8711, 4.08116
78.55, 19.8641, 4.08141
78.575, 19.8737, 4.08154
78.6, 19.8992, 4.08141
78.625, 19.9296, 4.08141
78.65, 19.9581, 4.08141
78.675, 19.984, 4.08128
78.7, 20.0037, 4.08128
78.725, 20.0208, 4.08128
78.75, 20.0339, 4.08141
78.775, 20.045, 4.08141
78.8, 20.0559, 4.08141
78.825, 20.0663, 4.08141
78.85, 20.0763, 4.08141
78.875, 20.0857, 4.08141
78.9, 20.0962, 4.08128
78.925, 20.107, 4.08128
78.95, 20.1196, 4.08128
78.975, 20.1323, 4.08116
79, 20.1454, 4.08103
79.025, 20.1583, 4.08103
79.05, 20.1497, 4.0809
79.075, 20.1327, 4.0809
79.1, 20.1068, 4.0809
79.125, 20.0785, 4.08103
79.15, 20.0641, 4.0809
79.175, 20.0612, 4.08103
79.2, 20.0967, 4.0809
79.225, 20.1444, 4.0809
79.25, 20.2008, 4.08077
79.275, 20.2586, 4.0786
79.3, 20.2675, 4.07297
79.325, 20.2553, 4.0708
79.35, 20.1996, 4.06339
79.375, 20.1343, 4.06288
79.4, 20.0572, 4.06288
79.425, 19.9799, 4.06288
79.45, 19.9861, 4.06288
79.475, 20.0205, 4.06173
79.5, 20.0773, 4.05201
79.525, 20.1411, 4.04907
79.55, 20.1533, 4.0446
79.575, 20.1443, 4.03526
79.6, 20.0881, 4.03386
79.625, 20.0157, 4.03386
79.65, 19.9277, 4.03386
79.675, 19.8366, 4.03411
79.7, 19.8053, 4.03437
79.725, 19.7975, 4.0345
79.75, 19.8137, 4.0345
79.775, 19.8383, 4.03463
79.8, 19.8549, 4.03463
79.825, 19.8643, 4.03475
79.85, 19.848, 4.03475
79.875, 19.8236, 4.03488
79.9, 19.7952, 4.03501
79.925, 19.7663, 4.03539
79.95, 19.7512, 4.0368
79.975, 19.742, 4.03782
80, 19.7402, 4.03999
80.025, 19.7414, 4.03859
80.05, 19.7468, 4.03424
80.075, 19.7504, 4.00101
80.1, 19.7649, 3.97582
80.125, 19.7736, 3.92622
80.15, 19.7648, 3.90667
80.175, 19.7482, 3.86576
80.2, 19.7257, 3.84045
80.225, 19.7021, 3.79392
80.25, 19.6656, 3.76222
80.275, 19.6267, 3.72796
80.3, 19.5707, 3.69587
80.325, 19.509, 3.6643
80.35, 19.4525, 3.64781
80.375, 19.4011, 3.60447
80.4, 19.3649, 3.58376
80.425, 19.3297, 3.54439
80.45, 19.2542, 3.51908
80.475, 19.1658, 3.48917
80.5, 19.0123, 3.47306
80.525, 18.841, 3.46283
80.55, 18.6657, 3.45721
80.575, 18.4926, 3.44698
80.6, 18.372, 3.44136
80.625, 18.2781, 3.42448
80.65, 18.2041, 3.40735
80.675, 18.1352, 3.37501
80.7, 18.0436, 3.35507
80.725, 17.9424, 3.33129
80.75, 17.784, 3.31097
80.775, 17.6085, 3.30854
80.8, 17.4053, 3.30368
80.825, 17.2054, 3.30202
80.85, 17.04, 3.30189
80.875, 16.8921, 3.29691
80.9, 16.7748, 3.29563
80.925, 16.6733, 3.28297
80.95, 16.5797, 3.27121
80.975, 16.4893, 3.25536
81, 16.3694, 3.25332
81.025, 16.2464, 3.25306
81.05, 16.1231, 3.25166
81.075, 16.0023, 3.25063
81.1, 15.8816, 3.25063
81.125, 15.7697, 3.24974
81.15, 15.6663, 3.24744
81.175, 15.5663, 3.24386
81.2, 15.4689, 3.24015
81.225, 15.3817, 3.239
81.25, 15.3106, 3.23874
81.275, 15.2476, 3.23708
81.3, 15.1941, 3.23708
81.325, 15.1444, 3.23632
81.35, 15.0866, 3.23465
81.375, 15.0253, 3.23376
81.4, 14.9539, 3.23248
81.425, 14.882, 3.23184
81.45, 14.8092, 3.23184
81.475, 14.7382, 3.23197
81.5, 14.6925, 3.2321
81.525, 14.6581, 3.23235
81.55, 14.6348, 3.23235
81.575, 14.616, 3.23248
81.6, 14.5908, 3.23248
81.625, 14.5596, 3.23223
81.65, 14.5027, 3.2321
81.675, 14.439, 3.23235
81.7, 14.3719, 3.23235
81.725, 14.3056, 3.23248
81.75, 14.289, 3.23299
81.775, 14.2941, 3.23299
81.8, 14.3301, 3.23299
81.825, 14.3751, 3.23261
81.85, 14.4223, 3.22992
81.875, 14.4527, 3.22865
81.9, 14.3953, 3.2266
81.925, 14.3097, 3.22647
81.95, 14.2007, 3.22673
81.975, 14.087, 3.22916
82, 14.003, 3.23402
82.025, 13.9367, 3.23568
82.05, 13.9114, 3.24066
82.075, 13.8984, 3.2445
82.1, 13.9012, 3.24808
82.125, 13.909, 3.24999
82.15, 13.8903, 3.25012
82.175, 13.861, 3.2615
82.2, 13.8178, 3.26546
82.225, 13.7695, 3.28195
82.25, 13.7385, 3.28668
82.275, 13.7135, 3.30279
82.3, 13.7055, 3.30573
82.325, 13.7103, 3.30701
82.35, 13.7333, 3.31097
82.375, 13.7612, 3.31174
82.4, 13.7986, 3.31199
82.425, 13.8347, 3.31378
82.45, 13.8641, 3.31583
82.475, 13.8929, 3.32196
82.5, 13.9134, 3.3258
82.525, 13.9266, 3.33922
82.55, 13.9424, 3.33973
82.575, 13.9589, 3.33986
82.6, 13.9804, 3.33999
82.625, 14.0032, 3.34024
82.65, 14.0426, 3.34191
82.675, 14.0881, 3.34331
82.7, 14.1468, 3.34357
82.725, 14.2096, 3.34382
82.75, 14.2675, 3.34382
82.775, 14.3137, 3.34382
82.8, 14.3139, 3.34382
82.825, 14.2972, 3.34382
82.85, 14.2689, 3.34395
82.875, 14.2378, 3.34421
82.9, 14.2427, 3.34459
82.925, 14.2653, 3.34689
82.95, 14.3227, 3.35213
82.975, 14.3892, 3.3529
83, 14.4747, 3.3529
83.025, 14.5643, 3.35277
83.05, 14.561, 3.35188
83.075, 14.5244, 3.35188
83.1, 14.462, 3.35188
83.125, 14.3919, 3.35188
83.15, 14.3443, 3.352
83.175, 14.3126, 3.35213
83.2, 14.3214, 3.35264
83.225, 14.344, 3.35315
83.25, 14.3798, 3.35341
83.275, 14.4191, 3.35507
83.3, 14.4277, 3.35635
83.325, 14.4238, 3.3584
83.35, 14.4096, 3.36504
83.375, 14.3905, 3.38141
83.4, 14.3777, 3.38294
83.425, 14.3768, 3.38601
83.45, 14.3745, 3.38716
83.475, 14.3686, 3.39828
83.5, 14.362, 3.39853
83.525, 14.3614, 3.4062
83.55, 14.3709, 3.41324
83.575, 14.3804, 3.41554
83.6, 14.3875, 3.42385
83.625, 14.3944, 3.42755
83.65, 14.4223, 3.43113
83.675, 14.4599, 3.43203
83.7, 14.49, 3.43254
83.725, 14.5163, 3.43305
83.75, 14.5443, 3.43318
83.775, 14.5722, 3.43394
83.8, 14.6059, 3.43509
83.825, 14.6414, 3.44647
83.85, 14.6802, 3.44839
83.875, 14.7169, 3.45056
83.9, 14.7626, 3.45095
83.925, 14.8116, 3.45095
83.95, 14.8284, 3.45095
83.975, 14.8328, 3.45095
84, 14.8296, 3.45095
84.025, 14.8235, 3.45069
84.05, 14.8381, 3.45069
84.075, 14.8664, 3.45056
84.1, 14.9322, 3.45018
84.125, 15.0093, 3.4457
84.15, 15.0948, 3.442
84.175, 15.1803, 3.42704
84.2, 15.2, 3.41822
84.225, 15.1886, 3.41605
84.25, 15.1202, 3.41579
84.275, 15.038, 3.41579
84.3, 14.9836, 3.4163
84.325, 14.9436, 3.4163
84.35, 14.9443, 3.41643
84.375, 14.9624, 3.41643
84.4, 14.9982, 3.4163
84.425, 15.0378, 3.41618
84.45, 15.056, 3.41579
84.475, 15.064, 3.41579
84.5, 15.0552, 3.41579
84.525, 15.041, 3.41592
84.55, 15.024, 3.41605
84.575, 15.0093, 3.4163
84.6, 15.0094, 3.41656
84.625, 15.0149, 3.41771
84.65, 15.0257, 3.41784
84.675, 15.0383, 3.41771
84.7, 15.0484, 3.41771
84.725, 15.0569, 3.41745
84.75, 15.0619, 3.41733
84.775, 15.0657, 3.41745
84.8, 15.0682, 3.41707
84.825, 15.0706, 3.41707
84.85, 15.069, 3.41694
84.875, 15.0665, 3.41694
84.9, 15.0642, 3.41681
84.925, 15.0621, 3.41694
84.95, 15.0685, 3.41694
84.975, 15.0795, 3.41694
85, 15.1036, 3.41694
85.025, 15.1315, 3.41669
85.05, 15.1615, 3.41669
85.075, 15.1909, 3.41669
85.1, 15.1914, 3.41669
85.125, 15.1809, 3.41656
85.15, 15.1576, 3.41656
85.175, 15.1307, 3.4149
85.2, 15.1073, 3.41477
85.225, 15.0919, 3.41451
85.25, 15.1111, 3.41439
85.275, 15.1402, 3.41324
85.3, 15.1771, 3.40774
85.325, 15.2157, 3.39086
85.35, 15.2084, 3.38435
85.375, 15.1976, 3.38153
85.4, 15.1631, 3.37949
85.425, 15.102, 3.37923
85.45, 15.0346, 3.37885
85.475, 14.9612, 3.3791
85.5, 14.9017, 3.37936
85.525, 14.9053, 3.37987
85.55, 14.9292, 3.38
85.575, 14.9717, 3.38013
85.6, 15.0199, 3.38013
85.625, 15.0427, 3.38
85.65, 15.0516, 3.38
85.675, 15.0341, 3.38
85.7, 15.0081, 3.38
85.725, 14.9762, 3.38
85.75, 14.943, 3.38013
85.775, 14.9236, 3.38051
85.8, 14.9104, 3.38077
85.825, 14.9029, 3.38102
85.85, 14.8978, 3.38192
85.875, 14.8949, 3.38268
85.9, 14.893, 3.38371
85.925, 14.8918, 3.38524
85.95, 14.89, 3.38562
85.975, 14.8881, 3.38754
86, 14.8858, 3.38971
86.025, 14.8876, 3.3901
86.05, 14.8918, 3.39035
86.075, 14.8976, 3.39035
86.1, 14.9032, 3.39023
86.125, 14.9098, 3.39023
86.15, 14.917, 3.39023
86.175, 14.924, 3.39023
86.2, 14.9306, 3.3901
86.225, 14.9377, 3.38984
86.25, 14.945, 3.38997
86.275, 14.9396, 3.38997
86.3, 14.9289, 3.38997
86.325, 14.9116, 3.39023
86.35, 14.8922, 3.39035
86.375, 14.8721, 3.39048
86.4, 14.8591, 3.39061
86.425, 14.879, 3.39112
86.45, 14.9101, 3.3915
86.475, 14.9499, 3.39521
86.5, 14.9916, 3.39815
86.525, 15.0087, 3.40122
86.55, 15.0117, 3.40326
86.575, 14.974, 3.4071
86.6, 14.9255, 3.40799
86.625, 14.8816, 3.41221
86.65, 14.8398, 3.4149
86.675, 14.8487, 3.42065
86.7, 14.8798, 3.42167
86.725, 14.9394, 3.42627
86.75, 15.0038, 3.42653
86.775, 15.0378, 3.4264
86.8, 15.0532, 3.4264
86.825, 15.0131, 3.4264
86.85, 14.9538, 3.4264
86.875, 14.8828, 3.42653
86.9, 14.811, 3.42679
86.925, 14.7801, 3.43637
86.95, 14.7678, 3.43701
86.975, 14.7801, 3.44379
87, 14.7995, 3.44404
87.025, 14.8331, 3.44481
87.05, 14.8682, 3.44519
87.075, 14.8899, 3.44558
87.1, 14.9063, 3.4457
87.125, 14.9149, 3.44583
87.15, 14.9207, 3.44583
87.175, 14.9319, 3.44596
87.2, 14.9456, 3.44609
87.225, 14.9637, 3.44622
87.25, 14.9829, 3.44622
87.275, 15.0039, 3.44634
87.3, 15.0243, 3.44634
87.325, 15.0425, 3.44622
87.35, 15.0595, 3.44622
87.375, 15.0756, 3.44622
87.4, 15.0909, 3.44622
87.425, 15.1022, 3.44622
87.45, 15.1107, 3.44634
87.475, 15.1145, 3.44622
87.5, 15.1163, 3.44622
87.525, 15.1183, 3.44622
87.55, 15.1204, 3.44622
87.575, 15.1396, 3.44609
87.6, 15.1646, 3.44583
87.625, 15.1965, 3.44494
87.65, 15.2293, 3.44391
87.675, 15.2506, 3.44149
87.7, 15.2618, 3.43548
87.725, 15.2374, 3.42589
87.75, 15.2027, 3.42589
87.775, 15.1551, 3.42218
87.8, 15.1018, 3.42231
87.825, 15.101, 3.42218
87.85, 15.1233, 3.42218
87.875, 15.1705, 3.42027
87.9, 15.2246, 3.41809
87.925, 15.2773, 3.40991
87.95, 15.3177, 3.40697
87.975, 15.3048, 3.39968
88, 15.2731, 3.39777
88.025, 15.2252, 3.39777
88.05, 15.1684, 3.39777
88.075, 15.1326, 3.3979
88.1, 15.1106, 3.39815
88.125, 15.1096, 3.39841
88.15, 15.1163, 3.39853
88.175, 15.1325, 3.39943
88.2, 15.1513, 3.39943
88.225, 15.1557, 3.39943
88.25, 15.1547, 3.3993
88.275, 15.1494, 3.39917
88.3, 15.1431, 3.39892
88.325, 15.1342, 3.39892
88.35, 15.1243, 3.39892
88.375, 15.1134, 3.39917
88.4, 15.1029, 3.39905
88.425, 15.0937, 3.39892
88.45, 15.0852, 3.39892
88.475, 15.0845, 3.39828
88.5, 15.087, 3.39828
88.525, 15.0929, 3.39496
88.55, 15.0999, 3.39368
88.575, 15.1049, 3.3855
88.6, 15.1083, 3.38217
88.625, 15.104, 3.37322
88.65, 15.0964, 3.37169
88.675, 15.0902, 3.36888
88.7, 15.0749, 3.36888
88.725, 15.0777, 3.36888
88.75, 15.0893, 3.36875
88.775, 15.1069, 3.36849
88.8, 15.1248, 3.36798
88.825, 15.1442, 3.3676
88.85, 15.154, 3.36453
88.875, 15.105, 3.35891
88.9, 15.0371, 3.35903
88.925, 14.9574, 3.35903
88.95, 14.8723, 3.35929
88.975, 14.8247, 3.3598
89, 14.7974, 3.36006
89.025, 14.8071, 3.36018
89.05, 14.8305, 3.36057
89.075, 14.8634, 3.3607
89.1, 14.8979, 3.3607
89.125, 14.8712, 3.36057
89.15, 14.8226, 3.3607
89.175, 14.7549, 3.36082
89.2, 14.6832, 3.36185
89.225, 14.628, 3.36964
89.25, 14.585, 3.37054
89.275, 14.5692, 3.37374
89.3, 14.5616, 3.37706
89.325, 14.5744, 3.3855
89.35, 14.5954, 3.39393
89.375, 14.6007, 3.39559
89.4, 14.5973, 3.39572
89.425, 14.5949, 3.39611
89.45, 14.5943, 3.39623
89.475, 14.5967, 3.39662
89.5, 14.5994, 3.39662
89.525, 14.6059, 3.39662
89.55, 14.6142, 3.39662
89.575, 14.6248, 3.39674
89.6, 14.6362, 3.39687
89.625, 14.6486, 3.397
89.65, 14.6608, 3.39687
89.675, 14.6736, 3.39687
89.7, 14.6861, 3.39687
89.725, 14.6995, 3.39687
89.75, 14.7138, 3.39687
89.775, 14.7343, 3.39687
89.8, 14.7564, 3.39687
89.825, 14.7798, 3.39674
89.85, 14.8031, 3.39674
89.875, 14.8221, 3.39662
89.9, 14.8387, 3.39662
89.925, 14.8507, 3.39598
89.95, 14.8609, 3.39521
89.975, 14.8691, 3.39419
