0, 0.0045679, 1.87197
0.025, 0.013344, 1.88143
0.05, 0.0209158, 1.93218
0.075, 0.0474364, 2.06525
0.1, 0.0909564, 2.09171
0.125, 0.115501, 2.19883
0.15, 0.121167, 2.24421
0.175, 0.138793, 2.36003
0.2, 0.171045, 2.38278
0.225, 0.21892, 2.47329
0.25, 0.282651, 2.5165
0.275, 0.331721, 2.67232
0.3, 0.366493, 2.73931
0.325, 0.442382, 2.86394
0.35, 0.55862, 2.89232
0.375, 0.689889, 2.94243
0.4, 0.83878, 2.94895
0.425, 0.981897, 3.04009
0.45, 1.11197, 3.06847
0.475, 1.24921, 3.16678
0.5, 1.39614, 3.19298
0.525, 1.53698, 3.30931
0.55, 1.67446, 3.3405
0.575, 1.8383, 3.41784
0.6, 2.02871, 3.43075
0.625, 2.24097, 3.45606
0.65, 2.46946, 3.46002
0.675, 2.68256, 3.5086
0.7, 2.88176, 3.53621
0.725, 3.05678, 3.60255
0.75, 3.21253, 3.61674
0.775, 3.37371, 3.66174
0.8, 3.5367, 3.67197
0.825, 3.71715, 3.67388
0.85, 3.9192, 3.67414
0.875, 4.11984, 3.71671
0.9, 4.31342, 3.72655
0.925, 4.51334, 3.77321
0.95, 4.71918, 3.77871
0.975, 4.91858, 3.77986
1, 5.11528, 3.77986
1.025, 5.3012, 3.77986
1.05, 5.47562, 3.77986
1.075, 5.64918, 3.77986
1.1, 5.82056, 3.78037
1.125, 5.99511, 3.78216
1.15, 6.17252, 3.78395
1.175, 6.34517, 3.78484
1.2, 6.51529, 3.78484
1.225, 6.68146, 3.77538
1.25, 6.84204, 3.76669
1.275, 7.00619, 3.73358
1.3, 7.17282, 3.72834
1.325, 7.32621, 3.71262
1.35, 7.46655, 3.71159
1.375, 7.60417, 3.67324
1.4, 7.74135, 3.65228
1.425, 7.87699, 3.6
1.45, 8.0083, 3.58657
1.475, 8.13044, 3.53391
1.5, 8.24994, 3.5288
1.525, 8.35229, 3.52483
1.55, 8.43248, 3.52228
1.575, 8.52266, 3.49402
1.6, 8.62136, 3.47562
1.625, 8.71738, 3.40224
1.65, 8.81436, 3.38537
1.675, 8.88771, 3.30739
1.7, 8.93875, 3.28809
1.725, 8.97742, 3.28413
1.75, 8.9981, 3.28438
1.775, 9.03704, 3.2877
1.8, 9.09514, 3.28591
1.825, 9.14143, 3.26751
1.85, 9.17967, 3.24808
1.875, 9.20362, 3.20244
1.9, 9.2123, 3.20027
1.925, 9.20879, 3.19988
1.95, 9.19227, 3.19963
1.975, 9.18963, 3.20474
2, 9.20149, 3.20653
2.025, 9.21787, 3.21126
2.05, 9.24039, 3.21088
2.075, 9.26248, 3.21088
2.1, 9.28267, 3.20973
2.125, 9.28458, 3.20998
2.15, 9.2673, 3.21049
2.175, 9.24404, 3.22571
2.2, 9.2164, 3.23964
2.225, 9.19254, 3.2546
2.25, 9.17717, 3.2546
2.275, 9.17638, 3.26048
2.3, 9.18461, 3.2606
2.325, 9.20191, 3.27824
2.35, 9.22717, 3.29461
2.375, 9.23292, 3.35367
2.4, 9.22198, 3.3722
2.425, 9.21564, 3.39521
2.45, 9.21525, 3.4048
2.475, 9.21636, 3.40582
2.5, 9.21842, 3.41081
2.525, 9.22574, 3.44813
2.55, 9.23437, 3.4636
2.575, 9.25303, 3.50719
2.6, 9.28443, 3.52458
2.625, 9.31408, 3.59182
2.65, 9.34126, 3.6092
2.675, 9.38703, 3.62275
2.7, 9.45081, 3.62313
2.725, 9.51066, 3.63323
2.75, 9.56694, 3.63426
2.775, 9.62467, 3.67657
2.8, 9.68283, 3.69395
2.825, 9.74202, 3.74023
2.85, 9.80506, 3.74202
2.875, 9.87814, 3.75237
2.9, 9.96029, 3.75288
2.925, 10.041, 3.75301
2.95, 10.1205, 3.75288
2.975, 10.1981, 3.75288
3, 10.2723, 3.75301
3.025, 10.3416, 3.75301
3.05, 10.4051, 3.75314
3.075, 10.4653, 3.74227
3.1, 10.5228, 3.73831
3.125, 10.5806, 3.72093
3.15, 10.6406, 3.71121
3.175, 10.7145, 3.66366
3.2, 10.8001, 3.66238
3.225, 10.871, 3.66123
3.25, 10.9283, 3.65803
3.275, 10.9773, 3.63464
3.3, 11.0146, 3.62198
3.325, 11.0428, 3.56881
3.35, 11.0662, 3.54235
3.375, 11.0864, 3.47511
3.4, 11.1057, 3.46974
3.425, 11.1192, 3.46948
3.45, 11.1228, 3.46948
3.475, 11.1428, 3.45107
3.5, 11.1788, 3.43727
3.525, 11.2072, 3.33513
3.55, 11.2321, 3.30496
3.575, 11.2239, 3.23274
3.6, 11.181, 3.21829
3.625, 11.1291, 3.21075
3.65, 11.0659, 3.21075
3.675, 11.0168, 3.20321
3.7, 10.9824, 3.19017
3.725, 10.9516, 3.15399
3.75, 10.9267, 3.13392
3.775, 10.8963, 3.07512
3.8, 10.8606, 3.06221
3.825, 10.8115, 3.0608
3.85, 10.745, 3.06093
3.875, 10.6896, 3.06975
3.9, 10.6453, 3.07001
3.925, 10.5972, 3.0438
3.95, 10.549, 3.02565
3.975, 10.4965, 3.00673
4, 10.4342, 3.00647
4.025, 10.3729, 3.00699
4.05, 10.3155, 3.0112
4.075, 10.2554, 3.02296
4.1, 10.1945, 3.02309
4.125, 10.137, 3.03076
4.15, 10.0815, 3.03089
4.175, 10.032, 3.03549
4.2, 9.98858, 3.03843
4.225, 9.94207, 3.05582
4.25, 9.89288, 3.07205
4.275, 9.84195, 3.14044
4.3, 9.78684, 3.15706
4.325, 9.74679, 3.1756
4.35, 9.72675, 3.17547
4.375, 9.70522, 3.17675
4.4, 9.67941, 3.18633
4.425, 9.64943, 3.22213
4.45, 9.61352, 3.24092
4.475, 9.58355, 3.28885
4.5, 9.56026, 3.3079
4.525, 9.54457, 3.3382
4.55, 9.53989, 3.34804
4.575, 9.54804, 3.35776
4.6, 9.5671, 3.35776
4.625, 9.59285, 3.36018
4.65, 9.62253, 3.37501
4.675, 9.63185, 3.45683
4.7, 9.62144, 3.47549
4.725, 9.62177, 3.54145
4.75, 9.63309, 3.55462
4.775, 9.65573, 3.5743
4.8, 9.69238, 3.57469
4.825, 9.74034, 3.57545
4.85, 9.79922, 3.57558
4.875, 9.85862, 3.57673
4.9, 9.91644, 3.5853
4.925, 9.96764, 3.58875
4.95, 10.0103, 3.59514
4.975, 10.039, 3.59591
5, 10.056, 3.59591
5.025, 10.0732, 3.59578
5.05, 10.0897, 3.59552
5.075, 10.1172, 3.59667
5.1, 10.1574, 3.59987
5.125, 10.1985, 3.60409
5.15, 10.2412, 3.6124
5.175, 10.2837, 3.61943
5.2, 10.3242, 3.61917
5.225, 10.3639, 3.60434
5.25, 10.4012, 3.60013
5.275, 10.4398, 3.59872
5.3, 10.4785, 3.59897
5.325, 10.5178, 3.59897
5.35, 10.561, 3.59872
5.375, 10.6002, 3.59156
5.4, 10.6374, 3.57213
5.425, 10.6887, 3.48508
5.45, 10.7525, 3.47153
5.475, 10.7869, 3.44673
5.5, 10.7909, 3.44276
5.525, 10.796, 3.44213
5.55, 10.7999, 3.442
5.575, 10.8102, 3.38677
5.6, 10.8325, 3.36594
5.625, 10.8475, 3.26904
5.65, 10.8535, 3.24245
5.675, 10.8409, 3.19682
5.7, 10.8054, 3.18646
5.725, 10.7767, 3.16511
5.75, 10.7555, 3.15246
5.775, 10.7336, 3.1453
5.8, 10.7136, 3.13009
5.825, 10.6996, 3.02539
5.85, 10.6931, 3.01108
5.875, 10.6446, 2.9556
5.9, 10.5537, 2.95394
5.925, 10.4631, 2.95342
5.95, 10.3679, 2.95573
5.975, 10.2962, 2.96966
6, 10.2503, 2.9703
6.025, 10.2066, 2.95023
6.05, 10.1705, 2.93936
6.075, 10.1245, 2.89782
6.1, 10.0655, 2.89756
6.125, 9.98929, 2.89756
6.15, 9.89277, 2.9014
6.175, 9.80258, 2.91047
6.2, 9.7198, 2.91917
6.225, 9.64486, 2.92083
6.25, 9.58289, 2.92108
6.275, 9.52492, 2.93335
6.3, 9.46727, 2.93374
6.325, 9.41721, 2.98295
6.35, 9.36975, 2.99344
6.375, 9.32185, 3.03588
6.4, 9.27724, 3.03997
6.425, 9.22681, 3.04713
6.45, 9.17504, 3.04713
6.475, 9.12763, 3.04738
6.5, 9.08053, 3.04802
6.525, 9.04459, 3.06259
6.55, 9.01781, 3.08062
6.575, 8.98108, 3.1756
6.6, 8.93611, 3.19554
6.625, 8.91448, 3.26393
6.65, 8.91486, 3.27045
6.675, 8.92487, 3.30292
6.7, 8.94524, 3.30356
6.725, 8.96474, 3.31583
6.75, 8.98512, 3.3336
6.775, 8.99474, 3.3745
6.8, 8.99438, 3.39662
6.825, 9.00168, 3.44967
6.85, 9.01411, 3.45836
6.875, 9.04882, 3.46168
6.9, 9.10724, 3.46156
6.925, 9.16262, 3.46143
6.95, 9.21465, 3.46156
6.975, 9.26701, 3.48124
7, 9.31758, 3.49479
7.025, 9.36171, 3.53097
7.05, 9.40191, 3.5403
7.075, 9.44853, 3.54094
7.1, 9.50203, 3.54094
7.125, 9.55099, 3.54132
7.15, 9.5938, 3.54503
7.175, 9.63507, 3.58875
7.2, 9.67161, 3.60051
7.225, 9.71305, 3.6473
7.25, 9.76063, 3.64806
7.275, 9.81012, 3.64845
7.3, 9.86395, 3.64845
7.325, 9.9078, 3.64755
7.35, 9.94267, 3.64397
7.375, 9.98816, 3.63873
7.4, 10.0415, 3.63873
7.425, 10.1051, 3.63873
7.45, 10.1798, 3.634
7.475, 10.259, 3.57699
7.5, 10.3463, 3.54656
7.525, 10.41, 3.43829
7.55, 10.4488, 3.42333
7.575, 10.4552, 3.40812
7.6, 10.4237, 3.40825
7.625, 10.4111, 3.40735
7.65, 10.4193, 3.40697
7.675, 10.4368, 3.39802
7.7, 10.4666, 3.37719
7.725, 10.5117, 3.28259
7.75, 10.5734, 3.2537
7.775, 10.5734, 3.19068
7.8, 10.5919, 3.16294
7.825, 10.5684, 3.16038
7.85, 10.5368, 3.14888
7.875, 10.4865, 3.13661
7.9, 10.4473, 3.12625
7.925, 10.4258, 3.0493
7.95, 10.4082, 3.01798
7.975, 10.4006, 2.97707
8, 10.3643, 2.97439
8.025, 10.2928, 2.97579
8.05, 10.2251, 2.97554
8.075, 10.1583, 2.96876
8.1, 10.0985, 2.96634
8.125, 10.0496, 2.92415
8.15, 9.99642, 2.89782
8.175, 9.94354, 2.8743
8.2, 9.8816, 2.86049
8.225, 9.80193, 2.86471
8.25, 9.72645, 2.87851
8.275, 9.65543, 2.88785
8.3, 9.58579, 2.89999
8.325, 9.52515, 2.90025
8.35, 9.4628, 2.89897
8.375, 9.39989, 2.89948
8.4, 9.34397, 2.89974
8.425, 9.28807, 2.9299
8.45, 9.23244, 2.94499
8.475, 9.17522, 2.98334
8.5, 9.11706, 2.99011
8.525, 9.06183, 3.02693
8.55, 9.0145, 3.02936
8.575, 8.97328, 3.05147
8.6, 8.94604, 3.06668
8.625, 8.93157, 3.0842
8.65, 8.91017, 3.11309
8.675, 8.88658, 3.16626
8.7, 8.85655, 3.19643
8.725, 8.81984, 3.24245
8.75, 8.80651, 3.26866
8.775, 8.81203, 3.27313
8.8, 8.82568, 3.28029
8.825, 8.85604, 3.29614
8.85, 8.87984, 3.32452
8.875, 8.89305, 3.35073
8.9, 8.91792, 3.37361
8.925, 8.9513, 3.41298
8.95, 8.97892, 3.41566
8.975, 8.99845, 3.41707
9, 9.02059, 3.41809
9.025, 9.04687, 3.42576
9.05, 9.06078, 3.44839
9.075, 9.06582, 3.49927
9.1, 9.07457, 3.52931
9.125, 9.08655, 3.54388
9.15, 9.12244, 3.55002
9.175, 9.18127, 3.55155
9.2, 9.23617, 3.55232
9.225, 9.28652, 3.5527
9.25, 9.32882, 3.55296
9.275, 9.36342, 3.56599
9.3, 9.39803, 3.58952
9.325, 9.43018, 3.60946
9.35, 9.46931, 3.60958
9.375, 9.52179, 3.60907
9.4, 9.58447, 3.60843
9.425, 9.65213, 3.60204
9.45, 9.72492, 3.60102
9.475, 9.80146, 3.58721
9.5, 9.8655, 3.58657
9.525, 9.92142, 3.58657
9.55, 9.96829, 3.58645
9.575, 10.0049, 3.57699
9.6, 10.0448, 3.56101
9.625, 10.0865, 3.50348
9.65, 10.134, 3.49108
9.675, 10.1899, 3.4659
9.7, 10.2262, 3.4512
9.725, 10.2445, 3.43893
9.75, 10.2721, 3.4365
9.775, 10.3021, 3.37565
9.8, 10.3398, 3.34127
9.825, 10.3903, 3.28106
9.85, 10.4175, 3.25204
9.875, 10.423, 3.24015
9.9, 10.421, 3.24028
9.925, 10.4041, 3.22072
9.95, 10.3914, 3.21676
9.975, 10.3888, 3.20449
10, 10.375, 3.18275
10.025, 10.3519, 3.15962
10.05, 10.3357, 3.11909
10.075, 10.3213, 3.08305
10.1, 10.3106, 3.06847
10.125, 10.3026, 3.05799
10.15, 10.2757, 3.05671
10.175, 10.2355, 3.03703
10.2, 10.1922, 3.01657
10.225, 10.1448, 2.99638
10.25, 10.1042, 2.98155
10.275, 10.0664, 2.94869
10.3, 10.038, 2.94767
10.325, 10.0203, 2.94933
10.35, 9.98043, 2.95841
10.375, 9.92116, 2.98001
10.4, 9.85064, 2.98756
10.425, 9.76717, 2.99075
10.45, 9.69613, 2.99062
10.475, 9.63721, 2.99101
10.5, 9.58234, 2.99101
10.525, 9.5345, 2.99407
10.55, 9.49192, 3.02181
10.575, 9.45262, 3.06809
10.6, 9.40786, 3.08688
10.625, 9.35594, 3.08803
10.65, 9.31209, 3.0902
10.675, 9.27648, 3.10848
10.7, 9.22879, 3.11794
10.725, 9.17129, 3.16511
10.75, 9.12422, 3.21024
10.775, 9.08609, 3.28822
10.8, 9.05471, 3.3148
10.825, 9.03237, 3.35903
10.85, 9.03527, 3.36351
10.875, 9.05996, 3.37463
10.9, 9.08662, 3.37846
10.925, 9.11856, 3.38588
10.95, 9.13946, 3.40199
10.975, 9.14972, 3.45874
11, 9.15392, 3.50438
11.025, 9.14778, 3.55334
11.05, 9.16277, 3.55628
11.075, 9.20147, 3.55666
11.1, 9.25464, 3.55679
11.125, 9.31934, 3.58044
11.15, 9.37516, 3.58709
11.175, 9.42293, 3.62518
11.2, 9.47879, 3.64768
11.225, 9.5403, 3.65509
11.25, 9.60338, 3.65969
11.275, 9.67465, 3.66097
11.3, 9.7412, 3.6611
11.325, 9.80179, 3.6611
11.35, 9.86866, 3.66212
11.375, 9.93709, 3.66251
11.4, 10.0028, 3.66353
11.425, 10.0676, 3.68884
11.45, 10.1227, 3.68871
11.475, 10.1677, 3.68871
11.5, 10.2201, 3.68053
11.525, 10.2805, 3.67631
11.55, 10.344, 3.67618
11.575, 10.4127, 3.67593
11.6, 10.4745, 3.67606
11.625, 10.5299, 3.66992
11.65, 10.5831, 3.65356
11.675, 10.6331, 3.60166
11.7, 10.6948, 3.56165
11.725, 10.7678, 3.51882
11.75, 10.8292, 3.48457
11.775, 10.8784, 3.44583
11.8, 10.9171, 3.42231
11.825, 10.9433, 3.38473
11.85, 10.9598, 3.3745
11.875, 10.9687, 3.3327
11.9, 10.9707, 3.29576
11.925, 10.9707, 3.22366
11.95, 10.9803, 3.18685
11.975, 10.9943, 3.13277
12, 10.9971, 3.12114
12.025, 10.989, 3.10196
12.05, 10.9521, 3.07282
12.075, 10.8885, 3.03447
12.1, 10.8251, 3.02514
12.125, 10.7578, 2.95867
12.15, 10.6879, 2.94154
12.175, 10.6254, 2.93783
12.2, 10.5497, 2.93808
12.225, 10.455, 2.94524
12.25, 10.3834, 2.94908
12.275, 10.3303, 2.93361
12.3, 10.2756, 2.9308
12.325, 10.2238, 2.90625
12.35, 10.1561, 2.89858
12.375, 10.0747, 2.89219
12.4, 9.99284, 2.89641
12.425, 9.9061, 2.91482
12.45, 9.82842, 2.94115
12.475, 9.75982, 2.94703
12.5, 9.69044, 2.94997
12.525, 9.62734, 2.94972
12.55, 9.5642, 2.94985
12.575, 9.49619, 2.95189
12.6, 9.43764, 2.96058
12.625, 9.38597, 3.00494
12.65, 9.3299, 3.02514
12.675, 9.27003, 3.08138
12.7, 9.2162, 3.1104
12.725, 9.1679, 3.12881
12.75, 9.13054, 3.12894
12.775, 9.10757, 3.13942
12.8, 9.08491, 3.14095
12.825, 9.0617, 3.17151
12.85, 9.04363, 3.19106
12.875, 9.02725, 3.22315
12.9, 9.01546, 3.23977
12.925, 9.01064, 3.2707
12.95, 9.00791, 3.28131
12.975, 9.00784, 3.284
13, 9.01147, 3.2964
13.025, 9.0197, 3.3272
13.05, 9.0249, 3.36619
13.075, 9.02515, 3.40902
13.1, 9.03551, 3.41554
13.125, 9.05772, 3.42244
13.15, 9.09049, 3.43663
13.175, 9.13258, 3.43676
13.2, 9.16807, 3.43727
13.225, 9.19861, 3.47178
13.25, 9.22445, 3.49837
13.275, 9.24064, 3.55219
13.3, 9.26729, 3.56612
13.325, 9.30649, 3.56714
13.35, 9.36633, 3.56714
13.375, 9.44877, 3.56702
13.4, 9.523, 3.56702
13.425, 9.58909, 3.56714
13.45, 9.64986, 3.56727
13.475, 9.70035, 3.5674
13.5, 9.74121, 3.56842
13.525, 9.77427, 3.58172
13.55, 9.80107, 3.58261
13.575, 9.82302, 3.58261
13.6, 9.85925, 3.58133
13.625, 9.91112, 3.58108
13.65, 9.96738, 3.58108
13.675, 10.0272, 3.58133
13.7, 10.082, 3.58159
13.725, 10.1296, 3.58159
13.75, 10.163, 3.58159
13.775, 10.1836, 3.57456
13.8, 10.2018, 3.55244
13.825, 10.219, 3.51358
13.85, 10.2498, 3.50873
13.875, 10.2927, 3.49415
13.9, 10.3285, 3.49096
13.925, 10.3595, 3.48917
13.95, 10.3883, 3.46884
13.975, 10.4115, 3.43228
14, 10.4442, 3.40595
14.025, 10.4839, 3.34894
14.05, 10.5143, 3.32388
14.075, 10.5407, 3.27671
14.1, 10.551, 3.27224
14.125, 10.5446, 3.24846
14.15, 10.5342, 3.24654
14.175, 10.5193, 3.22698
14.2, 10.5051, 3.21011
14.225, 10.4922, 3.16639
14.25, 10.4817, 3.14913
14.275, 10.4747, 3.11961
14.3, 10.4576, 3.11206
14.325, 10.4303, 3.11142
14.35, 10.3957, 3.10478
14.375, 10.3522, 3.07947
14.4, 10.319, 3.07244
14.425, 10.2969, 3.00111
14.45, 10.2727, 2.99267
14.475, 10.2517, 2.98935
14.5, 10.1997, 2.98986
14.525, 10.1112, 3.02105
14.55, 10.0423, 3.02987
14.575, 9.98667, 3.03153
14.6, 9.93959, 3.03153
14.625, 9.91009, 3.02961
14.65, 9.86355, 3.02795
14.675, 9.8021, 3.0236
14.7, 9.7418, 3.0236
14.725, 9.67645, 3.02923
14.75, 9.62629, 3.03562
14.775, 9.59107, 3.05109
14.8, 9.56031, 3.05288
14.825, 9.53635, 3.05454
14.85, 9.51224, 3.05633
14.875, 9.48651, 3.05646
14.9, 9.45005, 3.07359
14.925, 9.40425, 3.11628
14.95, 9.34883, 3.13904
14.975, 9.28466, 3.20845
15, 9.2364, 3.2289
15.025, 9.20155, 3.23593
15.05, 9.19707, 3.23619
15.075, 9.22652, 3.23938
15.1, 9.24871, 3.24002
15.125, 9.26343, 3.26725
15.15, 9.25816, 3.29052
15.175, 9.22722, 3.36837
15.2, 9.1947, 3.39943
15.225, 9.16026, 3.41029
15.25, 9.14889, 3.41643
15.275, 9.16954, 3.43829
15.3, 9.18622, 3.44097
15.325, 9.19557, 3.44519
15.35, 9.2263, 3.48047
15.375, 9.27342, 3.54158
15.4, 9.30124, 3.55487
15.425, 9.31677, 3.58248
15.45, 9.34845, 3.58427
15.475, 9.388, 3.58453
15.5, 9.43767, 3.58427
15.525, 9.49958, 3.58389
15.55, 9.55552, 3.58363
15.575, 9.60958, 3.58376
15.6, 9.6591, 3.58466
15.625, 9.70196, 3.58491
15.65, 9.74895, 3.58491
15.675, 9.79799, 3.58453
15.7, 9.8489, 3.5798
15.725, 9.90313, 3.57162
15.75, 9.9549, 3.56727
15.775, 10.0051, 3.5674
15.8, 10.0488, 3.56791
15.825, 10.0852, 3.56817
15.85, 10.1216, 3.56676
15.875, 10.158, 3.55359
15.9, 10.199, 3.51831
15.925, 10.2455, 3.49313
15.95, 10.2957, 3.46168
15.975, 10.3473, 3.45031
16, 10.3966, 3.42755
16.025, 10.4434, 3.41566
16.05, 10.4786, 3.39048
16.075, 10.5039, 3.32669
16.1, 10.5293, 3.30381
16.125, 10.5556, 3.23811
16.15, 10.5684, 3.19937
16.175, 10.5721, 3.1848
16.2, 10.5654, 3.17508
16.225, 10.5401, 3.15054
16.25, 10.5311, 3.14249
16.275, 10.5397, 3.09621
16.3, 10.527, 3.0594
16.325, 10.5002, 3.03166
16.35, 10.4482, 3.02424
16.375, 10.3648, 3.01555
16.4, 10.2902, 3.01836
16.425, 10.226, 3.0245
16.45, 10.1713, 3.02488
16.475, 10.1288, 3.01926
16.5, 10.0897, 2.99829
16.525, 10.053, 2.97107
16.55, 10.0144, 2.94959
16.575, 9.96851, 2.9377
16.6, 9.9109, 2.93642
16.625, 9.8447, 2.95023
16.65, 9.76952, 2.95624
16.675, 9.68904, 2.97554
16.7, 9.62116, 2.97592
16.725, 9.5636, 2.97503
16.75, 9.51808, 2.97503
16.775, 9.4843, 2.97503
16.8, 9.44469, 2.97528
16.825, 9.39951, 3.02002
16.85, 9.3431, 3.04751
16.875, 9.2729, 3.07371
16.9, 9.2137, 3.08484
16.925, 9.17015, 3.1104
16.95, 9.12694, 3.12843
16.975, 9.08133, 3.13098
17, 9.0471, 3.14185
17.025, 9.02643, 3.18301
17.05, 8.99911, 3.22813
17.075, 8.96222, 3.28847
17.1, 8.94241, 3.30995
17.125, 8.94124, 3.33014
17.15, 8.95368, 3.33053
17.175, 8.97853, 3.33168
17.2, 9.00412, 3.34063
17.225, 9.03069, 3.37412
17.25, 9.04906, 3.40851
17.275, 9.05859, 3.45146
17.3, 9.07245, 3.46488
17.325, 9.09276, 3.46526
17.35, 9.12702, 3.46846
17.375, 9.174, 3.47063
17.4, 9.21773, 3.48457
17.425, 9.25791, 3.50272
17.45, 9.29426, 3.53276
17.475, 9.32749, 3.55538
17.5, 9.36101, 3.57967
17.525, 9.39839, 3.58146
17.55, 9.44016, 3.58133
17.575, 9.48509, 3.57903
17.6, 9.53892, 3.57456
17.625, 9.59796, 3.57111
17.65, 9.6664, 3.57136
17.675, 9.74168, 3.57239
17.7, 9.80756, 3.57239
17.725, 9.86651, 3.57239
17.75, 9.91116, 3.56357
17.775, 9.94262, 3.54848
17.8, 9.977, 3.52445
17.825, 10.0126, 3.52202
17.85, 10.0635, 3.52049
17.875, 10.1272, 3.51921
17.9, 10.1888, 3.5178
17.925, 10.2528, 3.49236
17.95, 10.3053, 3.47945
17.975, 10.3463, 3.45133
18, 10.3675, 3.41208
18.025, 10.3665, 3.39496
18.05, 10.3622, 3.39355
18.075, 10.3509, 3.38473
18.1, 10.3452, 3.38435
18.125, 10.3543, 3.38256
18.15, 10.3571, 3.35162
18.175, 10.3538, 3.31199
18.2, 10.3649, 3.27377
18.225, 10.3825, 3.23465
18.25, 10.4016, 3.21471
18.275, 10.4234, 3.17406
18.3, 10.4273, 3.17035
18.325, 10.4207, 3.14019
18.35, 10.3986, 3.11603
18.375, 10.3625, 3.06847
18.4, 10.3359, 3.04393
18.425, 10.3096, 3.02245
18.45, 10.2802, 2.9951
18.475, 10.2496, 2.95803
18.5, 10.2183, 2.95445
18.525, 10.1868, 2.9478
18.55, 10.1357, 2.94358
18.575, 10.0695, 2.93182
18.6, 10.0099, 2.89475
18.625, 9.9516, 2.86062
18.65, 9.90206, 2.84694
18.675, 9.85719, 2.84745
18.7, 9.79689, 2.8472
18.725, 9.72857, 2.85602
18.75, 9.65997, 2.86931
18.775, 9.59034, 2.86957
18.8, 9.5244, 2.86637
18.825, 9.46368, 2.85435
18.85, 9.40507, 2.85039
18.875, 9.34531, 2.86215
18.9, 9.27765, 2.872
18.925, 9.2024, 2.92466
18.95, 9.12716, 2.95534
18.975, 9.0497, 2.98206
19, 8.99353, 2.9928
19.025, 8.96196, 2.99305
19.05, 8.93043, 2.99318
19.075, 8.90153, 3.00264
19.1, 8.87396, 3.02054
19.125, 8.84226, 3.10069
19.15, 8.79221, 3.13418
19.175, 8.724, 3.16626
19.2, 8.67662, 3.20691
19.225, 8.65275, 3.24693
19.25, 8.62577, 3.2537
19.275, 8.60044, 3.26342
19.3, 8.60833, 3.29141
19.325, 8.63912, 3.32299
19.35, 8.6679, 3.35993
19.375, 8.70191, 3.39981
19.4, 8.72136, 3.40812
19.425, 8.72516, 3.41017
19.45, 8.73873, 3.41042
19.475, 8.75864, 3.41375
19.5, 8.7825, 3.43714
19.525, 8.81306, 3.46335
19.55, 8.84372, 3.49978
19.575, 8.87808, 3.54567
19.6, 8.91442, 3.57277
19.625, 8.94999, 3.57379
19.65, 9.00555, 3.57392
19.675, 9.0785, 3.57405
19.7, 9.14532, 3.5743
19.725, 9.20704, 3.57443
19.75, 9.2681, 3.57469
19.775, 9.32753, 3.58006
19.8, 9.38562, 3.58683
19.825, 9.44289, 3.5876
19.85, 9.50195, 3.58849
19.875, 9.5645, 3.58849
19.9, 9.6213, 3.58836
19.925, 9.67151, 3.58836
19.95, 9.72271, 3.58836
19.975, 9.77351, 3.58836
20, 9.82651, 3.58849
20, 9.93348, 3.58785
20.025, 10.0218, 3.58824
20.05, 10.1028, 3.59271
20.075, 10.1762, 3.61163
20.1, 10.2457, 3.64806
20.125, 10.2998, 3.66609
20.15, 10.3526, 3.69472
20.175, 10.4355, 3.71326
20.2, 10.5201, 3.7525
20.225, 10.6153, 3.77462
20.25, 10.7096, 3.79737
20.275, 10.8022, 3.80734
20.3, 10.9013, 3.83214
20.325, 10.991, 3.85195
20.35, 11.0724, 3.89018
20.375, 11.1821, 3.90833
20.4, 11.3011, 3.91293
20.425, 11.455, 3.91446
20.45, 11.6223, 3.93645
20.475, 11.7694, 3.94834
20.5, 11.8994, 3.95166
20.525, 12.0236, 3.95192
20.55, 12.1343, 3.97314
20.575, 12.2032, 3.99065
20.6, 12.2573, 4.01481
20.625, 12.3142, 4.02504
20.65, 12.3811, 4.04881
20.675, 12.5023, 4.05572
20.7, 12.6354, 4.05763
20.725, 12.8115, 4.05827
20.75, 12.9979, 4.05827
20.775, 13.1147, 4.05827
20.8, 13.2038, 4.05827
20.825, 13.2476, 4.0584
20.85, 13.2749, 4.05853
20.875, 13.2972, 4.06888
20.9, 13.3151, 4.0901
20.925, 13.3579, 4.09829
20.95, 13.4135, 4.10174
20.975, 13.5048, 4.10378
21, 13.6025, 4.10455
21.025, 13.6936, 4.10468
21.05, 13.7768, 4.10532
21.075, 13.8432, 4.10557
21.1, 13.9026, 4.10596
21.125, 13.9509, 4.10647
21.15, 13.9943, 4.10736
21.175, 14.0598, 4.12104
21.2, 14.1304, 4.125
21.225, 14.1973, 4.125
21.25, 14.2697, 4.12539
21.275, 14.3451, 4.12679
21.3, 14.4158, 4.12743
21.325, 14.5058, 4.12756
21.35, 14.5973, 4.12769
21.375, 14.6849, 4.12769
21.4, 14.7693, 4.12769
21.425, 14.8362, 4.12756
21.45, 14.8958, 4.12756
21.475, 14.9452, 4.12743
21.5, 14.9898, 4.1273
21.525, 15.0334, 4.12679
21.55, 15.074, 4.12641
21.575, 15.1131, 4.12602
21.6, 15.1509, 4.12424
21.625, 15.1858, 4.12398
21.65, 15.2187, 4.1213
21.675, 15.2379, 4.12117
21.7, 15.2532, 4.11951
21.725, 15.255, 4.11925
21.75, 15.2501, 4.11835
21.775, 15.2502, 4.1181
21.8, 15.2503, 4.11772
21.825, 15.2954, 4.11746
21.85, 15.3561, 4.11541
21.875, 15.4244, 4.11375
21.9, 15.495, 4.09931
21.925, 15.5439, 4.08243
21.95, 15.5831, 4.06467
21.975, 15.573, 4.05853
22, 15.5418, 4.05457
22.025, 15.5, 4.04639
22.05, 15.4546, 4.03974
22.075, 15.4563, 4.0359
22.1, 15.4713, 4.03232
22.125, 15.5007, 4.0313
22.15, 15.5338, 4.02184
22.175, 15.5458, 4.0088
22.2, 15.5428, 3.99449
22.225, 15.49, 3.98835
22.25, 15.4142, 3.98605
22.275, 15.3312, 3.98605
22.3, 15.2482, 3.98656
22.325, 15.1824, 3.98656
22.35, 15.1312, 3.98669
22.375, 15.1017, 3.9872
22.4, 15.0818, 3.98835
22.425, 15.0761, 3.98924
22.45, 15.0686, 3.98988
22.475, 15.0509, 3.99014
22.5, 15.0303, 3.99219
22.525, 15.0044, 3.99219
22.55, 14.9797, 3.99397
22.575, 14.9586, 3.99564
22.6, 14.9406, 4.00522
22.625, 14.9215, 4.00676
22.65, 14.9038, 4.00931
22.675, 14.8997, 4.01021
22.7, 14.8982, 4.01034
22.725, 14.9103, 4.01034
22.75, 14.9279, 4.01046
22.775, 14.9447, 4.01059
22.8, 14.9613, 4.01123
22.825, 14.9703, 4.01123
22.85, 14.9744, 4.01162
22.875, 14.9729, 4.01174
22.9, 14.9691, 4.01213
22.925, 14.963, 4.01225
22.95, 14.9562, 4.01315
22.975, 14.9499, 4.01353
23, 14.9451, 4.01366
23.025, 14.9439, 4.01404
23.05, 14.9441, 4.01532
23.075, 14.9411, 4.0212
23.1, 14.9353, 4.0299
23.125, 14.9193, 4.03079
23.15, 14.8982, 4.03105
23.175, 14.8894, 4.03143
23.2, 14.8829, 4.03156
23.225, 14.9012, 4.03181
23.25, 14.9311, 4.03207
23.275, 14.9736, 4.0322
23.3, 15.0198, 4.0336
23.325, 15.0594, 4.03386
23.35, 15.0874, 4.03386
23.375, 15.0711, 4.03386
23.4, 15.0393, 4.03386
23.425, 14.9927, 4.03399
23.45, 14.9429, 4.0345
23.475, 14.9274, 4.03475
23.5, 14.9265, 4.03488
23.525, 14.9564, 4.03488
23.55, 14.9961, 4.03501
23.575, 15.0406, 4.03501
23.6, 15.0853, 4.03501
23.625, 15.0729, 4.03501
23.65, 15.04, 4.03501
23.675, 14.9931, 4.03514
23.7, 14.943, 4.03526
23.725, 14.905, 4.03552
23.75, 14.8761, 4.04038
23.775, 14.876, 4.05393
23.8, 14.8874, 4.05712
23.825, 14.904, 4.05738
23.85, 14.931, 4.0584
23.875, 14.9343, 4.05879
23.9, 14.9304, 4.05942
23.925, 14.9324, 4.06364
23.95, 14.9325, 4.0818
23.975, 14.9336, 4.08793
24, 14.9365, 4.09023
24.025, 14.9738, 4.09036
24.05, 15.0208, 4.09074
24.075, 15.0564, 4.09113
24.1, 15.091, 4.09125
24.125, 15.1086, 4.09125
24.15, 15.1188, 4.09125
24.175, 15.1229, 4.09125
24.2, 15.1234, 4.09125
24.225, 15.1262, 4.09125
24.25, 15.1305, 4.09125
24.275, 15.1385, 4.09125
24.3, 15.1489, 4.09125
24.325, 15.1592, 4.09125
24.35, 15.1693, 4.09125
24.375, 15.189, 4.09113
24.4, 15.2118, 4.09087
24.425, 15.238, 4.09062
24.45, 15.2648, 4.09074
24.475, 15.2919, 4.09062
24.5, 15.3178, 4.08857
24.525, 15.3471, 4.08844
24.55, 15.3757, 4.08793
24.575, 15.4013, 4.08576
24.6, 15.4244, 4.0777
24.625, 15.4531, 4.07003
24.65, 15.4842, 4.05687
24.675, 15.5194, 4.04293
24.7, 15.5519, 4.02325
24.725, 15.5821, 4.01443
24.75, 15.6082, 3.99768
24.775, 15.5896, 3.98273
24.8, 15.5524, 3.9748
24.825, 15.5075, 3.97263
24.85, 15.4527, 3.97237
24.875, 15.4191, 3.9725
24.9, 15.398, 3.97237
24.925, 15.3901, 3.97135
24.95, 15.3924, 3.96777
24.975, 15.3996, 3.96662
25, 15.4067, 3.95179
25.025, 15.382, 3.94041
25.05, 15.342, 3.92968
25.075, 15.2685, 3.92789
25.1, 15.185, 3.92801
25.125, 15.0926, 3.92801
25.15, 15.0071, 3.92878
25.175, 14.9685, 3.92968
25.2, 14.9474, 3.9307
25.225, 14.9434, 3.93159
25.25, 14.9462, 3.93172
25.275, 14.9269, 3.93159
25.3, 14.8975, 3.93172
25.325, 14.8485, 3.9321
25.35, 14.7943, 3.93262
25.375, 14.7362, 3.933
25.4, 14.6788, 3.93479
25.425, 14.6408, 3.93568
25.45, 14.6126, 3.94144
25.475, 14.5921, 3.94323
25.5, 14.573, 3.94655
25.525, 14.5694, 3.95153
25.55, 14.5683, 3.95511
25.575, 14.5675, 3.95626
25.6, 14.5719, 3.95652
25.625, 14.5755, 3.95665
25.65, 14.5774, 3.95665
25.675, 14.5819, 3.95665
25.7, 14.5846, 3.95678
25.725, 14.5871, 3.95716
25.75, 14.59, 3.95793
25.775, 14.5889, 3.95844
25.8, 14.5884, 3.95984
25.825, 14.5885, 3.96061
25.85, 14.5874, 3.96496
25.875, 14.5905, 3.96598
25.9, 14.5923, 3.97889
25.925, 14.5979, 3.98068
25.95, 14.6008, 3.98106
25.975, 14.6136, 3.98145
26, 14.6288, 3.98273
26.025, 14.6302, 3.98349
26.05, 14.6309, 3.98375
26.075, 14.6343, 3.984
26.1, 14.638, 3.98426
26.125, 14.6459, 3.98439
26.15, 14.6534, 3.98579
26.175, 14.6505, 3.99142
26.2, 14.6388, 3.9973
26.225, 14.6007, 3.99858
26.25, 14.5566, 4.0074
26.275, 14.5115, 4.01494
26.3, 14.4657, 4.02619
26.325, 14.4829, 4.03744
26.35, 14.5289, 4.05022
26.375, 14.5945, 4.05048
26.4, 14.6649, 4.05048
26.425, 14.7284, 4.05048
26.45, 14.7761, 4.05022
26.475, 14.7737, 4.04945
26.5, 14.7532, 4.04971
26.525, 14.7168, 4.04984
26.55, 14.677, 4.04996
26.575, 14.6685, 4.05022
26.6, 14.6755, 4.05035
26.625, 14.7112, 4.05048
26.65, 14.7552, 4.05048
26.675, 14.7995, 4.0506
26.7, 14.8366, 4.0506
26.725, 14.8395, 4.0506
26.75, 14.83, 4.05073
26.775, 14.8136, 4.05086
26.8, 14.7959, 4.05163
26.825, 14.79, 4.05278
26.85, 14.7906, 4.0538
26.875, 14.8038, 4.05444
26.9, 14.8213, 4.05508
26.925, 14.8442, 4.05585
26.95, 14.8686, 4.0561
26.975, 14.873, 4.0561
27, 14.8694, 4.05636
27.025, 14.8608, 4.05636
27.05, 14.851, 4.05648
27.075, 14.8476, 4.05661
27.1, 14.8477, 4.05674
27.125, 14.8571, 4.05687
27.15, 14.8697, 4.05712
27.175, 14.8852, 4.05712
27.2, 14.9014, 4.057
27.225, 14.9309, 4.057
27.25, 14.9646, 4.057
27.275, 15.0019, 4.05687
27.3, 15.0392, 4.05636
27.325, 15.0723, 4.05597
27.35, 15.1007, 4.05521
27.375, 15.1185, 4.05073
27.4, 15.132, 4.04396
27.425, 15.149, 4.03948
27.45, 15.1659, 4.03884
27.475, 15.189, 4.03833
27.5, 15.2146, 4.03846
27.525, 15.2429, 4.0382
27.55, 15.2725, 4.03578
27.575, 15.3012, 4.03143
27.6, 15.3218, 4.01494
27.625, 15.3029, 4.00944
27.65, 15.2679, 4.00701
27.675, 15.2149, 4.00689
27.7, 15.1534, 4.00701
27.725, 15.1296, 4.00701
27.75, 15.1233, 4.00689
27.775, 15.1459, 4.00701
27.8, 15.1786, 4.00177
27.825, 15.2111, 3.99602
27.85, 15.2426, 3.99078
27.875, 15.2158, 3.97697
27.9, 15.1657, 3.97646
27.925, 15.1107, 3.97659
27.95, 15.0466, 3.97685
27.975, 14.9967, 3.97736
28, 14.9624, 3.97761
28.025, 14.9421, 3.97787
28.05, 14.9321, 3.97787
28.075, 14.9298, 3.97787
28.1, 14.9294, 3.97774
28.125, 14.9179, 3.97774
28.15, 14.8993, 3.97825
28.175, 14.8737, 3.97838
28.2, 14.8472, 3.97863
28.225, 14.8194, 3.97953
28.25, 14.7951, 3.98707
28.275, 14.7846, 3.9895
28.3, 14.7793, 3.99129
28.325, 14.7833, 3.99231
28.35, 14.7918, 3.9927
28.375, 14.7909, 3.99282
28.4, 14.7873, 3.99423
28.425, 14.7807, 3.99628
28.45, 14.7734, 4.0019
28.475, 14.766, 4.00957
28.5, 14.7556, 4.00995
28.525, 14.7475, 4.01008
28.55, 14.7449, 4.01046
28.575, 14.7367, 4.01251
28.6, 14.7277, 4.01302
28.625, 14.7272, 4.01302
28.65, 14.7293, 4.01328
28.675, 14.7394, 4.01366
28.7, 14.7509, 4.01673
28.725, 14.7627, 4.01711
28.75, 14.7761, 4.01916
28.775, 14.7887, 4.02018
28.8, 14.7994, 4.03488
28.825, 14.8014, 4.03501
28.85, 14.7954, 4.03501
28.875, 14.8194, 4.03514
28.9, 14.8507, 4.03526
28.925, 14.8884, 4.03526
28.95, 14.9303, 4.03514
28.975, 14.9643, 4.03488
29, 14.9965, 4.03411
29.025, 14.9945, 4.02938
29.05, 14.9772, 4.02862
29.075, 14.9552, 4.02734
29.1, 14.9283, 4.02759
29.125, 14.9135, 4.02734
29.15, 14.9102, 4.02747
29.175, 14.9401, 4.02734
29.2, 14.983, 4.02747
29.225, 15.0356, 4.02734
29.25, 15.0893, 4.02223
29.275, 15.1031, 4.01098
29.3, 15.0988, 3.99564
29.325, 15.0728, 3.99065
29.35, 15.037, 3.98912
29.375, 14.9861, 3.98873
29.4, 14.9375, 3.98848
29.425, 14.9291, 3.98848
29.45, 14.9349, 3.98848
29.475, 14.9523, 3.98758
29.5, 14.9738, 3.97569
29.525, 14.9781, 3.97442
29.55, 14.9774, 3.97391
29.575, 14.944, 3.9716
29.6, 14.8996, 3.96879
29.625, 14.8688, 3.96866
29.65, 14.8376, 3.96854
29.675, 14.8196, 3.96879
29.7, 14.8088, 3.96892
29.725, 14.7943, 3.96905
29.75, 14.7823, 3.96918
29.775, 14.7701, 3.9693
29.8, 14.7553, 3.9702
29.825, 14.7397, 3.97033
29.85, 14.7224, 3.97442
29.875, 14.7059, 3.9748
29.9, 14.6909, 3.97544
29.925, 14.6859, 3.97557
29.95, 14.686, 3.97608
29.975, 14.6867, 3.97621
30, 14.6888, 3.97646
30, 14.6905, 3.97863
30.025, 14.6916, 4.02887
30.05, 14.6756, 4.06671
30.075, 14.6457, 4.1351
30.1, 14.6487, 4.1691
30.125, 14.6611, 4.22407
30.15, 14.6906, 4.26383
30.175, 14.7262, 4.32186
30.2, 14.7653, 4.34871
30.225, 14.8088, 4.40636
30.25, 14.8713, 4.4419
30.275, 14.9407, 4.49239
30.3, 15.0576, 4.51949
30.325, 15.1861, 4.56168
30.35, 15.3274, 4.57484
30.375, 15.4706, 4.58417
30.4, 15.6142, 4.59351
30.425, 15.7556, 4.62738
30.45, 15.8601, 4.66369
30.475, 15.9457, 4.69577
30.5, 16.0633, 4.71725
30.525, 16.1864, 4.73297
30.55, 16.3392, 4.73962
30.575, 16.5102, 4.77042
30.6, 16.6977, 4.77758
30.625, 16.8731, 4.78538
30.65, 17.0497, 4.78666
30.675, 17.2186, 4.79101
30.7, 17.3238, 4.80545
30.725, 17.4089, 4.8507
30.75, 17.4579, 4.86246
30.775, 17.5024, 4.89723
30.8, 17.6406, 4.91181
30.825, 17.8113, 4.91999
30.85, 18.0111, 4.9205
30.875, 18.2261, 4.92063
30.9, 18.4071, 4.92063
30.925, 18.5657, 4.92063
30.95, 18.6862, 4.92063
30.975, 18.7842, 4.92063
31, 18.8782, 4.92063
31.025, 18.9644, 4.92075
31.05, 19.0581, 4.92075
31.075, 19.1557, 4.92088
31.1, 19.2545, 4.92088
31.125, 19.352, 4.92088
31.15, 19.4537, 4.92088
31.175, 19.5522, 4.92101
31.2, 19.6417, 4.92101
31.225, 19.7241, 4.92101
31.25, 19.799, 4.92101
31.275, 19.8693, 4.92114
31.3, 19.9402, 4.92101
31.325, 20.0104, 4.92101
31.35, 20.0832, 4.92101
31.375, 20.1546, 4.92101
31.4, 20.2252, 4.92088
31.425, 20.2929, 4.92075
31.45, 20.359, 4.92075
31.475, 20.4232, 4.91986
31.5, 20.4852, 4.91833
31.525, 20.5452, 4.90823
31.55, 20.6065, 4.89813
31.575, 20.6599, 4.881
31.6, 20.7135, 4.87116
31.625, 20.7609, 4.85505
31.65, 20.7995, 4.85096
31.675, 20.8383, 4.83766
31.7, 20.8749, 4.83178
31.725, 20.9189, 4.82552
31.75, 20.9572, 4.81951
31.775, 20.9848, 4.79049
31.8, 21.0233, 4.78385
31.825, 21.0602, 4.75828
31.85, 21.0362, 4.74703
31.875, 21.0051, 4.74614
31.9, 20.9419, 4.74563
31.925, 20.8652, 4.74575
31.95, 20.847, 4.74588
31.975, 20.8485, 4.74537
32, 20.8824, 4.74511
32.025, 20.9281, 4.73936
32.05, 20.966, 4.73029
32.075, 21.0075, 4.71597
32.1, 20.968, 4.70497
32.125, 20.9012, 4.70446
32.15, 20.8055, 4.70434
32.175, 20.6984, 4.70472
32.2, 20.6236, 4.70485
32.225, 20.5686, 4.70485
32.25, 20.5431, 4.70497
32.275, 20.5323, 4.70472
32.3, 20.5305, 4.70485
32.325, 20.5332, 4.70459
32.35, 20.4968, 4.70446
32.375, 20.444, 4.70446
32.4, 20.3826, 4.70472
32.425, 20.3195, 4.70485
32.45, 20.2605, 4.70485
32.475, 20.2089, 4.7051
32.5, 20.1777, 4.70523
32.525, 20.1549, 4.70523
32.55, 20.1429, 4.70536
32.575, 20.1348, 4.706
32.6, 20.1324, 4.70625
32.625, 20.1314, 4.70715
32.65, 20.1322, 4.70855
32.675, 20.1343, 4.70907
32.7, 20.1362, 4.70945
32.725, 20.1371, 4.71022
32.75, 20.1348, 4.7106
32.775, 20.1309, 4.71073
32.8, 20.128, 4.71073
32.825, 20.1257, 4.71111
32.85, 20.1275, 4.71226
32.875, 20.1313, 4.7129
32.9, 20.1359, 4.71316
32.925, 20.1412, 4.71328
32.95, 20.1461, 4.71328
32.975, 20.1511, 4.71328
33, 20.1416, 4.71328
33.025, 20.1264, 4.71328
33.05, 20.1063, 4.71328
33.075, 20.0855, 4.71328
33.1, 20.0808, 4.71328
33.125, 20.0864, 4.71328
33.15, 20.1195, 4.71328
33.175, 20.1617, 4.71328
33.2, 20.2099, 4.71328
33.225, 20.2578, 4.7129
33.25, 20.239, 4.71277
33.275, 20.1949, 4.71277
33.3, 20.1252, 4.71277
33.325, 20.0488, 4.7129
33.35, 19.989, 4.71303
33.375, 19.9448, 4.71328
33.4, 19.9518, 4.71328
33.425, 19.977, 4.71328
33.45, 20.0193, 4.71328
33.475, 20.0659, 4.71328
33.5, 20.0726, 4.71316
33.525, 20.0611, 4.71316
33.55, 20.0168, 4.71316
33.575, 19.9628, 4.71341
33.6, 19.9055, 4.71341
33.625, 19.8565, 4.71367
33.65, 19.8497, 4.7138
33.675, 19.8582, 4.71405
33.7, 19.8825, 4.71431
33.725, 19.9114, 4.71431
33.75, 19.9266, 4.71431
33.775, 19.9348, 4.71431
33.8, 19.9265, 4.71443
33.825, 19.9124, 4.71469
33.85, 19.8957, 4.71482
33.875, 19.8781, 4.71495
33.9, 19.8732, 4.7152
33.925, 19.8729, 4.72083
33.95, 19.8765, 4.72594
33.975, 19.8825, 4.73092
34, 19.8876, 4.73105
34.025, 19.8958, 4.73105
34.05, 19.9099, 4.73105
34.075, 19.9236, 4.73118
34.1, 19.9438, 4.73118
34.125, 19.9641, 4.73131
34.15, 19.9789, 4.73131
34.175, 19.9912, 4.73156
34.2, 19.9977, 4.73156
34.225, 20.003, 4.73169
34.25, 20.0089, 4.73156
34.275, 20.0163, 4.73182
34.3, 20.0326, 4.73182
34.325, 20.0514, 4.73182
34.35, 20.0723, 4.73182
34.375, 20.0932, 4.73169
34.4, 20.0884, 4.73169
34.425, 20.0732, 4.73169
34.45, 20.0447, 4.73169
34.475, 20.0129, 4.73182
34.5, 19.98, 4.73182
34.525, 19.9481, 4.73182
34.55, 19.9764, 4.73182
34.575, 20.0257, 4.73182
34.6, 20.0892, 4.73182
34.625, 20.1557, 4.73169
34.65, 20.1785, 4.73156
34.675, 20.1791, 4.73144
34.7, 20.1372, 4.73131
34.725, 20.082, 4.73144
34.75, 20.0184, 4.73144
34.775, 19.9542, 4.73144
34.8, 19.9529, 4.73156
34.825, 19.9754, 4.73156
34.85, 20.0193, 4.73156
34.875, 20.0696, 4.73144
34.9, 20.1091, 4.73131
34.925, 20.1372, 4.73016
34.95, 20.1228, 4.72901
34.975, 20.0941, 4.72862
35, 20.0569, 4.72875
35.025, 20.0163, 4.72875
35.05, 19.9998, 4.72875
35.075, 19.9933, 4.72888
35.1, 19.9999, 4.72888
35.125, 20.0113, 4.72888
35.15, 20.025, 4.72875
35.175, 20.0363, 4.72862
35.2, 20.033, 4.72798
35.225, 20.0248, 4.72671
35.25, 20.0157, 4.72479
35.275, 20.0059, 4.7221
35.3, 20.0077, 4.72147
35.325, 20.0147, 4.72134
35.35, 20.0276, 4.71929
35.375, 20.0434, 4.71891
35.4, 20.0651, 4.71814
35.425, 20.0855, 4.71674
35.45, 20.0907, 4.71392
35.475, 20.0911, 4.70497
35.5, 20.0905, 4.70421
35.525, 20.0891, 4.70255
35.55, 20.0756, 4.69922
35.575, 20.0617, 4.6927
35.6, 20.0604, 4.69206
35.625, 20.061, 4.69027
35.65, 20.0584, 4.68069
35.675, 20.0565, 4.67902
35.7, 20.0809, 4.67851
35.725, 20.106, 4.67059
35.75, 20.1357, 4.66931
35.775, 20.1707, 4.65653
35.8, 20.1788, 4.64975
35.825, 20.1739, 4.64937
35.85, 20.1245, 4.64847
35.875, 20.0578, 4.64835
35.9, 19.9962, 4.64847
35.925, 19.9341, 4.6486
35.95, 19.9211, 4.6486
35.975, 19.93, 4.64835
36, 19.9509, 4.64847
36.025, 19.9779, 4.64579
36.05, 20.0067, 4.6417
36.075, 20.0266, 4.63774
36.1, 19.9866, 4.63633
36.125, 19.9229, 4.63633
36.15, 19.8451, 4.63671
36.175, 19.7664, 4.63697
36.2, 19.7216, 4.6371
36.225, 19.695, 4.63735
36.25, 19.6954, 4.63761
36.275, 19.7052, 4.63812
36.3, 19.7259, 4.63876
36.325, 19.749, 4.63914
36.35, 19.7299, 4.63927
36.375, 19.6956, 4.64093
36.4, 19.6482, 4.64259
36.425, 19.5982, 4.64349
36.45, 19.5596, 4.64425
36.475, 19.5278, 4.65538
36.5, 19.5063, 4.6587
36.525, 19.4869, 4.66496
36.55, 19.4875, 4.66905
36.575, 19.4919, 4.67097
36.6, 19.4945, 4.67212
36.625, 19.4975, 4.67366
36.65, 19.4946, 4.67468
36.675, 19.4919, 4.67621
36.7, 19.4916, 4.68133
36.725, 19.4932, 4.69807
36.75, 19.4913, 4.70114
36.775, 19.4905, 4.70613
36.8, 19.514, 4.70676
36.825, 19.5404, 4.70766
36.85, 19.5782, 4.70791
36.875, 19.6173, 4.70817
36.9, 19.6525, 4.7083
36.925, 19.687, 4.70868
36.95, 19.7112, 4.70881
36.975, 19.7307, 4.70907
37, 19.7423, 4.70919
37.025, 19.7484, 4.70945
37.05, 19.7537, 4.7097
37.075, 19.7581, 4.71022
37.1, 19.7687, 4.71111
37.125, 19.7828, 4.71661
37.15, 19.8005, 4.71737
37.175, 19.8204, 4.71776
37.2, 19.8468, 4.71789
37.225, 19.8732, 4.71789
37.25, 19.8597, 4.71789
37.275, 19.8333, 4.71827
37.3, 19.7942, 4.7184
37.325, 19.7529, 4.72568
37.35, 19.7471, 4.74358
37.375, 19.7618, 4.75214
37.4, 19.8089, 4.75419
37.425, 19.8794, 4.75432
37.45, 19.9531, 4.75432
37.475, 20.0233, 4.75432
37.5, 20.0459, 4.75432
37.525, 20.0415, 4.75432
37.55, 20.0098, 4.75432
37.575, 19.9695, 4.75432
37.6, 19.9327, 4.75432
37.625, 19.9087, 4.75445
37.65, 19.926, 4.75445
37.675, 19.9582, 4.75445
37.7, 20.0091, 4.75432
37.725, 20.0634, 4.75432
37.75, 20.0841, 4.75419
37.775, 20.0896, 4.75419
37.8, 20.0718, 4.75419
37.825, 20.0471, 4.75406
37.85, 20.0197, 4.75419
37.875, 19.9964, 4.75419
37.9, 19.994, 4.75432
37.925, 19.9988, 4.75432
37.95, 20.0129, 4.75432
37.975, 20.0297, 4.75445
38, 20.0433, 4.75445
38.025, 20.0546, 4.75445
38.05, 20.0629, 4.75445
38.075, 20.07, 4.75445
38.1, 20.0769, 4.75432
38.125, 20.0834, 4.75432
38.15, 20.0881, 4.75445
38.175, 20.0921, 4.75432
38.2, 20.0973, 4.75432
38.225, 20.1032, 4.75419
38.25, 20.1111, 4.75419
38.275, 20.1197, 4.75432
38.3, 20.1317, 4.75432
38.325, 20.1443, 4.75419
38.35, 20.157, 4.75419
38.375, 20.1697, 4.75419
38.4, 20.1742, 4.75419
38.425, 20.1748, 4.75406
38.45, 20.1714, 4.75406
38.475, 20.167, 4.75406
38.5, 20.1697, 4.75406
38.525, 20.1786, 4.75406
38.55, 20.2109, 4.75406
38.575, 20.25, 4.75406
38.6, 20.2923, 4.75189
38.625, 20.3345, 4.73591
38.65, 20.3351, 4.73195
38.675, 20.3164, 4.73169
38.7, 20.2518, 4.73118
38.725, 20.1734, 4.73131
38.75, 20.1018, 4.73156
38.775, 20.0441, 4.73208
38.8, 20.0594, 4.7322
38.825, 20.0993, 4.7322
38.85, 20.1549, 4.73208
38.875, 20.2154, 4.73156
38.9, 20.2266, 4.72837
38.925, 20.2142, 4.72108
38.95, 20.1664, 4.72057
38.975, 20.1086, 4.72083
39, 20.0306, 4.72083
39.025, 19.9506, 4.72108
39.05, 19.9253, 4.72159
39.075, 19.9214, 4.72172
39.1, 19.9428, 4.72185
39.125, 19.972, 4.72198
39.15, 19.9965, 4.7221
39.175, 20.015, 4.72198
39.2, 20.0115, 4.72198
39.225, 20.0009, 4.72198
39.25, 19.9833, 4.72198
39.275, 19.9641, 4.72198
39.3, 19.9565, 4.72198
39.325, 19.9539, 4.72198
39.35, 19.9584, 4.72198
39.375, 19.9655, 4.72185
39.4, 19.9755, 4.72185
39.425, 19.986, 4.72198
39.45, 19.9966, 4.72185
39.475, 20.0074, 4.72185
39.5, 20.0167, 4.72198
39.525, 20.0248, 4.72185
39.55, 20.0268, 4.72172
39.575, 20.0266, 4.72172
39.6, 20.0241, 4.72172
39.625, 20.021, 4.72172
39.65, 20.0191, 4.72172
39.675, 20.0202, 4.72159
39.7, 20.0354, 4.72159
39.725, 20.0553, 4.72159
39.75, 20.0793, 4.72159
39.775, 20.1037, 4.72057
39.8, 20.1097, 4.71469
39.825, 20.106, 4.70561
39.85, 20.0841, 4.70472
39.875, 20.055, 4.70434
39.9, 20.018, 4.70408
39.925, 19.9815, 4.70357
39.95, 19.9877, 4.70344
39.975, 20.0112, 4.70076
40, 20.0553, 4.70025
40, 20.1049, 4.69398
40.025, 20.133, 4.69462
40.05, 20.146, 4.70267
40.075, 20.11, 4.71328
40.1, 20.0593, 4.74575
40.125, 19.9933, 4.78091
40.15, 19.9226, 4.85454
40.175, 19.9028, 4.8934
40.2, 19.9079, 4.93788
40.225, 19.9788, 4.96319
40.25, 20.0741, 4.99745
40.275, 20.1667, 5.01906
40.3, 20.2448, 5.05485
40.325, 20.2687, 5.08054
40.35, 20.2699, 5.1235
40.375, 20.2777, 5.14893
40.4, 20.2822, 5.20786
40.425, 20.3337, 5.23458
40.45, 20.404, 5.28124
40.475, 20.5233, 5.30093
40.5, 20.6548, 5.33506
40.525, 20.8076, 5.3518
40.55, 20.9556, 5.36433
40.575, 21.083, 5.36842
40.6, 21.1971, 5.40217
40.625, 21.2968, 5.42914
40.65, 21.384, 5.45726
40.675, 21.4957, 5.479
40.7, 21.6201, 5.52003
40.725, 21.7532, 5.52297
40.75, 21.8848, 5.52719
40.775, 22.0622, 5.5392
40.8, 22.2413, 5.54572
40.825, 22.3864, 5.54649
40.85, 22.5252, 5.55122
40.875, 22.648, 5.55301
40.9, 22.7607, 5.55531
40.925, 22.8897, 5.55633
40.95, 23.015, 5.57845
40.975, 23.1416, 5.59775
41, 23.259, 5.6021
41.025, 23.3795, 5.60235
41.05, 23.5093, 5.60274
41.075, 23.6168, 5.60465
41.1, 23.7177, 5.60644
41.125, 23.8234, 5.60862
41.15, 23.9259, 5.61079
41.175, 24.0283, 5.61092
41.2, 24.1259, 5.61105
41.225, 24.2264, 5.61105
41.25, 24.3246, 5.61105
41.275, 24.4125, 5.61105
41.3, 24.4965, 5.61117
41.325, 24.5945, 5.61117
41.35, 24.6969, 5.61117
41.375, 24.8173, 5.61117
41.4, 24.9399, 5.61105
41.425, 25.0599, 5.61092
41.45, 25.1747, 5.61066
41.475, 25.222, 5.61041
41.5, 25.2427, 5.61015
41.525, 25.2384, 5.61015
41.55, 25.2253, 5.61015
41.575, 25.2505, 5.61028
41.6, 25.2955, 5.61015
41.625, 25.3878, 5.61002
41.65, 25.4944, 5.60926
41.675, 25.61, 5.6035
41.7, 25.7241, 5.56988
41.725, 25.7743, 5.55518
41.75, 25.8047, 5.54112
41.775, 25.7652, 5.5332
41.8, 25.7075, 5.53281
41.825, 25.6582, 5.53217
41.85, 25.6148, 5.5323
41.875, 25.6263, 5.53243
41.9, 25.6539, 5.53256
41.925, 25.6936, 5.53256
41.95, 25.7384, 5.53192
41.975, 25.7547, 5.52744
42, 25.7617, 5.51926
42.025, 25.76, 5.51198
42.05, 25.7541, 5.51108
42.075, 25.7525, 5.51108
42.1, 25.7491, 5.51057
42.125, 25.7609, 5.5075
42.15, 25.7785, 5.48654
42.175, 25.8034, 5.48015
42.2, 25.8325, 5.46826
42.225, 25.8336, 5.46302
42.25, 25.8216, 5.46136
42.275, 25.8026, 5.45969
42.3, 25.7751, 5.45765
42.325, 25.7569, 5.45765
42.35, 25.744, 5.4565
42.375, 25.7266, 5.45113
42.4, 25.7086, 5.44806
42.425, 25.686, 5.43809
42.45, 25.6647, 5.43707
42.475, 25.6589, 5.43681
42.5, 25.6539, 5.43604
42.525, 25.667, 5.43374
42.55, 25.6853, 5.40946
42.575, 25.707, 5.39718
42.6, 25.7309, 5.38734
42.625, 25.6952, 5.38197
42.65, 25.6359, 5.38108
42.675, 25.5625, 5.3812
42.7, 25.483, 5.38146
42.725, 25.4278, 5.38184
42.75, 25.3906, 5.38223
42.775, 25.4068, 5.38223
42.8, 25.4422, 5.38223
42.825, 25.4856, 5.38223
42.85, 25.5316, 5.38146
42.875, 25.5094, 5.37993
42.9, 25.4577, 5.37711
42.925, 25.3704, 5.37673
42.95, 25.2746, 5.37686
42.975, 25.1678, 5.37711
43, 25.0739, 5.37826
43.025, 25.0484, 5.37954
43.05, 25.048, 5.37954
43.075, 25.0674, 5.37954
43.1, 25.0938, 5.37942
43.125, 25.0989, 5.37942
43.15, 25.0922, 5.37916
43.175, 25.0626, 5.37916
43.2, 25.0263, 5.37942
43.225, 24.9844, 5.37942
43.25, 24.9418, 5.37954
43.275, 24.9266, 5.3798
43.3, 24.9223, 5.38018
43.325, 24.9257, 5.38005
43.35, 24.9317, 5.38031
43.375, 24.9356, 5.38031
43.4, 24.9365, 5.38057
43.425, 24.9257, 5.38069
43.45, 24.911, 5.38108
43.475, 24.8924, 5.3812
43.5, 24.8733, 5.38197
43.525, 24.8507, 5.38261
43.55, 24.8277, 5.39245
43.575, 24.8084, 5.39412
43.6, 24.7906, 5.39488
43.625, 24.7856, 5.39706
43.65, 24.7882, 5.40076
43.675, 24.7917, 5.40127
43.7, 24.7994, 5.40153
43.725, 24.8141, 5.40166
43.75, 24.8296, 5.40166
43.775, 24.8443, 5.40179
43.8, 24.856, 5.40179
43.825, 24.8639, 5.40191
43.85, 24.8698, 5.40204
43.875, 24.8729, 5.40204
43.9, 24.8811, 5.4023
43.925, 24.9147, 5.40242
43.95, 24.9563, 5.40255
43.975, 25.0045, 5.40255
44, 25.0527, 5.40255
44.025, 25.0628, 5.40242
44.05, 25.0541, 5.40242
44.075, 25.0099, 5.40242
44.1, 24.9549, 5.40242
44.125, 24.8932, 5.40255
44.15, 24.8312, 5.40268
44.175, 24.839, 5.40294
44.2, 24.8738, 5.40306
44.225, 24.9374, 5.40319
44.25, 25.0091, 5.40319
44.275, 25.047, 5.40319
44.3, 25.0616, 5.40306
44.325, 25.0134, 5.40306
44.35, 24.9447, 5.40306
44.375, 24.8605, 5.40306
44.4, 24.7739, 5.40319
44.425, 24.7365, 5.40319
44.45, 24.7204, 5.40306
44.475, 24.7332, 5.40306
44.5, 24.7559, 5.40306
44.525, 24.7821, 5.40306
44.55, 24.8043, 5.40306
44.575, 24.8053, 5.40306
44.6, 24.7987, 5.40306
44.625, 24.7868, 5.40319
44.65, 24.7738, 5.40319
44.675, 24.7798, 5.40319
44.7, 24.7937, 5.40319
44.725, 24.8187, 5.40319
44.75, 24.8468, 5.40319
44.775, 24.8767, 5.40319
44.8, 24.9028, 5.40319
44.825, 24.9104, 5.40319
44.85, 24.9113, 5.40319
44.875, 24.9065, 5.40319
44.9, 24.9, 5.40319
44.925, 24.8929, 5.40319
44.95, 24.886, 5.40319
44.975, 24.8782, 5.40319
45, 24.8705, 5.40319
45.025, 24.8646, 5.40319
45.05, 24.8595, 5.40319
45.075, 24.8591, 5.40319
45.1, 24.8608, 5.40319
45.125, 24.865, 5.40319
45.15, 24.8696, 5.40319
45.175, 24.8641, 5.40319
45.2, 24.8523, 5.40319
45.225, 24.8246, 5.40332
45.25, 24.7924, 5.40345
45.275, 24.7575, 5.40358
45.3, 24.723, 5.40549
45.325, 24.7375, 5.41559
45.35, 24.771, 5.42019
45.375, 24.8188, 5.42109
45.4, 24.8757, 5.42109
45.425, 24.9243, 5.42109
45.45, 24.9536, 5.42109
45.475, 24.9247, 5.42109
45.5, 24.8735, 5.42109
45.525, 24.8064, 5.42109
45.55, 24.7359, 5.42134
45.575, 24.7116, 5.42147
45.6, 24.7112, 5.42211
45.625, 24.7456, 5.42428
45.65, 24.7924, 5.42467
45.675, 24.8502, 5.42518
45.7, 24.8997, 5.42543
45.725, 24.8958, 5.42556
45.75, 24.8729, 5.42582
45.775, 24.8362, 5.4262
45.8, 24.7958, 5.4271
45.825, 24.7742, 5.42735
45.85, 24.7634, 5.42825
45.875, 24.7791, 5.42901
45.9, 24.8039, 5.434
45.925, 24.8398, 5.43656
45.95, 24.8757, 5.4386
45.975, 24.8962, 5.44627
46, 24.9101, 5.46199
46.025, 24.9014, 5.46966
46.05, 24.8851, 5.4804
46.075, 24.881, 5.48142
46.1, 24.8806, 5.4905
46.125, 24.9032, 5.49229
46.15, 24.9246, 5.49344
46.175, 24.9553, 5.49344
46.2, 24.9894, 5.4937
46.225, 25.0133, 5.4937
46.25, 25.0379, 5.4937
46.275, 25.0633, 5.4937
46.3, 25.0879, 5.4937
46.325, 25.1187, 5.49357
46.35, 25.149, 5.4937
46.375, 25.1818, 5.49357
46.4, 25.2133, 5.49357
46.425, 25.2425, 5.49319
46.45, 25.2709, 5.49267
46.475, 25.2971, 5.49242
46.5, 25.3223, 5.49178
46.525, 25.3481, 5.48436
46.55, 25.3727, 5.46493
46.575, 25.4044, 5.45305
46.6, 25.4425, 5.43656
46.625, 25.4235, 5.42991
46.65, 25.3867, 5.42889
46.675, 25.3239, 5.42799
46.7, 25.2549, 5.42774
46.725, 25.2293, 5.42774
46.75, 25.2233, 5.42722
46.775, 25.2674, 5.42531
46.8, 25.3269, 5.40153
46.825, 25.3922, 5.39092
46.85, 25.4724, 5.36203
46.875, 25.4545, 5.34119
46.9, 25.4043, 5.33659
46.925, 25.3041, 5.33646
46.95, 25.1815, 5.33672
46.975, 25.0897, 5.33672
47, 25.0205, 5.33672
47.025, 25.0049, 5.33685
47.05, 25.0134, 5.33672
47.075, 25.0309, 5.33672
47.1, 25.0528, 5.33672
47.125, 25.0317, 5.33659
47.15, 24.9894, 5.33595
47.175, 24.9259, 5.33621
47.2, 24.8562, 5.33621
47.225, 24.7884, 5.33634
47.25, 24.7291, 5.33672
47.275, 24.7021, 5.33685
47.3, 24.6876, 5.33685
47.325, 24.6852, 5.3371
47.35, 24.6875, 5.33736
47.375, 24.6772, 5.33749
47.4, 24.6599, 5.33825
47.425, 24.6298, 5.33876
47.45, 24.5964, 5.33953
47.475, 24.5611, 5.34068
47.5, 24.5264, 5.34541
47.525, 24.5114, 5.34886
47.55, 24.5042, 5.34912
47.575, 24.5105, 5.34925
47.6, 24.5233, 5.34963
47.625, 24.5319, 5.34976
47.65, 24.539, 5.34976
47.675, 24.5466, 5.34989
47.7, 24.5541, 5.35001
47.725, 24.563, 5.35027
47.75, 24.5714, 5.35078
47.775, 24.5806, 5.35104
47.8, 24.5899, 5.36356
47.825, 24.5961, 5.36727
47.85, 24.5989, 5.36996
47.875, 24.6248, 5.37047
47.9, 24.6635, 5.37341
47.925, 24.7035, 5.37558
47.95, 24.7455, 5.37609
47.975, 24.7907, 5.37622
48, 24.8351, 5.37635
48.025, 24.8317, 5.37635
48.05, 24.807, 5.37635
48.075, 24.7563, 5.37647
48.1, 24.6977, 5.3766
48.125, 24.6467, 5.37699
48.15, 24.6104, 5.37801
48.175, 24.6335, 5.3899
48.2, 24.677, 5.40115
48.225, 24.7295, 5.40166
48.25, 24.786, 5.40179
48.275, 24.8048, 5.40166
48.3, 24.7988, 5.40179
48.325, 24.7586, 5.40179
48.35, 24.706, 5.40204
48.375, 24.6435, 5.40217
48.4, 24.5804, 5.40396
48.425, 24.5677, 5.41623
48.45, 24.5771, 5.42122
48.475, 24.5946, 5.42173
48.5, 24.6215, 5.42198
48.525, 24.6457, 5.42211
48.55, 24.6637, 5.42211
48.575, 24.6737, 5.42224
48.6, 24.6762, 5.42224
48.625, 24.678, 5.42224
48.65, 24.68, 5.42224
48.675, 24.6816, 5.42224
48.7, 24.6863, 5.42224
48.725, 24.6911, 5.42224
48.75, 24.6965, 5.42224
48.775, 24.7094, 5.42224
48.8, 24.7241, 5.42211
48.825, 24.7421, 5.42211
48.85, 24.7609, 5.42224
48.875, 24.7818, 5.42224
48.9, 24.8027, 5.42237
48.925, 24.8215, 5.42224
48.95, 24.8397, 5.42237
48.975, 24.8576, 5.42224
49, 24.8744, 5.42224
49.025, 24.8922, 5.42237
49.05, 24.9085, 5.42224
49.075, 24.9182, 5.42224
49.1, 24.9256, 5.42224
49.125, 24.933, 5.42237
49.15, 24.9398, 5.42237
49.175, 24.9359, 5.42237
49.2, 24.9269, 5.42237
49.225, 24.9112, 5.42237
49.25, 24.8937, 5.42249
49.275, 24.8766, 5.42249
49.3, 24.8605, 5.42249
49.325, 24.8836, 5.42262
49.35, 24.9206, 5.42262
49.375, 24.9692, 5.42262
49.4, 24.9946, 5.42262
49.425, 25.0444, 5.42262
49.45, 25.0574, 5.42262
49.475, 25.0505, 5.42262
49.5, 24.9982, 5.42262
49.525, 24.9311, 5.42262
49.55, 24.8551, 5.42262
49.575, 24.7789, 5.42275
49.6, 24.7687, 5.42288
49.625, 24.7858, 5.42313
49.65, 24.8386, 5.42569
49.675, 24.9016, 5.4271
49.7, 24.9594, 5.42735
49.725, 25.0022, 5.42748
49.75, 24.9936, 5.42748
49.775, 24.9668, 5.42761
49.8, 24.9229, 5.42761
49.825, 24.8754, 5.42825
49.85, 24.8619, 5.4317
49.875, 24.8634, 5.45356
49.9, 24.8878, 5.47503
49.925, 24.9182, 5.47989
49.95, 24.9448, 5.48027
49.975, 24.9731, 5.4804
50, 24.9994, 5.48027
50, 25.0205, 5.4804
50.025, 25.0395, 5.49804
50.05, 25.0569, 5.52719
50.075, 25.0775, 5.57397
50.1, 25.1034, 5.59353
50.125, 25.1255, 5.62843
50.15, 25.1533, 5.65707
50.175, 25.1865, 5.68953
50.2, 25.223, 5.71357
50.225, 25.288, 5.76572
50.25, 25.3622, 5.79206
50.275, 25.425, 5.81251
50.3, 25.4796, 5.84459
50.325, 25.565, 5.89036
50.35, 25.66, 5.91107
50.375, 25.7159, 5.93433
50.4, 25.7657, 5.96961
50.425, 25.8289, 6.01704
50.45, 25.8893, 6.03711
50.475, 25.9737, 6.0761
50.5, 26.0731, 6.08415
50.525, 26.2114, 6.11215
50.55, 26.3584, 6.11815
50.575, 26.5173, 6.13567
50.6, 26.6672, 6.13733
50.625, 26.7952, 6.15305
50.65, 26.9129, 6.16175
50.675, 27.0121, 6.17108
50.7, 27.1011, 6.18284
50.725, 27.2303, 6.22004
50.75, 27.3807, 6.2217
50.775, 27.5367, 6.22234
50.8, 27.691, 6.22387
50.825, 27.8917, 6.22809
50.85, 28.0708, 6.22822
50.875, 28.1483, 6.22835
50.9, 28.1863, 6.22937
50.925, 28.1837, 6.24957
50.95, 28.173, 6.28229
50.975, 28.2012, 6.31335
51, 28.2438, 6.31847
51.025, 28.3649, 6.34416
51.05, 28.5124, 6.35055
51.075, 28.6903, 6.3517
51.1, 28.8632, 6.3517
51.125, 28.9952, 6.3517
51.15, 29.1055, 6.3517
51.175, 29.1642, 6.3517
51.2, 29.212, 6.3517
51.225, 29.252, 6.3517
51.25, 29.2941, 6.35183
51.275, 29.3694, 6.35298
51.3, 29.4504, 6.35298
51.325, 29.5461, 6.35362
51.35, 29.643, 6.35388
51.375, 29.7229, 6.35426
51.4, 29.7945, 6.35464
51.425, 29.8534, 6.35503
51.45, 29.9075, 6.35503
51.475, 29.9593, 6.35515
51.5, 30.0112, 6.35515
51.525, 30.0783, 6.35567
51.55, 30.148, 6.35567
51.575, 30.2225, 6.35567
51.6, 30.296, 6.35567
51.625, 30.3601, 6.35567
51.65, 30.4184, 6.35567
51.675, 30.4699, 6.35567
51.7, 30.5177, 6.35567
51.725, 30.5613, 6.35567
51.75, 30.5997, 6.35554
51.775, 30.6221, 6.35554
51.8, 30.6379, 6.35554
51.825, 30.6505, 6.35554
51.85, 30.662, 6.35554
51.875, 30.7022, 6.35554
51.9, 30.7565, 6.35554
51.925, 30.8463, 6.35541
51.95, 30.9454, 6.35515
51.975, 31.0479, 6.35375
52, 31.1484, 6.34915
52.025, 31.1709, 6.31502
52.05, 31.1622, 6.31208
52.075, 31.1258, 6.30888
52.1, 31.0874, 6.30875
52.125, 31.0325, 6.30479
52.15, 30.9864, 6.30466
52.175, 31.0219, 6.30466
52.2, 31.0792, 6.30223
52.225, 31.1576, 6.28625
52.25, 31.2394, 6.27449
52.275, 31.2388, 6.25851
52.3, 31.2059, 6.25225
52.325, 31.1206, 6.25046
52.35, 31.024, 6.25046
52.375, 30.9356, 6.25084
52.4, 30.8619, 6.25097
52.425, 30.8582, 6.2511
52.45, 30.8794, 6.25097
52.475, 30.9196, 6.24969
52.5, 30.9659, 6.24701
52.525, 30.9818, 6.2355
52.55, 30.9839, 6.22016
52.575, 30.9692, 6.20764
52.6, 30.9484, 6.19907
52.625, 30.9229, 6.19664
52.65, 30.8939, 6.19639
52.675, 30.8846, 6.19626
52.7, 30.8801, 6.19613
52.725, 30.8774, 6.19588
52.75, 30.877, 6.18961
52.775, 30.8632, 6.17389
52.8, 30.8466, 6.16571
52.825, 30.8315, 6.15586
52.85, 30.8173, 6.14986
52.875, 30.7898, 6.14781
52.9, 30.7595, 6.14756
52.925, 30.7256, 6.14628
52.95, 30.6902, 6.14589
52.975, 30.666, 6.14564
53, 30.644, 6.14564
53.025, 30.626, 6.1418
53.05, 30.6119, 6.13234
53.075, 30.6087, 6.12953
53.1, 30.6106, 6.12876
53.125, 30.617, 6.12864
53.15, 30.6197, 6.12813
53.175, 30.6046, 6.12582
53.2, 30.5811, 6.12173
53.225, 30.5353, 6.11445
53.25, 30.4858, 6.11381
53.275, 30.434, 6.11381
53.3, 30.3919, 6.11368
53.325, 30.3988, 6.11381
53.35, 30.4235, 6.11368
53.375, 30.4644, 6.10972
53.4, 30.5089, 6.09642
53.425, 30.4959, 6.07942
53.45, 30.4566, 6.07111
53.475, 30.384, 6.07009
53.5, 30.2999, 6.07009
53.525, 30.1901, 6.07022
53.55, 30.0772, 6.07022
53.575, 30.0608, 6.07086
53.6, 30.0808, 6.07086
53.625, 30.134, 6.07073
53.65, 30.1964, 6.07035
53.675, 30.2116, 6.06996
53.7, 30.2009, 6.06766
53.725, 30.1306, 6.06728
53.75, 30.0416, 6.06715
53.775, 29.9417, 6.06766
53.8, 29.8414, 6.06792
53.825, 29.7913, 6.06856
53.85, 29.7633, 6.06856
53.875, 29.7585, 6.06907
53.9, 29.7623, 6.06958
53.925, 29.7607, 6.07137
53.95, 29.7536, 6.07175
53.975, 29.7298, 6.07252
54, 29.7006, 6.07303
54.025, 29.6671, 6.07354
54.05, 29.6332, 6.07431
54.075, 29.617, 6.07814
54.1, 29.6091, 6.08249
54.125, 29.6115, 6.08556
54.15, 29.6176, 6.08811
54.175, 29.6309, 6.09412
54.2, 29.6427, 6.09502
54.225, 29.6337, 6.0954
54.25, 29.6211, 6.09566
54.275, 29.6091, 6.09578
54.3, 29.5963, 6.09591
54.325, 29.5915, 6.09655
54.35, 29.5906, 6.09681
54.375, 29.5963, 6.09706
54.4, 29.6045, 6.09732
54.425, 29.6137, 6.09757
54.45, 29.6239, 6.09757
54.475, 29.6347, 6.0977
54.5, 29.6452, 6.09783
54.525, 29.6563, 6.09809
54.55, 29.6672, 6.09847
54.575, 29.6647, 6.09924
54.6, 29.6548, 6.11061
54.625, 29.6289, 6.13375
54.65, 29.5992, 6.13477
54.675, 29.5534, 6.14053
54.7, 29.5083, 6.15548
54.725, 29.5474, 6.17274
54.75, 29.6087, 6.17325
54.775, 29.695, 6.17325
54.8, 29.7898, 6.17325
54.825, 29.8578, 6.17312
54.85, 29.9018, 6.17312
54.875, 29.8684, 6.17299
54.9, 29.8096, 6.17312
54.925, 29.7339, 6.17312
54.95, 29.6538, 6.17312
54.975, 29.6512, 6.17325
55, 29.6823, 6.17338
55.025, 29.759, 6.17338
55.05, 29.8492, 6.17325
55.075, 29.9504, 6.17325
55.1, 30.0381, 6.17312
55.125, 30.0438, 6.17261
55.15, 30.021, 6.17274
55.175, 29.9789, 6.17248
55.2, 29.9312, 6.17248
55.225, 29.9081, 6.17248
55.25, 29.8987, 6.17261
55.275, 29.9157, 6.17261
55.3, 29.9412, 6.17261
55.325, 29.9778, 6.17248
55.35, 30.0168, 6.17184
55.375, 30.0236, 6.16711
55.4, 30.0178, 6.16456
55.425, 30.0053, 6.16302
55.45, 29.9903, 6.16047
55.475, 29.9734, 6.1597
55.5, 29.9559, 6.15957
55.525, 29.9435, 6.1597
55.55, 29.932, 6.1597
55.575, 29.9269, 6.15983
55.6, 29.9248, 6.1597
55.625, 29.9254, 6.15983
55.65, 29.9284, 6.1597
55.675, 29.9356, 6.15983
55.7, 29.9436, 6.1597
55.725, 29.9534, 6.15957
55.75, 29.962, 6.15944
55.775, 29.969, 6.15932
55.8, 29.9746, 6.15906
55.825, 29.979, 6.15765
55.85, 29.9834, 6.15574
55.875, 30.0096, 6.15203
55.9, 30.0437, 6.14704
55.925, 30.0906, 6.12979
55.95, 30.1391, 6.12135
55.975, 30.2015, 6.10729
56, 30.2516, 6.09348
56.025, 30.2324, 6.07265
56.05, 30.189, 6.07047
56.075, 30.1318, 6.0683
56.1, 30.0727, 6.06817
56.125, 30.0367, 6.06856
56.15, 30.0178, 6.06881
56.175, 30.0432, 6.06894
56.2, 30.0821, 6.06843
56.225, 30.1331, 6.06804
56.25, 30.1854, 6.06728
56.275, 30.1563, 6.06625
56.3, 30.0958, 6.066
56.325, 30.0037, 6.06613
56.35, 29.904, 6.06638
56.375, 29.8322, 6.06728
56.4, 29.7819, 6.06728
56.425, 29.7962, 6.06779
56.45, 29.832, 6.06792
56.475, 29.8869, 6.06779
56.5, 29.9463, 6.06779
56.525, 29.9476, 6.06715
56.55, 29.9251, 6.06715
56.575, 29.8726, 6.06702
56.6, 29.8115, 6.06715
56.625, 29.7485, 6.06753
56.65, 29.6908, 6.06779
56.675, 29.6628, 6.06881
56.7, 29.6464, 6.06958
56.725, 29.6403, 6.07009
56.75, 29.6377, 6.07022
56.775, 29.6299, 6.07047
56.8, 29.6188, 6.07073
56.825, 29.6014, 6.07137
56.85, 29.5835, 6.0715
56.875, 29.566, 6.07188
56.9, 29.5484, 6.07354
56.925, 29.5303, 6.08364
56.95, 29.5128, 6.0885
56.975, 29.4913, 6.09527
57, 29.4726, 6.09757
57.025, 29.4772, 6.10333
57.05, 29.4918, 6.11266
57.075, 29.519, 6.11521
57.1, 29.5506, 6.11534
57.125, 29.5853, 6.11534
57.15, 29.6249, 6.11547
57.175, 29.6358, 6.11547
57.2, 29.6378, 6.1156
57.225, 29.6395, 6.11573
57.25, 29.6384, 6.11573
57.275, 29.6589, 6.11675
57.3, 29.6895, 6.11803
57.325, 29.7513, 6.11905
57.35, 29.822, 6.11969
57.375, 29.8882, 6.11982
57.4, 29.8853, 6.11982
57.425, 29.8531, 6.12007
57.45, 29.8135, 6.12046
57.475, 29.7335, 6.12058
57.5, 29.6437, 6.12327
57.525, 29.5574, 6.14717
57.55, 29.5684, 6.16775
57.575, 29.6164, 6.17351
57.6, 29.6706, 6.17363
57.625, 29.7658, 6.17363
57.65, 29.8533, 6.17363
57.675, 29.9136, 6.17351
57.7, 29.881, 6.17351
57.725, 29.8169, 6.17363
57.75, 29.7497, 6.17376
57.775, 29.7097, 6.17389
57.8, 29.6862, 6.17402
57.825, 29.6725, 6.17414
57.85, 29.7028, 6.17427
57.875, 29.7473, 6.17427
57.9, 29.7926, 6.17427
57.925, 29.8165, 6.17427
57.95, 29.8313, 6.17427
57.975, 29.8434, 6.17427
58, 29.8468, 6.1744
58.025, 29.847, 6.17427
58.05, 29.8468, 6.17427
58.075, 29.8652, 6.17427
58.1, 29.8892, 6.17427
58.125, 29.9126, 6.17427
58.15, 29.9319, 6.17427
58.175, 29.9468, 6.17427
58.2, 29.9583, 6.17427
58.225, 29.958, 6.17427
58.25, 29.9542, 6.17427
58.275, 29.9502, 6.17427
58.3, 29.9558, 6.17427
58.325, 29.9654, 6.17427
58.35, 29.9757, 6.17427
58.375, 29.9926, 6.17427
58.4, 30.0114, 6.17427
58.425, 30.0301, 6.17427
58.45, 30.0533, 6.17414
58.475, 30.0766, 6.17414
58.5, 30.0991, 6.17402
58.525, 30.1206, 6.17389
58.55, 30.1359, 6.17389
58.575, 30.1444, 6.17389
58.6, 30.1231, 6.17376
58.625, 30.0926, 6.17376
58.65, 30.0625, 6.17376
58.675, 30.0655, 6.17363
58.7, 30.0848, 6.17363
58.725, 30.1106, 6.17363
58.75, 30.1725, 6.17363
58.775, 30.2435, 6.17351
58.8, 30.3118, 6.17223
58.825, 30.2985, 6.16008
58.85, 30.2538, 6.15996
58.875, 30.2041, 6.15983
58.9, 30.1176, 6.15983
58.925, 30.0261, 6.16008
58.95, 29.9447, 6.16047
58.975, 29.982, 6.16072
59, 30.0612, 6.16072
59.025, 30.1442, 6.16059
59.05, 30.2051, 6.16021
59.075, 30.2456, 6.15983
59.1, 30.2694, 6.15932
59.125, 30.2267, 6.15817
59.15, 30.1626, 6.15791
59.175, 30.0983, 6.15804
59.2, 30.0622, 6.15804
59.225, 30.0403, 6.15817
59.25, 30.0241, 6.15829
59.275, 30.0336, 6.15842
59.3, 30.0516, 6.15829
59.325, 30.0705, 6.15829
59.35, 30.0736, 6.15804
59.375, 30.0708, 6.15817
59.4, 30.0671, 6.15804
59.425, 30.0585, 6.15791
59.45, 30.0492, 6.15676
59.475, 30.043, 6.14947
59.5, 30.0483, 6.14155
59.525, 30.0648, 6.13989
59.55, 30.0827, 6.13835
59.575, 30.0857, 6.13388
59.6, 30.0843, 6.13234
59.625, 30.0816, 6.13209
59.65, 30.068, 6.13209
59.675, 30.0515, 6.13183
59.7, 30.0366, 6.13081
59.725, 30.0263, 6.13081
59.75, 30.0177, 6.13055
59.775, 30.0106, 6.13094
59.8, 30.0042, 6.13068
59.825, 29.9978, 6.13094
59.85, 29.9916, 6.13107
59.875, 30.0102, 6.13107
59.9, 30.0368, 6.13068
59.925, 30.0623, 6.12634
59.95, 30.0726, 6.12621
59.975, 30.0702, 6.12608
60, 30.0594, 6.12621
60, 30.0002, 6.12544
60.025, 29.9281, 6.10486
60.05, 29.8587, 6.05245
60.075, 29.8714, 6.02893
60.1, 29.9175, 5.9677
60.125, 29.961, 5.89867
60.15, 30.0352, 5.85469
60.175, 30.1066, 5.78106
60.2, 30.1602, 5.67241
60.225, 30.1105, 5.61616
60.25, 30.0219, 5.57538
60.275, 29.9205, 5.51313
60.3, 29.7468, 5.48973
60.325, 29.5787, 5.47401
60.35, 29.4388, 5.4331
60.375, 29.3369, 5.40958
60.4, 29.2565, 5.37481
60.425, 29.1925, 5.3201
60.45, 29.0929, 5.29172
60.475, 28.9808, 5.2558
60.5, 28.866, 5.22116
60.525, 28.6851, 5.20748
60.55, 28.4869, 5.20326
60.575, 28.2874, 5.20096
60.6, 28.0911, 5.19751
60.625, 27.9055, 5.19035
60.65, 27.7315, 5.18166
60.675, 27.5776, 5.169
60.7, 27.4326, 5.15341
60.725, 27.2925, 5.13692
60.75, 27.1312, 5.13462
60.775, 26.9625, 5.13283
60.8, 26.8029, 5.12912
60.825, 26.6421, 5.12899
60.85, 26.4844, 5.12759
60.875, 26.3399, 5.12759
60.9, 26.1907, 5.12771
60.925, 26.0436, 5.12784
60.95, 25.902, 5.12784
60.975, 25.7712, 5.12835
61, 25.6486, 5.12925
61.025, 25.5321, 5.12989
61.05, 25.4257, 5.13142
61.075, 25.3252, 5.13283
61.1, 25.2293, 5.13487
61.125, 25.1305, 5.13551
61.15, 25.0335, 5.13794
61.175, 24.9382, 5.13871
61.2, 24.8481, 5.14395
61.225, 24.7613, 5.15481
61.25, 24.6835, 5.15929
61.275, 24.6402, 5.16773
61.3, 24.614, 5.17603
61.325, 24.5927, 5.17667
61.35, 24.5495, 5.17693
61.375, 24.4953, 5.17757
61.4, 24.4327, 5.19431
61.425, 24.3356, 5.20198
61.45, 24.2242, 5.22282
61.475, 24.1047, 5.24276
61.5, 24.0499, 5.27229
61.525, 24.0262, 5.27613
61.55, 24.0083, 5.27907
61.575, 24.0608, 5.27983
61.6, 24.1254, 5.27983
61.625, 24.1764, 5.27983
61.65, 24.1295, 5.27983
61.675, 24.0456, 5.28035
61.7, 23.9559, 5.2829
61.725, 23.8665, 5.32841
61.75, 23.7786, 5.3541
61.775, 23.7307, 5.37136
61.8, 23.6985, 5.37878
61.825, 23.7355, 5.38593
61.85, 23.7972, 5.39578
61.875, 23.8474, 5.40115
61.9, 23.8908, 5.40396
61.925, 23.9145, 5.40626
61.95, 23.9335, 5.40728
61.975, 23.9472, 5.41444
62, 23.9557, 5.4184
62.025, 23.9734, 5.42032
62.05, 23.9874, 5.42045
62.075, 24.0135, 5.4207
62.1, 24.0453, 5.4216
62.125, 24.0703, 5.42198
62.15, 24.0956, 5.42352
62.175, 24.1298, 5.42441
62.2, 24.1662, 5.42467
62.225, 24.2069, 5.42722
62.25, 24.2472, 5.42799
62.275, 24.2842, 5.42799
62.3, 24.3166, 5.42799
62.325, 24.3377, 5.42812
62.35, 24.3552, 5.42812
62.375, 24.3713, 5.42812
62.4, 24.3867, 5.42825
62.425, 24.4096, 5.42825
62.45, 24.4355, 5.42837
62.475, 24.4661, 5.4285
62.5, 24.4966, 5.42876
62.525, 24.5208, 5.42901
62.55, 24.5393, 5.42901
62.575, 24.539, 5.42901
62.6, 24.5328, 5.42901
62.625, 24.5261, 5.42914
62.65, 24.5191, 5.42978
62.675, 24.5531, 5.4308
62.7, 24.6028, 5.43131
62.725, 24.6728, 5.4317
62.75, 24.7459, 5.4317
62.775, 24.8099, 5.4317
62.8, 24.8571, 5.4317
62.825, 24.8369, 5.4317
62.85, 24.7931, 5.43183
62.875, 24.7324, 5.43183
62.9, 24.6685, 5.43195
62.925, 24.658, 5.43247
62.95, 24.6721, 5.43298
62.975, 24.7289, 5.43323
63, 24.7984, 5.43323
63.025, 24.8771, 5.43323
63.05, 24.9565, 5.4331
63.075, 24.9614, 5.43285
63.1, 24.938, 5.43272
63.125, 24.8925, 5.43247
63.15, 24.8414, 5.43259
63.175, 24.8146, 5.43259
63.2, 24.8026, 5.43259
63.225, 24.8288, 5.43272
63.25, 24.868, 5.43272
63.275, 24.9172, 5.43272
63.3, 24.9683, 5.43272
63.325, 24.9889, 5.43272
63.35, 24.9966, 5.43272
63.375, 24.9932, 5.43259
63.4, 24.9863, 5.43234
63.425, 24.9775, 5.43183
63.45, 24.9687, 5.43119
63.475, 24.9641, 5.43068
63.5, 24.9618, 5.43055
63.525, 24.9605, 5.43068
63.55, 24.9613, 5.43042
63.575, 24.9517, 5.43042
63.6, 24.9374, 5.43042
63.625, 24.919, 5.43042
63.65, 24.9, 5.43055
63.675, 24.8813, 5.43055
63.7, 24.8661, 5.43055
63.725, 24.8673, 5.43055
63.75, 24.8744, 5.43068
63.775, 24.8859, 5.4308
63.8, 24.899, 5.4308
63.825, 24.9213, 5.43093
63.85, 24.9467, 5.43093
63.875, 24.9764, 5.43106
63.9, 25.0071, 5.43093
63.925, 25.0365, 5.43093
63.95, 25.0645, 5.4308
63.975, 25.0617, 5.43042
64, 25.0476, 5.43004
64.025, 25.024, 5.42735
64.05, 24.9981, 5.42492
64.075, 24.9935, 5.42454
64.1, 25.0013, 5.42249
64.125, 25.041, 5.41955
64.15, 25.0895, 5.41892
64.175, 25.1487, 5.40217
64.2, 25.2063, 5.39591
64.225, 25.1866, 5.37277
64.25, 25.138, 5.36868
64.275, 25.0468, 5.36842
64.3, 24.9519, 5.36868
64.325, 24.8635, 5.36906
64.35, 24.7883, 5.37149
64.375, 24.7916, 5.3729
64.4, 24.8191, 5.37302
64.425, 24.8679, 5.37302
64.45, 24.9235, 5.37302
64.475, 24.9189, 5.3729
64.5, 24.8908, 5.37302
64.525, 24.829, 5.37366
64.55, 24.7579, 5.3743
64.575, 24.6897, 5.39591
64.6, 24.6311, 5.40741
64.625, 24.6086, 5.41252
64.65, 24.5971, 5.41278
64.675, 24.6205, 5.41674
64.7, 24.6608, 5.41725
64.725, 24.674, 5.41738
64.75, 24.6777, 5.41764
64.775, 24.6706, 5.41764
64.8, 24.6589, 5.4184
64.825, 24.645, 5.41892
64.85, 24.6307, 5.41904
64.875, 24.6369, 5.41943
64.9, 24.6511, 5.42019
64.925, 24.6699, 5.4262
64.95, 24.6898, 5.43119
64.975, 24.7096, 5.44154
65, 24.7231, 5.4418
65.025, 24.7327, 5.45509
65.05, 24.7373, 5.45739
65.075, 24.747, 5.48347
65.1, 24.755, 5.48488
65.125, 24.7682, 5.48807
65.15, 24.773, 5.4882
65.175, 24.8034, 5.48909
65.2, 24.8392, 5.48909
65.225, 24.8643, 5.48922
65.25, 24.8936, 5.48948
65.275, 24.9256, 5.48948
65.3, 24.9584, 5.48948
65.325, 25.002, 5.48935
65.35, 25.0443, 5.48935
65.375, 25.0681, 5.48935
65.4, 25.0814, 5.48922
65.425, 25.072, 5.48922
65.45, 25.0559, 5.48922
65.475, 25.0353, 5.48922
65.5, 25.0259, 5.48922
65.525, 25.0743, 5.48922
65.55, 25.1413, 5.48922
65.575, 25.2238, 5.48526
65.6, 25.308, 5.48219
65.625, 25.3337, 5.46621
65.65, 25.33, 5.46072
65.675, 25.2791, 5.45944
65.7, 25.2129, 5.45957
65.725, 25.1195, 5.45969
65.75, 25.021, 5.4602
65.775, 25.0004, 5.46608
65.8, 25.0092, 5.46621
65.825, 25.0499, 5.46634
65.85, 25.099, 5.46634
65.875, 25.1407, 5.46621
65.9, 25.1736, 5.46621
65.925, 25.1609, 5.46557
65.95, 25.1354, 5.4657
65.975, 25.1006, 5.46583
66, 25.064, 5.46583
66.025, 25.0648, 5.46583
66.05, 25.0802, 5.46583
66.075, 25.116, 5.46557
66.1, 25.1574, 5.46442
66.125, 25.1967, 5.46046
66.15, 25.2291, 5.44499
66.175, 25.2305, 5.42147
66.2, 25.2201, 5.41534
66.225, 25.2083, 5.41444
66.25, 25.193, 5.41444
66.275, 25.1802, 5.41457
66.3, 25.1708, 5.4147
66.325, 25.1735, 5.4147
66.35, 25.1804, 5.41482
66.375, 25.1883, 5.41482
66.4, 25.1947, 5.4147
66.425, 25.1897, 5.4147
66.45, 25.1799, 5.41482
66.475, 25.1665, 5.41495
66.5, 25.1522, 5.41508
66.525, 25.1325, 5.41546
66.55, 25.1108, 5.41585
66.575, 25.085, 5.41597
66.6, 25.0586, 5.41597
66.625, 25.0322, 5.41713
66.65, 25.0071, 5.41725
66.675, 25.02, 5.41764
66.7, 25.047, 5.4184
66.725, 25.0874, 5.4184
66.75, 25.1309, 5.4184
66.775, 25.1477, 5.41815
66.8, 25.1479, 5.41802
66.825, 25.104, 5.41815
66.85, 25.0461, 5.41815
66.875, 24.9796, 5.4184
66.9, 24.9121, 5.41853
66.925, 24.9163, 5.4193
66.95, 24.9494, 5.41981
66.975, 25.0154, 5.41981
67, 25.0906, 5.41981
67.025, 25.1462, 5.41968
67.05, 25.1816, 5.41943
67.075, 25.1459, 5.41802
67.1, 25.0865, 5.41764
67.125, 25.0073, 5.41764
67.15, 24.9243, 5.41776
67.175, 24.8759, 5.4184
67.2, 24.8444, 5.41853
67.225, 24.8442, 5.41879
67.25, 24.8544, 5.41892
67.275, 24.875, 5.41904
67.3, 24.8909, 5.41904
67.325, 24.8638, 5.41904
67.35, 24.8233, 5.41917
67.375, 24.7716, 5.42058
67.4, 24.718, 5.44039
67.425, 24.6875, 5.45905
67.45, 24.6703, 5.46212
67.475, 24.6652, 5.47286
67.5, 24.6811, 5.47542
67.525, 24.7119, 5.47772
67.55, 24.7475, 5.47785
67.575, 24.7763, 5.47797
67.6, 24.7993, 5.47797
67.625, 24.8038, 5.47797
67.65, 24.8041, 5.47797
67.675, 24.8012, 5.47797
67.7, 24.7991, 5.47785
67.725, 24.8057, 5.47797
67.75, 24.814, 5.47797
67.775, 24.8311, 5.47797
67.8, 24.8502, 5.47797
67.825, 24.8738, 5.47797
67.85, 24.8998, 5.47785
67.875, 24.9303, 5.47797
67.9, 24.9614, 5.47785
67.925, 24.9904, 5.47785
67.95, 25.0158, 5.47785
67.975, 25.0288, 5.47785
68, 25.0365, 5.47785
68.025, 25.0442, 5.47785
68.05, 25.0518, 5.47785
68.075, 25.076, 5.47785
68.1, 25.1074, 5.47785
68.125, 25.1518, 5.47785
68.15, 25.1989, 5.47785
68.175, 25.2464, 5.47772
68.2, 25.2925, 5.47772
68.225, 25.2907, 5.46877
68.25, 25.2704, 5.46698
68.275, 25.2315, 5.46072
68.3, 25.1918, 5.46072
68.325, 25.1783, 5.46072
68.35, 25.1848, 5.46072
68.375, 25.237, 5.45969
68.4, 25.3024, 5.4418
68.425, 25.381, 5.41482
68.45, 25.4606, 5.39603
68.475, 25.47, 5.36906
68.5, 25.4434, 5.35947
68.525, 25.3705, 5.35219
68.55, 25.2838, 5.35193
68.575, 25.1807, 5.3527
68.6, 25.0873, 5.35295
68.625, 25.044, 5.35883
68.65, 25.0201, 5.35922
68.675, 25.0181, 5.3665
68.7, 25.0186, 5.36663
68.725, 24.9842, 5.36676
68.75, 24.9348, 5.36842
68.775, 24.8733, 5.37085
68.8, 24.8099, 5.38964
68.825, 24.748, 5.40447
68.85, 24.6937, 5.4083
68.875, 24.6456, 5.41713
68.9, 24.6056, 5.43285
68.925, 24.592, 5.44371
68.95, 24.5814, 5.44397
68.975, 24.588, 5.44423
69, 24.6055, 5.44448
69.025, 24.6178, 5.44589
69.05, 24.6284, 5.44717
69.075, 24.6406, 5.44768
69.1, 24.655, 5.44832
69.125, 24.6807, 5.44844
69.15, 24.7094, 5.44844
69.175, 24.7393, 5.44857
69.2, 24.77, 5.44883
69.225, 24.7976, 5.44883
69.25, 24.8238, 5.44883
69.275, 24.853, 5.44883
69.3, 24.8818, 5.44883
69.325, 24.9083, 5.44883
69.35, 24.9332, 5.44896
69.375, 24.9379, 5.44896
69.4, 24.9345, 5.44896
69.425, 24.9239, 5.44883
69.45, 24.9115, 5.44883
69.475, 24.906, 5.44883
69.5, 24.9072, 5.44883
69.525, 24.937, 5.44883
69.55, 24.9749, 5.4487
69.575, 25.0175, 5.44844
69.6, 25.0608, 5.44806
69.625, 25.0581, 5.43477
69.65, 25.0356, 5.42812
69.675, 24.9922, 5.42007
69.7, 24.9429, 5.42007
69.725, 24.8759, 5.42007
69.75, 24.8173, 5.42045
69.775, 24.8387, 5.42045
69.8, 24.8854, 5.41968
69.825, 24.9584, 5.41955
69.85, 25.0359, 5.40984
69.875, 25.0622, 5.39463
69.9, 25.0641, 5.38146
69.925, 25.0304, 5.3674
69.95, 24.9842, 5.36727
69.975, 24.9233, 5.36753
70, 24.8558, 5.36778
70.025, 24.8335, 5.33774
70.05, 24.8324, 5.29543
70.075, 24.8476, 5.2062
70.1, 24.8741, 5.1428
70.125, 24.9105, 5.056
70.15, 24.9396, 4.9862
70.175, 24.9134, 4.87729
70.2, 24.8666, 4.82654
70.225, 24.7936, 4.74626
70.25, 24.7158, 4.71264
70.275, 24.5838, 4.65844
70.3, 24.4518, 4.64144
70.325, 24.2946, 4.58596
70.35, 24.1338, 4.56423
70.375, 23.9754, 4.52895
70.4, 23.8285, 4.51412
70.425, 23.6535, 4.46874
70.45, 23.477, 4.46094
70.475, 23.3065, 4.43678
70.5, 23.1455, 4.42438
70.525, 22.9527, 4.39639
70.55, 22.7619, 4.39345
70.575, 22.5808, 4.39319
70.6, 22.4074, 4.38897
70.625, 22.2102, 4.37645
70.65, 22.0144, 4.37581
70.675, 21.8417, 4.37479
70.7, 21.6743, 4.37453
70.725, 21.4972, 4.3744
70.75, 21.3256, 4.3744
70.775, 21.1522, 4.37747
70.8, 20.9816, 4.38373
70.825, 20.8113, 4.41135
70.85, 20.6461, 4.42873
70.875, 20.4767, 4.44407
70.9, 20.3133, 4.4543
70.925, 20.2111, 4.48319
70.95, 20.1421, 4.49827
70.975, 20.0668, 4.51745
71, 19.9938, 4.52179
71.025, 19.9261, 4.52371
71.05, 19.8512, 4.53023
71.075, 19.7516, 4.53854
71.1, 19.6453, 4.55631
71.125, 19.5097, 4.59108
71.15, 19.3767, 4.62444
71.175, 19.2991, 4.66829
71.2, 19.2439, 4.68197
71.225, 19.2322, 4.69961
71.25, 19.2392, 4.70689
71.275, 19.2714, 4.70996
71.3, 19.3018, 4.71086
71.325, 19.3008, 4.71124
71.35, 19.2907, 4.71316
71.375, 19.2636, 4.72466
71.4, 19.2326, 4.74805
71.425, 19.226, 4.75892
71.45, 19.2327, 4.76838
71.475, 19.2585, 4.78359
71.5, 19.3013, 4.78576
71.525, 19.3395, 4.78576
71.55, 19.3725, 4.78589
71.575, 19.4271, 4.78576
71.6, 19.4787, 4.78576
71.625, 19.5332, 4.78576
71.65, 19.5876, 4.78576
71.675, 19.6248, 4.78551
71.7, 19.66, 4.78538
71.725, 19.6852, 4.78538
71.75, 19.7059, 4.78525
71.775, 19.7381, 4.78513
71.8, 19.7707, 4.78308
71.825, 19.7994, 4.77797
71.85, 19.8255, 4.77771
71.875, 19.8534, 4.7763
71.9, 19.8847, 4.76876
71.925, 19.901, 4.76416
71.95, 19.9135, 4.75943
71.975, 19.9305, 4.75866
72, 19.9414, 4.75713
72.025, 19.9595, 4.75662
72.05, 19.9782, 4.74959
72.075, 20.0034, 4.73898
72.1, 20.0341, 4.72389
72.125, 20.0768, 4.70267
72.15, 20.1195, 4.69104
72.175, 20.161, 4.68107
72.2, 20.1969, 4.67199
72.225, 20.1948, 4.65755
72.25, 20.1759, 4.65665
72.275, 20.1451, 4.64604
72.3, 20.1125, 4.64553
72.325, 20.1, 4.64528
72.35, 20.0997, 4.64285
72.375, 20.1118, 4.64144
72.4, 20.1261, 4.64029
72.425, 20.1553, 4.64042
72.45, 20.1694, 4.63799
72.475, 20.121, 4.627
72.5, 20.0518, 4.62342
72.525, 19.9634, 4.62367
72.55, 19.8751, 4.62431
72.575, 19.8085, 4.62457
72.6, 19.759, 4.62482
72.625, 19.7631, 4.62776
72.65, 19.7837, 4.62789
72.675, 19.8186, 4.62789
72.7, 19.8571, 4.62776
72.725, 19.8313, 4.62649
72.75, 19.782, 4.62649
72.775, 19.7064, 4.62649
72.8, 19.6256, 4.627
72.825, 19.5536, 4.63313
72.85, 19.4902, 4.63607
72.875, 19.4639, 4.64285
72.9, 19.4507, 4.64425
72.925, 19.4517, 4.65167
72.95, 19.4573, 4.6518
72.975, 19.4507, 4.65308
73, 19.4397, 4.65819
73.025, 19.4257, 4.66049
73.05, 19.409, 4.66381
73.075, 19.3896, 4.67174
73.1, 19.373, 4.68337
73.125, 19.3582, 4.68848
73.15, 19.3423, 4.68912
73.175, 19.3288, 4.6982
73.2, 19.32, 4.70779
73.225, 19.3215, 4.72504
73.25, 19.3196, 4.73374
73.275, 19.3359, 4.7423
73.3, 19.3551, 4.74294
73.325, 19.3812, 4.74588
73.35, 19.4108, 4.75061
73.375, 19.4388, 4.76122
73.4, 19.467, 4.77132
73.425, 19.4974, 4.77247
73.45, 19.5266, 4.77247
73.475, 19.5698, 4.77247
73.5, 19.6188, 4.77247
73.525, 19.6647, 4.77247
73.55, 19.7089, 4.77247
73.575, 19.7577, 4.77234
73.6, 19.8042, 4.77234
73.625, 19.8211, 4.77221
73.65, 19.8258, 4.77221
73.675, 19.8155, 4.77234
73.7, 19.8014, 4.77221
73.725, 19.8069, 4.77234
73.75, 19.826, 4.77234
73.775, 19.883, 4.77234
73.8, 19.9518, 4.77221
73.825, 20.0313, 4.77055
73.85, 20.1116, 4.76224
73.875, 20.1348, 4.7331
73.9, 20.1328, 4.73029
73.925, 20.1075, 4.72185
73.95, 20.0727, 4.72172
73.975, 20.0094, 4.72057
74, 19.9478, 4.72006
74.025, 19.9462, 4.72044
74.05, 19.9617, 4.72044
74.075, 20.009, 4.72044
74.1, 20.0609, 4.72044
74.125, 20.0688, 4.72019
74.15, 20.0582, 4.72019
74.175, 20.0021, 4.72031
74.2, 19.9339, 4.72083
74.225, 19.8578, 4.72083
74.25, 19.7818, 4.72083
74.275, 19.7551, 4.72236
74.3, 19.7468, 4.72364
74.325, 19.7591, 4.72428
74.35, 19.7776, 4.72492
74.375, 19.7967, 4.72492
74.4, 19.8143, 4.72492
74.425, 19.8288, 4.72492
74.45, 19.8413, 4.72492
74.475, 19.8522, 4.72492
74.5, 19.8616, 4.72466
74.525, 19.8773, 4.72466
74.55, 19.8945, 4.72453
74.575, 19.9116, 4.72249
74.6, 19.9244, 4.72249
74.625, 19.931, 4.72095
74.65, 19.9362, 4.71968
74.675, 19.9284, 4.71725
74.7, 19.9153, 4.71635
74.725, 19.902, 4.71392
74.75, 19.8841, 4.71341
74.775, 19.8657, 4.71303
74.8, 19.8499, 4.70676
74.825, 19.8389, 4.70497
74.85, 19.8312, 4.70485
74.875, 19.8287, 4.7051
74.9, 19.8513, 4.70497
74.925, 19.8834, 4.70472
74.95, 19.9175, 4.70025
74.975, 19.9534, 4.69552
75, 19.9832, 4.69181
75.025, 20.0047, 4.68721
75.05, 19.9871, 4.68618
75.075, 19.9556, 4.68478
75.1, 19.9246, 4.68465
75.125, 19.9113, 4.68478
75.15, 19.9101, 4.68503
75.175, 19.9159, 4.68503
75.2, 19.953, 4.68516
75.225, 19.999, 4.68503
75.25, 20.0429, 4.68248
75.275, 20.0201, 4.67902
75.3, 19.9753, 4.67724
75.325, 19.9259, 4.67711
75.35, 19.8515, 4.67762
75.375, 19.7724, 4.67787
75.4, 19.6979, 4.67839
75.425, 19.6974, 4.67915
75.45, 19.7233, 4.67992
75.475, 19.7527, 4.67992
75.5, 19.7825, 4.67992
75.525, 19.8038, 4.67979
75.55, 19.8151, 4.67941
75.575, 19.7792, 4.67954
75.6, 19.7293, 4.67979
75.625, 19.6801, 4.68235
75.65, 19.66, 4.68286
75.675, 19.6538, 4.68312
75.7, 19.651, 4.68606
75.725, 19.6725, 4.68874
75.75, 19.7003, 4.6927
75.775, 19.7285, 4.69462
75.8, 19.7324, 4.69475
75.825, 19.7265, 4.69526
75.85, 19.7181, 4.69526
75.875, 19.7021, 4.69526
75.9, 19.6844, 4.69539
75.925, 19.6702, 4.69526
75.95, 19.6715, 4.69552
75.975, 19.6784, 4.69552
76, 19.6864, 4.69564
76.025, 19.6914, 4.69577
76.05, 19.6941, 4.69654
76.075, 19.6949, 4.69692
76.1, 19.6875, 4.69705
76.125, 19.6778, 4.69705
76.15, 19.669, 4.69705
76.175, 19.6637, 4.69743
76.2, 19.66, 4.69743
76.225, 19.657, 4.69833
76.25, 19.6571, 4.69922
76.275, 19.6586, 4.70242
76.3, 19.659, 4.70395
76.325, 19.662, 4.70434
76.35, 19.6684, 4.70485
76.375, 19.6749, 4.71047
76.4, 19.6821, 4.71213
76.425, 19.6875, 4.71418
76.45, 19.6887, 4.71482
76.475, 19.6884, 4.71584
76.5, 19.6876, 4.71699
76.525, 19.6868, 4.71776
76.55, 19.7062, 4.71814
76.575, 19.7342, 4.71814
76.6, 19.7651, 4.7184
76.625, 19.8091, 4.7184
76.65, 19.8566, 4.7184
76.675, 19.9029, 4.71827
76.7, 19.9074, 4.71789
76.725, 19.8966, 4.71763
76.75, 19.883, 4.7175
76.775, 19.8563, 4.7175
76.8, 19.8264, 4.71763
76.825, 19.8055, 4.71763
76.85, 19.8363, 4.71763
76.875, 19.8828, 4.71763
76.9, 19.9286, 4.71763
76.925, 19.9483, 4.7175
76.95, 19.9522, 4.71763
76.975, 19.9473, 4.71776
77, 19.9013, 4.71763
77.025, 19.8435, 4.71776
77.05, 19.7875, 4.71801
77.075, 19.7784, 4.71814
77.1, 19.788, 4.71814
77.125, 19.8021, 4.7184
77.15, 19.8386, 4.71852
77.175, 19.8814, 4.71852
77.2, 19.9226, 4.71852
77.225, 19.9179, 4.71852
77.25, 19.8968, 4.71852
77.275, 19.8738, 4.71852
77.3, 19.8431, 4.71852
77.325, 19.8109, 4.71852
77.35, 19.7952, 4.71916
77.375, 19.7874, 4.7198
77.4, 19.7917, 4.7207
77.425, 19.8005, 4.72121
77.45, 19.8122, 4.73412
77.475, 19.8213, 4.7423
77.5, 19.817, 4.7469
77.525, 19.8055, 4.7478
77.55, 19.8027, 4.75802
77.575, 19.8045, 4.77477
77.6, 19.799, 4.78449
77.625, 19.7968, 4.78538
77.65, 19.8057, 4.78691
77.675, 19.8252, 4.79433
77.7, 19.8398, 4.79663
77.725, 19.8504, 4.79855
77.75, 19.8788, 4.80174
77.775, 19.9161, 4.80456
77.8, 19.9562, 4.80481
77.825, 19.9947, 4.80481
77.85, 20.0343, 4.80468
77.875, 20.0717, 4.80468
77.9, 20.0971, 4.80456
77.925, 20.1179, 4.80468
77.95, 20.1368, 4.80443
77.975, 20.1541, 4.80443
78, 20.1859, 4.80443
78.025, 20.2231, 4.80443
78.05, 20.2682, 4.80341
78.075, 20.3145, 4.80289
78.1, 20.3458, 4.79356
78.125, 20.3659, 4.79037
78.15, 20.3493, 4.7841
78.175, 20.3214, 4.78397
78.2, 20.2766, 4.7841
78.225, 20.2313, 4.78423
78.25, 20.2271, 4.78461
78.275, 20.2421, 4.78461
78.3, 20.2865, 4.78449
78.325, 20.3394, 4.78423
78.35, 20.3989, 4.78372
78.375, 20.4453, 4.76595
78.4, 20.4226, 4.76007
78.425, 20.3761, 4.75969
78.45, 20.333, 4.75521
78.475, 20.2811, 4.75406
78.5, 20.2514, 4.75381
78.525, 20.2441, 4.75393
78.55, 20.2491, 4.75393
78.575, 20.262, 4.75393
78.6, 20.286, 4.75381
78.625, 20.3098, 4.75393
78.65, 20.309, 4.7533
78.675, 20.2953, 4.75163
78.7, 20.2697, 4.75125
78.725, 20.2416, 4.75112
78.75, 20.211, 4.75125
78.775, 20.1844, 4.75138
78.8, 20.1749, 4.75138
78.825, 20.1712, 4.75125
78.85, 20.1732, 4.75112
78.875, 20.1777, 4.75061
78.9, 20.1826, 4.75061
78.925, 20.1873, 4.74831
78.95, 20.1915, 4.74332
78.975, 20.1957, 4.74256
79, 20.1965, 4.73335
79.025, 20.1973, 4.7285
79.05, 20.1951, 4.72709
79.075, 20.1934, 4.72722
79.1, 20.1786, 4.72249
79.125, 20.1587, 4.72108
79.15, 20.1561, 4.72057
79.175, 20.1585, 4.71686
79.2, 20.1639, 4.70779
79.225, 20.1707, 4.69462
79.25, 20.1871, 4.69155
79.275, 20.2032, 4.69091
79.3, 20.1806, 4.68171
79.325, 20.141, 4.6803
79.35, 20.1106, 4.67992
79.375, 20.0825, 4.67724
79.4, 20.0522, 4.67724
79.425, 20.0289, 4.67736
79.45, 20.0376, 4.67736
79.475, 20.0542, 4.67724
79.5, 20.0839, 4.67749
79.525, 20.1165, 4.67634
79.55, 20.0964, 4.67634
79.575, 20.0583, 4.67647
79.6, 19.9967, 4.6766
79.625, 19.9296, 4.67698
79.65, 19.8911, 4.67698
79.675, 19.8701, 4.67698
79.7, 19.9007, 4.67711
79.725, 19.9477, 4.67711
79.75, 20.0027, 4.6766
79.775, 20.0586, 4.67557
79.8, 20.0457, 4.65371
79.825, 20.0051, 4.64988
79.85, 19.931, 4.64911
79.875, 19.855, 4.64924
79.9, 19.761, 4.64962
79.925, 19.6735, 4.65013
79.95, 19.6462, 4.6541
79.975, 19.6361, 4.65602
80, 19.6533, 4.65819
80.025, 19.6755, 4.65589
80.05, 19.6788, 4.61626
80.075, 19.6765, 4.57241
80.1, 19.6599, 4.50364
80.125, 19.6504, 4.46976
80.15, 19.6245, 4.41429
80.175, 19.5945, 4.37952
80.2, 19.561, 4.32544
80.225, 19.5287, 4.2931
80.25, 19.4908, 4.22944
80.275, 19.4515, 4.20145
80.3, 19.4018, 4.14661
80.325, 19.3542, 4.11043
80.35, 19.27, 4.06313
80.375, 19.1758, 4.03169
80.4, 19.0799, 3.9918
80.425, 18.9805, 3.95217
80.45, 18.856, 3.91613
80.475, 18.7225, 3.89465
80.5, 18.569, 3.86793
80.525, 18.4109, 3.84569
80.55, 18.2331, 3.81987
80.575, 18.0547, 3.8168
80.6, 17.8825, 3.80504
80.625, 17.711, 3.79954
80.65, 17.5273, 3.78625
80.675, 17.3527, 3.78523
80.7, 17.1556, 3.77807
80.725, 16.9628, 3.77807
80.75, 16.7816, 3.77819
80.775, 16.609, 3.77986
80.8, 16.4491, 3.78101
80.825, 16.3014, 3.78113
80.85, 16.1908, 3.78203
80.875, 16.0982, 3.78203
80.9, 16.012, 3.78216
80.925, 15.9323, 3.78229
80.95, 15.8207, 3.78203
80.975, 15.6968, 3.78229
81, 15.5487, 3.78267
81.025, 15.3974, 3.78855
81.05, 15.2469, 3.7998
81.075, 15.1017, 3.81463
81.1, 14.9993, 3.84173
81.125, 14.9157, 3.84352
81.15, 14.8538, 3.8448
81.175, 14.7993, 3.84646
81.2, 14.7688, 3.85694
81.225, 14.7418, 3.86065
81.25, 14.678, 3.86563
81.275, 14.6066, 3.86755
81.3, 14.5349, 3.88366
81.325, 14.4661, 3.89184
81.35, 14.4278, 3.899
81.375, 14.3957, 3.90309
81.4, 14.3931, 3.9151
81.425, 14.3977, 3.91676
81.45, 14.3876, 3.92162
81.475, 14.374, 3.92341
81.5, 14.3581, 3.92469
81.525, 14.3388, 3.92712
81.55, 14.319, 3.93926
81.575, 14.3008, 3.9431
81.6, 14.2583, 3.94604
81.625, 14.2129, 3.95269
81.65, 14.1863, 3.95959
81.675, 14.1649, 3.96061
81.7, 14.1475, 3.96304
81.725, 14.1364, 3.9693
81.75, 14.1394, 3.97633
81.775, 14.1463, 3.98694
81.8, 14.1598, 4.00254
81.825, 14.1793, 4.00612
81.85, 14.1924, 4.00842
81.875, 14.2102, 4.0088
81.9, 14.2473, 4.01341
81.925, 14.2859, 4.01404
81.95, 14.3297, 4.01443
81.975, 14.3716, 4.01443
82, 14.4142, 4.01443
82.025, 14.457, 4.0143
82.05, 14.4871, 4.0143
82.075, 14.514, 4.0143
82.1, 14.5298, 4.01443
82.125, 14.5368, 4.01443
82.15, 14.5242, 4.01456
82.175, 14.5049, 4.01456
82.2, 14.4821, 4.01456
82.225, 14.4591, 4.01468
82.25, 14.4714, 4.01775
82.275, 14.4986, 4.02044
82.3, 14.5436, 4.02095
82.325, 14.593, 4.02095
82.35, 14.6343, 4.02108
82.375, 14.6657, 4.0212
82.4, 14.6471, 4.0212
82.425, 14.6141, 4.02133
82.45, 14.5742, 4.0235
82.475, 14.532, 4.03028
82.5, 14.5341, 4.03808
82.525, 14.554, 4.03846
82.55, 14.5963, 4.03846
82.575, 14.653, 4.03833
82.6, 14.7147, 4.03846
82.625, 14.7654, 4.03782
82.65, 14.7749, 4.03322
82.675, 14.7681, 4.03322
82.7, 14.7468, 4.03335
82.725, 14.7232, 4.03347
82.75, 14.7044, 4.03322
82.775, 14.6898, 4.03335
82.8, 14.6958, 4.03322
82.825, 14.7069, 4.03322
82.85, 14.728, 4.03284
82.875, 14.7519, 4.03271
82.9, 14.7736, 4.03296
82.925, 14.795, 4.03296
82.95, 14.8146, 4.03296
82.975, 14.8333, 4.03271
83, 14.8479, 4.03232
83.025, 14.8592, 4.03207
83.05, 14.8651, 4.02951
83.075, 14.8685, 4.02798
83.1, 14.8685, 4.02478
83.125, 14.868, 4.02363
83.15, 14.8808, 4.01596
83.175, 14.8959, 4.01136
83.2, 14.9226, 4.00944
83.225, 14.9504, 4.00919
83.25, 14.9649, 4.00343
83.275, 14.9727, 3.9927
83.3, 14.9801, 3.99167
83.325, 14.9859, 3.99155
83.35, 14.9866, 3.99155
83.375, 14.9829, 3.99155
83.4, 14.9831, 3.99155
83.425, 14.986, 3.98976
83.45, 14.9803, 3.98912
83.475, 14.9742, 3.98912
83.5, 14.9699, 3.98924
83.525, 14.9616, 3.98924
83.55, 14.9364, 3.98924
83.575, 14.9051, 3.98963
83.6, 14.8706, 3.9895
83.625, 14.8364, 3.98976
83.65, 14.8278, 3.99116
83.675, 14.8329, 3.99116
83.7, 14.8628, 3.99244
83.725, 14.8998, 3.99244
83.75, 14.9428, 3.99231
83.775, 14.9857, 3.99219
83.8, 14.9797, 3.99116
83.825, 14.9555, 3.99129
83.85, 14.9137, 3.99116
83.875, 14.867, 3.99142
83.9, 14.8352, 3.99155
83.925, 14.8149, 3.9918
83.95, 14.8307, 3.9918
83.975, 14.858, 3.9918
84, 14.8928, 3.9918
84.025, 14.9292, 3.9918
84.05, 14.9128, 3.99103
84.075, 14.8757, 3.99129
84.1, 14.8135, 3.99142
84.125, 14.7449, 3.99282
84.15, 14.6808, 4.00356
84.175, 14.6261, 4.0143
84.2, 14.6077, 4.02517
84.225, 14.6016, 4.02759
84.25, 14.6218, 4.03769
84.275, 14.6496, 4.03846
84.3, 14.6653, 4.04204
84.325, 14.6738, 4.04332
84.35, 14.6732, 4.04639
84.375, 14.6675, 4.04664
84.4, 14.6591, 4.0492
84.425, 14.6541, 4.05099
84.45, 14.6585, 4.05572
84.475, 14.6676, 4.05687
84.5, 14.6799, 4.05942
84.525, 14.6948, 4.06019
84.55, 14.7149, 4.06045
84.575, 14.7374, 4.0607
84.6, 14.7646, 4.06109
84.625, 14.7937, 4.06147
84.65, 14.8225, 4.0616
84.675, 14.8502, 4.0616
84.7, 14.8688, 4.06173
84.725, 14.8829, 4.06173
84.75, 14.8923, 4.06173
84.775, 14.8996, 4.06173
84.8, 14.9105, 4.06185
84.825, 14.9244, 4.06173
84.85, 14.9464, 4.06173
84.875, 14.9711, 4.06173
84.9, 14.9975, 4.06147
84.925, 15.0234, 4.06147
84.95, 15.0331, 4.0616
84.975, 15.0359, 4.0616
85, 15.0299, 4.06147
85.025, 15.0209, 4.06147
85.05, 15.0161, 4.06147
85.075, 15.018, 4.06147
85.1, 15.0469, 4.06134
85.125, 15.0845, 4.05955
85.15, 15.1293, 4.05674
85.175, 15.1751, 4.04754
85.2, 15.1901, 4.03808
85.225, 15.1905, 4.03079
85.25, 15.1704, 4.02964
85.275, 15.1373, 4.02913
85.3, 15.0934, 4.02427
85.325, 15.0484, 4.02325
85.35, 15.0522, 4.02338
85.375, 15.0784, 4.02325
85.4, 15.1124, 4.0189
85.425, 15.1473, 4.00561
85.45, 15.1531, 3.99487
85.475, 15.1418, 3.98771
85.5, 15.1028, 3.98515
85.525, 15.0518, 3.98567
85.55, 14.9879, 3.98656
85.575, 14.9223, 3.98784
85.6, 14.8799, 3.98899
85.625, 14.8518, 3.98963
85.65, 14.8356, 3.99001
85.675, 14.8243, 3.99014
85.7, 14.8197, 3.99001
85.725, 14.814, 3.99014
85.75, 14.8001, 3.99001
85.775, 14.7838, 3.99001
85.8, 14.7647, 3.99027
85.825, 14.7461, 3.99142
85.85, 14.735, 3.99167
85.875, 14.7276, 3.99231
85.9, 14.7282, 3.99832
85.925, 14.7309, 3.99909
85.95, 14.7358, 3.99922
85.975, 14.7396, 3.99934
86, 14.7535, 3.99973
86.025, 14.7701, 4.00318
86.05, 14.7787, 4.0097
86.075, 14.7864, 4.01545
86.1, 14.7808, 4.01545
86.125, 14.7714, 4.01583
86.15, 14.7743, 4.01813
86.175, 14.7802, 4.01839
86.2, 14.7844, 4.02785
86.225, 14.7881, 4.02887
86.25, 14.803, 4.0382
86.275, 14.8194, 4.0391
86.3, 14.8467, 4.03961
86.325, 14.8741, 4.03961
86.35, 14.8889, 4.03961
86.375, 14.8964, 4.03999
86.4, 14.869, 4.03999
86.425, 14.8331, 4.03999
86.45, 14.7949, 4.04281
86.475, 14.7567, 4.04421
86.5, 14.7743, 4.04792
86.525, 14.8098, 4.04805
86.55, 14.8671, 4.04805
86.575, 14.9288, 4.04779
86.6, 14.9757, 4.04741
86.625, 15.009, 4.04306
86.65, 14.992, 4.04191
86.675, 14.9581, 4.04153
86.7, 14.9199, 4.04178
86.725, 14.8764, 4.04191
86.75, 14.8677, 4.0423
86.775, 14.8762, 4.04319
86.8, 14.902, 4.04306
86.825, 14.9349, 4.04306
86.85, 14.9666, 4.04293
86.875, 14.9907, 4.04268
86.9, 14.98, 4.04281
86.925, 14.9562, 4.04293
86.95, 14.9244, 4.04293
86.975, 14.8912, 4.04293
87, 14.8679, 4.04306
87.025, 14.8507, 4.04306
87.05, 14.8449, 4.04319
87.075, 14.8438, 4.04332
87.1, 14.849, 4.04332
87.125, 14.8563, 4.04332
87.15, 14.8574, 4.04319
87.175, 14.8562, 4.04319
87.2, 14.8542, 4.04332
87.225, 14.8524, 4.04319
87.25, 14.8523, 4.04332
87.275, 14.8534, 4.04332
87.3, 14.8591, 4.04332
87.325, 14.8667, 4.04345
87.35, 14.8757, 4.04357
87.375, 14.8847, 4.04396
87.4, 14.8983, 4.04894
87.425, 14.9138, 4.0492
87.45, 14.9313, 4.0492
87.475, 14.9499, 4.04933
87.5, 14.9746, 4.04933
87.525, 15.0002, 4.0492
87.55, 15.0191, 4.04843
87.575, 15.0367, 4.04843
87.6, 15.0502, 4.0483
87.625, 15.0619, 4.04805
87.65, 15.0763, 4.046
87.675, 15.0908, 4.04089
87.7, 15.1088, 4.04025
87.725, 15.13, 4.03999
87.75, 15.1465, 4.03002
87.775, 15.1542, 4.02823
87.8, 15.1366, 4.02133
87.825, 15.1157, 4.02031
87.85, 15.0756, 4.01225
87.875, 15.0305, 4.01123
87.9, 15.007, 4.01085
87.925, 14.9951, 4.01098
87.95, 15.0056, 4.01098
87.975, 15.0217, 4.01021
88, 15.0489, 4.00957
88.025, 15.0779, 4.00625
88.05, 15.0554, 4.00407
88.075, 15.0146, 4.00395
88.1, 14.9595, 4.00343
88.125, 14.9001, 4.00331
88.15, 14.8596, 4.00343
88.175, 14.8323, 4.00382
88.2, 14.8336, 4.00522
88.225, 14.8454, 4.00522
88.25, 14.8676, 4.00522
88.275, 14.8918, 4.00522
88.3, 14.886, 4.00535
88.325, 14.8688, 4.00561
88.35, 14.8393, 4.00586
88.375, 14.8068, 4.00599
88.4, 14.7765, 4.01404
88.425, 14.7504, 4.01903
88.45, 14.7368, 4.02593
88.475, 14.7287, 4.02977
88.5, 14.7369, 4.03322
88.525, 14.7479, 4.03526
88.55, 14.7595, 4.03603
88.575, 14.7738, 4.03693
88.6, 14.7828, 4.04178
88.625, 14.7898, 4.04281
88.65, 14.7989, 4.04818
88.675, 14.8075, 4.04881
88.7, 14.8238, 4.04971
88.725, 14.84, 4.04984
88.75, 14.8601, 4.04996
88.775, 14.8811, 4.04984
88.8, 14.9007, 4.04984
88.825, 14.9206, 4.04996
88.85, 14.9445, 4.04996
88.875, 14.9687, 4.04996
88.9, 14.9931, 4.04996
88.925, 15.0165, 4.04984
88.95, 15.0251, 4.04984
88.975, 15.0272, 4.04984
89, 15.023, 4.04996
89.025, 15.017, 4.04984
89.05, 15.0179, 4.04971
89.075, 15.0231, 4.04971
89.1, 15.0424, 4.04984
89.125, 15.0659, 4.04971
89.15, 15.0915, 4.04881
89.175, 15.1172, 4.04856
89.2, 15.1127, 4.04575
89.225, 15.0959, 4.04524
89.25, 15.0644, 4.04524
89.275, 15.0325, 4.04536
89.3, 15.0042, 4.04536
89.325, 14.9846, 4.04511
89.35, 15.0087, 4.04536
89.375, 15.0463, 4.04511
89.4, 15.0955, 4.03117
89.425, 15.1464, 4.02235
89.45, 15.1548, 3.99947
89.475, 15.1449, 3.99474
89.5, 15.0972, 3.99206
89.525, 15.0362, 3.98835
89.55, 14.9621, 3.98822
89.575, 14.8965, 3.98784
89.6, 14.8893, 3.98835
89.625, 14.8988, 3.98809
89.65, 14.9249, 3.98758
89.675, 14.9569, 3.98618
89.7, 14.9518, 3.97812
89.725, 14.9307, 3.97723
89.75, 14.875, 3.97723
89.775, 14.8094, 3.97723
89.8, 14.7333, 3.97889
89.825, 14.6566, 3.97915
89.85, 14.6211, 3.98285
89.875, 14.5996, 3.98362
89.9, 14.5927, 3.98771
89.925, 14.5906, 3.98899
89.95, 14.5927, 3.98899
89.975, 14.597, 3.98937
