0, 1.82663, -1.68245
0.025, 2.82609, -0.89182
0.05, 2.82609, -0.89182
0.075, 2.82609, -0.89182
0.1, 2.63094, -0.521061
0.125, 1.17725, 0.229802
0.15, 1.17725, 0.229802
0.175, 0.423012, 0.506939
0.2, 0.0640819, 0.632365
0.225, 0.0640819, 0.632365
0.25, 0.0640819, 0.632365
0.275, 0.0640819, 0.632365
0.3, 0.0640819, 0.632365
0.325, 0.0640819, 0.632365
0.35, 0.604317, -2.34546
0.375, 0.604317, -2.34546
0.4, 0.604317, -2.34546
0.425, 0.70564, -2.37982
0.45, 0.70564, -2.37982
0.475, 0.702491, -2.35317
0.5, 0.708961, -2.33461
0.525, 0.708961, -2.33461
0.55, 0.708961, -2.33461
0.575, 0.778037, -2.27069
0.6, 0.753122, -2.29059
0.625, 0.692211, -2.33215
0.65, 0.637657, -2.36502
0.675, 0.708252, -2.32551
0.7, 0.708252, -2.32551
0.725, 1.06486, -2.13506
0.75, 1.4009, -1.94157
0.775, 1.5605, -1.84305
0.8, 1.5605, -1.84305
0.825, 1.58565, -1.82844
0.85, 1.52436, -1.86209
0.875, 1.49583, -1.87676
0.9, 1.50446, -1.87252
0.925, 1.50446, -1.87252
0.95, 1.48471, -1.88146
0.975, 1.48788, -1.8801
1, 1.49486, -1.8772
1.025, 1.49486, -1.8772
1.05, 1.49486, -1.8772
1.075, 1.56543, -1.85004
1.1, 1.56543, -1.85004
1.125, 1.56543, -1.85004
1.15, 1.56543, -1.85004
1.175, 1.61945, -1.83041
1.2, 1.61945, -1.83041
1.225, 1.64453, -1.82168
1.25, 1.64453, -1.82168
1.275, 1.65021, -1.81978
1.3, 1.65021, -1.81978
1.325, 1.66751, -1.81418
1.35, 1.66751, -1.81418
1.375, 1.69351, -1.80609
1.4, 1.69351, -1.80609
1.425, 1.69351, -1.80609
1.45, 1.69875, -1.80457
1.475, 1.69875, -1.80457
1.5, 1.71249, -1.80069
1.525, 1.74116, -1.79266
1.55, 1.78513, -1.78045
1.575, 1.78513, -1.78045
1.6, 1.78939, -1.77933
1.625, 1.78939, -1.77933
1.65, 1.78335, -1.78082
1.675, 1.78335, -1.78082
1.7, 1.78335, -1.78082
1.725, 1.82776, -1.77033
1.75, 1.87945, -1.75792
1.775, 1.90556, -1.75166
1.8, 1.90556, -1.75166
1.825, 1.9161, -1.74925
1.85, 1.9161, -1.74925
1.875, 1.93728, -1.74459
1.9, 1.93728, -1.74459
1.925, 1.93728, -1.74459
1.95, 1.93728, -1.74459
1.975, 1.93728, -1.74459
2, 1.93728, -1.74459
2.025, 1.96133, -1.73913
2.05, 1.96133, -1.73913
2.075, 1.96133, -1.73913
2.1, 1.96133, -1.73913
2.125, 1.96133, -1.73913
2.15, 1.96133, -1.73913
2.175, 1.96133, -1.73913
2.2, 1.96133, -1.73913
2.225, 2.01196, -1.72694
2.25, 2.01196, -1.72694
2.275, 2.01196, -1.72694
2.3, 2.03458, -1.72149
2.325, 2.03458, -1.72149
2.35, 2.04759, -1.71805
2.375, 2.04759, -1.71805
2.4, 2.04759, -1.71805
2.425, 2.0726, -1.70981
2.45, 2.0726, -1.70981
2.475, 2.0726, -1.70981
2.5, 2.0726, -1.70981
2.525, 2.08854, -1.70355
2.55, 2.08854, -1.70355
2.575, 2.08854, -1.70355
2.6, 2.08854, -1.70355
2.625, 2.08854, -1.70355
2.65, 2.09483, -1.69837
2.675, 2.09845, -1.69541
2.7, 2.09845, -1.69541
2.725, 2.10035, -1.69403
2.75, 2.10035, -1.69403
2.775, 2.10227, -1.6922
2.8, 2.10227, -1.6922
2.825, 2.10369, -1.69034
2.85, 2.10369, -1.69034
2.875, 2.10369, -1.69034
2.9, 2.10252, -1.69107
2.925, 2.10079, -1.69194
2.95, 2.10079, -1.69194
2.975, 2.09868, -1.69278
3, 2.09868, -1.69278
3.025, 2.09854, -1.69284
3.05, 2.09907, -1.69265
3.075, 2.09932, -1.69258
3.1, 2.09932, -1.69258
3.125, 2.09792, -1.69291
3.15, 2.0938, -1.69377
3.175, 2.0938, -1.69377
3.2, 2.0938, -1.69377
3.225, 2.08145, -1.696
3.25, 2.08145, -1.696
3.275, 2.08145, -1.696
3.3, 2.08145, -1.696
3.325, 2.08145, -1.696
3.35, 2.08145, -1.696
3.375, 2.08145, -1.696
3.4, 2.0774, -1.6965
3.425, 2.0774, -1.6965
3.45, 2.0774, -1.6965
3.475, 2.0774, -1.6965
3.5, 2.0774, -1.6965
3.525, 2.0774, -1.6965
3.55, 2.03969, -1.70026
3.575, 2.03191, -1.70101
3.6, 2.05331, -1.69896
3.625, 2.05331, -1.69896
3.65, 2.05331, -1.69896
3.675, 2.07597, -1.6968
3.7, 2.08253, -1.69619
3.725, 2.08253, -1.69619
3.75, 2.07487, -1.69686
3.775, 2.06925, -1.69734
3.8, 2.06925, -1.69734
3.825, 2.06925, -1.69734
3.85, 2.09309, -1.69524
3.875, 2.09309, -1.69524
3.9, 2.09309, -1.69524
3.925, 2.09309, -1.69524
3.95, 2.09309, -1.69524
3.975, 2.09309, -1.69524
4, 2.10923, -1.69386
4.025, 2.12539, -1.69245
4.05, 2.12539, -1.69245
4.075, 2.12539, -1.69245
4.1, 2.12539, -1.69245
4.125, 2.14103, -1.69094
4.15, 2.14103, -1.69094
4.175, 2.14103, -1.69094
4.2, 2.14103, -1.69094
4.225, 2.14103, -1.69094
4.25, 2.15484, -1.68926
4.275, 2.16962, -1.68721
4.3, 2.18494, -1.68483
4.325, 2.19486, -1.68327
4.35, 2.19486, -1.68327
4.375, 2.19486, -1.68327
4.4, 2.20039, -1.68218
4.425, 2.20039, -1.68218
4.45, 2.20039, -1.68218
4.475, 2.20335, -1.68036
4.5, 2.20335, -1.68036
4.525, 2.20335, -1.68036
4.55, 2.20335, -1.68036
4.575, 2.20307, -1.67981
4.6, 2.20306, -1.67974
4.625, 2.20306, -1.67974
4.65, 2.20306, -1.67974
4.675, 2.19857, -1.6787
4.7, 2.19857, -1.6787
4.725, 2.19857, -1.6787
4.75, 2.1857, -1.6773
4.775, 2.1857, -1.6773
4.8, 2.1857, -1.6773
4.825, 2.18556, -1.67728
4.85, 2.18556, -1.67728
4.875, 2.18897, -1.67769
4.9, 2.18897, -1.67769
4.925, 2.18897, -1.67769
4.95, 2.18731, -1.67748
4.975, 2.18731, -1.67748
5, 2.18117, -1.67647
5.025, 2.18117, -1.67647
5.05, 2.17642, -1.67559
5.075, 2.17642, -1.67559
5.1, 2.17521, -1.67542
5.125, 2.17425, -1.67529
5.15, 2.17425, -1.67529
5.175, 2.17425, -1.67529
5.2, 2.17425, -1.67529
5.225, 2.17471, -1.67567
5.25, 2.17471, -1.67567
5.275, 2.17499, -1.67608
5.3, 2.1753, -1.67646
5.325, 2.1753, -1.67646
5.35, 2.17477, -1.67716
5.375, 2.17477, -1.67716
5.4, 2.16931, -1.67823
5.425, 2.16931, -1.67823
5.45, 2.16931, -1.67823
5.475, 2.15481, -1.67988
5.5, 2.15288, -1.68009
5.525, 2.15076, -1.68033
5.55, 2.15076, -1.68033
5.575, 2.15076, -1.68033
5.6, 2.12495, -1.68225
5.625, 2.12495, -1.68225
5.65, 2.09116, -1.68424
5.675, 2.09116, -1.68424
5.7, 2.09116, -1.68424
5.725, 2.09116, -1.68424
5.75, 2.09116, -1.68424
5.775, 2.09116, -1.68424
5.8, 2.09116, -1.68424
5.825, 2.09116, -1.68424
5.85, 2.02416, -1.68722
5.875, 2.02416, -1.68722
5.9, 2.07396, -1.68499
5.925, 2.07396, -1.68499
5.95, 2.12703, -1.68245
5.975, 2.12703, -1.68245
6, 2.12281, -1.68265
6.025, 2.12281, -1.68265
6.05, 2.12281, -1.68265
6.075, 2.11512, -1.683
6.1, 2.11512, -1.683
6.125, 2.1417, -1.68171
6.15, 2.1417, -1.68171
6.175, 2.1417, -1.68171
6.2, 2.1417, -1.68171
6.225, 2.1417, -1.68171
6.25, 2.15904, -1.68062
6.275, 2.15904, -1.68062
6.3, 2.15904, -1.68062
6.325, 2.1717, -1.67962
6.35, 2.18365, -1.67853
6.375, 2.18365, -1.67853
6.4, 2.18365, -1.67853
6.425, 2.19602, -1.67706
6.45, 2.19602, -1.67706
6.475, 2.19602, -1.67706
6.5, 2.19602, -1.67706
6.525, 2.19602, -1.67706
6.55, 2.19602, -1.67706
6.575, 2.19602, -1.67706
6.6, 2.1795, -1.67483
6.625, 2.1795, -1.67483
6.65, 2.1795, -1.67483
6.675, 2.17459, -1.67441
6.7, 2.17459, -1.67441
6.725, 2.17459, -1.67441
6.75, 2.17459, -1.67441
6.775, 2.15477, -1.67336
6.8, 2.11735, -1.67176
6.825, 2.08306, -1.67045
6.85, 2.05451, -1.66939
6.875, 2.05298, -1.66933
6.9, 2.07409, -1.67031
6.925, 2.07409, -1.67031
6.95, 2.08728, -1.67091
6.975, 2.08728, -1.67091
7, 2.08728, -1.67091
7.025, 2.08796, -1.67094
7.05, 2.08578, -1.67086
7.075, 2.091, -1.67106
7.1, 2.091, -1.67106
7.125, 2.091, -1.67106
7.15, 2.091, -1.67106
7.175, 2.08726, -1.67092
7.2, 2.07821, -1.67064
7.225, 2.07416, -1.67051
7.25, 2.07416, -1.67051
7.275, 2.07416, -1.67051
7.3, 2.07416, -1.67051
7.325, 2.07416, -1.67051
7.35, 2.07416, -1.67051
7.375, 2.07416, -1.67051
7.4, 2.07416, -1.67051
7.425, 2.08414, -1.67192
7.45, 2.08414, -1.67192
7.475, 2.08031, -1.67484
7.5, 2.05129, -1.67912
7.525, 2.05129, -1.67912
7.55, 2.05129, -1.67912
7.575, 2.05129, -1.67912
7.6, 2.05129, -1.67912
7.625, 2.06183, -1.67824
7.65, 2.06183, -1.67824
7.675, 2.06183, -1.67824
7.7, 2.00593, -1.68135
7.725, 2.00593, -1.68135
7.75, 1.83622, -1.68874
7.775, 1.83622, -1.68874
7.8, 1.83622, -1.68874
7.825, 1.84184, -1.68851
7.85, 1.85577, -1.68795
7.875, 1.85577, -1.68795
7.9, 1.85577, -1.68795
7.925, 1.85577, -1.68795
7.95, 1.85577, -1.68795
7.975, 1.77571, -1.69047
8, 1.77571, -1.69047
8.025, 1.77571, -1.69047
8.05, 1.77571, -1.69047
8.075, 1.77571, -1.69047
8.1, 1.77571, -1.69047
8.125, 1.79309, -1.68995
8.15, 1.79309, -1.68995
8.175, 1.81437, -1.68934
8.2, 1.81437, -1.68934
8.225, 1.81437, -1.68934
8.25, 1.81437, -1.68934
8.275, 1.81437, -1.68934
8.3, 1.86709, -1.68742
8.325, 1.86709, -1.68742
8.35, 1.91242, -1.6858
8.375, 1.91242, -1.6858
8.4, 1.94734, -1.68432
8.425, 1.94734, -1.68432
8.45, 1.97797, -1.68244
8.475, 1.97797, -1.68244
8.5, 1.97797, -1.68244
8.525, 1.97797, -1.68244
8.55, 1.98588, -1.68072
8.575, 1.98588, -1.68072
8.6, 1.98548, -1.67956
8.625, 1.98548, -1.67956
8.65, 1.97201, -1.67814
8.675, 1.94513, -1.67631
8.7, 1.94513, -1.67631
8.725, 1.94513, -1.67631
8.75, 1.94513, -1.67631
8.775, 1.94513, -1.67631
8.8, 1.94513, -1.67631
8.825, 1.9542, -1.67654
8.85, 1.94186, -1.67621
8.875, 1.94186, -1.67621
8.9, 1.94186, -1.67621
8.925, 1.94186, -1.67621
8.95, 1.94186, -1.67621
8.975, 1.94186, -1.67621
9, 1.90669, -1.67534
9.025, 1.90669, -1.67534
9.05, 1.90669, -1.67534
9.075, 1.80105, -1.67364
9.1, 1.80105, -1.67364
9.125, 1.80105, -1.67364
9.15, 1.77749, -1.67331
9.175, 1.77749, -1.67331
9.2, 1.77749, -1.67331
9.225, 1.77749, -1.67331
9.25, 1.77394, -1.67323
9.275, 1.77394, -1.67323
9.3, 1.77394, -1.67323
9.325, 1.77394, -1.67323
9.35, 1.76835, -1.67311
9.375, 1.79351, -1.67362
9.4, 1.83114, -1.67451
9.425, 1.87054, -1.67557
9.45, 1.91128, -1.67682
9.475, 1.91128, -1.67682
9.5, 1.93668, -1.67786
9.525, 1.93668, -1.67786
9.55, 1.93668, -1.67786
9.575, 1.93882, -1.67801
9.6, 1.93882, -1.67801
9.625, 1.94364, -1.67891
9.65, 1.94725, -1.68025
9.675, 1.94467, -1.68226
9.7, 1.94043, -1.68336
9.725, 1.94043, -1.68336
9.75, 1.9326, -1.68428
9.775, 1.9326, -1.68428
9.8, 1.88594, -1.68688
9.825, 1.88594, -1.68688
9.85, 1.88594, -1.68688
9.875, 1.86536, -1.68776
9.9, 1.86536, -1.68776
9.925, 1.86536, -1.68776
9.95, 1.86922, -1.6876
9.975, 1.86922, -1.6876
10, 1.86922, -1.6876
10.025, 1.86922, -1.6876
10.05, 1.85048, -1.68819
10.075, 1.85048, -1.68819
10.1, 1.85048, -1.68819
10.125, 1.80837, -1.68944
10.15, 1.81411, -1.68926
10.175, 1.81411, -1.68926
10.2, 1.81411, -1.68926
10.225, 1.81411, -1.68926
10.25, 1.81411, -1.68926
10.275, 1.81648, -1.68921
10.3, 1.81648, -1.68921
10.325, 1.81648, -1.68921
10.35, 1.81648, -1.68921
10.375, 1.87107, -1.68748
10.4, 1.94347, -1.68504
10.425, 1.94347, -1.68504
10.45, 2.00233, -1.6831
10.475, 2.00233, -1.6831
10.5, 2.03762, -1.68184
10.525, 2.03762, -1.68184
10.55, 2.03762, -1.68184
10.575, 2.04833, -1.68089
10.6, 2.04833, -1.68089
10.625, 2.04833, -1.68089
10.65, 2.05152, -1.67966
10.675, 2.05152, -1.67966
10.7, 2.05152, -1.67966
10.725, 2.05152, -1.67966
10.75, 1.98076, -1.67838
10.775, 1.98076, -1.67838
10.8, 1.88684, -1.677
10.825, 1.88684, -1.677
10.85, 1.88684, -1.677
10.875, 1.88684, -1.677
10.9, 1.88684, -1.677
10.925, 1.88684, -1.677
10.95, 1.88684, -1.677
10.975, 1.88684, -1.677
11, 1.88684, -1.677
11.025, 1.88684, -1.677
11.05, 1.88684, -1.677
11.075, 1.86608, -1.67678
11.1, 1.88657, -1.67696
11.125, 1.92745, -1.67733
11.15, 1.92745, -1.67733
11.175, 1.90729, -1.67713
11.2, 1.91158, -1.67716
11.225, 1.91158, -1.67716
11.25, 1.92473, -1.67729
11.275, 1.9611, -1.67761
11.3, 1.98658, -1.6779
11.325, 1.98658, -1.6779
11.35, 1.98658, -1.6779
11.375, 1.98658, -1.6779
11.4, 1.98658, -1.6779
11.425, 1.98658, -1.6779
11.45, 1.98658, -1.6779
11.475, 1.98658, -1.6779
11.5, 1.98609, -1.6777
11.525, 1.98609, -1.6777
11.55, 2.00557, -1.67859
11.575, 2.00557, -1.67859
11.6, 2.00557, -1.67859
11.625, 2.00557, -1.67859
11.65, 2.00479, -1.67961
11.675, 2.00519, -1.68088
11.7, 1.99199, -1.68309
11.725, 1.99199, -1.68309
11.75, 1.99199, -1.68309
11.775, 1.99199, -1.68309
11.8, 1.99199, -1.68309
11.825, 1.99199, -1.68309
11.85, 1.99199, -1.68309
11.875, 1.99199, -1.68309
11.9, 1.99199, -1.68309
11.925, 1.99199, -1.68309
11.95, 1.99199, -1.68309
11.975, 1.87392, -1.68678
12, 1.87392, -1.68678
12.025, 1.87392, -1.68678
12.05, 1.87392, -1.68678
12.075, 1.92011, -1.68554
12.1, 1.94533, -1.68488
12.125, 1.94533, -1.68488
12.15, 1.96337, -1.68444
12.175, 1.96337, -1.68444
12.2, 1.96337, -1.68444
12.225, 1.96337, -1.68444
12.25, 1.97624, -1.68412
12.275, 1.97624, -1.68412
12.3, 1.97176, -1.68424
12.325, 1.97176, -1.68424
12.35, 1.97176, -1.68424
12.375, 2.00909, -1.6833
12.4, 2.05773, -1.68191
12.425, 2.05773, -1.68191
12.45, 2.05773, -1.68191
12.475, 2.07307, -1.68138
12.5, 2.07307, -1.68138
12.525, 2.09105, -1.68075
12.55, 2.09105, -1.68075
12.575, 2.09105, -1.68075
12.6, 2.09105, -1.68075
12.625, 2.09105, -1.68075
12.65, 2.09105, -1.68075
12.675, 2.09105, -1.68075
12.7, 2.09105, -1.68075
12.725, 2.0814, -1.68074
12.75, 2.0814, -1.68074
12.775, 2.0814, -1.68074
12.8, 2.07738, -1.68033
12.825, 2.07738, -1.68033
12.85, 2.06852, -1.67971
12.875, 2.05611, -1.67896
12.9, 2.04232, -1.67829
12.925, 2.03001, -1.67778
12.95, 2.03001, -1.67778
12.975, 2.03001, -1.67778
13, 2.03001, -1.67778
13.025, 2.01477, -1.6774
13.05, 1.98821, -1.67684
13.075, 1.98821, -1.67684
13.1, 1.96147, -1.67638
13.125, 1.96147, -1.67638
13.15, 1.96119, -1.67638
13.175, 1.96119, -1.67638
13.2, 1.95806, -1.67631
13.225, 1.95806, -1.67631
13.25, 1.95806, -1.67631
13.275, 1.95806, -1.67631
13.3, 1.95806, -1.67631
13.325, 1.94288, -1.67601
13.35, 1.94288, -1.67601
13.375, 1.94288, -1.67601
13.4, 1.94288, -1.67601
13.425, 1.95363, -1.67647
13.45, 1.97732, -1.67689
13.475, 1.97732, -1.67689
13.5, 1.97732, -1.67689
13.525, 1.96265, -1.67648
13.55, 1.96265, -1.67648
13.575, 1.96265, -1.67648
13.6, 1.96435, -1.67654
13.625, 1.96435, -1.67654
13.65, 1.96435, -1.67654
13.675, 1.97826, -1.67725
13.7, 1.97826, -1.67725
13.725, 1.97826, -1.67725
13.75, 1.97826, -1.67725
13.775, 1.97826, -1.67725
13.8, 1.97905, -1.67673
13.825, 1.98037, -1.6769
13.85, 1.98037, -1.6769
13.875, 1.98037, -1.6769
13.9, 1.98037, -1.6769
13.925, 1.98037, -1.6769
13.95, 1.98037, -1.6769
13.975, 1.98037, -1.6769
14, 1.98037, -1.6769
14.025, 1.98037, -1.6769
14.05, 1.98037, -1.6769
14.075, 1.98037, -1.6769
14.1, 1.96776, -1.67742
14.125, 1.95092, -1.67815
14.15, 1.93707, -1.67873
14.175, 1.93707, -1.67873
14.2, 1.93707, -1.67873
14.225, 1.93707, -1.67873
14.25, 1.93707, -1.67873
14.275, 1.93707, -1.67873
14.3, 1.90503, -1.67973
14.325, 1.8948, -1.68006
14.35, 1.89217, -1.68014
14.375, 1.89217, -1.68014
14.4, 1.89217, -1.68014
14.425, 1.89217, -1.68014
14.45, 1.85381, -1.68111
14.475, 1.85381, -1.68111
14.5, 1.87299, -1.68055
14.525, 1.87299, -1.68055
14.55, 1.87299, -1.68055
14.575, 1.87299, -1.68055
14.6, 1.87299, -1.68055
14.625, 1.87299, -1.68055
14.65, 1.87299, -1.68055
14.675, 1.87299, -1.68055
14.7, 1.87326, -1.68053
14.725, 1.87326, -1.68053
14.75, 1.87326, -1.68053
14.775, 1.87326, -1.68053
14.8, 1.87326, -1.68053
14.825, 1.87326, -1.68053
14.85, 1.87326, -1.68053
14.875, 1.87322, -1.68066
14.9, 1.88148, -1.67991
14.925, 1.88148, -1.67991
14.95, 1.88148, -1.67991
14.975, 1.88148, -1.67991
15, 1.85001, -1.67948
15.025, 1.85001, -1.67948
15.05, 1.84691, -1.67938
15.075, 1.84691, -1.67938
15.1, 1.84691, -1.67938
15.125, 1.84691, -1.67938
15.15, 1.83007, -1.67866
15.175, 1.77684, -1.67765
15.2, 1.77684, -1.67765
15.225, 1.77684, -1.67765
15.25, 1.73412, -1.67741
15.275, 1.73412, -1.67741
15.3, 1.73412, -1.67741
15.325, 1.70461, -1.67704
15.35, 1.70214, -1.67702
15.375, 1.7191, -1.67717
15.4, 1.7191, -1.67717
15.425, 1.7191, -1.67717
15.45, 1.7191, -1.67717
15.475, 1.7139, -1.67708
15.5, 1.7139, -1.67708
15.525, 1.7139, -1.67708
15.55, 1.72826, -1.67746
15.575, 1.7512, -1.67778
15.6, 1.7512, -1.67778
15.625, 1.7512, -1.67778
15.65, 1.7512, -1.67778
15.675, 1.75593, -1.67801
15.7, 1.75593, -1.67801
15.725, 1.77151, -1.67867
15.75, 1.77151, -1.67867
15.775, 1.78333, -1.67919
15.8, 1.79559, -1.67954
15.825, 1.79559, -1.67954
15.85, 1.80054, -1.67984
15.875, 1.80054, -1.67984
15.9, 1.80144, -1.68065
15.925, 1.79817, -1.68188
15.95, 1.79817, -1.68188
15.975, 1.79817, -1.68188
16, 1.79817, -1.68188
16.025, 1.79817, -1.68188
16.05, 1.77033, -1.68323
16.075, 1.73443, -1.6848
16.1, 1.73443, -1.6848
16.125, 1.66933, -1.68702
16.15, 1.66933, -1.68702
16.175, 1.66933, -1.68702
16.2, 1.66933, -1.68702
16.225, 1.67482, -1.68686
16.25, 1.67482, -1.68686
16.275, 1.67482, -1.68686
16.3, 1.67482, -1.68686
16.325, 1.64732, -1.68752
16.35, 1.64732, -1.68752
16.375, 1.64732, -1.68752
16.4, 1.64732, -1.68752
16.425, 1.64732, -1.68752
16.45, 1.64732, -1.68752
16.475, 1.64732, -1.68752
16.5, 1.64732, -1.68752
16.525, 1.59845, -1.68807
16.55, 1.59658, -1.68812
16.575, 1.59658, -1.68812
16.6, 1.62588, -1.68743
16.625, 1.62588, -1.68743
16.65, 1.67134, -1.68629
16.675, 1.67134, -1.68629
16.7, 1.69928, -1.68559
16.725, 1.72744, -1.68483
16.75, 1.74075, -1.68446
16.775, 1.74231, -1.68442
16.8, 1.74231, -1.68442
16.825, 1.75469, -1.68389
16.85, 1.75469, -1.68389
16.875, 1.75469, -1.68389
16.9, 1.75166, -1.68344
16.925, 1.75166, -1.68344
16.95, 1.75166, -1.68344
16.975, 1.75166, -1.68344
17, 1.74154, -1.68333
17.025, 1.73086, -1.68282
17.05, 1.70577, -1.68208
17.075, 1.70577, -1.68208
17.1, 1.66994, -1.68169
17.125, 1.65332, -1.68142
17.15, 1.65087, -1.68137
17.175, 1.65087, -1.68137
17.2, 1.65543, -1.68148
17.225, 1.65926, -1.68154
17.25, 1.64658, -1.68138
17.275, 1.6179, -1.68111
17.3, 1.59877, -1.68094
17.325, 1.58954, -1.68085
17.35, 1.59848, -1.68094
17.375, 1.59848, -1.68094
17.4, 1.59848, -1.68094
17.425, 1.59848, -1.68094
17.45, 1.59848, -1.68094
17.475, 1.57418, -1.68026
17.5, 1.57418, -1.68026
17.525, 1.57418, -1.68026
17.55, 1.57761, -1.68032
17.575, 1.57761, -1.68032
17.6, 1.59814, -1.68078
17.625, 1.59814, -1.68078
17.65, 1.59814, -1.68078
17.675, 1.59814, -1.68078
17.7, 1.60469, -1.68142
17.725, 1.60469, -1.68142
17.75, 1.60469, -1.68142
17.775, 1.60443, -1.68136
17.8, 1.60443, -1.68136
17.825, 1.60443, -1.68136
17.85, 1.60443, -1.68136
17.875, 1.60443, -1.68136
17.9, 1.59576, -1.68281
17.925, 1.59924, -1.68449
17.95, 1.59924, -1.68449
17.975, 1.59924, -1.68449
18, 1.59924, -1.68449
18.025, 1.59924, -1.68449
18.05, 1.59924, -1.68449
18.075, 1.59924, -1.68449
18.1, 1.59924, -1.68449
18.125, 1.60317, -1.68428
18.15, 1.60317, -1.68428
18.175, 1.59448, -1.68465
18.2, 1.59448, -1.68465
18.225, 1.54027, -1.68647
18.25, 1.47286, -1.68858
18.275, 1.47286, -1.68858
18.3, 1.47286, -1.68858
18.325, 1.47286, -1.68858
18.35, 1.47364, -1.68856
18.375, 1.47364, -1.68856
18.4, 1.45046, -1.6891
18.425, 1.45046, -1.6891
18.45, 1.42667, -1.68962
18.475, 1.42667, -1.68962
18.5, 1.42667, -1.68962
18.525, 1.42667, -1.68962
18.55, 1.42667, -1.68962
18.575, 1.44526, -1.6893
18.6, 1.44526, -1.6893
18.625, 1.44526, -1.6893
18.65, 1.44526, -1.6893
18.675, 1.44526, -1.6893
18.7, 1.44526, -1.6893
18.725, 1.44526, -1.6893
18.75, 1.43862, -1.68926
18.775, 1.43862, -1.68926
18.8, 1.43862, -1.68926
18.825, 1.43862, -1.68926
18.85, 1.43649, -1.68929
18.875, 1.43649, -1.68929
18.9, 1.43649, -1.68929
18.925, 1.4524, -1.68876
18.95, 1.48761, -1.68733
18.975, 1.5159, -1.68588
19, 1.5159, -1.68588
19.025, 1.5159, -1.68588
19.05, 1.5159, -1.68588
19.075, 1.5159, -1.68588
19.1, 1.5159, -1.68588
19.125, 1.5159, -1.68588
19.15, 1.5159, -1.68588
19.175, 1.5159, -1.68588
19.2, 1.5159, -1.68588
19.225, 1.56078, -1.6852
19.25, 1.51556, -1.68448
19.275, 1.51556, -1.68448
19.3, 1.50899, -1.68442
19.325, 1.50899, -1.68442
19.35, 1.50785, -1.68441
19.375, 1.50785, -1.68441
19.4, 1.50785, -1.68441
19.425, 1.50785, -1.68441
19.45, 1.50785, -1.68441
19.475, 1.50785, -1.68441
19.5, 1.50785, -1.68441
19.525, 1.50785, -1.68441
19.55, 1.46772, -1.68368
19.575, 1.45819, -1.68363
19.6, 1.45212, -1.68361
19.625, 1.45212, -1.68361
19.65, 1.45212, -1.68361
19.675, 1.48904, -1.68414
19.7, 1.5268, -1.6845
19.725, 1.55576, -1.68476
19.75, 1.5829, -1.685
19.775, 1.60601, -1.6852
19.8, 1.6262, -1.6854
19.825, 1.6262, -1.6854
19.85, 1.63785, -1.68566
19.875, 1.63785, -1.68566
19.9, 1.64738, -1.68597
19.925, 1.64738, -1.68597
19.95, 1.65452, -1.68625
19.975, 1.66833, -1.68654
20, 1.66833, -1.68654
20, 1.60547, -1.68398
20.025, 1.60547, -1.68398
20.05, 1.60547, -1.68398
20.075, 1.60547, -1.68398
20.1, 1.60547, -1.68398
20.125, 1.60547, -1.68398
20.15, 1.60698, -1.68397
20.175, 1.60698, -1.68397
20.2, 1.60841, -1.68396
20.225, 1.60841, -1.68396
20.25, 1.60841, -1.68396
20.275, 1.60841, -1.68396
20.3, 1.60935, -1.68394
20.325, 1.61044, -1.68392
20.35, 1.61132, -1.68391
20.375, 1.61246, -1.68389
20.4, 1.61246, -1.68389
20.425, 1.61246, -1.68389
20.45, 1.61246, -1.68389
20.475, 1.61246, -1.68389
20.5, 1.61246, -1.68389
20.525, 1.61351, -1.68384
20.55, 1.61351, -1.68384
20.575, 1.61439, -1.68379
20.6, 1.61485, -1.68374
20.625, 1.61485, -1.68374
20.65, 1.61485, -1.68374
20.675, 1.61485, -1.68374
20.7, 1.61578, -1.68371
20.725, 1.61851, -1.68368
20.75, 1.61851, -1.68368
20.775, 1.61851, -1.68368
20.8, 1.61851, -1.68368
20.825, 1.61851, -1.68368
20.85, 1.61851, -1.68368
20.875, 1.62175, -1.68355
20.9, 1.62435, -1.68342
20.925, 1.62435, -1.68342
20.95, 1.62693, -1.6833
20.975, 1.63, -1.68318
21, 1.63, -1.68318
21.025, 1.63, -1.68318
21.05, 1.63307, -1.68309
21.075, 1.63307, -1.68309
21.1, 1.63307, -1.68309
21.125, 1.63604, -1.683
21.15, 1.63604, -1.683
21.175, 1.63905, -1.68292
21.2, 1.64233, -1.68286
21.225, 1.64233, -1.68286
21.25, 1.64233, -1.68286
21.275, 1.64233, -1.68286
21.3, 1.64233, -1.68286
21.325, 1.64233, -1.68286
21.35, 1.64498, -1.68283
21.375, 1.64498, -1.68283
21.4, 1.64713, -1.68286
21.425, 1.64902, -1.68293
21.45, 1.64902, -1.68293
21.475, 1.65046, -1.68304
21.5, 1.65159, -1.68317
21.525, 1.65159, -1.68317
21.55, 1.65159, -1.68317
21.575, 1.65226, -1.68333
21.6, 1.65254, -1.68352
21.625, 1.65246, -1.68373
21.65, 1.65246, -1.68373
21.675, 1.65246, -1.68373
21.7, 1.65225, -1.68394
21.725, 1.65189, -1.68416
21.75, 1.65148, -1.68438
21.775, 1.65102, -1.68459
21.8, 1.65049, -1.68481
21.825, 1.65049, -1.68481
21.85, 1.64926, -1.68506
21.875, 1.64717, -1.68536
21.9, 1.64399, -1.68571
21.925, 1.63983, -1.6861
21.95, 1.63983, -1.6861
21.975, 1.63983, -1.6861
22, 1.63661, -1.68645
22.025, 1.63382, -1.68676
22.05, 1.63382, -1.68676
22.075, 1.63109, -1.68707
22.1, 1.63109, -1.68707
22.125, 1.62777, -1.6874
22.15, 1.62777, -1.6874
22.175, 1.62388, -1.68774
22.2, 1.62388, -1.68774
22.225, 1.62072, -1.68805
22.25, 1.62072, -1.68805
22.275, 1.62072, -1.68805
22.3, 1.62072, -1.68805
22.325, 1.62072, -1.68805
22.35, 1.61799, -1.68833
22.375, 1.61799, -1.68833
22.4, 1.61799, -1.68833
22.425, 1.61799, -1.68833
22.45, 1.61544, -1.6886
22.475, 1.61327, -1.68884
22.5, 1.61327, -1.68884
22.525, 1.61155, -1.68906
22.55, 1.61027, -1.68925
22.575, 1.60935, -1.68941
22.6, 1.60935, -1.68941
22.625, 1.60935, -1.68941
22.65, 1.60872, -1.68955
22.675, 1.6083, -1.68968
22.7, 1.608, -1.6898
22.725, 1.60774, -1.68992
22.75, 1.60744, -1.69003
22.775, 1.60744, -1.69003
22.8, 1.6071, -1.69014
22.825, 1.6071, -1.69014
22.85, 1.6071, -1.69014
22.875, 1.60697, -1.69024
22.9, 1.60697, -1.69024
22.925, 1.60697, -1.69024
22.95, 1.60697, -1.69024
22.975, 1.60697, -1.69024
23, 1.60697, -1.69024
23.025, 1.60697, -1.69024
23.05, 1.60697, -1.69024
23.075, 1.60697, -1.69024
23.1, 1.60697, -1.69024
23.125, 1.60697, -1.69024
23.15, 1.60697, -1.69024
23.175, 1.60722, -1.69031
23.2, 1.60762, -1.69038
23.225, 1.60804, -1.69044
23.25, 1.60804, -1.69044
23.275, 1.60804, -1.69044
23.3, 1.60804, -1.69044
23.325, 1.60804, -1.69044
23.35, 1.60804, -1.69044
23.375, 1.60916, -1.69047
23.4, 1.61066, -1.69048
23.425, 1.61066, -1.69048
23.45, 1.61244, -1.69047
23.475, 1.61438, -1.69045
23.5, 1.61438, -1.69045
23.525, 1.61616, -1.69043
23.55, 1.61759, -1.69043
23.575, 1.61864, -1.69045
23.6, 1.61927, -1.69048
23.625, 1.61927, -1.69048
23.65, 1.61927, -1.69048
23.675, 1.61927, -1.69048
23.7, 1.61927, -1.69048
23.725, 1.61927, -1.69048
23.75, 1.61927, -1.69048
23.775, 1.61927, -1.69048
23.8, 1.61927, -1.69048
23.825, 1.61927, -1.69048
23.85, 1.61985, -1.69051
23.875, 1.62048, -1.69054
23.9, 1.62122, -1.69056
23.925, 1.622, -1.69057
23.95, 1.62283, -1.69057
23.975, 1.62283, -1.69057
24, 1.62283, -1.69057
24.025, 1.62283, -1.69057
24.05, 1.62283, -1.69057
24.075, 1.6235, -1.69059
24.1, 1.6235, -1.69059
24.125, 1.6235, -1.69059
24.15, 1.6235, -1.69059
24.175, 1.6235, -1.69059
24.2, 1.62449, -1.69058
24.225, 1.62551, -1.69058
24.25, 1.62551, -1.69058
24.275, 1.62551, -1.69058
24.3, 1.62647, -1.69057
24.325, 1.62647, -1.69057
24.35, 1.62647, -1.69057
24.375, 1.62724, -1.69058
24.4, 1.62724, -1.69058
24.425, 1.62724, -1.69058
24.45, 1.62724, -1.69058
24.475, 1.62752, -1.69059
24.5, 1.62726, -1.69062
24.525, 1.62726, -1.69062
24.55, 1.62726, -1.69062
24.575, 1.6264, -1.69067
24.6, 1.6264, -1.69067
24.625, 1.62471, -1.69074
24.65, 1.62471, -1.69074
24.675, 1.62471, -1.69074
24.7, 1.62164, -1.69084
24.725, 1.61722, -1.69098
24.75, 1.6115, -1.69114
24.775, 1.60548, -1.69131
24.8, 1.60548, -1.69131
24.825, 1.60548, -1.69131
24.85, 1.60039, -1.69146
24.875, 1.59595, -1.69159
24.9, 1.5917, -1.69171
24.925, 1.5917, -1.69171
24.95, 1.5917, -1.69171
24.975, 1.5917, -1.69171
25, 1.5917, -1.69171
25.025, 1.5917, -1.69171
25.05, 1.5917, -1.69171
25.075, 1.58872, -1.69181
25.1, 1.58872, -1.69181
25.125, 1.58872, -1.69181
25.15, 1.58872, -1.69181
25.175, 1.58872, -1.69181
25.2, 1.58588, -1.69191
25.225, 1.58329, -1.69199
25.25, 1.58329, -1.69199
25.275, 1.58098, -1.69207
25.3, 1.57921, -1.69213
25.325, 1.57921, -1.69213
25.35, 1.57921, -1.69213
25.375, 1.57921, -1.69213
25.4, 1.57759, -1.69219
25.425, 1.57759, -1.69219
25.45, 1.57759, -1.69219
25.475, 1.57759, -1.69219
25.5, 1.576, -1.69225
25.525, 1.576, -1.69225
25.55, 1.576, -1.69225
25.575, 1.576, -1.69225
25.6, 1.57447, -1.6923
25.625, 1.57309, -1.69235
25.65, 1.57185, -1.6924
25.675, 1.57185, -1.6924
25.7, 1.57073, -1.69244
25.725, 1.57073, -1.69244
25.75, 1.57073, -1.69244
25.775, 1.57073, -1.69244
25.8, 1.5697, -1.69247
25.825, 1.5697, -1.69247
25.85, 1.56876, -1.6925
25.875, 1.56876, -1.6925
25.9, 1.56876, -1.6925
25.925, 1.56788, -1.69253
25.95, 1.56707, -1.69255
25.975, 1.56707, -1.69255
26, 1.56629, -1.69257
26.025, 1.56557, -1.69259
26.05, 1.56557, -1.69259
26.075, 1.56488, -1.6926
26.1, 1.56488, -1.6926
26.125, 1.56488, -1.6926
26.15, 1.56488, -1.6926
26.175, 1.56488, -1.6926
26.2, 1.56422, -1.69261
26.225, 1.56349, -1.69261
26.25, 1.56349, -1.69261
26.275, 1.56218, -1.69261
26.3, 1.56022, -1.69261
26.325, 1.56022, -1.69261
26.35, 1.56022, -1.69261
26.375, 1.56022, -1.69261
26.4, 1.56022, -1.69261
26.425, 1.55817, -1.69262
26.45, 1.55817, -1.69262
26.475, 1.55817, -1.69262
26.5, 1.55817, -1.69262
26.525, 1.55817, -1.69262
26.55, 1.55817, -1.69262
26.575, 1.55611, -1.69263
26.6, 1.55611, -1.69263
26.625, 1.55611, -1.69263
26.65, 1.55422, -1.69263
26.675, 1.55239, -1.69265
26.7, 1.55059, -1.69267
26.725, 1.55059, -1.69267
26.75, 1.55059, -1.69267
26.775, 1.54885, -1.69269
26.8, 1.54885, -1.69269
26.825, 1.54698, -1.69269
26.85, 1.54698, -1.69269
26.875, 1.54698, -1.69269
26.9, 1.54698, -1.69269
26.925, 1.54698, -1.69269
26.95, 1.54698, -1.69269
26.975, 1.5452, -1.6927
27, 1.5452, -1.6927
27.025, 1.54345, -1.6927
27.05, 1.54169, -1.6927
27.075, 1.5399, -1.69269
27.1, 1.5399, -1.69269
27.125, 1.53817, -1.69269
27.15, 1.53817, -1.69269
27.175, 1.53648, -1.69268
27.2, 1.53482, -1.69268
27.225, 1.53482, -1.69268
27.25, 1.53482, -1.69268
27.275, 1.53275, -1.69269
27.3, 1.53016, -1.69273
27.325, 1.52703, -1.69277
27.35, 1.52342, -1.69284
27.375, 1.52342, -1.69284
27.4, 1.52342, -1.69284
27.425, 1.51956, -1.69291
27.45, 1.51956, -1.69291
27.475, 1.51956, -1.69291
27.5, 1.51956, -1.69291
27.525, 1.51518, -1.69299
27.55, 1.51518, -1.69299
27.575, 1.51518, -1.69299
27.6, 1.51025, -1.69309
27.625, 1.51025, -1.69309
27.65, 1.51025, -1.69309
27.675, 1.51025, -1.69309
27.7, 1.51025, -1.69309
27.725, 1.50568, -1.69318
27.75, 1.50568, -1.69318
27.775, 1.50568, -1.69318
27.8, 1.50568, -1.69318
27.825, 1.50568, -1.69318
27.85, 1.50021, -1.6933
27.875, 1.49494, -1.69341
27.9, 1.49494, -1.69341
27.925, 1.49494, -1.69341
27.95, 1.49494, -1.69341
27.975, 1.49494, -1.69341
28, 1.49494, -1.69341
28.025, 1.49494, -1.69341
28.05, 1.49003, -1.6935
28.075, 1.48534, -1.69359
28.1, 1.48534, -1.69359
28.125, 1.48093, -1.69367
28.15, 1.47688, -1.69375
28.175, 1.47318, -1.69382
28.2, 1.46979, -1.69387
28.225, 1.46979, -1.69387
28.25, 1.4665, -1.69393
28.275, 1.46335, -1.69398
28.3, 1.46335, -1.69398
28.325, 1.46031, -1.69402
28.35, 1.45737, -1.69407
28.375, 1.45737, -1.69407
28.4, 1.45458, -1.69411
28.425, 1.4519, -1.69414
28.45, 1.4519, -1.69414
28.475, 1.4519, -1.69414
28.5, 1.4519, -1.69414
28.525, 1.4519, -1.69414
28.55, 1.44924, -1.69417
28.575, 1.44665, -1.69421
28.6, 1.44665, -1.69421
28.625, 1.44665, -1.69421
28.65, 1.44665, -1.69421
28.675, 1.44414, -1.69423
28.7, 1.44171, -1.69426
28.725, 1.44171, -1.69426
28.75, 1.43935, -1.69429
28.775, 1.43707, -1.69432
28.8, 1.43707, -1.69432
28.825, 1.43486, -1.69434
28.85, 1.43269, -1.69436
28.875, 1.43061, -1.69438
28.9, 1.43061, -1.69438
28.925, 1.42843, -1.6944
28.95, 1.42843, -1.6944
28.975, 1.42587, -1.69445
29, 1.42587, -1.69445
29.025, 1.42587, -1.69445
29.05, 1.42587, -1.69445
29.075, 1.42399, -1.69447
29.1, 1.4224, -1.69449
29.125, 1.4224, -1.69449
29.15, 1.4224, -1.69449
29.175, 1.4224, -1.69449
29.2, 1.4224, -1.69449
29.225, 1.4224, -1.69449
29.25, 1.4224, -1.69449
29.275, 1.42021, -1.69452
29.3, 1.41795, -1.69455
29.325, 1.41795, -1.69455
29.35, 1.41795, -1.69455
29.375, 1.41795, -1.69455
29.4, 1.41795, -1.69455
29.425, 1.41573, -1.69458
29.45, 1.41573, -1.69458
29.475, 1.41573, -1.69458
29.5, 1.41573, -1.69458
29.525, 1.41573, -1.69458
29.55, 1.4135, -1.69462
29.575, 1.4135, -1.69462
29.6, 1.41211, -1.69464
29.625, 1.41211, -1.69464
29.65, 1.41093, -1.69465
29.675, 1.41093, -1.69465
29.7, 1.40982, -1.69467
29.725, 1.40888, -1.69469
29.75, 1.40809, -1.6947
29.775, 1.40809, -1.6947
29.8, 1.40809, -1.6947
29.825, 1.40734, -1.69471
29.85, 1.40734, -1.69471
29.875, 1.40734, -1.69471
29.9, 1.40734, -1.69471
29.925, 1.4066, -1.69471
29.95, 1.4066, -1.69471
29.975, 1.4059, -1.69472
30, 1.40523, -1.69473
30, 1.40452, -1.69474
30.025, 1.40452, -1.69474
30.05, 1.40452, -1.69474
30.075, 1.4005, -1.69477
30.1, 1.4005, -1.69477
30.125, 1.4005, -1.69477
30.15, 1.4005, -1.69477
30.175, 1.39465, -1.69481
30.2, 1.39465, -1.69481
30.225, 1.38591, -1.69487
30.25, 1.38591, -1.69487
30.275, 1.37617, -1.69494
30.3, 1.37617, -1.69494
30.325, 1.36946, -1.695
30.35, 1.36615, -1.69503
30.375, 1.36615, -1.69503
30.4, 1.36414, -1.69507
30.425, 1.36414, -1.69507
30.45, 1.36172, -1.69511
30.475, 1.35898, -1.69515
30.5, 1.35715, -1.69518
30.525, 1.35715, -1.69518
30.55, 1.3564, -1.69521
30.575, 1.3564, -1.69521
30.6, 1.35743, -1.69526
30.625, 1.35743, -1.69526
30.65, 1.35936, -1.69533
30.675, 1.36393, -1.69538
30.7, 1.36393, -1.69538
30.725, 1.36729, -1.69542
30.75, 1.36967, -1.69546
30.775, 1.37054, -1.69553
30.8, 1.37267, -1.69557
30.825, 1.37759, -1.69558
30.85, 1.37759, -1.69558
30.875, 1.37759, -1.69558
30.9, 1.37759, -1.69558
30.925, 1.38283, -1.69552
30.95, 1.38958, -1.69546
30.975, 1.38958, -1.69546
31, 1.38958, -1.69546
31.025, 1.396, -1.69538
31.05, 1.396, -1.69538
31.075, 1.396, -1.69538
31.1, 1.40223, -1.69531
31.125, 1.40945, -1.69524
31.15, 1.40945, -1.69524
31.175, 1.41672, -1.69519
31.2, 1.41672, -1.69519
31.225, 1.42387, -1.69516
31.25, 1.42387, -1.69516
31.275, 1.42387, -1.69516
31.3, 1.42387, -1.69516
31.325, 1.431, -1.69511
31.35, 1.43844, -1.69508
31.375, 1.44607, -1.69506
31.4, 1.44607, -1.69506
31.425, 1.44607, -1.69506
31.45, 1.44607, -1.69506
31.475, 1.45336, -1.69505
31.5, 1.46032, -1.69506
31.525, 1.46032, -1.69506
31.55, 1.46032, -1.69506
31.575, 1.46032, -1.69506
31.6, 1.46032, -1.69506
31.625, 1.46729, -1.69507
31.65, 1.47315, -1.69512
31.675, 1.47315, -1.69512
31.7, 1.47315, -1.69512
31.725, 1.47781, -1.69521
31.75, 1.48106, -1.69534
31.775, 1.48306, -1.6955
31.8, 1.48365, -1.69571
31.825, 1.48261, -1.69596
31.85, 1.48118, -1.69622
31.875, 1.48118, -1.69622
31.9, 1.48118, -1.69622
31.925, 1.48118, -1.69622
31.95, 1.48034, -1.69645
31.975, 1.48034, -1.69645
32, 1.47872, -1.6967
32.025, 1.47872, -1.6967
32.05, 1.47872, -1.6967
32.075, 1.47872, -1.6967
32.1, 1.47872, -1.6967
32.125, 1.48143, -1.6968
32.15, 1.48143, -1.6968
32.175, 1.48539, -1.69686
32.2, 1.48539, -1.69686
32.225, 1.48539, -1.69686
32.25, 1.48539, -1.69686
32.275, 1.48539, -1.69686
32.3, 1.48887, -1.69693
32.325, 1.48887, -1.69693
32.35, 1.48887, -1.69693
32.375, 1.48887, -1.69693
32.4, 1.48887, -1.69693
32.425, 1.49338, -1.69697
32.45, 1.49338, -1.69697
32.475, 1.49338, -1.69697
32.5, 1.49338, -1.69697
32.525, 1.49338, -1.69697
32.55, 1.49338, -1.69697
32.575, 1.49338, -1.69697
32.6, 1.49773, -1.697
32.625, 1.50209, -1.69703
32.65, 1.50644, -1.69705
32.675, 1.50644, -1.69705
32.7, 1.5108, -1.69706
32.725, 1.5108, -1.69706
32.75, 1.51521, -1.69707
32.775, 1.51963, -1.69707
32.8, 1.51963, -1.69707
32.825, 1.51963, -1.69707
32.85, 1.52407, -1.69706
32.875, 1.52407, -1.69706
32.9, 1.52407, -1.69706
32.925, 1.52407, -1.69706
32.95, 1.52852, -1.69705
32.975, 1.52852, -1.69705
33, 1.52852, -1.69705
33.025, 1.52852, -1.69705
33.05, 1.52852, -1.69705
33.075, 1.52852, -1.69705
33.1, 1.53308, -1.69703
33.125, 1.53308, -1.69703
33.15, 1.5373, -1.69702
33.175, 1.5373, -1.69702
33.2, 1.5373, -1.69702
33.225, 1.54056, -1.69703
33.25, 1.54381, -1.69704
33.275, 1.54774, -1.69703
33.3, 1.55225, -1.69701
33.325, 1.55723, -1.69697
33.35, 1.56231, -1.69693
33.375, 1.56737, -1.69689
33.4, 1.56737, -1.69689
33.425, 1.56737, -1.69689
33.45, 1.56737, -1.69689
33.475, 1.56737, -1.69689
33.5, 1.56737, -1.69689
33.525, 1.56737, -1.69689
33.55, 1.57312, -1.69682
33.575, 1.57901, -1.69675
33.6, 1.57901, -1.69675
33.625, 1.57901, -1.69675
33.65, 1.57901, -1.69675
33.675, 1.57901, -1.69675
33.7, 1.58506, -1.69666
33.725, 1.58506, -1.69666
33.75, 1.58506, -1.69666
33.775, 1.58506, -1.69666
33.8, 1.59122, -1.69657
33.825, 1.59732, -1.69647
33.85, 1.59732, -1.69647
33.875, 1.59732, -1.69647
33.9, 1.59732, -1.69647
33.925, 1.60322, -1.69638
33.95, 1.60896, -1.69629
33.975, 1.60896, -1.69629
34, 1.60896, -1.69629
34.025, 1.60896, -1.69629
34.05, 1.60896, -1.69629
34.075, 1.61447, -1.6962
34.1, 1.61447, -1.6962
34.125, 1.61966, -1.69612
34.15, 1.61966, -1.69612
34.175, 1.61966, -1.69612
34.2, 1.62472, -1.69604
34.225, 1.62958, -1.69597
34.25, 1.62958, -1.69597
34.275, 1.62958, -1.69597
34.3, 1.63417, -1.6959
34.325, 1.63417, -1.6959
34.35, 1.63417, -1.6959
34.375, 1.63417, -1.6959
34.4, 1.63868, -1.69583
34.425, 1.63868, -1.69583
34.45, 1.63868, -1.69583
34.475, 1.63868, -1.69583
34.5, 1.63868, -1.69583
34.525, 1.63868, -1.69583
34.55, 1.63868, -1.69583
34.575, 1.63868, -1.69583
34.6, 1.64233, -1.69577
34.625, 1.64233, -1.69577
34.65, 1.64233, -1.69577
34.675, 1.64627, -1.6957
34.7, 1.64627, -1.6957
34.725, 1.64627, -1.6957
34.75, 1.65057, -1.69563
34.775, 1.65526, -1.69556
34.8, 1.65526, -1.69556
34.825, 1.65526, -1.69556
34.85, 1.65922, -1.69549
34.875, 1.66186, -1.69545
34.9, 1.66186, -1.69545
34.925, 1.66186, -1.69545
34.95, 1.66186, -1.69545
34.975, 1.66581, -1.69538
35, 1.67003, -1.6953
35.025, 1.67003, -1.6953
35.05, 1.67003, -1.6953
35.075, 1.67003, -1.6953
35.1, 1.67003, -1.6953
35.125, 1.67003, -1.6953
35.15, 1.67368, -1.69523
35.175, 1.67368, -1.69523
35.2, 1.67368, -1.69523
35.225, 1.67368, -1.69523
35.25, 1.67368, -1.69523
35.275, 1.67368, -1.69523
35.3, 1.67704, -1.69516
35.325, 1.67704, -1.69516
35.35, 1.67704, -1.69516
35.375, 1.67704, -1.69516
35.4, 1.67704, -1.69516
35.425, 1.67937, -1.69512
35.45, 1.67937, -1.69512
35.475, 1.67937, -1.69512
35.5, 1.67937, -1.69512
35.525, 1.68136, -1.69508
35.55, 1.68313, -1.69504
35.575, 1.68313, -1.69504
35.6, 1.68455, -1.69501
35.625, 1.68545, -1.69499
35.65, 1.68545, -1.69499
35.675, 1.68545, -1.69499
35.7, 1.68545, -1.69499
35.725, 1.68505, -1.69499
35.75, 1.68335, -1.69502
35.775, 1.68006, -1.69508
35.8, 1.68006, -1.69508
35.825, 1.68006, -1.69508
35.85, 1.68006, -1.69508
35.875, 1.68006, -1.69508
35.9, 1.68006, -1.69508
35.925, 1.68006, -1.69508
35.95, 1.68006, -1.69508
35.975, 1.6768, -1.69511
36, 1.67317, -1.69515
36.025, 1.66889, -1.6952
36.05, 1.66889, -1.6952
36.075, 1.66889, -1.6952
36.1, 1.66889, -1.6952
36.125, 1.66889, -1.6952
36.15, 1.66889, -1.6952
36.175, 1.66516, -1.69526
36.2, 1.66516, -1.69526
36.225, 1.66516, -1.69526
36.25, 1.66516, -1.69526
36.275, 1.66205, -1.6953
36.3, 1.66205, -1.6953
36.325, 1.66205, -1.6953
36.35, 1.66205, -1.6953
36.375, 1.66205, -1.6953
36.4, 1.66205, -1.6953
36.425, 1.66205, -1.6953
36.45, 1.65815, -1.69536
36.475, 1.65815, -1.69536
36.5, 1.65361, -1.69543
36.525, 1.64859, -1.6955
36.55, 1.64332, -1.69557
36.575, 1.64332, -1.69557
36.6, 1.64332, -1.69557
36.625, 1.63792, -1.69564
36.65, 1.63792, -1.69564
36.675, 1.63221, -1.69571
36.7, 1.63221, -1.69571
36.725, 1.62626, -1.69578
36.75, 1.62626, -1.69578
36.775, 1.62626, -1.69578
36.8, 1.62038, -1.69585
36.825, 1.61476, -1.69591
36.85, 1.60946, -1.69598
36.875, 1.60946, -1.69598
36.9, 1.60946, -1.69598
36.925, 1.60432, -1.69604
36.95, 1.60432, -1.69604
36.975, 1.60432, -1.69604
37, 1.59923, -1.69609
37.025, 1.59923, -1.69609
37.05, 1.59923, -1.69609
37.075, 1.59408, -1.69614
37.1, 1.58892, -1.69619
37.125, 1.58892, -1.69619
37.15, 1.58393, -1.69624
37.175, 1.58393, -1.69624
37.2, 1.58393, -1.69624
37.225, 1.5791, -1.69628
37.25, 1.5791, -1.69628
37.275, 1.57418, -1.69632
37.3, 1.57418, -1.69632
37.325, 1.56822, -1.69637
37.35, 1.56822, -1.69637
37.375, 1.5627, -1.69642
37.4, 1.55773, -1.69646
37.425, 1.55773, -1.69646
37.45, 1.55258, -1.69655
37.475, 1.54705, -1.69667
37.5, 1.54705, -1.69667
37.525, 1.54705, -1.69667
37.55, 1.54705, -1.69667
37.575, 1.54705, -1.69667
37.6, 1.54705, -1.69667
37.625, 1.54705, -1.69667
37.65, 1.54705, -1.69667
37.675, 1.5417, -1.6968
37.7, 1.53618, -1.69694
37.725, 1.53618, -1.69694
37.75, 1.53048, -1.69709
37.775, 1.53048, -1.69709
37.8, 1.53048, -1.69709
37.825, 1.53048, -1.69709
37.85, 1.53048, -1.69709
37.875, 1.53048, -1.69709
37.9, 1.52492, -1.69723
37.925, 1.51953, -1.69737
37.95, 1.51953, -1.69737
37.975, 1.51953, -1.69737
38, 1.5143, -1.6975
38.025, 1.5143, -1.6975
38.05, 1.5143, -1.6975
38.075, 1.5143, -1.6975
38.1, 1.50937, -1.69763
38.125, 1.50937, -1.69763
38.15, 1.50937, -1.69763
38.175, 1.50937, -1.69763
38.2, 1.50937, -1.69763
38.225, 1.50937, -1.69763
38.25, 1.50937, -1.69763
38.275, 1.50937, -1.69763
38.3, 1.50481, -1.69774
38.325, 1.50481, -1.69774
38.35, 1.50481, -1.69774
38.375, 1.50481, -1.69774
38.4, 1.50481, -1.69774
38.425, 1.50481, -1.69774
38.45, 1.50481, -1.69774
38.475, 1.50481, -1.69774
38.5, 1.50095, -1.69783
38.525, 1.49709, -1.69792
38.55, 1.49709, -1.69792
38.575, 1.49709, -1.69792
38.6, 1.49709, -1.69792
38.625, 1.49709, -1.69792
38.65, 1.49709, -1.69792
38.675, 1.49709, -1.69792
38.7, 1.49908, -1.69784
38.725, 1.50285, -1.69776
38.75, 1.50285, -1.69776
38.775, 1.50636, -1.69771
38.8, 1.50973, -1.69766
38.825, 1.50973, -1.69766
38.85, 1.51123, -1.69765
38.875, 1.51123, -1.69765
38.9, 1.51123, -1.69765
38.925, 1.51421, -1.6976
38.95, 1.51421, -1.6976
38.975, 1.51421, -1.6976
39, 1.51421, -1.6976
39.025, 1.51421, -1.6976
39.05, 1.51421, -1.6976
39.075, 1.51798, -1.69748
39.1, 1.51798, -1.69748
39.125, 1.51798, -1.69748
39.15, 1.51798, -1.69748
39.175, 1.51798, -1.69748
39.2, 1.52183, -1.69737
39.225, 1.52183, -1.69737
39.25, 1.52183, -1.69737
39.275, 1.52183, -1.69737
39.3, 1.52183, -1.69737
39.325, 1.52183, -1.69737
39.35, 1.52183, -1.69737
39.375, 1.52183, -1.69737
39.4, 1.52183, -1.69737
39.425, 1.52521, -1.69725
39.45, 1.52521, -1.69725
39.475, 1.52521, -1.69725
39.5, 1.52521, -1.69725
39.525, 1.52521, -1.69725
39.55, 1.52521, -1.69725
39.575, 1.52858, -1.69714
39.6, 1.53172, -1.69704
39.625, 1.53172, -1.69704
39.65, 1.53457, -1.69694
39.675, 1.53457, -1.69694
39.7, 1.53457, -1.69694
39.725, 1.53457, -1.69694
39.75, 1.53457, -1.69694
39.775, 1.53457, -1.69694
39.8, 1.5364, -1.69686
39.825, 1.5364, -1.69686
39.85, 1.53843, -1.69678
39.875, 1.53843, -1.69678
39.9, 1.54109, -1.69669
39.925, 1.54453, -1.69661
39.95, 1.54453, -1.69661
39.975, 1.54453, -1.69661
40, 1.54453, -1.69661
40, 1.54453, -1.69661
40.025, 1.54453, -1.69661
40.05, 1.54453, -1.69661
40.075, 1.54749, -1.69649
40.1, 1.54728, -1.6964
40.125, 1.54116, -1.69637
40.15, 1.52611, -1.69641
40.175, 1.52611, -1.69641
40.2, 1.52611, -1.69641
40.225, 1.51586, -1.69641
40.25, 1.51079, -1.6964
40.275, 1.50854, -1.69638
40.3, 1.50706, -1.69637
40.325, 1.50206, -1.69636
40.35, 1.50206, -1.69636
40.375, 1.49039, -1.69639
40.4, 1.49039, -1.69639
40.425, 1.49039, -1.69639
40.45, 1.47835, -1.69642
40.475, 1.47835, -1.69642
40.5, 1.47835, -1.69642
40.525, 1.47835, -1.69642
40.55, 1.46691, -1.69645
40.575, 1.46691, -1.69645
40.6, 1.46691, -1.69645
40.625, 1.45371, -1.69646
40.65, 1.4422, -1.69645
40.675, 1.4422, -1.69645
40.7, 1.43275, -1.69643
40.725, 1.43275, -1.69643
40.75, 1.42496, -1.69643
40.775, 1.42496, -1.69643
40.8, 1.42018, -1.69646
40.825, 1.42018, -1.69646
40.85, 1.42018, -1.69646
40.875, 1.42018, -1.69646
40.9, 1.4155, -1.69637
40.925, 1.4155, -1.69637
40.95, 1.41237, -1.69628
40.975, 1.4122, -1.69618
41, 1.41443, -1.69605
41.025, 1.41443, -1.69605
41.05, 1.41443, -1.69605
41.075, 1.41443, -1.69605
41.1, 1.41443, -1.69605
41.125, 1.41443, -1.69605
41.15, 1.41443, -1.69605
41.175, 1.41923, -1.69572
41.2, 1.42587, -1.6954
41.225, 1.42587, -1.6954
41.25, 1.4332, -1.6951
41.275, 1.4418, -1.6948
41.3, 1.4418, -1.6948
41.325, 1.4418, -1.6948
41.35, 1.4418, -1.6948
41.375, 1.4418, -1.6948
41.4, 1.44905, -1.69458
41.425, 1.44905, -1.69458
41.45, 1.44905, -1.69458
41.475, 1.45556, -1.6944
41.5, 1.46198, -1.69422
41.525, 1.46198, -1.69422
41.55, 1.46811, -1.69405
41.575, 1.46811, -1.69405
41.6, 1.46811, -1.69405
41.625, 1.47362, -1.69392
41.65, 1.47362, -1.69392
41.675, 1.47362, -1.69392
41.7, 1.47619, -1.69389
41.725, 1.47735, -1.69391
41.75, 1.47735, -1.69391
41.775, 1.47865, -1.69392
41.8, 1.48021, -1.69392
41.825, 1.48021, -1.69392
41.85, 1.48183, -1.69392
41.875, 1.48183, -1.69392
41.9, 1.48284, -1.69394
41.925, 1.48284, -1.69394
41.95, 1.48284, -1.69394
41.975, 1.48312, -1.69397
42, 1.48312, -1.69397
42.025, 1.48304, -1.69402
42.05, 1.48304, -1.69402
42.075, 1.4827, -1.69406
42.1, 1.482, -1.69412
42.125, 1.48076, -1.69419
42.15, 1.47874, -1.69427
42.175, 1.47874, -1.69427
42.2, 1.47874, -1.69427
42.225, 1.47874, -1.69427
42.25, 1.47874, -1.69427
42.275, 1.47874, -1.69427
42.3, 1.47874, -1.69427
42.325, 1.47874, -1.69427
42.35, 1.47826, -1.69431
42.375, 1.47826, -1.69431
42.4, 1.47826, -1.69431
42.425, 1.47826, -1.69431
42.45, 1.47826, -1.69431
42.475, 1.47826, -1.69431
42.5, 1.47826, -1.69431
42.525, 1.47826, -1.69431
42.55, 1.47826, -1.69431
42.575, 1.47826, -1.69431
42.6, 1.47826, -1.69431
42.625, 1.47826, -1.69431
42.65, 1.48118, -1.69428
42.675, 1.48501, -1.69424
42.7, 1.48985, -1.69417
42.725, 1.49523, -1.6941
42.75, 1.49523, -1.6941
42.775, 1.49996, -1.69404
42.8, 1.49996, -1.69404
42.825, 1.49996, -1.69404
42.85, 1.50285, -1.69401
42.875, 1.50285, -1.69401
42.9, 1.50668, -1.69396
42.925, 1.51148, -1.6939
42.95, 1.51736, -1.69382
42.975, 1.52406, -1.69374
43, 1.52406, -1.69374
43.025, 1.52406, -1.69374
43.05, 1.52406, -1.69374
43.075, 1.53035, -1.69365
43.1, 1.53577, -1.69357
43.125, 1.54065, -1.69351
43.15, 1.54531, -1.69344
43.175, 1.55005, -1.69338
43.2, 1.55005, -1.69338
43.225, 1.55005, -1.69338
43.25, 1.55005, -1.69338
43.275, 1.55005, -1.69338
43.3, 1.55005, -1.69338
43.325, 1.55005, -1.69338
43.35, 1.55005, -1.69338
43.375, 1.55462, -1.69332
43.4, 1.55907, -1.69326
43.425, 1.56348, -1.69319
43.45, 1.56789, -1.69313
43.475, 1.56789, -1.69313
43.5, 1.56789, -1.69313
43.525, 1.57221, -1.69307
43.55, 1.57221, -1.69307
43.575, 1.57221, -1.69307
43.6, 1.57636, -1.693
43.625, 1.57636, -1.693
43.65, 1.57636, -1.693
43.675, 1.58038, -1.69294
43.7, 1.58038, -1.69294
43.725, 1.58425, -1.69289
43.75, 1.58796, -1.69283
43.775, 1.59153, -1.69278
43.8, 1.59153, -1.69278
43.825, 1.59153, -1.69278
43.85, 1.59503, -1.69273
43.875, 1.59503, -1.69273
43.9, 1.59503, -1.69273
43.925, 1.59834, -1.69268
43.95, 1.59834, -1.69268
43.975, 1.60111, -1.69264
44, 1.60111, -1.69264
44.025, 1.60111, -1.69264
44.05, 1.60111, -1.69264
44.075, 1.60474, -1.69259
44.1, 1.60857, -1.69252
44.125, 1.60857, -1.69252
44.15, 1.612, -1.69247
44.175, 1.61528, -1.69242
44.2, 1.61528, -1.69242
44.225, 1.61528, -1.69242
44.25, 1.61528, -1.69242
44.275, 1.6176, -1.69239
44.3, 1.6176, -1.69239
44.325, 1.6176, -1.69239
44.35, 1.62106, -1.69234
44.375, 1.62106, -1.69234
44.4, 1.62106, -1.69234
44.425, 1.62106, -1.69234
44.45, 1.62466, -1.69228
44.475, 1.62466, -1.69228
44.5, 1.62466, -1.69228
44.525, 1.62466, -1.69228
44.55, 1.62466, -1.69228
44.575, 1.62466, -1.69228
44.6, 1.62466, -1.69228
44.625, 1.62835, -1.69221
44.65, 1.63202, -1.69215
44.675, 1.63558, -1.69209
44.7, 1.63895, -1.69203
44.725, 1.64209, -1.69197
44.75, 1.64209, -1.69197
44.775, 1.64479, -1.69193
44.8, 1.64479, -1.69193
44.825, 1.64724, -1.69189
44.85, 1.64724, -1.69189
44.875, 1.64724, -1.69189
44.9, 1.64724, -1.69189
44.925, 1.64724, -1.69189
44.95, 1.64968, -1.69185
44.975, 1.65208, -1.69181
45, 1.65208, -1.69181
45.025, 1.65442, -1.69178
45.05, 1.65442, -1.69178
45.075, 1.65442, -1.69178
45.1, 1.65442, -1.69178
45.125, 1.65442, -1.69178
45.15, 1.65442, -1.69178
45.175, 1.65442, -1.69178
45.2, 1.65677, -1.69174
45.225, 1.65677, -1.69174
45.25, 1.65912, -1.6917
45.275, 1.65912, -1.6917
45.3, 1.66131, -1.69167
45.325, 1.66342, -1.69163
45.35, 1.66342, -1.69163
45.375, 1.66342, -1.69163
45.4, 1.66342, -1.69163
45.425, 1.66478, -1.69162
45.45, 1.6657, -1.69161
45.475, 1.6657, -1.69161
45.5, 1.6657, -1.69161
45.525, 1.66678, -1.69161
45.55, 1.66678, -1.69161
45.575, 1.66678, -1.69161
45.6, 1.66806, -1.69159
45.625, 1.66932, -1.69158
45.65, 1.67043, -1.69157
45.675, 1.67043, -1.69157
45.7, 1.67093, -1.69159
45.725, 1.67093, -1.69159
45.75, 1.67174, -1.69159
45.775, 1.6725, -1.69159
45.8, 1.6725, -1.69159
45.825, 1.67305, -1.69159
45.85, 1.67305, -1.69159
45.875, 1.67305, -1.69159
45.9, 1.67369, -1.69159
45.925, 1.67369, -1.69159
45.95, 1.67369, -1.69159
45.975, 1.67369, -1.69159
46, 1.67369, -1.69159
46.025, 1.67462, -1.69158
46.05, 1.67462, -1.69158
46.075, 1.67462, -1.69158
46.1, 1.67462, -1.69158
46.125, 1.67562, -1.69156
46.15, 1.67666, -1.69155
46.175, 1.67666, -1.69155
46.2, 1.67666, -1.69155
46.225, 1.67755, -1.69155
46.25, 1.67828, -1.69155
46.275, 1.67828, -1.69155
46.3, 1.67869, -1.69155
46.325, 1.67869, -1.69155
46.35, 1.67869, -1.69155
46.375, 1.67838, -1.69157
46.4, 1.67838, -1.69157
46.425, 1.67838, -1.69157
46.45, 1.67838, -1.69157
46.475, 1.67838, -1.69157
46.5, 1.67838, -1.69157
46.525, 1.67838, -1.69157
46.55, 1.67711, -1.69162
46.575, 1.67711, -1.69162
46.6, 1.67711, -1.69162
46.625, 1.67711, -1.69162
46.65, 1.67711, -1.69162
46.675, 1.67711, -1.69162
46.7, 1.67711, -1.69162
46.725, 1.67711, -1.69162
46.75, 1.67711, -1.69162
46.775, 1.67323, -1.69168
46.8, 1.67323, -1.69168
46.825, 1.67323, -1.69168
46.85, 1.67323, -1.69168
46.875, 1.66789, -1.69177
46.9, 1.6636, -1.69185
46.925, 1.6636, -1.69185
46.95, 1.6623, -1.69191
46.975, 1.66305, -1.69197
47, 1.66305, -1.69197
47.025, 1.66305, -1.69197
47.05, 1.66195, -1.69201
47.075, 1.66195, -1.69201
47.1, 1.65896, -1.69207
47.125, 1.65544, -1.69214
47.15, 1.65544, -1.69214
47.175, 1.65544, -1.69214
47.2, 1.65544, -1.69214
47.225, 1.6525, -1.69221
47.25, 1.65053, -1.69228
47.275, 1.64898, -1.69234
47.3, 1.6475, -1.6924
47.325, 1.646, -1.69246
47.35, 1.64437, -1.69252
47.375, 1.64281, -1.69258
47.4, 1.64146, -1.69263
47.425, 1.64146, -1.69263
47.45, 1.64146, -1.69263
47.475, 1.64146, -1.69263
47.5, 1.64146, -1.69263
47.525, 1.64146, -1.69263
47.55, 1.64146, -1.69263
47.575, 1.64146, -1.69263
47.6, 1.64146, -1.69263
47.625, 1.64146, -1.69263
47.65, 1.64146, -1.69263
47.675, 1.64094, -1.69265
47.7, 1.64094, -1.69265
47.725, 1.64043, -1.69267
47.75, 1.64043, -1.69267
47.775, 1.63993, -1.69269
47.8, 1.63945, -1.69271
47.825, 1.63945, -1.69271
47.85, 1.63945, -1.69271
47.875, 1.63902, -1.69273
47.9, 1.63902, -1.69273
47.925, 1.63902, -1.69273
47.95, 1.63902, -1.69273
47.975, 1.63902, -1.69273
48, 1.63902, -1.69273
48.025, 1.63895, -1.69274
48.05, 1.63892, -1.69274
48.075, 1.63892, -1.69274
48.1, 1.63892, -1.69274
48.125, 1.6383, -1.69276
48.15, 1.6372, -1.69278
48.175, 1.6372, -1.69278
48.2, 1.6372, -1.69278
48.225, 1.63652, -1.6928
48.25, 1.63652, -1.6928
48.275, 1.63652, -1.6928
48.3, 1.63652, -1.6928
48.325, 1.63652, -1.6928
48.35, 1.63652, -1.6928
48.375, 1.63519, -1.6928
48.4, 1.63235, -1.69282
48.425, 1.63235, -1.69282
48.45, 1.63235, -1.69282
48.475, 1.6302, -1.69283
48.5, 1.62831, -1.69284
48.525, 1.62667, -1.69286
48.55, 1.62517, -1.69287
48.575, 1.62376, -1.69288
48.6, 1.62237, -1.6929
48.625, 1.62237, -1.6929
48.65, 1.62237, -1.6929
48.675, 1.62237, -1.6929
48.7, 1.62237, -1.6929
48.725, 1.62104, -1.69291
48.75, 1.62104, -1.69291
48.775, 1.61974, -1.69292
48.8, 1.61974, -1.69292
48.825, 1.61974, -1.69292
48.85, 1.61974, -1.69292
48.875, 1.61974, -1.69292
48.9, 1.61841, -1.69294
48.925, 1.61841, -1.69294
48.95, 1.61841, -1.69294
48.975, 1.61711, -1.69296
49, 1.61587, -1.69298
49.025, 1.61466, -1.69301
49.05, 1.61341, -1.69304
49.075, 1.61212, -1.69307
49.1, 1.61212, -1.69307
49.125, 1.61212, -1.69307
49.15, 1.61212, -1.69307
49.175, 1.61212, -1.69307
49.2, 1.61212, -1.69307
49.225, 1.61092, -1.69309
49.25, 1.61092, -1.69309
49.275, 1.61092, -1.69309
49.3, 1.60966, -1.69312
49.325, 1.60852, -1.69314
49.35, 1.60748, -1.69317
49.375, 1.60633, -1.69321
49.4, 1.60633, -1.69321
49.425, 1.60487, -1.69326
49.45, 1.60487, -1.69326
49.475, 1.60487, -1.69326
49.5, 1.60406, -1.69329
49.525, 1.60406, -1.69329
49.55, 1.60215, -1.69334
49.575, 1.59857, -1.69341
49.6, 1.59437, -1.69349
49.625, 1.59068, -1.69357
49.65, 1.59068, -1.69357
49.675, 1.59068, -1.69357
49.7, 1.58709, -1.69367
49.725, 1.58376, -1.69378
49.75, 1.58052, -1.69388
49.775, 1.57708, -1.69398
49.8, 1.57708, -1.69398
49.825, 1.57257, -1.69409
49.85, 1.57257, -1.69409
49.875, 1.56845, -1.69419
49.9, 1.56845, -1.69419
49.925, 1.56493, -1.6943
49.95, 1.56493, -1.6943
49.975, 1.56163, -1.6944
50, 1.55862, -1.6945
50, 1.55595, -1.6946
50.025, 1.55356, -1.6947
50.05, 1.5512, -1.6948
50.075, 1.54862, -1.69489
50.1, 1.54862, -1.69489
50.125, 1.54462, -1.69499
50.15, 1.53935, -1.69509
50.175, 1.53935, -1.69509
50.2, 1.53935, -1.69509
50.225, 1.53935, -1.69509
50.25, 1.53935, -1.69509
50.275, 1.53935, -1.69509
50.3, 1.53935, -1.69509
50.325, 1.52767, -1.69515
50.35, 1.52767, -1.69515
50.375, 1.52767, -1.69515
50.4, 1.50963, -1.69523
50.425, 1.50963, -1.69523
50.45, 1.49173, -1.6953
50.475, 1.49173, -1.6953
50.5, 1.47703, -1.69536
50.525, 1.47703, -1.69536
50.55, 1.47703, -1.69536
50.575, 1.47703, -1.69536
50.6, 1.46313, -1.69542
50.625, 1.46313, -1.69542
50.65, 1.46313, -1.69542
50.675, 1.46313, -1.69542
50.7, 1.46313, -1.69542
50.725, 1.46313, -1.69542
50.75, 1.44973, -1.6954
50.775, 1.44973, -1.6954
50.8, 1.44151, -1.69537
50.825, 1.4437, -1.69524
50.85, 1.45372, -1.69505
50.875, 1.46501, -1.69485
50.9, 1.46501, -1.69485
50.925, 1.46501, -1.69485
50.95, 1.46501, -1.69485
50.975, 1.47169, -1.69466
51, 1.47169, -1.69466
51.025, 1.47169, -1.69466
51.05, 1.47169, -1.69466
51.075, 1.47923, -1.69452
51.1, 1.49243, -1.69433
51.125, 1.50854, -1.69412
51.15, 1.52626, -1.6939
51.175, 1.52626, -1.6939
51.2, 1.52626, -1.6939
51.225, 1.52626, -1.6939
51.25, 1.54371, -1.69362
51.275, 1.54371, -1.69362
51.3, 1.54371, -1.69362
51.325, 1.54371, -1.69362
51.35, 1.56036, -1.69336
51.375, 1.56036, -1.69336
51.4, 1.56036, -1.69336
51.425, 1.56036, -1.69336
51.45, 1.57701, -1.69308
51.475, 1.57701, -1.69308
51.5, 1.59316, -1.69281
51.525, 1.59316, -1.69281
51.55, 1.59316, -1.69281
51.575, 1.60846, -1.69257
51.6, 1.62445, -1.69232
51.625, 1.62445, -1.69232
51.65, 1.63977, -1.6921
51.675, 1.65523, -1.69189
51.7, 1.65523, -1.69189
51.725, 1.66994, -1.69169
51.75, 1.68451, -1.6915
51.775, 1.68451, -1.6915
51.8, 1.68451, -1.6915
51.825, 1.69857, -1.69131
51.85, 1.69857, -1.69131
51.875, 1.69857, -1.69131
51.9, 1.71098, -1.69117
51.925, 1.71098, -1.69117
51.95, 1.71098, -1.69117
51.975, 1.71098, -1.69117
52, 1.71573, -1.69121
52.025, 1.71767, -1.69131
52.05, 1.7188, -1.69141
52.075, 1.7197, -1.69152
52.1, 1.72064, -1.69162
52.125, 1.72064, -1.69162
52.15, 1.72187, -1.69171
52.175, 1.72238, -1.69181
52.2, 1.72238, -1.69181
52.225, 1.71883, -1.69199
52.25, 1.71883, -1.69199
52.275, 1.71883, -1.69199
52.3, 1.71785, -1.69211
52.325, 1.71785, -1.69211
52.35, 1.71785, -1.69211
52.375, 1.71782, -1.69222
52.4, 1.71782, -1.69222
52.425, 1.71782, -1.69222
52.45, 1.71782, -1.69222
52.475, 1.71782, -1.69222
52.5, 1.71516, -1.69236
52.525, 1.71062, -1.69253
52.55, 1.71062, -1.69253
52.575, 1.71062, -1.69253
52.6, 1.71062, -1.69253
52.625, 1.71062, -1.69253
52.65, 1.71062, -1.69253
52.675, 1.71062, -1.69253
52.7, 1.70619, -1.6927
52.725, 1.70619, -1.6927
52.75, 1.70107, -1.69287
52.775, 1.70107, -1.69287
52.8, 1.70107, -1.69287
52.825, 1.70107, -1.69287
52.85, 1.69583, -1.69305
52.875, 1.69064, -1.69321
52.9, 1.69064, -1.69321
52.925, 1.6858, -1.69337
52.95, 1.6858, -1.69337
52.975, 1.6858, -1.69337
53, 1.68095, -1.69353
53.025, 1.68095, -1.69353
53.05, 1.68095, -1.69353
53.075, 1.67584, -1.69369
53.1, 1.67038, -1.69384
53.125, 1.66455, -1.694
53.15, 1.66455, -1.694
53.175, 1.65885, -1.69416
53.2, 1.65352, -1.69431
53.225, 1.65352, -1.69431
53.25, 1.64902, -1.69444
53.275, 1.64527, -1.69457
53.3, 1.64527, -1.69457
53.325, 1.64147, -1.6947
53.35, 1.64147, -1.6947
53.375, 1.63658, -1.69483
53.4, 1.63658, -1.69483
53.425, 1.63658, -1.69483
53.45, 1.63658, -1.69483
53.475, 1.63397, -1.69493
53.5, 1.63258, -1.69502
53.525, 1.63258, -1.69502
53.55, 1.63258, -1.69502
53.575, 1.63121, -1.6951
53.6, 1.63121, -1.6951
53.625, 1.62909, -1.69519
53.65, 1.62909, -1.69519
53.675, 1.62625, -1.6953
53.7, 1.62362, -1.69539
53.725, 1.62198, -1.69547
53.75, 1.62136, -1.69555
53.775, 1.62136, -1.69555
53.8, 1.62001, -1.69566
53.825, 1.61864, -1.69578
53.85, 1.61864, -1.69578
53.875, 1.61864, -1.69578
53.9, 1.61864, -1.69578
53.925, 1.61864, -1.69578
53.95, 1.61746, -1.69589
53.975, 1.61746, -1.69589
54, 1.61628, -1.696
54.025, 1.61628, -1.696
54.05, 1.61628, -1.696
54.075, 1.61485, -1.69611
54.1, 1.61485, -1.69611
54.125, 1.61485, -1.69611
54.15, 1.61485, -1.69611
54.175, 1.61485, -1.69611
54.2, 1.61485, -1.69611
54.225, 1.61485, -1.69611
54.25, 1.61327, -1.69623
54.275, 1.61162, -1.69634
54.3, 1.60985, -1.69645
54.325, 1.60798, -1.69656
54.35, 1.60798, -1.69656
54.375, 1.6061, -1.69667
54.4, 1.60423, -1.69677
54.425, 1.60239, -1.69687
54.45, 1.60239, -1.69687
54.475, 1.60058, -1.69697
54.5, 1.60058, -1.69697
54.525, 1.59881, -1.69707
54.55, 1.59881, -1.69707
54.575, 1.59702, -1.69716
54.6, 1.59507, -1.69725
54.625, 1.59507, -1.69725
54.65, 1.59242, -1.69735
54.675, 1.59242, -1.69735
54.7, 1.59242, -1.69735
54.725, 1.59043, -1.69744
54.75, 1.59043, -1.69744
54.775, 1.59043, -1.69744
54.8, 1.59043, -1.69744
54.825, 1.59043, -1.69744
54.85, 1.59043, -1.69744
54.875, 1.59043, -1.69744
54.9, 1.59043, -1.69744
54.925, 1.59043, -1.69744
54.95, 1.59043, -1.69744
54.975, 1.58902, -1.69749
55, 1.58792, -1.69753
55.025, 1.58792, -1.69753
55.05, 1.58644, -1.6976
55.075, 1.58644, -1.6976
55.1, 1.58644, -1.6976
55.125, 1.58581, -1.69764
55.15, 1.58544, -1.69767
55.175, 1.58517, -1.6977
55.2, 1.58517, -1.6977
55.225, 1.58478, -1.69774
55.25, 1.58441, -1.69777
55.275, 1.58402, -1.6978
55.3, 1.5835, -1.69784
55.325, 1.58264, -1.69788
55.35, 1.58122, -1.69793
55.375, 1.57955, -1.69799
55.4, 1.57795, -1.69804
55.425, 1.57642, -1.6981
55.45, 1.57642, -1.6981
55.475, 1.57642, -1.6981
55.5, 1.57497, -1.69815
55.525, 1.57363, -1.6982
55.55, 1.57363, -1.6982
55.575, 1.57233, -1.69824
55.6, 1.57233, -1.69824
55.625, 1.57104, -1.69829
55.65, 1.57104, -1.69829
55.675, 1.57104, -1.69829
55.7, 1.57104, -1.69829
55.725, 1.56963, -1.69834
55.75, 1.56812, -1.69839
55.775, 1.56812, -1.69839
55.8, 1.56652, -1.69844
55.825, 1.56652, -1.69844
55.85, 1.56652, -1.69844
55.875, 1.56449, -1.69849
55.9, 1.56162, -1.69856
55.925, 1.55752, -1.69865
55.95, 1.55752, -1.69865
55.975, 1.55752, -1.69865
56, 1.55108, -1.69879
56.025, 1.54443, -1.69892
56.05, 1.54443, -1.69892
56.075, 1.54443, -1.69892
56.1, 1.54443, -1.69892
56.125, 1.54443, -1.69892
56.15, 1.53801, -1.69905
56.175, 1.53801, -1.69905
56.2, 1.53801, -1.69905
56.225, 1.53023, -1.69919
56.25, 1.53023, -1.69919
56.275, 1.53023, -1.69919
56.3, 1.52552, -1.69927
56.325, 1.52552, -1.69927
56.35, 1.52552, -1.69927
56.375, 1.52039, -1.69938
56.4, 1.52039, -1.69938
56.425, 1.5156, -1.69948
56.45, 1.5156, -1.69948
56.475, 1.5156, -1.69948
56.5, 1.5097, -1.69959
56.525, 1.50369, -1.69971
56.55, 1.49832, -1.69982
56.575, 1.49832, -1.69982
56.6, 1.49832, -1.69982
56.625, 1.49832, -1.69982
56.65, 1.49832, -1.69982
56.675, 1.49832, -1.69982
56.7, 1.49832, -1.69982
56.725, 1.49514, -1.69986
56.75, 1.49514, -1.69986
56.775, 1.49194, -1.6999
56.8, 1.49194, -1.6999
56.825, 1.48855, -1.69995
56.85, 1.48855, -1.69995
56.875, 1.48855, -1.69995
56.9, 1.48855, -1.69995
56.925, 1.48478, -1.7
56.95, 1.48478, -1.7
56.975, 1.48478, -1.7
57, 1.48018, -1.70006
57.025, 1.47509, -1.70012
57.05, 1.47509, -1.70012
57.075, 1.47509, -1.70012
57.1, 1.47031, -1.70019
57.125, 1.46583, -1.70025
57.15, 1.46583, -1.70025
57.175, 1.46583, -1.70025
57.2, 1.46583, -1.70025
57.225, 1.46115, -1.7003
57.25, 1.45629, -1.70035
57.275, 1.45629, -1.70035
57.3, 1.45629, -1.70035
57.325, 1.4521, -1.7004
57.35, 1.4521, -1.7004
57.375, 1.44806, -1.70047
57.4, 1.44806, -1.70047
57.425, 1.44806, -1.70047
57.45, 1.44334, -1.70051
57.475, 1.44334, -1.70051
57.5, 1.44334, -1.70051
57.525, 1.44334, -1.70051
57.55, 1.43962, -1.70054
57.575, 1.43697, -1.70056
57.6, 1.43697, -1.70056
57.625, 1.43697, -1.70056
57.65, 1.43435, -1.70062
57.675, 1.43435, -1.70062
57.7, 1.43435, -1.70062
57.725, 1.43435, -1.70062
57.75, 1.4304, -1.70063
57.775, 1.42431, -1.70066
57.8, 1.42431, -1.70066
57.825, 1.42431, -1.70066
57.85, 1.42431, -1.70066
57.875, 1.42431, -1.70066
57.9, 1.41963, -1.70069
57.925, 1.41526, -1.70071
57.95, 1.41101, -1.70073
57.975, 1.40689, -1.70076
58, 1.40689, -1.70076
58.025, 1.40276, -1.70078
58.05, 1.40276, -1.70078
58.075, 1.3988, -1.7008
58.1, 1.3988, -1.7008
58.125, 1.3988, -1.7008
58.15, 1.39496, -1.70082
58.175, 1.39496, -1.70082
58.2, 1.39124, -1.70084
58.225, 1.39124, -1.70084
58.25, 1.39124, -1.70084
58.275, 1.38766, -1.70086
58.3, 1.38766, -1.70086
58.325, 1.38766, -1.70086
58.35, 1.38421, -1.70087
58.375, 1.38421, -1.70087
58.4, 1.38421, -1.70087
58.425, 1.38079, -1.70089
58.45, 1.38079, -1.70089
58.475, 1.37713, -1.70092
58.5, 1.37713, -1.70092
58.525, 1.37321, -1.70095
58.55, 1.37321, -1.70095
58.575, 1.3693, -1.70099
58.6, 1.36573, -1.70102
58.625, 1.36271, -1.70105
58.65, 1.36009, -1.70107
58.675, 1.36009, -1.70107
58.7, 1.36009, -1.70107
58.725, 1.36009, -1.70107
58.75, 1.36009, -1.70107
58.775, 1.36009, -1.70107
58.8, 1.35483, -1.70116
58.825, 1.35483, -1.70116
58.85, 1.35215, -1.70119
58.875, 1.35215, -1.70119
58.9, 1.35215, -1.70119
58.925, 1.35215, -1.70119
58.95, 1.34897, -1.70127
58.975, 1.34897, -1.70127
59, 1.34517, -1.70131
59.025, 1.34517, -1.70131
59.05, 1.34517, -1.70131
59.075, 1.34125, -1.70136
59.1, 1.34125, -1.70136
59.125, 1.33882, -1.70139
59.15, 1.33808, -1.7014
59.175, 1.33836, -1.70142
59.2, 1.33836, -1.70142
59.225, 1.33836, -1.70142
59.25, 1.33858, -1.70143
59.275, 1.33863, -1.70144
59.3, 1.33863, -1.70144
59.325, 1.33815, -1.70146
59.35, 1.3374, -1.70148
59.375, 1.3374, -1.70148
59.4, 1.33664, -1.7015
59.425, 1.33664, -1.7015
59.45, 1.33591, -1.70152
59.475, 1.33591, -1.70152
59.5, 1.33464, -1.70154
59.525, 1.33257, -1.70157
59.55, 1.33257, -1.70157
59.575, 1.3301, -1.70161
59.6, 1.3301, -1.70161
59.625, 1.32755, -1.70164
59.65, 1.32517, -1.70167
59.675, 1.32517, -1.70167
59.7, 1.32517, -1.70167
59.725, 1.32517, -1.70167
59.75, 1.32517, -1.70167
59.775, 1.32517, -1.70167
59.8, 1.32256, -1.7017
59.825, 1.32007, -1.70173
59.85, 1.32007, -1.70173
59.875, 1.32007, -1.70173
59.9, 1.32007, -1.70173
59.925, 1.32007, -1.70173
59.95, 1.32007, -1.70173
59.975, 1.32007, -1.70173
60, 1.32007, -1.70173
60, 1.31993, -1.70173
60.025, 1.31993, -1.70173
60.05, 1.31993, -1.70173
60.075, 1.31993, -1.70173
60.1, 1.30849, -1.70169
60.125, 1.28916, -1.70172
60.15, 1.28916, -1.70172
60.175, 1.25773, -1.70186
60.2, 1.25773, -1.70186
60.225, 1.23137, -1.70197
60.25, 1.23137, -1.70197
60.275, 1.23137, -1.70197
60.3, 1.21655, -1.7021
60.325, 1.21655, -1.7021
60.35, 1.20497, -1.70224
60.375, 1.19657, -1.70237
60.4, 1.18876, -1.7025
60.425, 1.18876, -1.7025
60.45, 1.18051, -1.70263
60.475, 1.18051, -1.70263
60.5, 1.17302, -1.70275
60.525, 1.17003, -1.70284
60.55, 1.17195, -1.70292
60.575, 1.17195, -1.70292
60.6, 1.17195, -1.70292
60.625, 1.17195, -1.70292
60.65, 1.17195, -1.70292
60.675, 1.17195, -1.70292
60.7, 1.17469, -1.70257
60.725, 1.17469, -1.70257
60.75, 1.17939, -1.70224
60.775, 1.17939, -1.70224
60.8, 1.17939, -1.70224
60.825, 1.17939, -1.70224
60.85, 1.17939, -1.70224
60.875, 1.18394, -1.70191
60.9, 1.18394, -1.70191
60.925, 1.19004, -1.70161
60.95, 1.19893, -1.70131
60.975, 1.19893, -1.70131
61, 1.19893, -1.70131
61.025, 1.19893, -1.70131
61.05, 1.19893, -1.70131
61.075, 1.19893, -1.70131
61.1, 1.19893, -1.70131
61.125, 1.19893, -1.70131
61.15, 1.20938, -1.70093
61.175, 1.22109, -1.70055
61.2, 1.22109, -1.70055
61.225, 1.22109, -1.70055
61.25, 1.22109, -1.70055
61.275, 1.22109, -1.70055
61.3, 1.22109, -1.70055
61.325, 1.22109, -1.70055
61.35, 1.22109, -1.70055
61.375, 1.23284, -1.70016
61.4, 1.23284, -1.70016
61.425, 1.23284, -1.70016
61.45, 1.23284, -1.70016
61.475, 1.24229, -1.69983
61.5, 1.24229, -1.69983
61.525, 1.24229, -1.69983
61.55, 1.25078, -1.69952
61.575, 1.25078, -1.69952
61.6, 1.25078, -1.69952
61.625, 1.25078, -1.69952
61.65, 1.25078, -1.69952
61.675, 1.25768, -1.69921
61.7, 1.26266, -1.69889
61.725, 1.2651, -1.69857
61.75, 1.2651, -1.69857
61.775, 1.26487, -1.69826
61.8, 1.26487, -1.69826
61.825, 1.26487, -1.69826
61.85, 1.26577, -1.69797
61.875, 1.26654, -1.69768
61.9, 1.26654, -1.69768
61.925, 1.26682, -1.6974
61.95, 1.26644, -1.69712
61.975, 1.26644, -1.69712
62, 1.26543, -1.69684
62.025, 1.26394, -1.69656
62.05, 1.26394, -1.69656
62.075, 1.26225, -1.6963
62.1, 1.26225, -1.6963
62.125, 1.26225, -1.6963
62.15, 1.26225, -1.6963
62.175, 1.2607, -1.69604
62.2, 1.2607, -1.69604
62.225, 1.2607, -1.69604
62.25, 1.2607, -1.69604
62.275, 1.2607, -1.69604
62.3, 1.25933, -1.6958
62.325, 1.25802, -1.69556
62.35, 1.25802, -1.69556
62.375, 1.25674, -1.69533
62.4, 1.25545, -1.69511
62.425, 1.25422, -1.6949
62.45, 1.25315, -1.6947
62.475, 1.25226, -1.69451
62.5, 1.25226, -1.69451
62.525, 1.25151, -1.69432
62.55, 1.25151, -1.69432
62.575, 1.25151, -1.69432
62.6, 1.25057, -1.69414
62.625, 1.24941, -1.69396
62.65, 1.24941, -1.69396
62.675, 1.24941, -1.69396
62.7, 1.24893, -1.6938
62.725, 1.24893, -1.6938
62.75, 1.24893, -1.6938
62.775, 1.24854, -1.69366
62.8, 1.24854, -1.69366
62.825, 1.24854, -1.69366
62.85, 1.24854, -1.69366
62.875, 1.24764, -1.69351
62.9, 1.24574, -1.69336
62.925, 1.24348, -1.6932
62.95, 1.24151, -1.69306
62.975, 1.24009, -1.69293
63, 1.24009, -1.69293
63.025, 1.24009, -1.69293
63.05, 1.24009, -1.69293
63.075, 1.23853, -1.69282
63.1, 1.23853, -1.69282
63.125, 1.23853, -1.69282
63.15, 1.23853, -1.69282
63.175, 1.23694, -1.6927
63.2, 1.2354, -1.6926
63.225, 1.23403, -1.6925
63.25, 1.23403, -1.6925
63.275, 1.23403, -1.6925
63.3, 1.23257, -1.69243
63.325, 1.23111, -1.69238
63.35, 1.22968, -1.69234
63.375, 1.22968, -1.69234
63.4, 1.22968, -1.69234
63.425, 1.22968, -1.69234
63.45, 1.22968, -1.69234
63.475, 1.22828, -1.6923
63.5, 1.22692, -1.69227
63.525, 1.22692, -1.69227
63.55, 1.22561, -1.69224
63.575, 1.22435, -1.69221
63.6, 1.22435, -1.69221
63.625, 1.22435, -1.69221
63.65, 1.2231, -1.69218
63.675, 1.2231, -1.69218
63.7, 1.2231, -1.69218
63.725, 1.2231, -1.69218
63.75, 1.22211, -1.69216
63.775, 1.22124, -1.69214
63.8, 1.22124, -1.69214
63.825, 1.22055, -1.69213
63.85, 1.22009, -1.69213
63.875, 1.22009, -1.69213
63.9, 1.21969, -1.69213
63.925, 1.21932, -1.69215
63.95, 1.21888, -1.69218
63.975, 1.21838, -1.69221
64, 1.21838, -1.69221
64.025, 1.21838, -1.69221
64.05, 1.21838, -1.69221
64.075, 1.21787, -1.69225
64.1, 1.21787, -1.69225
64.125, 1.21713, -1.69229
64.15, 1.21713, -1.69229
64.175, 1.21547, -1.69236
64.2, 1.21547, -1.69236
64.225, 1.21547, -1.69236
64.25, 1.21547, -1.69236
64.275, 1.21508, -1.69239
64.3, 1.21508, -1.69239
64.325, 1.21404, -1.69243
64.35, 1.21404, -1.69243
64.375, 1.21313, -1.69247
64.4, 1.21239, -1.69251
64.425, 1.21239, -1.69251
64.45, 1.21141, -1.69257
64.475, 1.21141, -1.69257
64.5, 1.2105, -1.69261
64.525, 1.20919, -1.69265
64.55, 1.20919, -1.69265
64.575, 1.20919, -1.69265
64.6, 1.20635, -1.69269
64.625, 1.20635, -1.69269
64.65, 1.20635, -1.69269
64.675, 1.20635, -1.69269
64.7, 1.20506, -1.69273
64.725, 1.20506, -1.69273
64.75, 1.20353, -1.69277
64.775, 1.20353, -1.69277
64.8, 1.20353, -1.69277
64.825, 1.20149, -1.6928
64.85, 1.19887, -1.69283
64.875, 1.19887, -1.69283
64.9, 1.19648, -1.69286
64.925, 1.19426, -1.69289
64.95, 1.19225, -1.69292
64.975, 1.19225, -1.69292
65, 1.19028, -1.69294
65.025, 1.18827, -1.69297
65.05, 1.18827, -1.69297
65.075, 1.18827, -1.69297
65.1, 1.18615, -1.69299
65.125, 1.18405, -1.69302
65.15, 1.18191, -1.69304
65.175, 1.18008, -1.69306
65.2, 1.18008, -1.69306
65.225, 1.17854, -1.69309
65.25, 1.17735, -1.69311
65.275, 1.17656, -1.69314
65.3, 1.17608, -1.69317
65.325, 1.17588, -1.69321
65.35, 1.17588, -1.69326
65.375, 1.17597, -1.69332
65.4, 1.17597, -1.69332
65.425, 1.17597, -1.69332
65.45, 1.17597, -1.69336
65.475, 1.17597, -1.69336
65.5, 1.17597, -1.69336
65.525, 1.17636, -1.69341
65.55, 1.17679, -1.69348
65.575, 1.17679, -1.69348
65.6, 1.17597, -1.69359
65.625, 1.17452, -1.69371
65.65, 1.17307, -1.69384
65.675, 1.17307, -1.69384
65.7, 1.17307, -1.69384
65.725, 1.17126, -1.69396
65.75, 1.17126, -1.69396
65.775, 1.17126, -1.69396
65.8, 1.17126, -1.69396
65.825, 1.17111, -1.69405
65.85, 1.17111, -1.69405
65.875, 1.17096, -1.69415
65.9, 1.17078, -1.69425
65.925, 1.17078, -1.69425
65.95, 1.17078, -1.69425
65.975, 1.17056, -1.69434
66, 1.17056, -1.69434
66.025, 1.17034, -1.69443
66.05, 1.17034, -1.69443
66.075, 1.17034, -1.69443
66.1, 1.1697, -1.69454
66.125, 1.16846, -1.69465
66.15, 1.16846, -1.69465
66.175, 1.16846, -1.69465
66.2, 1.16846, -1.69465
66.225, 1.16846, -1.69465
66.25, 1.16846, -1.69465
66.275, 1.16846, -1.69465
66.3, 1.16846, -1.69465
66.325, 1.16846, -1.69465
66.35, 1.16846, -1.69465
66.375, 1.16723, -1.69476
66.4, 1.16723, -1.69476
66.425, 1.16723, -1.69476
66.45, 1.16614, -1.69487
66.475, 1.16614, -1.69487
66.5, 1.16614, -1.69487
66.525, 1.16614, -1.69487
66.55, 1.16505, -1.69497
66.575, 1.16505, -1.69497
66.6, 1.16389, -1.69506
66.625, 1.16389, -1.69506
66.65, 1.16262, -1.69516
66.675, 1.16139, -1.69524
66.7, 1.16139, -1.69524
66.725, 1.16011, -1.69534
66.75, 1.16011, -1.69534
66.775, 1.15866, -1.69544
66.8, 1.15866, -1.69544
66.825, 1.15752, -1.69552
66.85, 1.15639, -1.6956
66.875, 1.15488, -1.69567
66.9, 1.15488, -1.69567
66.925, 1.15488, -1.69567
66.95, 1.15488, -1.69567
66.975, 1.15437, -1.69573
67, 1.15327, -1.69581
67.025, 1.15142, -1.69591
67.05, 1.15142, -1.69591
67.075, 1.15024, -1.69599
67.1, 1.15024, -1.69599
67.125, 1.15024, -1.69599
67.15, 1.14821, -1.69609
67.175, 1.1455, -1.69619
67.2, 1.14247, -1.69628
67.225, 1.14247, -1.69628
67.25, 1.14247, -1.69628
67.275, 1.14247, -1.69628
67.3, 1.14247, -1.69628
67.325, 1.13937, -1.69638
67.35, 1.13571, -1.69646
67.375, 1.13092, -1.69655
67.4, 1.13092, -1.69655
67.425, 1.13092, -1.69655
67.45, 1.13092, -1.69655
67.475, 1.13092, -1.69655
67.5, 1.13092, -1.69655
67.525, 1.1291, -1.6966
67.55, 1.12786, -1.69665
67.575, 1.12786, -1.69665
67.6, 1.12786, -1.69665
67.625, 1.12634, -1.69669
67.65, 1.12452, -1.69673
67.675, 1.12249, -1.69676
67.7, 1.12024, -1.69679
67.725, 1.12024, -1.69679
67.75, 1.12024, -1.69679
67.775, 1.12024, -1.69679
67.8, 1.11825, -1.69683
67.825, 1.11825, -1.69683
67.85, 1.11643, -1.69687
67.875, 1.11484, -1.69691
67.9, 1.11341, -1.69696
67.925, 1.11207, -1.69702
67.95, 1.11081, -1.69708
67.975, 1.11081, -1.69708
68, 1.10958, -1.69713
68.025, 1.10842, -1.69719
68.05, 1.10842, -1.69719
68.075, 1.10842, -1.69719
68.1, 1.10733, -1.69725
68.125, 1.10733, -1.69725
68.15, 1.10588, -1.69734
68.175, 1.10387, -1.69744
68.2, 1.10085, -1.69756
68.225, 1.10085, -1.69756
68.25, 1.10085, -1.69756
68.275, 1.09915, -1.69766
68.3, 1.09915, -1.69766
68.325, 1.09915, -1.69766
68.35, 1.09734, -1.69775
68.375, 1.09734, -1.69775
68.4, 1.09257, -1.69788
68.425, 1.09257, -1.69788
68.45, 1.09257, -1.69788
68.475, 1.08751, -1.69802
68.5, 1.08751, -1.69802
68.525, 1.08751, -1.69802
68.55, 1.08751, -1.69802
68.575, 1.08751, -1.69802
68.6, 1.08398, -1.69817
68.625, 1.08143, -1.69832
68.65, 1.08143, -1.69832
68.675, 1.08143, -1.69832
68.7, 1.07857, -1.69847
68.725, 1.07634, -1.6986
68.75, 1.07634, -1.6986
68.775, 1.07634, -1.6986
68.8, 1.07634, -1.6986
68.825, 1.07634, -1.6986
68.85, 1.0735, -1.69875
68.875, 1.0735, -1.69875
68.9, 1.06908, -1.69891
68.925, 1.06908, -1.69891
68.95, 1.06432, -1.69906
68.975, 1.06432, -1.69906
69, 1.06432, -1.69906
69.025, 1.05975, -1.69921
69.05, 1.05975, -1.69921
69.075, 1.05975, -1.69921
69.1, 1.05975, -1.69921
69.125, 1.05975, -1.69921
69.15, 1.05553, -1.69936
69.175, 1.05176, -1.69951
69.2, 1.04843, -1.69965
69.225, 1.04542, -1.69979
69.25, 1.04269, -1.69993
69.275, 1.04269, -1.69993
69.3, 1.04269, -1.69993
69.325, 1.04008, -1.70007
69.35, 1.03769, -1.70021
69.375, 1.03769, -1.70021
69.4, 1.0353, -1.70033
69.425, 1.0353, -1.70033
69.45, 1.03297, -1.70046
69.475, 1.03072, -1.70057
69.5, 1.03072, -1.70057
69.525, 1.03072, -1.70057
69.55, 1.028, -1.70069
69.575, 1.02454, -1.70083
69.6, 1.01994, -1.70098
69.625, 1.01519, -1.70113
69.65, 1.01519, -1.70113
69.675, 1.01189, -1.70127
69.7, 1.00988, -1.70139
69.725, 1.00905, -1.70151
69.75, 1.00905, -1.70151
69.775, 1.00792, -1.70161
69.8, 1.00525, -1.70173
69.825, 1.00009, -1.70188
69.85, 1.00009, -1.70188
69.875, 0.993953, -1.70204
69.9, 0.993953, -1.70204
69.925, 0.993953, -1.70204
69.95, 0.990707, -1.70217
69.975, 0.989289, -1.70229
70, 0.990447, -1.7024
70.025, 0.992513, -1.7025
70.05, 0.992513, -1.7025
70.075, 0.992513, -1.7025
70.1, 0.98214, -1.70265
70.125, 0.98214, -1.70265
70.15, 0.98214, -1.70265
70.175, 0.98214, -1.70265
70.2, 0.976531, -1.70277
70.225, 0.97117, -1.70289
70.25, 0.96689, -1.703
70.275, 0.96689, -1.703
70.3, 0.96689, -1.703
70.325, 0.963664, -1.70311
70.35, 0.963664, -1.70311
70.375, 0.963664, -1.70311
70.4, 0.959278, -1.7032
70.425, 0.959278, -1.7032
70.45, 0.959278, -1.7032
70.475, 0.959278, -1.7032
70.5, 0.959278, -1.7032
70.525, 0.959278, -1.7032
70.55, 0.959278, -1.7032
70.575, 0.959278, -1.7032
70.6, 0.959278, -1.7032
70.625, 0.955519, -1.70279
70.65, 0.955519, -1.70279
70.675, 0.969833, -1.70233
70.7, 0.969833, -1.70233
70.725, 0.969833, -1.70233
70.75, 0.969833, -1.70233
70.775, 0.969833, -1.70233
70.8, 0.983141, -1.70194
70.825, 0.983141, -1.70194
70.85, 0.983141, -1.70194
70.875, 0.983141, -1.70194
70.9, 0.983141, -1.70194
70.925, 0.983141, -1.70194
70.95, 1.00045, -1.70148
70.975, 1.02291, -1.70097
71, 1.04962, -1.70042
71.025, 1.04962, -1.70042
71.05, 1.04962, -1.70042
71.075, 1.04962, -1.70042
71.1, 1.04962, -1.70042
71.125, 1.04962, -1.70042
71.15, 1.04962, -1.70042
71.175, 1.04962, -1.70042
71.2, 1.07382, -1.6999
71.225, 1.07382, -1.6999
71.25, 1.07382, -1.6999
71.275, 1.0963, -1.69939
71.3, 1.11732, -1.69889
71.325, 1.11732, -1.69889
71.35, 1.13539, -1.69836
71.375, 1.14996, -1.69778
71.4, 1.14996, -1.69778
71.425, 1.16097, -1.6972
71.45, 1.16097, -1.6972
71.475, 1.16097, -1.6972
71.5, 1.17158, -1.69665
71.525, 1.17158, -1.69665
71.55, 1.18141, -1.69611
71.575, 1.19103, -1.69559
71.6, 1.19103, -1.69559
71.625, 1.19103, -1.69559
71.65, 1.20071, -1.69511
71.675, 1.21017, -1.69467
71.7, 1.21937, -1.69425
71.725, 1.21937, -1.69425
71.75, 1.22822, -1.69384
71.775, 1.23681, -1.69346
71.8, 1.23681, -1.69346
71.825, 1.2451, -1.6931
71.85, 1.2451, -1.6931
71.875, 1.2451, -1.6931
71.9, 1.25297, -1.69278
71.925, 1.25297, -1.69278
71.95, 1.25297, -1.69278
71.975, 1.25297, -1.69278
72, 1.26043, -1.69247
72.025, 1.26745, -1.69219
72.05, 1.26745, -1.69219
72.075, 1.26745, -1.69219
72.1, 1.26745, -1.69219
72.125, 1.26745, -1.69219
72.15, 1.26745, -1.69219
72.175, 1.26745, -1.69219
72.2, 1.26745, -1.69219
72.225, 1.27293, -1.69194
72.25, 1.278, -1.69171
72.275, 1.278, -1.69171
72.3, 1.28306, -1.69147
72.325, 1.28782, -1.69125
72.35, 1.29185, -1.69105
72.375, 1.29496, -1.69087
72.4, 1.29708, -1.69072
72.425, 1.29708, -1.69072
72.45, 1.29784, -1.69059
72.475, 1.29784, -1.69059
72.5, 1.29977, -1.69044
72.525, 1.30242, -1.69028
72.55, 1.30242, -1.69028
72.575, 1.30458, -1.69012
72.6, 1.30458, -1.69012
72.625, 1.30675, -1.68996
72.65, 1.30872, -1.68982
72.675, 1.31032, -1.6897
72.7, 1.31032, -1.6897
72.725, 1.31181, -1.68959
72.75, 1.31181, -1.68959
72.775, 1.31181, -1.68959
72.8, 1.31181, -1.68959
72.825, 1.31181, -1.68959
72.85, 1.31181, -1.68959
72.875, 1.31181, -1.68959
72.9, 1.31491, -1.68948
72.925, 1.31763, -1.68936
72.95, 1.31763, -1.68936
72.975, 1.31763, -1.68936
73, 1.31967, -1.68924
73.025, 1.32089, -1.68912
73.05, 1.32089, -1.68912
73.075, 1.32089, -1.68912
73.1, 1.32089, -1.68912
73.125, 1.32089, -1.68912
73.15, 1.32089, -1.68912
73.175, 1.32105, -1.68901
73.2, 1.31957, -1.68888
73.225, 1.31957, -1.68888
73.25, 1.31957, -1.68888
73.275, 1.31771, -1.68876
73.3, 1.31586, -1.68865
73.325, 1.31586, -1.68865
73.35, 1.31586, -1.68865
73.375, 1.31437, -1.68853
73.4, 1.31437, -1.68853
73.425, 1.31437, -1.68853
73.45, 1.31339, -1.68843
73.475, 1.31339, -1.68843
73.5, 1.31339, -1.68843
73.525, 1.31339, -1.68843
73.55, 1.31331, -1.68834
73.575, 1.3146, -1.68827
73.6, 1.31715, -1.68822
73.625, 1.32019, -1.68818
73.65, 1.32019, -1.68818
73.675, 1.32019, -1.68818
73.7, 1.32238, -1.68813
73.725, 1.32434, -1.68808
73.75, 1.32669, -1.68803
73.775, 1.32669, -1.68803
73.8, 1.32669, -1.68803
73.825, 1.32669, -1.68803
73.85, 1.32829, -1.68804
73.875, 1.32829, -1.68804
73.9, 1.32829, -1.68804
73.925, 1.33004, -1.68804
73.95, 1.33004, -1.68804
73.975, 1.33004, -1.68804
74, 1.33004, -1.68804
74.025, 1.33004, -1.68804
74.05, 1.33004, -1.68804
74.075, 1.33004, -1.68804
74.1, 1.33004, -1.68804
74.125, 1.33004, -1.68804
74.15, 1.33004, -1.68804
74.175, 1.33004, -1.68804
74.2, 1.33004, -1.68804
74.225, 1.33004, -1.68804
74.25, 1.33004, -1.68804
74.275, 1.33004, -1.68804
74.3, 1.33298, -1.68803
74.325, 1.33586, -1.68803
74.35, 1.33896, -1.68802
74.375, 1.34222, -1.68803
74.4, 1.34222, -1.68803
74.425, 1.34222, -1.68803
74.45, 1.34222, -1.68803
74.475, 1.34222, -1.68803
74.5, 1.34222, -1.68803
74.525, 1.34539, -1.68803
74.55, 1.34539, -1.68803
74.575, 1.34846, -1.68805
74.6, 1.35142, -1.68807
74.625, 1.35427, -1.6881
74.65, 1.35427, -1.6881
74.675, 1.35701, -1.68812
74.7, 1.35966, -1.68815
74.725, 1.35966, -1.68815
74.75, 1.3622, -1.68817
74.775, 1.3646, -1.68819
74.8, 1.3646, -1.68819
74.825, 1.36689, -1.6882
74.85, 1.36689, -1.6882
74.875, 1.36689, -1.6882
74.9, 1.36689, -1.6882
74.925, 1.36935, -1.68823
74.95, 1.37169, -1.68827
74.975, 1.37169, -1.68827
75, 1.37169, -1.68827
75.025, 1.37169, -1.68827
75.05, 1.37169, -1.68827
75.075, 1.37169, -1.68827
75.1, 1.37416, -1.68829
75.125, 1.37416, -1.68829
75.15, 1.37661, -1.68831
75.175, 1.37906, -1.68833
75.2, 1.37906, -1.68833
75.225, 1.37906, -1.68833
75.25, 1.38102, -1.68837
75.275, 1.38288, -1.68841
75.3, 1.38477, -1.68844
75.325, 1.38637, -1.68846
75.35, 1.38637, -1.68846
75.375, 1.38637, -1.68846
75.4, 1.38573, -1.68849
75.425, 1.38573, -1.68849
75.45, 1.38573, -1.68849
75.475, 1.38598, -1.68852
75.5, 1.38648, -1.68855
75.525, 1.38648, -1.68855
75.55, 1.38648, -1.68855
75.575, 1.38688, -1.68858
75.6, 1.38688, -1.68858
75.625, 1.38688, -1.68858
75.65, 1.38688, -1.68858
75.675, 1.38735, -1.6886
75.7, 1.38735, -1.6886
75.725, 1.38801, -1.68863
75.75, 1.38801, -1.68863
75.775, 1.38801, -1.68863
75.8, 1.38861, -1.68865
75.825, 1.38861, -1.68865
75.85, 1.38881, -1.68867
75.875, 1.38881, -1.68867
75.9, 1.38881, -1.68867
75.925, 1.38856, -1.68869
75.95, 1.3881, -1.6887
75.975, 1.3881, -1.6887
76, 1.38768, -1.68872
76.025, 1.38768, -1.68872
76.05, 1.38712, -1.68873
76.075, 1.38712, -1.68873
76.1, 1.38712, -1.68873
76.125, 1.38616, -1.68874
76.15, 1.38616, -1.68874
76.175, 1.38616, -1.68874
76.2, 1.385, -1.68875
76.225, 1.38358, -1.68876
76.25, 1.38358, -1.68876
76.275, 1.3821, -1.68877
76.3, 1.3821, -1.68877
76.325, 1.3821, -1.68877
76.35, 1.38065, -1.68878
76.375, 1.38065, -1.68878
76.4, 1.38065, -1.68878
76.425, 1.38065, -1.68878
76.45, 1.38065, -1.68878
76.475, 1.38065, -1.68878
76.5, 1.37901, -1.68878
76.525, 1.37901, -1.68878
76.55, 1.37763, -1.68879
76.575, 1.37684, -1.6888
76.6, 1.37684, -1.6888
76.625, 1.37684, -1.6888
76.65, 1.37612, -1.68883
76.675, 1.3753, -1.68887
76.7, 1.3753, -1.68887
76.725, 1.3753, -1.68887
76.75, 1.3753, -1.68887
76.775, 1.3753, -1.68887
76.8, 1.37468, -1.6889
76.825, 1.37409, -1.68892
76.85, 1.37409, -1.68892
76.875, 1.37409, -1.68892
76.9, 1.37294, -1.68897
76.925, 1.37139, -1.68902
76.95, 1.37139, -1.68902
76.975, 1.3699, -1.68908
77, 1.3699, -1.68908
77.025, 1.3699, -1.68908
77.05, 1.3699, -1.68908
77.075, 1.3699, -1.68908
77.1, 1.36935, -1.68912
77.125, 1.36935, -1.68912
77.15, 1.36912, -1.68917
77.175, 1.36912, -1.68917
77.2, 1.36892, -1.68924
77.225, 1.36892, -1.68924
77.25, 1.36892, -1.68924
77.275, 1.36848, -1.68929
77.3, 1.3676, -1.68934
77.325, 1.36607, -1.68938
77.35, 1.36397, -1.68942
77.375, 1.36397, -1.68942
77.4, 1.36397, -1.68942
77.425, 1.36397, -1.68942
77.45, 1.36397, -1.68942
77.475, 1.36397, -1.68942
77.5, 1.36155, -1.68946
77.525, 1.35823, -1.6895
77.55, 1.35418, -1.68953
77.575, 1.35418, -1.68953
77.6, 1.35418, -1.68953
77.625, 1.35418, -1.68953
77.65, 1.34999, -1.68957
77.675, 1.34621, -1.6896
77.7, 1.34621, -1.6896
77.725, 1.34232, -1.68963
77.75, 1.34232, -1.68963
77.775, 1.34232, -1.68963
77.8, 1.34232, -1.68963
77.825, 1.3391, -1.68967
77.85, 1.3391, -1.68967
77.875, 1.33657, -1.68972
77.9, 1.33468, -1.68977
77.925, 1.33468, -1.68977
77.95, 1.33468, -1.68977
77.975, 1.33468, -1.68977
78, 1.3329, -1.68982
78.025, 1.3329, -1.68982
78.05, 1.3329, -1.68982
78.075, 1.33038, -1.6899
78.1, 1.32727, -1.68999
78.125, 1.32727, -1.68999
78.15, 1.32432, -1.69008
78.175, 1.32153, -1.69016
78.2, 1.31861, -1.69023
78.225, 1.31861, -1.69023
78.25, 1.31567, -1.6903
78.275, 1.31309, -1.69038
78.3, 1.31309, -1.69038
78.325, 1.31007, -1.69047
78.35, 1.31007, -1.69047
78.375, 1.31007, -1.69047
78.4, 1.31007, -1.69047
78.425, 1.31014, -1.6905
78.45, 1.31014, -1.6905
78.475, 1.31052, -1.69054
78.5, 1.31052, -1.69054
78.525, 1.31087, -1.69057
78.55, 1.31087, -1.69057
78.575, 1.31096, -1.6906
78.6, 1.31057, -1.69064
78.625, 1.30956, -1.6907
78.65, 1.30956, -1.6907
78.675, 1.30956, -1.6907
78.7, 1.30956, -1.6907
78.725, 1.3089, -1.69074
78.75, 1.3083, -1.69078
78.775, 1.3083, -1.69078
78.8, 1.3083, -1.69078
78.825, 1.3083, -1.69078
78.85, 1.30766, -1.69082
78.875, 1.30691, -1.69086
78.9, 1.30603, -1.6909
78.925, 1.30603, -1.6909
78.95, 1.30603, -1.6909
78.975, 1.30491, -1.69094
79, 1.3035, -1.69099
79.025, 1.3035, -1.69099
79.05, 1.3035, -1.69099
79.075, 1.3035, -1.69099
79.1, 1.3035, -1.69099
79.125, 1.30255, -1.69103
79.15, 1.30255, -1.69103
79.175, 1.30255, -1.69103
79.2, 1.30079, -1.69107
79.225, 1.30079, -1.69107
79.25, 1.29788, -1.69112
79.275, 1.2935, -1.69119
79.3, 1.2935, -1.69119
79.325, 1.2935, -1.69119
79.35, 1.2935, -1.69119
79.375, 1.2935, -1.69119
79.4, 1.2935, -1.69119
79.425, 1.28939, -1.69125
79.45, 1.28939, -1.69125
79.475, 1.28939, -1.69125
79.5, 1.28387, -1.69132
79.525, 1.28387, -1.69132
79.55, 1.28387, -1.69132
79.575, 1.28387, -1.69132
79.6, 1.28041, -1.69137
79.625, 1.28041, -1.69137
79.65, 1.27723, -1.69142
79.675, 1.27723, -1.69142
79.7, 1.27723, -1.69142
79.725, 1.27322, -1.69148
79.75, 1.26722, -1.69155
79.775, 1.26722, -1.69155
79.8, 1.26722, -1.69155
79.825, 1.26722, -1.69155
79.85, 1.26722, -1.69155
79.875, 1.26468, -1.6916
79.9, 1.26336, -1.69164
79.925, 1.26336, -1.69164
79.95, 1.26095, -1.69169
79.975, 1.25832, -1.69175
80, 1.25832, -1.69175
80.025, 1.25399, -1.69181
80.05, 1.25399, -1.69181
80.075, 1.25399, -1.69181
80.1, 1.24776, -1.69189
80.125, 1.23875, -1.69197
80.15, 1.23875, -1.69197
80.175, 1.22847, -1.69206
80.2, 1.21737, -1.69215
80.225, 1.21737, -1.69215
80.25, 1.21737, -1.69215
80.275, 1.20338, -1.69224
80.3, 1.20338, -1.69224
80.325, 1.1889, -1.69233
80.35, 1.1889, -1.69233
80.375, 1.1889, -1.69233
80.4, 1.1889, -1.69233
80.425, 1.17504, -1.69242
80.45, 1.167, -1.69248
80.475, 1.16378, -1.69252
80.5, 1.16378, -1.69252
80.525, 1.16366, -1.69258
80.55, 1.16834, -1.69262
80.575, 1.16834, -1.69262
80.6, 1.17471, -1.69269
80.625, 1.17471, -1.69269
80.65, 1.17471, -1.69269
80.675, 1.1813, -1.6928
80.7, 1.1813, -1.6928
80.725, 1.18955, -1.69296
80.75, 1.20122, -1.6931
80.775, 1.20122, -1.6931
80.8, 1.21311, -1.69328
80.825, 1.21311, -1.69328
80.85, 1.22484, -1.69346
80.875, 1.23751, -1.69363
80.9, 1.23751, -1.69363
80.925, 1.24987, -1.69379
80.95, 1.26365, -1.69392
80.975, 1.27919, -1.69403
81, 1.27919, -1.69403
81.025, 1.27919, -1.69403
81.05, 1.27919, -1.69403
81.075, 1.29412, -1.69414
81.1, 1.30945, -1.69425
81.125, 1.32501, -1.69435
81.15, 1.32501, -1.69435
81.175, 1.32501, -1.69435
81.2, 1.34037, -1.69444
81.225, 1.35558, -1.69451
81.25, 1.37094, -1.69457
81.275, 1.37094, -1.69457
81.3, 1.38545, -1.69463
81.325, 1.39965, -1.69469
81.35, 1.41343, -1.69474
81.375, 1.41343, -1.69474
81.4, 1.42671, -1.69479
81.425, 1.42671, -1.69479
81.45, 1.4395, -1.69484
81.475, 1.45192, -1.69488
81.5, 1.45192, -1.69488
81.525, 1.45192, -1.69488
81.55, 1.45192, -1.69488
81.575, 1.46411, -1.69491
81.6, 1.46411, -1.69491
81.625, 1.47513, -1.69495
81.65, 1.47513, -1.69495
81.675, 1.47513, -1.69495
81.7, 1.48564, -1.69499
81.725, 1.48564, -1.69499
81.75, 1.48564, -1.69499
81.775, 1.48564, -1.69499
81.8, 1.49624, -1.69502
81.825, 1.50628, -1.69505
81.85, 1.51574, -1.69506
81.875, 1.51574, -1.69506
81.9, 1.51574, -1.69506
81.925, 1.51574, -1.69506
81.95, 1.51574, -1.69506
81.975, 1.51574, -1.69506
82, 1.51574, -1.69506
82.025, 1.51574, -1.69506
82.05, 1.51574, -1.69506
82.075, 1.52517, -1.69508
82.1, 1.52517, -1.69508
82.125, 1.5342, -1.6951
82.15, 1.54269, -1.69511
82.175, 1.54269, -1.69511
82.2, 1.55039, -1.69511
82.225, 1.55721, -1.69511
82.25, 1.55721, -1.69511
82.275, 1.56411, -1.6951
82.3, 1.56411, -1.6951
82.325, 1.56411, -1.6951
82.35, 1.57096, -1.69511
82.375, 1.57096, -1.69511
82.4, 1.57096, -1.69511
82.425, 1.57096, -1.69511
82.45, 1.57686, -1.69511
82.475, 1.57686, -1.69511
82.5, 1.58239, -1.69511
82.525, 1.58786, -1.69511
82.55, 1.59337, -1.69511
82.575, 1.59337, -1.69511
82.6, 1.59337, -1.69511
82.625, 1.59337, -1.69511
82.65, 1.59337, -1.69511
82.675, 1.59879, -1.69509
82.7, 1.60385, -1.69505
82.725, 1.60847, -1.69502
82.75, 1.60847, -1.69502
82.775, 1.60847, -1.69502
82.8, 1.61317, -1.69498
82.825, 1.61317, -1.69498
82.85, 1.61317, -1.69498
82.875, 1.61795, -1.69495
82.9, 1.61795, -1.69495
82.925, 1.61795, -1.69495
82.95, 1.61795, -1.69495
82.975, 1.61795, -1.69495
83, 1.62259, -1.69493
83.025, 1.62259, -1.69493
83.05, 1.62714, -1.69492
83.075, 1.62714, -1.69492
83.1, 1.62714, -1.69492
83.125, 1.63159, -1.6949
83.15, 1.63159, -1.6949
83.175, 1.63159, -1.6949
83.2, 1.63601, -1.6949
83.225, 1.63601, -1.6949
83.25, 1.63601, -1.6949
83.275, 1.64027, -1.69491
83.3, 1.64027, -1.69491
83.325, 1.64027, -1.69491
83.35, 1.64027, -1.69491
83.375, 1.64027, -1.69491
83.4, 1.64443, -1.69492
83.425, 1.64443, -1.69492
83.45, 1.64849, -1.69493
83.475, 1.65245, -1.69495
83.5, 1.65245, -1.69495
83.525, 1.65245, -1.69495
83.55, 1.65619, -1.69496
83.575, 1.6596, -1.69496
83.6, 1.6596, -1.69496
83.625, 1.66258, -1.69497
83.65, 1.66531, -1.69497
83.675, 1.66531, -1.69497
83.7, 1.6683, -1.69497
83.725, 1.67154, -1.695
83.75, 1.67154, -1.695
83.775, 1.67476, -1.69504
83.8, 1.67476, -1.69504
83.825, 1.67476, -1.69504
83.85, 1.67756, -1.69507
83.875, 1.67756, -1.69507
83.9, 1.67986, -1.69509
83.925, 1.67986, -1.69509
83.95, 1.67986, -1.69509
83.975, 1.67986, -1.69509
84, 1.68275, -1.69512
84.025, 1.68585, -1.69517
84.05, 1.68585, -1.69517
84.075, 1.68842, -1.69519
84.1, 1.68995, -1.6952
84.125, 1.68995, -1.6952
84.15, 1.68977, -1.69523
84.175, 1.68791, -1.69527
84.2, 1.68791, -1.69527
84.225, 1.6861, -1.69531
84.25, 1.6861, -1.69531
84.275, 1.68473, -1.69534
84.3, 1.68473, -1.69534
84.325, 1.68473, -1.69534
84.35, 1.68296, -1.69537
84.375, 1.6808, -1.69539
84.4, 1.6808, -1.69539
84.425, 1.6808, -1.69539
84.45, 1.6808, -1.69539
84.475, 1.67875, -1.69542
84.5, 1.67875, -1.69542
84.525, 1.67676, -1.69544
84.55, 1.67676, -1.69544
84.575, 1.67676, -1.69544
84.6, 1.67676, -1.69544
84.625, 1.67676, -1.69544
84.65, 1.67487, -1.69546
84.675, 1.67333, -1.69549
84.7, 1.67333, -1.69549
84.725, 1.67183, -1.69551
84.75, 1.67045, -1.69554
84.775, 1.67045, -1.69554
84.8, 1.67045, -1.69554
84.825, 1.67045, -1.69554
84.85, 1.67045, -1.69554
84.875, 1.67045, -1.69554
84.9, 1.66916, -1.69558
84.925, 1.66916, -1.69558
84.95, 1.66916, -1.69558
84.975, 1.66787, -1.6956
85, 1.66787, -1.6956
85.025, 1.66657, -1.69563
85.05, 1.66657, -1.69563
85.075, 1.66657, -1.69563
85.1, 1.66558, -1.69566
85.125, 1.66482, -1.69571
85.15, 1.66482, -1.69571
85.175, 1.66383, -1.6958
85.2, 1.66383, -1.6958
85.225, 1.66383, -1.6958
85.25, 1.66383, -1.6958
85.275, 1.66383, -1.6958
85.3, 1.66307, -1.69585
85.325, 1.66221, -1.6959
85.35, 1.66221, -1.6959
85.375, 1.66221, -1.6959
85.4, 1.66221, -1.6959
85.425, 1.66115, -1.69598
85.45, 1.66115, -1.69598
85.475, 1.66115, -1.69598
85.5, 1.66115, -1.69598
85.525, 1.66115, -1.69598
85.55, 1.66115, -1.69598
85.575, 1.66115, -1.69598
85.6, 1.66115, -1.69598
85.625, 1.66055, -1.69604
85.65, 1.66055, -1.69604
85.675, 1.66002, -1.6961
85.7, 1.65951, -1.69615
85.725, 1.65951, -1.69615
85.75, 1.65951, -1.69615
85.775, 1.65951, -1.69615
85.8, 1.65951, -1.69615
85.825, 1.65951, -1.69615
85.85, 1.65951, -1.69615
85.875, 1.65935, -1.6962
85.9, 1.65935, -1.6962
85.925, 1.65925, -1.69625
85.95, 1.65925, -1.69625
85.975, 1.65925, -1.69625
86, 1.65925, -1.69625
86.025, 1.65931, -1.69631
86.05, 1.6594, -1.69636
86.075, 1.6594, -1.69636
86.1, 1.6594, -1.69636
86.125, 1.6594, -1.69636
86.15, 1.65939, -1.6964
86.175, 1.65939, -1.6964
86.2, 1.65939, -1.6964
86.225, 1.65931, -1.69645
86.25, 1.65927, -1.69649
86.275, 1.65927, -1.69649
86.3, 1.65927, -1.69649
86.325, 1.65927, -1.69649
86.35, 1.65921, -1.69654
86.375, 1.65921, -1.69654
86.4, 1.65883, -1.69657
86.425, 1.65771, -1.6966
86.45, 1.65576, -1.69662
86.475, 1.65576, -1.69662
86.5, 1.65576, -1.69662
86.525, 1.65516, -1.69664
86.55, 1.65505, -1.69667
86.575, 1.65505, -1.69667
86.6, 1.6548, -1.69673
86.625, 1.6548, -1.69673
86.65, 1.6548, -1.69673
86.675, 1.6548, -1.69673
86.7, 1.65453, -1.69675
86.725, 1.65383, -1.69678
86.75, 1.65296, -1.6968
86.775, 1.65296, -1.6968
86.8, 1.65243, -1.69682
86.825, 1.65243, -1.69682
86.85, 1.65243, -1.69682
86.875, 1.65243, -1.69682
86.9, 1.65243, -1.69682
86.925, 1.65243, -1.69682
86.95, 1.65243, -1.69682
86.975, 1.6518, -1.69682
87, 1.6509, -1.69681
87.025, 1.6509, -1.69681
87.05, 1.6509, -1.69681
87.075, 1.6509, -1.69681
87.1, 1.6509, -1.69681
87.125, 1.6509, -1.69681
87.15, 1.6509, -1.69681
87.175, 1.65019, -1.6968
87.2, 1.65019, -1.6968
87.225, 1.64952, -1.69679
87.25, 1.64952, -1.69679
87.275, 1.6489, -1.69679
87.3, 1.6489, -1.69679
87.325, 1.64838, -1.69678
87.35, 1.64795, -1.69678
87.375, 1.64761, -1.69678
87.4, 1.6474, -1.69679
87.425, 1.64732, -1.69679
87.45, 1.64737, -1.6968
87.475, 1.64737, -1.6968
87.5, 1.64751, -1.69682
87.525, 1.64751, -1.69682
87.55, 1.64751, -1.69682
87.575, 1.64751, -1.69682
87.6, 1.64751, -1.69682
87.625, 1.64751, -1.69682
87.65, 1.64767, -1.69684
87.675, 1.64767, -1.69684
87.7, 1.64767, -1.69684
87.725, 1.64767, -1.69684
87.75, 1.64761, -1.69687
87.775, 1.64761, -1.69687
87.8, 1.64761, -1.69687
87.825, 1.64761, -1.69687
87.85, 1.64768, -1.69688
87.875, 1.64768, -1.69688
87.9, 1.64768, -1.69688
87.925, 1.64793, -1.6969
87.95, 1.64793, -1.6969
87.975, 1.64793, -1.6969
88, 1.64791, -1.69693
88.025, 1.64791, -1.69693
88.05, 1.64791, -1.69693
88.075, 1.64791, -1.69693
88.1, 1.64791, -1.69693
88.125, 1.64791, -1.69693
88.15, 1.64791, -1.69693
88.175, 1.64791, -1.69693
88.2, 1.64791, -1.69693
88.225, 1.64918, -1.69691
88.25, 1.65043, -1.69691
88.275, 1.65162, -1.69691
88.3, 1.65162, -1.69691
88.325, 1.65277, -1.69691
88.35, 1.65277, -1.69691
88.375, 1.65362, -1.69691
88.4, 1.65362, -1.69691
88.425, 1.65362, -1.69691
88.45, 1.65362, -1.69691
88.475, 1.65362, -1.69691
88.5, 1.65514, -1.69689
88.525, 1.65664, -1.69688
88.55, 1.65809, -1.69686
88.575, 1.65809, -1.69686
88.6, 1.65809, -1.69686
88.625, 1.6594, -1.69684
88.65, 1.66066, -1.69683
88.675, 1.66066, -1.69683
88.7, 1.66066, -1.69683
88.725, 1.66066, -1.69683
88.75, 1.66066, -1.69683
88.775, 1.66066, -1.69683
88.8, 1.66066, -1.69683
88.825, 1.66187, -1.69681
88.85, 1.66317, -1.6968
88.875, 1.66317, -1.6968
88.9, 1.66317, -1.6968
88.925, 1.66317, -1.6968
88.95, 1.66317, -1.6968
88.975, 1.66317, -1.6968
89, 1.66464, -1.69677
89.025, 1.66605, -1.69674
89.05, 1.66605, -1.69674
89.075, 1.66605, -1.69674
89.1, 1.66605, -1.69674
89.125, 1.66605, -1.69674
89.15, 1.66605, -1.69674
89.175, 1.66708, -1.69674
89.2, 1.66708, -1.69674
89.225, 1.66708, -1.69674
89.25, 1.66708, -1.69674
89.275, 1.66708, -1.69674
89.3, 1.66808, -1.69673
89.325, 1.66905, -1.69672
89.35, 1.66905, -1.69672
89.375, 1.66905, -1.69672
89.4, 1.66906, -1.69674
89.425, 1.66906, -1.69674
89.45, 1.66906, -1.69674
89.475, 1.66906, -1.69674
89.5, 1.66906, -1.69674
89.525, 1.66906, -1.69674
89.55, 1.66906, -1.69674
89.575, 1.66906, -1.69674
89.6, 1.66905, -1.69677
89.625, 1.66905, -1.69677
89.65, 1.6685, -1.69681
89.675, 1.6685, -1.69681
89.7, 1.66765, -1.69686
89.725, 1.66692, -1.6969
89.75, 1.66692, -1.6969
89.775, 1.66633, -1.69695
89.8, 1.66633, -1.69695
89.825, 1.66633, -1.69695
89.85, 1.66633, -1.69695
89.875, 1.66633, -1.69695
89.9, 1.66633, -1.69695
89.925, 1.66633, -1.69695
89.95, 1.66633, -1.69695
89.975, 1.66633, -1.69695
