0, 1, 2.31241
0.025, 1, 2.31241
0.05, 1, 1.45268
0.075, 1, 1.7308
0.1, 1, 1.7308
0.125, 1, 1.7308
0.15, 1, 1.7308
0.175, 1, 0.00916965
0.2, 1, 0.00916965
0.225, 1, 0.00916965
0.25, 1, 0.00916965
0.275, 1, 0.00916965
0.3, 1, 0.0861322
0.325, 1, 0.0861322
0.35, 1, 0.121494
0.375, 1, 0.121494
0.4, 1, 0.121494
0.425, 1, 0.121494
0.45, 1, 0.121494
0.475, 1, 0.121494
0.5, 1, 0.121494
0.525, 1, 0.121494
0.55, 1, 0.420997
0.575, 1, 0.555526
0.6, 1, 0.692928
0.625, 1, 0.692928
0.65, 1, 0.692928
0.675, 1, 1.08395
0.7, 1, 1.08395
0.725, 1, 1.08395
0.75, 1, 1.08395
0.775, 1, 1.08395
0.8, 1, 1.43015
0.825, 1, 1.43015
0.85, 1, 1.43015
0.875, 1, 1.43015
0.9, 1, 1.43015
0.925, 1, 1.43015
0.95, 1, 1.43015
0.975, 1, 0.627588
1, 1, 0.627588
1.025, 1, 0.627588
1.05, 1, 0.627588
1.075, 1, 0.627588
1.1, 1, 0.621381
1.125, 1, 0.59022
1.15, 1, 0.59022
1.175, 1, 0.59022
1.2, 1, 0.59022
1.225, 1, 0.59022
1.25, 1, 0.59022
1.275, 1, 0.59022
1.3, 1, 0.0793099
1.325, 1, 0.172005
1.35, 1, 0.188718
1.375, 1, 0.188718
1.4, 1, 0.188718
1.425, 1, 0.188718
1.45, 1, 0.130569
1.475, 1, 0.130635
1.5, 1, 0.130635
1.525, 1, 0.148872
1.55, 1, 0.162736
1.575, 1, 0.172574
1.6, 1, 0.172574
1.625, 1, 0.170302
1.65, 1, 0.170302
1.675, 1, 0.170302
1.7, 1, 0.175205
1.725, 1, 0.175205
1.75, 1, 0.175205
1.775, 1, 0.185295
1.8, 1, 0.185295
1.825, 1, 0.189929
1.85, 1, 0.189929
1.875, 1, 0.189929
1.9, 1, 0.200671
1.925, 1, 0.209162
1.95, 1, 0.217225
1.975, 1, 0.2219
2, 1, 0.2219
2.025, 1, 0.22345
2.05, 1, 0.22281
2.075, 1, 0.22281
2.1, 1, 0.221083
2.125, 1, 0.221083
2.15, 1, 0.221083
2.175, 1, 0.221083
2.2, 1, 0.223658
2.225, 1, 0.223658
2.25, 1, 0.223658
2.275, 1, 0.223601
2.3, 1, 0.223601
2.325, 1, 0.223116
2.35, 1, 0.223116
2.375, 1, 0.223116
2.4, 1, 0.222406
2.425, 1, 0.222406
2.45, 1, 0.221151
2.475, 1, 0.221151
2.5, 1, 0.22143
2.525, 1, 0.221447
2.55, 1, 0.220787
2.575, 1, 0.220787
2.6, 1, 0.218928
2.625, 1, 0.218928
2.65, 1, 0.212879
2.675, 1, 0.212879
2.7, 1, 0.213402
2.725, 1, 0.214428
2.75, 1, 0.215291
2.775, 1, 0.215291
2.8, 1, 0.213492
2.825, 1, 0.210121
2.85, 1, 0.210121
2.875, 1, 0.210121
2.9, 1, 0.210238
2.925, 1, 0.210238
2.95, 1, 0.210238
2.975, 1, 0.210238
3, 1, 0.207327
3.025, 1, 0.207327
3.05, 1, 0.206733
3.075, 1, 0.206733
3.1, 1, 0.204434
3.125, 1, 0.204434
3.15, 1, 0.204434
3.175, 1, 0.204434
3.2, 1, 0.184568
3.225, 1, 0.184568
3.25, 1, 0.170071
3.275, 1, 0.170071
3.3, 1, 0.170071
3.325, 1, 0.170071
3.35, 1, 0.158394
3.375, 1, 0.158394
3.4, 1, 0.147186
3.425, 1, 0.141057
3.45, 1, 0.141057
3.475, 1, 0.141057
3.5, 1, 0.141057
3.525, 1, 0.130575
3.55, 1, 0.130575
3.575, 1, 0.124324
3.6, 1, 0.124324
3.625, 1, 0.124324
3.65, 1, 0.133218
3.675, 1, 0.133218
3.7, 1, 0.135965
3.725, 1, 0.135965
3.75, 1, 0.135965
3.775, 1, 0.135965
3.8, 1, 0.13562
3.825, 1, 0.13562
3.85, 1, 0.140405
3.875, 1, 0.146365
3.9, 1, 0.151431
3.925, 1, 0.153566
3.95, 1, 0.15324
3.975, 1, 0.152485
4, 1, 0.152485
4.025, 1, 0.152485
4.05, 1, 0.152485
4.075, 1, 0.152485
4.1, 1, 0.152275
4.125, 1, 0.153824
4.15, 1, 0.154745
4.175, 1, 0.155494
4.2, 1, 0.156183
4.225, 1, 0.156183
4.25, 1, 0.156183
4.275, 1, 0.154275
4.3, 1, 0.154275
4.325, 1, 0.154275
4.35, 1, 0.153772
4.375, 1, 0.153772
4.4, 1, 0.154053
4.425, 1, 0.154053
4.45, 1, 0.152186
4.475, 1, 0.152186
4.5, 1, 0.152186
4.525, 1, 0.144812
4.55, 1, 0.144812
4.575, 1, 0.144958
4.6, 1, 0.147083
4.625, 1, 0.147083
4.65, 1, 0.147922
4.675, 1, 0.147711
4.7, 1, 0.147711
4.725, 1, 0.147711
4.75, 1, 0.140986
4.775, 1, 0.140986
4.8, 1, 0.140986
4.825, 1, 0.142299
4.85, 1, 0.142299
4.875, 1, 0.142299
4.9, 1, 0.142407
4.925, 1, 0.144125
4.95, 1, 0.145715
4.975, 1, 0.145715
5, 1, 0.146148
5.025, 1, 0.147713
5.05, 1, 0.149222
5.075, 1, 0.149222
5.1, 1, 0.149359
5.125, 1, 0.150228
5.15, 1, 0.150228
5.175, 1, 0.150228
5.2, 1, 0.150228
5.225, 1, 0.150228
5.25, 1, 0.150228
5.275, 1, 0.148976
5.3, 1, 0.148976
5.325, 1, 0.148742
5.35, 1, 0.148742
5.375, 1, 0.148742
5.4, 1, 0.145816
5.425, 1, 0.141679
5.45, 1, 0.141679
5.475, 1, 0.141679
5.5, 1, 0.141679
5.525, 1, 0.141679
5.55, 1, 0.141679
5.575, 1, 0.141679
5.6, 1, 0.141679
5.625, 1, 0.135659
5.65, 1, 0.135659
5.675, 1, 0.135659
5.7, 1, 0.135659
5.725, 1, 0.135659
5.75, 1, 0.135659
5.775, 1, 0.131295
5.8, 1, 0.12435
5.825, 1, 0.122468
5.85, 1, 0.122468
5.875, 1, 0.122468
5.9, 1, 0.124034
5.925, 1, 0.133047
5.95, 1, 0.133047
5.975, 1, 0.133047
6, 1, 0.133047
6.025, 1, 0.133047
6.05, 1, 0.137415
6.075, 1, 0.137819
6.1, 1, 0.136952
6.125, 1, 0.140253
6.15, 1, 0.145458
6.175, 1, 0.147996
6.2, 1, 0.147996
6.225, 1, 0.1482
6.25, 1, 0.1482
6.275, 1, 0.148266
6.3, 1, 0.148266
6.325, 1, 0.148266
6.35, 1, 0.148266
6.375, 1, 0.148266
6.4, 1, 0.148266
6.425, 1, 0.1511
6.45, 1, 0.151076
6.475, 1, 0.151076
6.5, 1, 0.151076
6.525, 1, 0.151076
6.55, 1, 0.151076
6.575, 1, 0.151076
6.6, 1, 0.14626
6.625, 1, 0.14626
6.65, 1, 0.14626
6.675, 1, 0.14626
6.7, 1, 0.147525
6.725, 1, 0.147098
6.75, 1, 0.147098
6.775, 1, 0.147098
6.8, 1, 0.147098
6.825, 1, 0.143755
6.85, 1, 0.143755
6.875, 1, 0.143755
6.9, 1, 0.143755
6.925, 1, 0.143755
6.95, 1, 0.143755
6.975, 1, 0.14389
7, 1, 0.143751
7.025, 1, 0.143751
7.05, 1, 0.14279
7.075, 1, 0.14279
7.1, 1, 0.14279
7.125, 1, 0.14279
7.15, 1, 0.143605
7.175, 1, 0.146597
7.2, 1, 0.148898
7.225, 1, 0.151047
7.25, 1, 0.152824
7.275, 1, 0.15302
7.3, 1, 0.152311
7.325, 1, 0.15206
7.35, 1, 0.15206
7.375, 1, 0.15217
7.4, 1, 0.15217
7.425, 1, 0.15217
7.45, 1, 0.15217
7.475, 1, 0.15217
7.5, 1, 0.15217
7.525, 1, 0.15217
7.55, 1, 0.147634
7.575, 1, 0.147634
7.6, 1, 0.147634
7.625, 1, 0.147634
7.65, 1, 0.147634
7.675, 1, 0.147166
7.7, 1, 0.147166
7.725, 1, 0.147166
7.75, 1, 0.147166
7.775, 1, 0.141613
7.8, 1, 0.141613
7.825, 1, 0.141613
7.85, 1, 0.141613
7.875, 1, 0.141652
7.9, 1, 0.141652
7.925, 1, 0.141652
7.95, 1, 0.141652
7.975, 1, 0.141652
8, 1, 0.141652
8.025, 1, 0.141652
8.05, 1, 0.14195
8.075, 1, 0.14195
8.1, 1, 0.14195
8.125, 1, 0.138813
8.15, 1, 0.138813
8.175, 1, 0.138813
8.2, 1, 0.137163
8.225, 1, 0.13947
8.25, 1, 0.13947
8.275, 1, 0.13947
8.3, 1, 0.139596
8.325, 1, 0.141794
8.35, 1, 0.141794
8.375, 1, 0.141794
8.4, 1, 0.141638
8.425, 1, 0.141638
8.45, 1, 0.142378
8.475, 1, 0.142378
8.5, 1, 0.139982
8.525, 1, 0.139587
8.55, 1, 0.139587
8.575, 1, 0.139587
8.6, 1, 0.139587
8.625, 1, 0.140708
8.65, 1, 0.140238
8.675, 1, 0.140238
8.7, 1, 0.135729
8.725, 1, 0.130074
8.75, 1, 0.130074
8.775, 1, 0.130074
8.8, 1, 0.130074
8.825, 1, 0.130074
8.85, 1, 0.130074
8.875, 1, 0.130074
8.9, 1, 0.130074
8.925, 1, 0.130074
8.95, 1, 0.130074
8.975, 1, 0.130074
9, 1, 0.130074
9.025, 1, 0.130074
9.05, 1, 0.12991
9.075, 1, 0.128967
9.1, 1, 0.128967
9.125, 1, 0.1273
9.15, 1, 0.128851
9.175, 1, 0.128851
9.2, 1, 0.128851
9.225, 1, 0.128851
9.25, 1, 0.128851
9.275, 1, 0.128851
9.3, 1, 0.128851
9.325, 1, 0.132736
9.35, 1, 0.134981
9.375, 1, 0.134981
9.4, 1, 0.134981
9.425, 1, 0.134981
9.45, 1, 0.134981
9.475, 1, 0.134981
9.5, 1, 0.137403
9.525, 1, 0.138904
9.55, 1, 0.138904
9.575, 1, 0.138904
9.6, 1, 0.138904
9.625, 1, 0.138904
9.65, 1, 0.138904
9.675, 1, 0.138904
9.7, 1, 0.138904
9.725, 1, 0.140682
9.75, 1, 0.140139
9.775, 1, 0.140139
9.8, 1, 0.140139
9.825, 1, 0.140139
9.85, 1, 0.137152
9.875, 1, 0.137152
9.9, 1, 0.137152
9.925, 1, 0.137152
9.95, 1, 0.137152
9.975, 1, 0.137152
10, 1, 0.137152
10.025, 1, 0.137152
10.05, 1, 0.137152
10.075, 1, 0.137438
10.1, 1, 0.137438
10.125, 1, 0.137438
10.15, 1, 0.140216
10.175, 1, 0.140216
10.2, 1, 0.140891
10.225, 1, 0.140891
10.25, 1, 0.14124
10.275, 1, 0.141972
10.3, 1, 0.141972
10.325, 1, 0.141972
10.35, 1, 0.142052
10.375, 1, 0.142052
10.4, 1, 0.142052
10.425, 1, 0.142052
10.45, 1, 0.142052
10.475, 1, 0.142052
10.5, 1, 0.142052
10.525, 1, 0.143187
10.55, 1, 0.143187
10.575, 1, 0.143187
10.6, 1, 0.140165
10.625, 1, 0.140165
10.65, 1, 0.139511
10.675, 1, 0.139511
10.7, 1, 0.139511
10.725, 1, 0.139511
10.75, 1, 0.134684
10.775, 1, 0.134684
10.8, 1, 0.134684
10.825, 1, 0.129992
10.85, 1, 0.129992
10.875, 1, 0.129992
10.9, 1, 0.133062
10.925, 1, 0.134691
10.95, 1, 0.135183
10.975, 1, 0.135183
11, 1, 0.131976
11.025, 1, 0.131976
11.05, 1, 0.131976
11.075, 1, 0.131976
11.1, 1, 0.131976
11.125, 1, 0.13333
11.15, 1, 0.13333
11.175, 1, 0.13333
11.2, 1, 0.133918
11.225, 1, 0.133918
11.25, 1, 0.135293
11.275, 1, 0.135293
11.3, 1, 0.135293
11.325, 1, 0.135293
11.35, 1, 0.135293
11.375, 1, 0.135293
11.4, 1, 0.135293
11.425, 1, 0.135293
11.45, 1, 0.135293
11.475, 1, 0.13785
11.5, 1, 0.13785
11.525, 1, 0.138019
11.55, 1, 0.139885
11.575, 1, 0.139885
11.6, 1, 0.139654
11.625, 1, 0.14093
11.65, 1, 0.142056
11.675, 1, 0.141474
11.7, 1, 0.141474
11.725, 1, 0.141474
11.75, 1, 0.141474
11.775, 1, 0.141474
11.8, 1, 0.141474
11.825, 1, 0.136862
11.85, 1, 0.136862
11.875, 1, 0.136862
11.9, 1, 0.136862
11.925, 1, 0.136862
11.95, 1, 0.122172
11.975, 1, 0.122172
12, 1, 0.119948
12.025, 1, 0.119948
12.05, 1, 0.118784
12.075, 1, 0.118784
12.1, 1, 0.112964
12.125, 1, 0.112964
12.15, 1, 0.112964
12.175, 1, 0.112964
12.2, 1, 0.114117
12.225, 1, 0.114117
12.25, 1, 0.117696
12.275, 1, 0.122936
12.3, 1, 0.124134
12.325, 1, 0.124134
12.35, 1, 0.124134
12.375, 1, 0.124134
12.4, 1, 0.124134
12.425, 1, 0.124134
12.45, 1, 0.123365
12.475, 1, 0.128102
12.5, 1, 0.131235
12.525, 1, 0.131235
12.55, 1, 0.131235
12.575, 1, 0.132257
12.6, 1, 0.132811
12.625, 1, 0.132811
12.65, 1, 0.132811
12.675, 1, 0.132811
12.7, 1, 0.132811
12.725, 1, 0.132811
12.75, 1, 0.132811
12.775, 1, 0.141324
12.8, 1, 0.141263
12.825, 1, 0.141263
12.85, 1, 0.141263
12.875, 1, 0.141263
12.9, 1, 0.141263
12.925, 1, 0.140287
12.95, 1, 0.139256
12.975, 1, 0.139256
13, 1, 0.139256
13.025, 1, 0.139256
13.05, 1, 0.135468
13.075, 1, 0.130229
13.1, 1, 0.126572
13.125, 1, 0.126572
13.15, 1, 0.126572
13.175, 1, 0.128824
13.2, 1, 0.129873
13.225, 1, 0.129873
13.25, 1, 0.129484
13.275, 1, 0.129372
13.3, 1, 0.129372
13.325, 1, 0.129372
13.35, 1, 0.130792
13.375, 1, 0.130792
13.4, 1, 0.130792
13.425, 1, 0.130792
13.45, 1, 0.130792
13.475, 1, 0.130792
13.5, 1, 0.131829
13.525, 1, 0.134893
13.55, 1, 0.134893
13.575, 1, 0.134893
13.6, 1, 0.134893
13.625, 1, 0.134893
13.65, 1, 0.134893
13.675, 1, 0.137059
13.7, 1, 0.137059
13.725, 1, 0.137686
13.75, 1, 0.139375
13.775, 1, 0.139375
13.8, 1, 0.139375
13.825, 1, 0.139375
13.85, 1, 0.139375
13.875, 1, 0.139806
13.9, 1, 0.140081
13.925, 1, 0.140142
13.95, 1, 0.140142
13.975, 1, 0.139505
14, 1, 0.139505
14.025, 1, 0.135433
14.05, 1, 0.130656
14.075, 1, 0.12688
14.1, 1, 0.12688
14.125, 1, 0.12797
14.15, 1, 0.12797
14.175, 1, 0.127643
14.2, 1, 0.127643
14.225, 1, 0.127643
14.25, 1, 0.127643
14.275, 1, 0.124554
14.3, 1, 0.123857
14.325, 1, 0.123857
14.35, 1, 0.123763
14.375, 1, 0.123763
14.4, 1, 0.122686
14.425, 1, 0.122686
14.45, 1, 0.121509
14.475, 1, 0.121864
14.5, 1, 0.121864
14.525, 1, 0.121864
14.55, 1, 0.121864
14.575, 1, 0.121111
14.6, 1, 0.122062
14.625, 1, 0.122062
14.65, 1, 0.122062
14.675, 1, 0.121928
14.7, 1, 0.122706
14.725, 1, 0.122706
14.75, 1, 0.122706
14.775, 1, 0.122576
14.8, 1, 0.12314
14.825, 1, 0.12314
14.85, 1, 0.12314
14.875, 1, 0.123514
14.9, 1, 0.123514
14.925, 1, 0.123514
14.95, 1, 0.122972
14.975, 1, 0.121738
15, 1, 0.121738
15.025, 1, 0.119156
15.05, 1, 0.119156
15.075, 1, 0.119156
15.1, 1, 0.117267
15.125, 1, 0.117267
15.15, 1, 0.117267
15.175, 1, 0.115038
15.2, 1, 0.115038
15.225, 1, 0.114596
15.25, 1, 0.114596
15.275, 1, 0.115544
15.3, 1, 0.115544
15.325, 1, 0.113877
15.35, 1, 0.113877
15.375, 1, 0.113877
15.4, 1, 0.113877
15.425, 1, 0.110222
15.45, 1, 0.110222
15.475, 1, 0.114785
15.5, 1, 0.114785
15.525, 1, 0.114785
15.55, 1, 0.115032
15.575, 1, 0.115032
15.6, 1, 0.115032
15.625, 1, 0.115032
15.65, 1, 0.115032
15.675, 1, 0.115032
15.7, 1, 0.115032
15.725, 1, 0.115032
15.75, 1, 0.117929
15.775, 1, 0.117929
15.8, 1, 0.117929
15.825, 1, 0.117929
15.85, 1, 0.117929
15.875, 1, 0.117971
15.9, 1, 0.117971
15.925, 1, 0.117971
15.95, 1, 0.11684
15.975, 1, 0.116467
16, 1, 0.116467
16.025, 1, 0.116303
16.05, 1, 0.116303
16.075, 1, 0.114415
16.1, 1, 0.111777
16.125, 1, 0.111777
16.15, 1, 0.111777
16.175, 1, 0.113887
16.2, 1, 0.113887
16.225, 1, 0.11604
16.25, 1, 0.11604
16.275, 1, 0.11604
16.3, 1, 0.115458
16.325, 1, 0.115458
16.35, 1, 0.113144
16.375, 1, 0.113144
16.4, 1, 0.114602
16.425, 1, 0.117396
16.45, 1, 0.119986
16.475, 1, 0.119986
16.5, 1, 0.119986
16.525, 1, 0.119986
16.55, 1, 0.119575
16.575, 1, 0.119575
16.6, 1, 0.119575
16.625, 1, 0.119575
16.65, 1, 0.119547
16.675, 1, 0.119547
16.7, 1, 0.119547
16.725, 1, 0.119547
16.75, 1, 0.119547
16.775, 1, 0.119889
16.8, 1, 0.119889
16.825, 1, 0.119889
16.85, 1, 0.119889
16.875, 1, 0.119889
16.9, 1, 0.119889
16.925, 1, 0.122492
16.95, 1, 0.122492
16.975, 1, 0.122492
17, 1, 0.121078
17.025, 1, 0.118268
17.05, 1, 0.118268
17.075, 1, 0.112643
17.1, 1, 0.106315
17.125, 1, 0.101637
17.15, 1, 0.101637
17.175, 1, 0.101637
17.2, 1, 0.101637
17.225, 1, 0.101637
17.25, 1, 0.101637
17.275, 1, 0.101637
17.3, 1, 0.101637
17.325, 1, 0.0971027
17.35, 1, 0.0971027
17.375, 1, 0.0971027
17.4, 1, 0.0966583
17.425, 1, 0.0966583
17.45, 1, 0.0982742
17.475, 1, 0.10284
17.5, 1, 0.107823
17.525, 1, 0.107823
17.55, 1, 0.110065
17.575, 1, 0.113436
17.6, 1, 0.11581
17.625, 1, 0.11581
17.65, 1, 0.11581
17.675, 1, 0.11581
17.7, 1, 0.115156
17.725, 1, 0.118002
17.75, 1, 0.118002
17.775, 1, 0.118711
17.8, 1, 0.118711
17.825, 1, 0.118711
17.85, 1, 0.118711
17.875, 1, 0.121856
17.9, 1, 0.12168
17.925, 1, 0.121568
17.95, 1, 0.121568
17.975, 1, 0.121568
18, 1, 0.121568
18.025, 1, 0.119904
18.05, 1, 0.119904
18.075, 1, 0.118253
18.1, 1, 0.118424
18.125, 1, 0.118424
18.15, 1, 0.11819
18.175, 1, 0.11819
18.2, 1, 0.11819
18.225, 1, 0.113229
18.25, 1, 0.113229
18.275, 1, 0.110345
18.3, 1, 0.110329
18.325, 1, 0.110329
18.35, 1, 0.110561
18.375, 1, 0.110561
18.4, 1, 0.108593
18.425, 1, 0.106623
18.45, 1, 0.106623
18.475, 1, 0.108991
18.5, 1, 0.108991
18.525, 1, 0.110666
18.55, 1, 0.110666
18.575, 1, 0.112254
18.6, 1, 0.112254
18.625, 1, 0.111029
18.65, 1, 0.111029
18.675, 1, 0.111029
18.7, 1, 0.111029
18.725, 1, 0.111029
18.75, 1, 0.110067
18.775, 1, 0.113953
18.8, 1, 0.113953
18.825, 1, 0.113953
18.85, 1, 0.114501
18.875, 1, 0.114501
18.9, 1, 0.114869
18.925, 1, 0.114869
18.95, 1, 0.114869
18.975, 1, 0.114869
19, 1, 0.112946
19.025, 1, 0.11215
19.05, 1, 0.11215
19.075, 1, 0.110555
19.1, 1, 0.107838
19.125, 1, 0.107838
19.15, 1, 0.100764
19.175, 1, 0.0928068
19.2, 1, 0.0881187
19.225, 1, 0.0881187
19.25, 1, 0.0881187
19.275, 1, 0.0881187
19.3, 1, 0.0890174
19.325, 1, 0.0890174
19.35, 1, 0.0870743
19.375, 1, 0.0870743
19.4, 1, 0.0877714
19.425, 1, 0.0877714
19.45, 1, 0.0877714
19.475, 1, 0.0902555
19.5, 1, 0.0945599
19.525, 1, 0.0945599
19.55, 1, 0.0945599
19.575, 1, 0.0945599
19.6, 1, 0.0945599
19.625, 1, 0.0953335
19.65, 1, 0.0953335
19.675, 1, 0.0996409
19.7, 1, 0.0996409
19.725, 1, 0.100025
19.75, 1, 0.100025
19.775, 1, 0.100025
19.8, 1, 0.100259
19.825, 1, 0.104379
19.85, 1, 0.107692
19.875, 1, 0.107692
19.9, 1, 0.107842
19.925, 1, 0.107842
19.95, 1, 0.107568
19.975, 1, 0.107568
20, 1, 0.107568
20, 1, 0.107629
20.025, 1, 0.107629
20.05, 1, 0.107629
20.075, 1, 0.107808
20.1, 1, 0.107808
20.125, 1, 0.107941
20.15, 1, 0.107941
20.175, 1, 0.107941
20.2, 1, 0.107941
20.225, 1, 0.107925
20.25, 1, 0.107925
20.275, 1, 0.107925
20.3, 1, 0.107925
20.325, 1, 0.107925
20.35, 1, 0.107904
20.375, 1, 0.108006
20.4, 1, 0.108006
20.425, 1, 0.108006
20.45, 1, 0.108006
20.475, 1, 0.108006
20.5, 1, 0.108127
20.525, 1, 0.108416
20.55, 1, 0.108867
20.575, 1, 0.10943
20.6, 1, 0.110072
20.625, 1, 0.110072
20.65, 1, 0.110072
20.675, 1, 0.110697
20.7, 1, 0.11146
20.725, 1, 0.11233
20.75, 1, 0.11233
20.775, 1, 0.113178
20.8, 1, 0.114044
20.825, 1, 0.114044
20.85, 1, 0.114044
20.875, 1, 0.114044
20.9, 1, 0.114044
20.925, 1, 0.114044
20.95, 1, 0.11502
20.975, 1, 0.11502
21, 1, 0.11502
21.025, 1, 0.11502
21.05, 1, 0.11502
21.075, 1, 0.116056
21.1, 1, 0.117081
21.125, 1, 0.118106
21.15, 1, 0.118106
21.175, 1, 0.118106
21.2, 1, 0.118106
21.225, 1, 0.118106
21.25, 1, 0.118106
21.275, 1, 0.1193
21.3, 1, 0.120455
21.325, 1, 0.120455
21.35, 1, 0.121572
21.375, 1, 0.121572
21.4, 1, 0.122652
21.425, 1, 0.122652
21.45, 1, 0.122652
21.475, 1, 0.122652
21.5, 1, 0.123645
21.525, 1, 0.124589
21.55, 1, 0.125498
21.575, 1, 0.126373
21.6, 1, 0.127216
21.625, 1, 0.128028
21.65, 1, 0.12881
21.675, 1, 0.12881
21.7, 1, 0.12881
21.725, 1, 0.12881
21.75, 1, 0.12881
21.775, 1, 0.12881
21.8, 1, 0.12881
21.825, 1, 0.12881
21.85, 1, 0.12881
21.875, 1, 0.129643
21.9, 1, 0.129643
21.925, 1, 0.129643
21.95, 1, 0.130443
21.975, 1, 0.131207
22, 1, 0.131935
22.025, 1, 0.131935
22.05, 1, 0.132622
22.075, 1, 0.132622
22.1, 1, 0.132622
22.125, 1, 0.132622
22.15, 1, 0.133273
22.175, 1, 0.133892
22.2, 1, 0.134489
22.225, 1, 0.134489
22.25, 1, 0.135064
22.275, 1, 0.135064
22.3, 1, 0.135064
22.325, 1, 0.135064
22.35, 1, 0.135502
22.375, 1, 0.135815
22.4, 1, 0.136016
22.425, 1, 0.136016
22.45, 1, 0.136249
22.475, 1, 0.136508
22.5, 1, 0.136508
22.525, 1, 0.136775
22.55, 1, 0.13704
22.575, 1, 0.137287
22.6, 1, 0.1375
22.625, 1, 0.137672
22.65, 1, 0.137672
22.675, 1, 0.137807
22.7, 1, 0.137807
22.725, 1, 0.137807
22.75, 1, 0.137807
22.775, 1, 0.137942
22.8, 1, 0.137942
22.825, 1, 0.137942
22.85, 1, 0.137942
22.875, 1, 0.137942
22.9, 1, 0.137942
22.925, 1, 0.137942
22.95, 1, 0.137942
22.975, 1, 0.138026
23, 1, 0.138054
23.025, 1, 0.138039
23.05, 1, 0.138002
23.075, 1, 0.138002
23.1, 1, 0.137976
23.125, 1, 0.137976
23.15, 1, 0.137976
23.175, 1, 0.137976
23.2, 1, 0.137947
23.225, 1, 0.137915
23.25, 1, 0.137879
23.275, 1, 0.137879
23.3, 1, 0.137842
23.325, 1, 0.137842
23.35, 1, 0.137816
23.375, 1, 0.137816
23.4, 1, 0.137816
23.425, 1, 0.137794
23.45, 1, 0.137794
23.475, 1, 0.137794
23.5, 1, 0.137794
23.525, 1, 0.137794
23.55, 1, 0.137794
23.575, 1, 0.137794
23.6, 1, 0.137794
23.625, 1, 0.137794
23.65, 1, 0.137859
23.675, 1, 0.137942
23.7, 1, 0.138038
23.725, 1, 0.138038
23.75, 1, 0.138131
23.775, 1, 0.138217
23.8, 1, 0.138217
23.825, 1, 0.138303
23.85, 1, 0.138303
23.875, 1, 0.138303
23.9, 1, 0.138303
23.925, 1, 0.138303
23.95, 1, 0.138303
23.975, 1, 0.138379
24, 1, 0.138379
24.025, 1, 0.138379
24.05, 1, 0.138379
24.075, 1, 0.138379
24.1, 1, 0.138452
24.125, 1, 0.138523
24.15, 1, 0.138523
24.175, 1, 0.138523
24.2, 1, 0.138523
24.225, 1, 0.138591
24.25, 1, 0.138591
24.275, 1, 0.138591
24.3, 1, 0.138655
24.325, 1, 0.138655
24.35, 1, 0.138655
24.375, 1, 0.138697
24.4, 1, 0.138715
24.425, 1, 0.138705
24.45, 1, 0.138705
24.475, 1, 0.138705
24.5, 1, 0.138705
24.525, 1, 0.138702
24.55, 1, 0.138696
24.575, 1, 0.138696
24.6, 1, 0.13868
24.625, 1, 0.13868
24.65, 1, 0.138608
24.675, 1, 0.138466
24.7, 1, 0.138239
24.725, 1, 0.138239
24.75, 1, 0.138239
24.775, 1, 0.138099
24.8, 1, 0.13802
24.825, 1, 0.13802
24.85, 1, 0.13802
24.875, 1, 0.13802
24.9, 1, 0.13802
24.925, 1, 0.13802
24.95, 1, 0.13802
24.975, 1, 0.13802
25, 1, 0.13802
25.025, 1, 0.13802
25.05, 1, 0.13802
25.075, 1, 0.13802
25.1, 1, 0.13802
25.125, 1, 0.13802
25.15, 1, 0.137978
25.175, 1, 0.137978
25.2, 1, 0.137925
25.225, 1, 0.137925
25.25, 1, 0.137925
25.275, 1, 0.137925
25.3, 1, 0.137925
25.325, 1, 0.137925
25.35, 1, 0.137876
25.375, 1, 0.137828
25.4, 1, 0.137828
25.425, 1, 0.13778
25.45, 1, 0.13778
25.475, 1, 0.13778
25.5, 1, 0.13778
25.525, 1, 0.13778
25.55, 1, 0.13778
25.575, 1, 0.137719
25.6, 1, 0.137719
25.625, 1, 0.137719
25.65, 1, 0.137635
25.675, 1, 0.137635
25.7, 1, 0.137524
25.725, 1, 0.137524
25.75, 1, 0.137524
25.775, 1, 0.137403
25.8, 1, 0.137403
25.825, 1, 0.137259
25.85, 1, 0.137259
25.875, 1, 0.13712
25.9, 1, 0.137006
25.925, 1, 0.136917
25.95, 1, 0.13686
25.975, 1, 0.13686
26, 1, 0.13686
26.025, 1, 0.13686
26.05, 1, 0.13686
26.075, 1, 0.136826
26.1, 1, 0.136772
26.125, 1, 0.136772
26.15, 1, 0.136772
26.175, 1, 0.136772
26.2, 1, 0.136759
26.225, 1, 0.136759
26.25, 1, 0.136759
26.275, 1, 0.136759
26.3, 1, 0.136742
26.325, 1, 0.136727
26.35, 1, 0.136727
26.375, 1, 0.136727
26.4, 1, 0.136727
26.425, 1, 0.136727
26.45, 1, 0.136727
26.475, 1, 0.136727
26.5, 1, 0.136719
26.525, 1, 0.136715
26.55, 1, 0.136715
26.575, 1, 0.136715
26.6, 1, 0.136715
26.625, 1, 0.136715
26.65, 1, 0.136715
26.675, 1, 0.136709
26.7, 1, 0.136709
26.725, 1, 0.136709
26.75, 1, 0.136709
26.775, 1, 0.136709
26.8, 1, 0.136701
26.825, 1, 0.136701
26.85, 1, 0.136694
26.875, 1, 0.136694
26.9, 1, 0.136686
26.925, 1, 0.136686
26.95, 1, 0.136686
26.975, 1, 0.136686
27, 1, 0.136668
27.025, 1, 0.136668
27.05, 1, 0.136668
27.075, 1, 0.136668
27.1, 1, 0.136668
27.125, 1, 0.136664
27.15, 1, 0.136664
27.175, 1, 0.13666
27.2, 1, 0.13666
27.225, 1, 0.136607
27.25, 1, 0.136479
27.275, 1, 0.136479
27.3, 1, 0.136479
27.325, 1, 0.136479
27.35, 1, 0.136479
27.375, 1, 0.136479
27.4, 1, 0.136479
27.425, 1, 0.136479
27.45, 1, 0.136479
27.475, 1, 0.136479
27.5, 1, 0.136479
27.525, 1, 0.136479
27.55, 1, 0.136479
27.575, 1, 0.136377
27.6, 1, 0.136377
27.625, 1, 0.136377
27.65, 1, 0.13627
27.675, 1, 0.13627
27.7, 1, 0.13627
27.725, 1, 0.136154
27.75, 1, 0.136154
27.775, 1, 0.136041
27.8, 1, 0.136041
27.825, 1, 0.136041
27.85, 1, 0.136041
27.875, 1, 0.135932
27.9, 1, 0.135827
27.925, 1, 0.135727
27.95, 1, 0.135631
27.975, 1, 0.135631
28, 1, 0.135631
28.025, 1, 0.135539
28.05, 1, 0.135539
28.075, 1, 0.135448
28.1, 1, 0.135357
28.125, 1, 0.135265
28.15, 1, 0.135265
28.175, 1, 0.135265
28.2, 1, 0.135169
28.225, 1, 0.135169
28.25, 1, 0.13508
28.275, 1, 0.13508
28.3, 1, 0.13508
28.325, 1, 0.13508
28.35, 1, 0.13508
28.375, 1, 0.134991
28.4, 1, 0.1349
28.425, 1, 0.1349
28.45, 1, 0.1349
28.475, 1, 0.1349
28.5, 1, 0.1349
28.525, 1, 0.134837
28.55, 1, 0.134837
28.575, 1, 0.134776
28.6, 1, 0.13472
28.625, 1, 0.13472
28.65, 1, 0.134661
28.675, 1, 0.134582
28.7, 1, 0.134465
28.725, 1, 0.134465
28.75, 1, 0.134465
28.775, 1, 0.134379
28.8, 1, 0.134379
28.825, 1, 0.134379
28.85, 1, 0.134379
28.875, 1, 0.134379
28.9, 1, 0.134307
28.925, 1, 0.134307
28.95, 1, 0.134307
28.975, 1, 0.134307
29, 1, 0.134307
29.025, 1, 0.134243
29.05, 1, 0.134192
29.075, 1, 0.134192
29.1, 1, 0.134192
29.125, 1, 0.134192
29.15, 1, 0.134138
29.175, 1, 0.134087
29.2, 1, 0.134087
29.225, 1, 0.134087
29.25, 1, 0.134087
29.275, 1, 0.134087
29.3, 1, 0.134087
29.325, 1, 0.134039
29.35, 1, 0.133991
29.375, 1, 0.133944
29.4, 1, 0.133944
29.425, 1, 0.133944
29.45, 1, 0.133944
29.475, 1, 0.133944
29.5, 1, 0.133944
29.525, 1, 0.133889
29.55, 1, 0.133889
29.575, 1, 0.133889
29.6, 1, 0.133889
29.625, 1, 0.133822
29.65, 1, 0.133822
29.675, 1, 0.133755
29.7, 1, 0.133755
29.725, 1, 0.133755
29.75, 1, 0.133755
29.775, 1, 0.133755
29.8, 1, 0.133755
29.825, 1, 0.133755
29.85, 1, 0.133661
29.875, 1, 0.133661
29.9, 1, 0.133533
29.925, 1, 0.133533
29.95, 1, 0.133533
29.975, 1, 0.133533
30, 1, 0.133407
30, 1, 0.133407
30.025, 1, 0.133407
30.05, 1, 0.133278
30.075, 1, 0.133145
30.1, 1, 0.133145
30.125, 1, 0.132879
30.15, 1, 0.132879
30.175, 1, 0.132879
30.2, 1, 0.132879
30.225, 1, 0.13228
30.25, 1, 0.131461
30.275, 1, 0.131461
30.3, 1, 0.131461
30.325, 1, 0.130562
30.35, 1, 0.129715
30.375, 1, 0.128992
30.4, 1, 0.128367
30.425, 1, 0.128367
30.45, 1, 0.128367
30.475, 1, 0.127699
30.5, 1, 0.127075
30.525, 1, 0.126483
30.55, 1, 0.126483
30.575, 1, 0.125896
30.6, 1, 0.125896
30.625, 1, 0.125896
30.65, 1, 0.12532
30.675, 1, 0.124911
30.7, 1, 0.124911
30.725, 1, 0.124579
30.75, 1, 0.12438
30.775, 1, 0.124268
30.8, 1, 0.124268
30.825, 1, 0.12418
30.85, 1, 0.12418
30.875, 1, 0.124103
30.9, 1, 0.124137
30.925, 1, 0.124299
30.95, 1, 0.124588
30.975, 1, 0.125008
31, 1, 0.125008
31.025, 1, 0.125408
31.05, 1, 0.125846
31.075, 1, 0.125846
31.1, 1, 0.125846
31.125, 1, 0.126292
31.15, 1, 0.126732
31.175, 1, 0.126732
31.2, 1, 0.127182
31.225, 1, 0.127738
31.25, 1, 0.12835
31.275, 1, 0.12835
31.3, 1, 0.128937
31.325, 1, 0.128937
31.35, 1, 0.128937
31.375, 1, 0.129543
31.4, 1, 0.129543
31.425, 1, 0.130104
31.45, 1, 0.130104
31.475, 1, 0.130659
31.5, 1, 0.130659
31.525, 1, 0.130659
31.55, 1, 0.130659
31.575, 1, 0.130659
31.6, 1, 0.130659
31.625, 1, 0.131489
31.65, 1, 0.132296
31.675, 1, 0.132296
31.7, 1, 0.133075
31.725, 1, 0.133075
31.75, 1, 0.133821
31.775, 1, 0.134545
31.8, 1, 0.135247
31.825, 1, 0.135247
31.85, 1, 0.135247
31.875, 1, 0.135247
31.9, 1, 0.135918
31.925, 1, 0.135918
31.95, 1, 0.135918
31.975, 1, 0.135918
32, 1, 0.136561
32.025, 1, 0.137177
32.05, 1, 0.137177
32.075, 1, 0.137177
32.1, 1, 0.137177
32.125, 1, 0.137177
32.15, 1, 0.137177
32.175, 1, 0.137177
32.2, 1, 0.137788
32.225, 1, 0.137788
32.25, 1, 0.137788
32.275, 1, 0.137788
32.3, 1, 0.138357
32.325, 1, 0.138874
32.35, 1, 0.139328
32.375, 1, 0.139328
32.4, 1, 0.139328
32.425, 1, 0.139623
32.45, 1, 0.139623
32.475, 1, 0.139623
32.5, 1, 0.139623
32.525, 1, 0.139623
32.55, 1, 0.13999
32.575, 1, 0.140381
32.6, 1, 0.14076
32.625, 1, 0.14076
32.65, 1, 0.14076
32.675, 1, 0.14076
32.7, 1, 0.14076
32.725, 1, 0.14076
32.75, 1, 0.141237
32.775, 1, 0.141741
32.8, 1, 0.141741
32.825, 1, 0.142228
32.85, 1, 0.14271
32.875, 1, 0.143179
32.9, 1, 0.143628
32.925, 1, 0.143628
32.95, 1, 0.143628
32.975, 1, 0.144049
33, 1, 0.144049
33.025, 1, 0.144049
33.05, 1, 0.144049
33.075, 1, 0.144464
33.1, 1, 0.144464
33.125, 1, 0.144464
33.15, 1, 0.144464
33.175, 1, 0.144464
33.2, 1, 0.144853
33.225, 1, 0.144853
33.25, 1, 0.145219
33.275, 1, 0.14556
33.3, 1, 0.14556
33.325, 1, 0.14556
33.35, 1, 0.14556
33.375, 1, 0.145884
33.4, 1, 0.146188
33.425, 1, 0.146188
33.45, 1, 0.146188
33.475, 1, 0.146475
33.5, 1, 0.146475
33.525, 1, 0.146475
33.55, 1, 0.146723
33.575, 1, 0.146723
33.6, 1, 0.146723
33.625, 1, 0.146971
33.65, 1, 0.147224
33.675, 1, 0.147224
33.7, 1, 0.147224
33.725, 1, 0.147472
33.75, 1, 0.147472
33.775, 1, 0.147472
33.8, 1, 0.147472
33.825, 1, 0.147472
33.85, 1, 0.147472
33.875, 1, 0.147472
33.9, 1, 0.147472
33.925, 1, 0.147792
33.95, 1, 0.148132
33.975, 1, 0.148485
34, 1, 0.148832
34.025, 1, 0.149157
34.05, 1, 0.149157
34.075, 1, 0.149419
34.1, 1, 0.149419
34.125, 1, 0.149419
34.15, 1, 0.149419
34.175, 1, 0.149419
34.2, 1, 0.149419
34.225, 1, 0.149419
34.25, 1, 0.149684
34.275, 1, 0.149684
34.3, 1, 0.149684
34.325, 1, 0.149684
34.35, 1, 0.149684
34.375, 1, 0.149927
34.4, 1, 0.149927
34.425, 1, 0.149927
34.45, 1, 0.150154
34.475, 1, 0.150368
34.5, 1, 0.150368
34.525, 1, 0.150573
34.55, 1, 0.150771
34.575, 1, 0.150964
34.6, 1, 0.150964
34.625, 1, 0.150964
34.65, 1, 0.150964
34.675, 1, 0.150964
34.7, 1, 0.150964
34.725, 1, 0.150964
34.75, 1, 0.150964
34.775, 1, 0.150964
34.8, 1, 0.151152
34.825, 1, 0.151152
34.85, 1, 0.151152
34.875, 1, 0.151335
34.9, 1, 0.151513
34.925, 1, 0.151513
34.95, 1, 0.151513
34.975, 1, 0.151664
35, 1, 0.151664
35.025, 1, 0.151664
35.05, 1, 0.151664
35.075, 1, 0.151837
35.1, 1, 0.151837
35.125, 1, 0.151837
35.15, 1, 0.152002
35.175, 1, 0.152002
35.2, 1, 0.152002
35.225, 1, 0.152002
35.25, 1, 0.152077
35.275, 1, 0.152085
35.3, 1, 0.152085
35.325, 1, 0.152085
35.35, 1, 0.152085
35.375, 1, 0.152095
35.4, 1, 0.152102
35.425, 1, 0.152109
35.45, 1, 0.152109
35.475, 1, 0.152109
35.5, 1, 0.152113
35.525, 1, 0.152113
35.55, 1, 0.152113
35.575, 1, 0.152129
35.6, 1, 0.152129
35.625, 1, 0.152129
35.65, 1, 0.152142
35.675, 1, 0.152156
35.7, 1, 0.152171
35.725, 1, 0.152171
35.75, 1, 0.152171
35.775, 1, 0.152182
35.8, 1, 0.152182
35.825, 1, 0.15219
35.85, 1, 0.15219
35.875, 1, 0.152197
35.9, 1, 0.152197
35.925, 1, 0.152202
35.95, 1, 0.152202
35.975, 1, 0.152202
36, 1, 0.152207
36.025, 1, 0.152214
36.05, 1, 0.152214
36.075, 1, 0.152214
36.1, 1, 0.152214
36.125, 1, 0.152208
36.15, 1, 0.152208
36.175, 1, 0.152208
36.2, 1, 0.152208
36.225, 1, 0.152208
36.25, 1, 0.152209
36.275, 1, 0.152194
36.3, 1, 0.152194
36.325, 1, 0.152184
36.35, 1, 0.152184
36.375, 1, 0.152165
36.4, 1, 0.152116
36.425, 1, 0.151998
36.45, 1, 0.151858
36.475, 1, 0.151858
36.5, 1, 0.151858
36.525, 1, 0.151714
36.55, 1, 0.151558
36.575, 1, 0.151394
36.6, 1, 0.151236
36.625, 1, 0.151082
36.65, 1, 0.151082
36.675, 1, 0.151082
36.7, 1, 0.151082
36.725, 1, 0.150967
36.75, 1, 0.150857
36.775, 1, 0.150857
36.8, 1, 0.150857
36.825, 1, 0.150725
36.85, 1, 0.150725
36.875, 1, 0.150725
36.9, 1, 0.150594
36.925, 1, 0.150594
36.95, 1, 0.150594
36.975, 1, 0.150594
37, 1, 0.150468
37.025, 1, 0.150468
37.05, 1, 0.150346
37.075, 1, 0.150346
37.1, 1, 0.150346
37.125, 1, 0.150346
37.15, 1, 0.150346
37.175, 1, 0.150346
37.2, 1, 0.150346
37.225, 1, 0.150233
37.25, 1, 0.150233
37.275, 1, 0.150233
37.3, 1, 0.150116
37.325, 1, 0.150116
37.35, 1, 0.150116
37.375, 1, 0.150116
37.4, 1, 0.150116
37.425, 1, 0.150007
37.45, 1, 0.150007
37.475, 1, 0.150007
37.5, 1, 0.150007
37.525, 1, 0.150007
37.55, 1, 0.149811
37.575, 1, 0.149811
37.6, 1, 0.149811
37.625, 1, 0.149648
37.65, 1, 0.149493
37.675, 1, 0.149493
37.7, 1, 0.149493
37.725, 1, 0.149493
37.75, 1, 0.149341
37.775, 1, 0.149143
37.8, 1, 0.148867
37.825, 1, 0.148867
37.85, 1, 0.148867
37.875, 1, 0.148867
37.9, 1, 0.148867
37.925, 1, 0.148867
37.95, 1, 0.148686
37.975, 1, 0.148686
38, 1, 0.148507
38.025, 1, 0.148333
38.05, 1, 0.148159
38.075, 1, 0.148159
38.1, 1, 0.148159
38.125, 1, 0.14799
38.15, 1, 0.14799
38.175, 1, 0.147833
38.2, 1, 0.147833
38.225, 1, 0.147681
38.25, 1, 0.147535
38.275, 1, 0.147535
38.3, 1, 0.147391
38.325, 1, 0.147391
38.35, 1, 0.147242
38.375, 1, 0.147242
38.4, 1, 0.147242
38.425, 1, 0.147089
38.45, 1, 0.147089
38.475, 1, 0.146932
38.5, 1, 0.146777
38.525, 1, 0.146777
38.55, 1, 0.146777
38.575, 1, 0.146777
38.6, 1, 0.146777
38.625, 1, 0.146627
38.65, 1, 0.146627
38.675, 1, 0.146479
38.7, 1, 0.146326
38.725, 1, 0.146167
38.75, 1, 0.146009
38.775, 1, 0.146009
38.8, 1, 0.146009
38.825, 1, 0.145858
38.85, 1, 0.145715
38.875, 1, 0.145715
38.9, 1, 0.145578
38.925, 1, 0.145578
38.95, 1, 0.145578
38.975, 1, 0.145578
39, 1, 0.145408
39.025, 1, 0.145247
39.05, 1, 0.145247
39.075, 1, 0.145091
39.1, 1, 0.145091
39.125, 1, 0.144874
39.15, 1, 0.144874
39.175, 1, 0.144874
39.2, 1, 0.144874
39.225, 1, 0.144874
39.25, 1, 0.144874
39.275, 1, 0.144874
39.3, 1, 0.144654
39.325, 1, 0.144654
39.35, 1, 0.144654
39.375, 1, 0.144654
39.4, 1, 0.144442
39.425, 1, 0.144442
39.45, 1, 0.144233
39.475, 1, 0.14402
39.5, 1, 0.143804
39.525, 1, 0.143804
39.55, 1, 0.143804
39.575, 1, 0.143592
39.6, 1, 0.143592
39.625, 1, 0.143592
39.65, 1, 0.143386
39.675, 1, 0.143386
39.7, 1, 0.143189
39.725, 1, 0.143001
39.75, 1, 0.143001
39.775, 1, 0.143001
39.8, 1, 0.143001
39.825, 1, 0.143001
39.85, 1, 0.143001
39.875, 1, 0.142777
39.9, 1, 0.142523
39.925, 1, 0.142523
39.95, 1, 0.142292
39.975, 1, 0.142084
40, 1, 0.14189
40, 1, 0.1417
40.025, 1, 0.1417
40.05, 1, 0.1417
40.075, 1, 0.1417
40.1, 1, 0.141548
40.125, 1, 0.141548
40.15, 1, 0.141548
40.175, 1, 0.141263
40.2, 1, 0.141263
40.225, 1, 0.141263
40.25, 1, 0.141263
40.275, 1, 0.141263
40.3, 1, 0.141263
40.325, 1, 0.140951
40.35, 1, 0.140951
40.375, 1, 0.140951
40.4, 1, 0.140658
40.425, 1, 0.140658
40.45, 1, 0.140658
40.475, 1, 0.140658
40.5, 1, 0.140658
40.525, 1, 0.140658
40.55, 1, 0.14025
40.575, 1, 0.139952
40.6, 1, 0.139952
40.625, 1, 0.139952
40.65, 1, 0.139952
40.675, 1, 0.13969
40.7, 1, 0.13969
40.725, 1, 0.13969
40.75, 1, 0.13969
40.775, 1, 0.139425
40.8, 1, 0.139425
40.825, 1, 0.139155
40.85, 1, 0.138957
40.875, 1, 0.138957
40.9, 1, 0.138744
40.925, 1, 0.138744
40.95, 1, 0.138744
40.975, 1, 0.138547
41, 1, 0.138547
41.025, 1, 0.138547
41.05, 1, 0.138356
41.075, 1, 0.138356
41.1, 1, 0.138156
41.125, 1, 0.138007
41.15, 1, 0.137894
41.175, 1, 0.137885
41.2, 1, 0.138019
41.225, 1, 0.138019
41.25, 1, 0.138019
41.275, 1, 0.138019
41.3, 1, 0.138019
41.325, 1, 0.138328
41.35, 1, 0.138328
41.375, 1, 0.138328
41.4, 1, 0.138328
41.425, 1, 0.138621
41.45, 1, 0.138975
41.475, 1, 0.138975
41.5, 1, 0.139362
41.525, 1, 0.13985
41.55, 1, 0.140428
41.575, 1, 0.141031
41.6, 1, 0.141615
41.625, 1, 0.141615
41.65, 1, 0.14214
41.675, 1, 0.14214
41.7, 1, 0.142637
41.725, 1, 0.143162
41.75, 1, 0.143162
41.775, 1, 0.143162
41.8, 1, 0.143162
41.825, 1, 0.143162
41.85, 1, 0.143162
41.875, 1, 0.143732
41.9, 1, 0.143732
41.925, 1, 0.144283
41.95, 1, 0.144828
41.975, 1, 0.144828
42, 1, 0.145349
42.025, 1, 0.145349
42.05, 1, 0.145349
42.075, 1, 0.145349
42.1, 1, 0.145349
42.125, 1, 0.145349
42.15, 1, 0.145349
42.175, 1, 0.14585
42.2, 1, 0.14585
42.225, 1, 0.146313
42.25, 1, 0.146313
42.275, 1, 0.146313
42.3, 1, 0.146723
42.325, 1, 0.146723
42.35, 1, 0.146723
42.375, 1, 0.146723
42.4, 1, 0.147033
42.425, 1, 0.147271
42.45, 1, 0.147271
42.475, 1, 0.147271
42.5, 1, 0.147271
42.525, 1, 0.147271
42.55, 1, 0.147271
42.575, 1, 0.147271
42.6, 1, 0.147428
42.625, 1, 0.147428
42.65, 1, 0.147368
42.675, 1, 0.147087
42.7, 1, 0.147087
42.725, 1, 0.146712
42.75, 1, 0.146712
42.775, 1, 0.146425
42.8, 1, 0.146425
42.825, 1, 0.146425
42.85, 1, 0.146425
42.875, 1, 0.146425
42.9, 1, 0.146154
42.925, 1, 0.145842
42.95, 1, 0.145471
42.975, 1, 0.145471
43, 1, 0.145471
43.025, 1, 0.145471
43.05, 1, 0.145471
43.075, 1, 0.145471
43.1, 1, 0.145157
43.125, 1, 0.144892
43.15, 1, 0.144892
43.175, 1, 0.144892
43.2, 1, 0.144892
43.225, 1, 0.144892
43.25, 1, 0.144892
43.275, 1, 0.144892
43.3, 1, 0.144892
43.325, 1, 0.144892
43.35, 1, 0.144892
43.375, 1, 0.144892
43.4, 1, 0.14464
43.425, 1, 0.14464
43.45, 1, 0.144409
43.475, 1, 0.144409
43.5, 1, 0.144409
43.525, 1, 0.144409
43.55, 1, 0.144409
43.575, 1, 0.144185
43.6, 1, 0.144185
43.625, 1, 0.143974
43.65, 1, 0.143974
43.675, 1, 0.143974
43.7, 1, 0.143974
43.725, 1, 0.143974
43.75, 1, 0.143974
43.775, 1, 0.143974
43.8, 1, 0.143974
43.825, 1, 0.143744
43.85, 1, 0.143744
43.875, 1, 0.143744
43.9, 1, 0.143572
43.925, 1, 0.14344
43.95, 1, 0.14344
43.975, 1, 0.143324
44, 1, 0.143324
44.025, 1, 0.143324
44.05, 1, 0.143324
44.075, 1, 0.143324
44.1, 1, 0.143157
44.125, 1, 0.14295
44.15, 1, 0.14295
44.175, 1, 0.14295
44.2, 1, 0.14295
44.225, 1, 0.142732
44.25, 1, 0.142732
44.275, 1, 0.142732
44.3, 1, 0.142546
44.325, 1, 0.142546
44.35, 1, 0.142546
44.375, 1, 0.14233
44.4, 1, 0.14233
44.425, 1, 0.14233
44.45, 1, 0.142157
44.475, 1, 0.142009
44.5, 1, 0.142009
44.525, 1, 0.141875
44.55, 1, 0.141875
44.575, 1, 0.141743
44.6, 1, 0.141743
44.625, 1, 0.141743
44.65, 1, 0.141617
44.675, 1, 0.141503
44.7, 1, 0.141503
44.725, 1, 0.141401
44.75, 1, 0.141314
44.775, 1, 0.141314
44.8, 1, 0.141234
44.825, 1, 0.141234
44.85, 1, 0.141234
44.875, 1, 0.141234
44.9, 1, 0.141234
44.925, 1, 0.141153
44.95, 1, 0.141063
44.975, 1, 0.141063
45, 1, 0.141063
45.025, 1, 0.141063
45.05, 1, 0.141063
45.075, 1, 0.141011
45.1, 1, 0.141011
45.125, 1, 0.141011
45.15, 1, 0.141011
45.175, 1, 0.141011
45.2, 1, 0.140979
45.225, 1, 0.140979
45.25, 1, 0.140845
45.275, 1, 0.140634
45.3, 1, 0.140634
45.325, 1, 0.140634
45.35, 1, 0.140536
45.375, 1, 0.140536
45.4, 1, 0.140386
45.425, 1, 0.140228
45.45, 1, 0.140074
45.475, 1, 0.139915
45.5, 1, 0.139719
45.525, 1, 0.139719
45.55, 1, 0.139475
45.575, 1, 0.139254
45.6, 1, 0.139067
45.625, 1, 0.138887
45.65, 1, 0.138887
45.675, 1, 0.138887
45.7, 1, 0.138887
45.725, 1, 0.138887
45.75, 1, 0.138749
45.775, 1, 0.138749
45.8, 1, 0.138616
45.825, 1, 0.138489
45.85, 1, 0.138365
45.875, 1, 0.138365
45.9, 1, 0.138229
45.925, 1, 0.138085
45.95, 1, 0.138085
45.975, 1, 0.137938
46, 1, 0.137792
46.025, 1, 0.137792
46.05, 1, 0.13765
46.075, 1, 0.13765
46.1, 1, 0.13765
46.125, 1, 0.137504
46.15, 1, 0.137504
46.175, 1, 0.137352
46.2, 1, 0.137194
46.225, 1, 0.137194
46.25, 1, 0.137194
46.275, 1, 0.137194
46.3, 1, 0.137194
46.325, 1, 0.137032
46.35, 1, 0.136866
46.375, 1, 0.136682
46.4, 1, 0.136466
46.425, 1, 0.136466
46.45, 1, 0.136466
46.475, 1, 0.136303
46.5, 1, 0.136303
46.525, 1, 0.13615
46.55, 1, 0.13615
46.575, 1, 0.135986
46.6, 1, 0.135827
46.625, 1, 0.135827
46.65, 1, 0.135591
46.675, 1, 0.135591
46.7, 1, 0.135591
46.725, 1, 0.135591
46.75, 1, 0.135622
46.775, 1, 0.135622
46.8, 1, 0.135622
46.825, 1, 0.135622
46.85, 1, 0.135622
46.875, 1, 0.135727
46.9, 1, 0.135727
46.925, 1, 0.135727
46.95, 1, 0.135762
46.975, 1, 0.135762
47, 1, 0.135762
47.025, 1, 0.135822
47.05, 1, 0.135904
47.075, 1, 0.135904
47.1, 1, 0.135904
47.125, 1, 0.135904
47.15, 1, 0.135904
47.175, 1, 0.135958
47.2, 1, 0.135958
47.225, 1, 0.135966
47.25, 1, 0.135953
47.275, 1, 0.135928
47.3, 1, 0.135897
47.325, 1, 0.135867
47.35, 1, 0.135842
47.375, 1, 0.135813
47.4, 1, 0.135813
47.425, 1, 0.135773
47.45, 1, 0.135773
47.475, 1, 0.135773
47.5, 1, 0.135773
47.525, 1, 0.135773
47.55, 1, 0.135773
47.575, 1, 0.135773
47.6, 1, 0.135773
47.625, 1, 0.135773
47.65, 1, 0.135773
47.675, 1, 0.135773
47.7, 1, 0.135773
47.725, 1, 0.135773
47.75, 1, 0.135773
47.775, 1, 0.135773
47.8, 1, 0.135773
47.825, 1, 0.135603
47.85, 1, 0.135603
47.875, 1, 0.135603
47.9, 1, 0.135646
47.925, 1, 0.135646
47.95, 1, 0.135646
47.975, 1, 0.135513
48, 1, 0.135513
48.025, 1, 0.135366
48.05, 1, 0.135228
48.075, 1, 0.135228
48.1, 1, 0.135228
48.125, 1, 0.135228
48.15, 1, 0.135149
48.175, 1, 0.135149
48.2, 1, 0.135149
48.225, 1, 0.135149
48.25, 1, 0.135149
48.275, 1, 0.134994
48.3, 1, 0.134994
48.325, 1, 0.134831
48.35, 1, 0.134831
48.375, 1, 0.134675
48.4, 1, 0.134521
48.425, 1, 0.134367
48.45, 1, 0.134367
48.475, 1, 0.134217
48.5, 1, 0.134217
48.525, 1, 0.134217
48.55, 1, 0.134217
48.575, 1, 0.134217
48.6, 1, 0.134217
48.625, 1, 0.134069
48.65, 1, 0.133924
48.675, 1, 0.133924
48.7, 1, 0.133924
48.725, 1, 0.13376
48.75, 1, 0.13376
48.775, 1, 0.133574
48.8, 1, 0.133371
48.825, 1, 0.133371
48.85, 1, 0.133172
48.875, 1, 0.133172
48.9, 1, 0.133172
48.925, 1, 0.133172
48.95, 1, 0.133172
48.975, 1, 0.132931
49, 1, 0.132645
49.025, 1, 0.132645
49.05, 1, 0.132323
49.075, 1, 0.132323
49.1, 1, 0.132323
49.125, 1, 0.132323
49.15, 1, 0.132323
49.175, 1, 0.132323
49.2, 1, 0.132323
49.225, 1, 0.132323
49.25, 1, 0.131955
49.275, 1, 0.131955
49.3, 1, 0.131544
49.325, 1, 0.131544
49.35, 1, 0.131207
49.375, 1, 0.130911
49.4, 1, 0.130911
49.425, 1, 0.130911
49.45, 1, 0.130911
49.475, 1, 0.130911
49.5, 1, 0.130814
49.525, 1, 0.130707
49.55, 1, 0.130591
49.575, 1, 0.130472
49.6, 1, 0.130472
49.625, 1, 0.130359
49.65, 1, 0.130208
49.675, 1, 0.129986
49.7, 1, 0.129986
49.725, 1, 0.129986
49.75, 1, 0.129708
49.775, 1, 0.129708
49.8, 1, 0.129708
49.825, 1, 0.129708
49.85, 1, 0.129433
49.875, 1, 0.129433
49.9, 1, 0.129157
49.925, 1, 0.129157
49.95, 1, 0.129157
49.975, 1, 0.129157
50, 1, 0.128883
50, 1, 0.128616
50.025, 1, 0.128336
50.05, 1, 0.128018
50.075, 1, 0.127642
50.1, 1, 0.127174
50.125, 1, 0.126478
50.15, 1, 0.126478
50.175, 1, 0.126478
50.2, 1, 0.126478
50.225, 1, 0.125551
50.25, 1, 0.12442
50.275, 1, 0.123272
50.3, 1, 0.12225
50.325, 1, 0.12225
50.35, 1, 0.12225
50.375, 1, 0.12225
50.4, 1, 0.121286
50.425, 1, 0.120519
50.45, 1, 0.120519
50.475, 1, 0.120519
50.5, 1, 0.119459
50.525, 1, 0.119459
50.55, 1, 0.119459
50.575, 1, 0.118368
50.6, 1, 0.118368
50.625, 1, 0.117625
50.65, 1, 0.11741
50.675, 1, 0.11741
50.7, 1, 0.11741
50.725, 1, 0.11741
50.75, 1, 0.11741
50.775, 1, 0.11741
50.8, 1, 0.117642
50.825, 1, 0.117658
50.85, 1, 0.117751
50.875, 1, 0.117993
50.9, 1, 0.117993
50.925, 1, 0.117993
50.95, 1, 0.118293
50.975, 1, 0.118813
51, 1, 0.118813
51.025, 1, 0.118813
51.05, 1, 0.118813
51.075, 1, 0.119321
51.1, 1, 0.119321
51.125, 1, 0.119321
51.15, 1, 0.119321
51.175, 1, 0.119783
51.2, 1, 0.120415
51.225, 1, 0.121172
51.25, 1, 0.122017
51.275, 1, 0.12296
51.3, 1, 0.12296
51.325, 1, 0.12296
51.35, 1, 0.12296
51.375, 1, 0.123798
51.4, 1, 0.124695
51.425, 1, 0.125645
51.45, 1, 0.125645
51.475, 1, 0.126562
51.5, 1, 0.127522
51.525, 1, 0.128506
51.55, 1, 0.128506
51.575, 1, 0.128506
51.6, 1, 0.128506
51.625, 1, 0.129399
51.65, 1, 0.129399
51.675, 1, 0.129399
51.7, 1, 0.129399
51.725, 1, 0.129399
51.75, 1, 0.129399
51.775, 1, 0.129399
51.8, 1, 0.129399
51.825, 1, 0.129782
51.85, 1, 0.129782
51.875, 1, 0.129782
51.9, 1, 0.130196
51.925, 1, 0.130196
51.95, 1, 0.130196
51.975, 1, 0.130625
52, 1, 0.130625
52.025, 1, 0.130625
52.05, 1, 0.130625
52.075, 1, 0.130625
52.1, 1, 0.130787
52.125, 1, 0.130768
52.15, 1, 0.130768
52.175, 1, 0.130711
52.2, 1, 0.13066
52.225, 1, 0.13066
52.25, 1, 0.13066
52.275, 1, 0.130564
52.3, 1, 0.130564
52.325, 1, 0.130564
52.35, 1, 0.130346
52.375, 1, 0.130067
52.4, 1, 0.12978
52.425, 1, 0.12978
52.45, 1, 0.12978
52.475, 1, 0.129497
52.5, 1, 0.129497
52.525, 1, 0.129224
52.55, 1, 0.129224
52.575, 1, 0.129224
52.6, 1, 0.129224
52.625, 1, 0.128959
52.65, 1, 0.128959
52.675, 1, 0.128959
52.7, 1, 0.128959
52.725, 1, 0.128959
52.75, 1, 0.128748
52.775, 1, 0.128581
52.8, 1, 0.128581
52.825, 1, 0.128481
52.85, 1, 0.128446
52.875, 1, 0.128446
52.9, 1, 0.128392
52.925, 1, 0.128392
52.95, 1, 0.128392
52.975, 1, 0.128392
53, 1, 0.128392
53.025, 1, 0.128397
53.05, 1, 0.128503
53.075, 1, 0.128662
53.1, 1, 0.128857
53.125, 1, 0.128857
53.15, 1, 0.128857
53.175, 1, 0.128857
53.2, 1, 0.129061
53.225, 1, 0.129061
53.25, 1, 0.129061
53.275, 1, 0.129301
53.3, 1, 0.129301
53.325, 1, 0.129301
53.35, 1, 0.129301
53.375, 1, 0.129301
53.4, 1, 0.129301
53.425, 1, 0.129587
53.45, 1, 0.129587
53.475, 1, 0.129587
53.5, 1, 0.129587
53.525, 1, 0.129862
53.55, 1, 0.129862
53.575, 1, 0.130145
53.6, 1, 0.130145
53.625, 1, 0.130145
53.65, 1, 0.130145
53.675, 1, 0.130145
53.7, 1, 0.130145
53.725, 1, 0.130145
53.75, 1, 0.130145
53.775, 1, 0.130145
53.8, 1, 0.130398
53.825, 1, 0.130398
53.85, 1, 0.130398
53.875, 1, 0.130621
53.9, 1, 0.130621
53.925, 1, 0.130621
53.95, 1, 0.130621
53.975, 1, 0.130806
54, 1, 0.130806
54.025, 1, 0.130806
54.05, 1, 0.130806
54.075, 1, 0.130984
54.1, 1, 0.131153
54.125, 1, 0.131153
54.15, 1, 0.131298
54.175, 1, 0.131298
54.2, 1, 0.131298
54.225, 1, 0.131461
54.25, 1, 0.131461
54.275, 1, 0.131604
54.3, 1, 0.131604
54.325, 1, 0.131604
54.35, 1, 0.131604
54.375, 1, 0.131604
54.4, 1, 0.131679
54.425, 1, 0.131679
54.45, 1, 0.131798
54.475, 1, 0.131798
54.5, 1, 0.131798
54.525, 1, 0.131798
54.55, 1, 0.131798
54.575, 1, 0.131798
54.6, 1, 0.132032
54.625, 1, 0.132032
54.65, 1, 0.132032
54.675, 1, 0.132226
54.7, 1, 0.132409
54.725, 1, 0.132409
54.75, 1, 0.132409
54.775, 1, 0.132585
54.8, 1, 0.132585
54.825, 1, 0.132735
54.85, 1, 0.13288
54.875, 1, 0.13288
54.9, 1, 0.13288
54.925, 1, 0.13288
54.95, 1, 0.13288
54.975, 1, 0.13303
55, 1, 0.13303
55.025, 1, 0.13318
55.05, 1, 0.133328
55.075, 1, 0.133328
55.1, 1, 0.133328
55.125, 1, 0.133472
55.15, 1, 0.133472
55.175, 1, 0.133472
55.2, 1, 0.133614
55.225, 1, 0.133754
55.25, 1, 0.133754
55.275, 1, 0.133754
55.3, 1, 0.13389
55.325, 1, 0.13389
55.35, 1, 0.13389
55.375, 1, 0.13389
55.4, 1, 0.13389
55.425, 1, 0.134027
55.45, 1, 0.134027
55.475, 1, 0.134027
55.5, 1, 0.134027
55.525, 1, 0.134027
55.55, 1, 0.13408
55.575, 1, 0.13408
55.6, 1, 0.134142
55.625, 1, 0.134142
55.65, 1, 0.134142
55.675, 1, 0.134142
55.7, 1, 0.134145
55.725, 1, 0.134145
55.75, 1, 0.134145
55.775, 1, 0.134145
55.8, 1, 0.134048
55.825, 1, 0.133874
55.85, 1, 0.133676
55.875, 1, 0.133511
55.9, 1, 0.133511
55.925, 1, 0.133361
55.95, 1, 0.133361
55.975, 1, 0.133361
56, 1, 0.133361
56.025, 1, 0.133361
56.05, 1, 0.133361
56.075, 1, 0.133268
56.1, 1, 0.133151
56.125, 1, 0.133151
56.15, 1, 0.133151
56.175, 1, 0.133047
56.2, 1, 0.133047
56.225, 1, 0.133047
56.25, 1, 0.132951
56.275, 1, 0.132951
56.3, 1, 0.132859
56.325, 1, 0.132772
56.35, 1, 0.132772
56.375, 1, 0.132772
56.4, 1, 0.132692
56.425, 1, 0.132692
56.45, 1, 0.132692
56.475, 1, 0.132618
56.5, 1, 0.132618
56.525, 1, 0.132618
56.55, 1, 0.132618
56.575, 1, 0.132547
56.6, 1, 0.132547
56.625, 1, 0.132477
56.65, 1, 0.132406
56.675, 1, 0.132328
56.7, 1, 0.132235
56.725, 1, 0.132138
56.75, 1, 0.132138
56.775, 1, 0.132064
56.8, 1, 0.131983
56.825, 1, 0.131983
56.85, 1, 0.131983
56.875, 1, 0.131983
56.9, 1, 0.131969
56.925, 1, 0.131969
56.95, 1, 0.131969
56.975, 1, 0.131909
57, 1, 0.131909
57.025, 1, 0.131909
57.05, 1, 0.131909
57.075, 1, 0.13189
57.1, 1, 0.13179
57.125, 1, 0.13179
57.15, 1, 0.13179
57.175, 1, 0.131744
57.2, 1, 0.131699
57.225, 1, 0.131632
57.25, 1, 0.131499
57.275, 1, 0.131499
57.3, 1, 0.131499
57.325, 1, 0.131499
57.35, 1, 0.131417
57.375, 1, 0.131417
57.4, 1, 0.131417
57.425, 1, 0.131417
57.45, 1, 0.131341
57.475, 1, 0.131266
57.5, 1, 0.131189
57.525, 1, 0.131189
57.55, 1, 0.131119
57.575, 1, 0.131119
57.6, 1, 0.131119
57.625, 1, 0.131054
57.65, 1, 0.130993
57.675, 1, 0.130993
57.7, 1, 0.130924
57.725, 1, 0.130924
57.75, 1, 0.130924
57.775, 1, 0.130924
57.8, 1, 0.130924
57.825, 1, 0.130924
57.85, 1, 0.130924
57.875, 1, 0.130924
57.9, 1, 0.130924
57.925, 1, 0.130924
57.95, 1, 0.130924
57.975, 1, 0.130924
58, 1, 0.131055
58.025, 1, 0.131164
58.05, 1, 0.131164
58.075, 1, 0.131164
58.1, 1, 0.131014
58.125, 1, 0.130578
58.15, 1, 0.130578
58.175, 1, 0.130578
58.2, 1, 0.130578
58.225, 1, 0.130578
58.25, 1, 0.130578
58.275, 1, 0.130578
58.3, 1, 0.130176
58.325, 1, 0.130176
58.35, 1, 0.129758
58.375, 1, 0.129758
58.4, 1, 0.129758
58.425, 1, 0.129758
58.45, 1, 0.129758
58.475, 1, 0.12947
58.5, 1, 0.129263
58.525, 1, 0.129263
58.55, 1, 0.129263
58.575, 1, 0.129263
58.6, 1, 0.129071
58.625, 1, 0.129071
58.65, 1, 0.129071
58.675, 1, 0.129071
58.7, 1, 0.128896
58.725, 1, 0.128743
58.75, 1, 0.128743
58.775, 1, 0.128584
58.8, 1, 0.128424
58.825, 1, 0.128424
58.85, 1, 0.128424
58.875, 1, 0.128424
58.9, 1, 0.128424
58.925, 1, 0.128424
58.95, 1, 0.128278
58.975, 1, 0.128278
59, 1, 0.128278
59.025, 1, 0.128137
59.05, 1, 0.128137
59.075, 1, 0.128137
59.1, 1, 0.128137
59.125, 1, 0.127954
59.15, 1, 0.127954
59.175, 1, 0.127954
59.2, 1, 0.127781
59.225, 1, 0.127781
59.25, 1, 0.127781
59.275, 1, 0.127781
59.3, 1, 0.127781
59.325, 1, 0.127781
59.35, 1, 0.127781
59.375, 1, 0.127768
59.4, 1, 0.127768
59.425, 1, 0.127768
59.45, 1, 0.127768
59.475, 1, 0.127768
59.5, 1, 0.12805
59.525, 1, 0.128327
59.55, 1, 0.128327
59.575, 1, 0.128569
59.6, 1, 0.128804
59.625, 1, 0.128804
59.65, 1, 0.128804
59.675, 1, 0.128901
59.7, 1, 0.128865
59.725, 1, 0.128768
59.75, 1, 0.128666
59.775, 1, 0.128578
59.8, 1, 0.128578
59.825, 1, 0.128578
59.85, 1, 0.128491
59.875, 1, 0.128491
59.9, 1, 0.128391
59.925, 1, 0.128391
59.95, 1, 0.128391
59.975, 1, 0.128391
60, 1, 0.128391
60, 1, 0.128391
60.025, 1, 0.128292
60.05, 1, 0.128292
60.075, 1, 0.128292
60.1, 1, 0.128292
60.125, 1, 0.127936
60.15, 1, 0.127156
60.175, 1, 0.127156
60.2, 1, 0.127156
60.225, 1, 0.127156
60.25, 1, 0.127156
60.275, 1, 0.125872
60.3, 1, 0.124177
60.325, 1, 0.12227
60.35, 1, 0.12227
60.375, 1, 0.120173
60.4, 1, 0.120173
60.425, 1, 0.120173
60.45, 1, 0.120173
60.475, 1, 0.118561
60.5, 1, 0.117289
60.525, 1, 0.116274
60.55, 1, 0.116274
60.575, 1, 0.115542
60.6, 1, 0.114906
60.625, 1, 0.114906
60.65, 1, 0.114046
60.675, 1, 0.114046
60.7, 1, 0.114046
60.725, 1, 0.113155
60.75, 1, 0.113155
60.775, 1, 0.113155
60.8, 1, 0.11233
60.825, 1, 0.11233
60.85, 1, 0.111527
60.875, 1, 0.111527
60.9, 1, 0.111527
60.925, 1, 0.111527
60.95, 1, 0.111527
60.975, 1, 0.111144
61, 1, 0.111144
61.025, 1, 0.110868
61.05, 1, 0.110862
61.075, 1, 0.110862
61.1, 1, 0.110862
61.125, 1, 0.110862
61.15, 1, 0.110862
61.175, 1, 0.110862
61.2, 1, 0.111145
61.225, 1, 0.111145
61.25, 1, 0.111473
61.275, 1, 0.111473
61.3, 1, 0.111473
61.325, 1, 0.111473
61.35, 1, 0.111784
61.375, 1, 0.111784
61.4, 1, 0.111784
61.425, 1, 0.112069
61.45, 1, 0.112465
61.475, 1, 0.112465
61.5, 1, 0.112856
61.525, 1, 0.112856
61.55, 1, 0.113239
61.575, 1, 0.113643
61.6, 1, 0.114095
61.625, 1, 0.114607
61.65, 1, 0.115172
61.675, 1, 0.115762
61.7, 1, 0.116335
61.725, 1, 0.116335
61.75, 1, 0.116335
61.775, 1, 0.116335
61.8, 1, 0.116335
61.825, 1, 0.117117
61.85, 1, 0.117117
61.875, 1, 0.117872
61.9, 1, 0.118603
61.925, 1, 0.118603
61.95, 1, 0.118603
61.975, 1, 0.118603
62, 1, 0.118603
62.025, 1, 0.119284
62.05, 1, 0.11991
62.075, 1, 0.11991
62.1, 1, 0.11991
62.125, 1, 0.120515
62.15, 1, 0.121086
62.175, 1, 0.121086
62.2, 1, 0.121619
62.225, 1, 0.121619
62.25, 1, 0.121619
62.275, 1, 0.121619
62.3, 1, 0.122126
62.325, 1, 0.122126
62.35, 1, 0.122614
62.375, 1, 0.122614
62.4, 1, 0.122614
62.425, 1, 0.122614
62.45, 1, 0.123081
62.475, 1, 0.123529
62.5, 1, 0.123957
62.525, 1, 0.123957
62.55, 1, 0.123957
62.575, 1, 0.124367
62.6, 1, 0.124768
62.625, 1, 0.124768
62.65, 1, 0.125167
62.675, 1, 0.125167
62.7, 1, 0.125569
62.725, 1, 0.125569
62.75, 1, 0.125964
62.775, 1, 0.126341
62.8, 1, 0.126679
62.825, 1, 0.126961
62.85, 1, 0.126961
62.875, 1, 0.126961
62.9, 1, 0.126961
62.925, 1, 0.126961
62.95, 1, 0.127321
62.975, 1, 0.127321
63, 1, 0.127686
63.025, 1, 0.127686
63.05, 1, 0.127686
63.075, 1, 0.127686
63.1, 1, 0.127686
63.125, 1, 0.127686
63.15, 1, 0.127686
63.175, 1, 0.128033
63.2, 1, 0.12838
63.225, 1, 0.12838
63.25, 1, 0.128739
63.275, 1, 0.128739
63.3, 1, 0.128739
63.325, 1, 0.129084
63.35, 1, 0.129417
63.375, 1, 0.129738
63.4, 1, 0.13005
63.425, 1, 0.130355
63.45, 1, 0.130355
63.475, 1, 0.130658
63.5, 1, 0.130961
63.525, 1, 0.130961
63.55, 1, 0.131257
63.575, 1, 0.131257
63.6, 1, 0.131544
63.625, 1, 0.131544
63.65, 1, 0.131544
63.675, 1, 0.131544
63.7, 1, 0.131825
63.725, 1, 0.131825
63.75, 1, 0.132104
63.775, 1, 0.132381
63.8, 1, 0.132661
63.825, 1, 0.132661
63.85, 1, 0.132661
63.875, 1, 0.132661
63.9, 1, 0.132931
63.925, 1, 0.132931
63.95, 1, 0.13319
63.975, 1, 0.13319
64, 1, 0.13319
64.025, 1, 0.13319
64.05, 1, 0.13319
64.075, 1, 0.133466
64.1, 1, 0.133743
64.125, 1, 0.134014
64.15, 1, 0.134014
64.175, 1, 0.13425
64.2, 1, 0.13425
64.225, 1, 0.13425
64.25, 1, 0.13425
64.275, 1, 0.134388
64.3, 1, 0.134448
64.325, 1, 0.134474
64.35, 1, 0.134474
64.375, 1, 0.134531
64.4, 1, 0.1346
64.425, 1, 0.1346
64.45, 1, 0.1346
64.475, 1, 0.1346
64.5, 1, 0.134669
64.525, 1, 0.13469
64.55, 1, 0.134662
64.575, 1, 0.134662
64.6, 1, 0.134602
64.625, 1, 0.134602
64.65, 1, 0.134602
64.675, 1, 0.134602
64.7, 1, 0.134539
64.725, 1, 0.134473
64.75, 1, 0.134473
64.775, 1, 0.134404
64.8, 1, 0.134404
64.825, 1, 0.134404
64.85, 1, 0.134404
64.875, 1, 0.134404
64.9, 1, 0.134404
64.925, 1, 0.134404
64.95, 1, 0.134341
64.975, 1, 0.134292
65, 1, 0.134292
65.025, 1, 0.134292
65.05, 1, 0.134292
65.075, 1, 0.134292
65.1, 1, 0.134244
65.125, 1, 0.134177
65.15, 1, 0.134177
65.175, 1, 0.134058
65.2, 1, 0.134058
65.225, 1, 0.133986
65.25, 1, 0.133951
65.275, 1, 0.133951
65.3, 1, 0.133951
65.325, 1, 0.133951
65.35, 1, 0.133907
65.375, 1, 0.133863
65.4, 1, 0.133798
65.425, 1, 0.133798
65.45, 1, 0.133798
65.475, 1, 0.133798
65.5, 1, 0.133798
65.525, 1, 0.133798
65.55, 1, 0.133823
65.575, 1, 0.133823
65.6, 1, 0.133816
65.625, 1, 0.133816
65.65, 1, 0.13381
65.675, 1, 0.13381
65.7, 1, 0.13381
65.725, 1, 0.133787
65.75, 1, 0.133767
65.775, 1, 0.13376
65.8, 1, 0.13376
65.825, 1, 0.13376
65.85, 1, 0.133745
65.875, 1, 0.133734
65.9, 1, 0.133723
65.925, 1, 0.133713
65.95, 1, 0.133702
65.975, 1, 0.133691
66, 1, 0.133681
66.025, 1, 0.133673
66.05, 1, 0.133664
66.075, 1, 0.133664
66.1, 1, 0.133664
66.125, 1, 0.133664
66.15, 1, 0.133624
66.175, 1, 0.133624
66.2, 1, 0.133624
66.225, 1, 0.133624
66.25, 1, 0.133624
66.275, 1, 0.13358
66.3, 1, 0.13358
66.325, 1, 0.13358
66.35, 1, 0.13358
66.375, 1, 0.133543
66.4, 1, 0.133488
66.425, 1, 0.133488
66.45, 1, 0.133386
66.475, 1, 0.133386
66.5, 1, 0.133315
66.525, 1, 0.133315
66.55, 1, 0.133184
66.575, 1, 0.133184
66.6, 1, 0.133184
66.625, 1, 0.133184
66.65, 1, 0.133184
66.675, 1, 0.133184
66.7, 1, 0.133184
66.725, 1, 0.133184
66.75, 1, 0.133115
66.775, 1, 0.133056
66.8, 1, 0.132972
66.825, 1, 0.132972
66.85, 1, 0.132972
66.875, 1, 0.132972
66.9, 1, 0.132972
66.925, 1, 0.132972
66.95, 1, 0.133015
66.975, 1, 0.133057
67, 1, 0.133057
67.025, 1, 0.133099
67.05, 1, 0.133099
67.075, 1, 0.133142
67.1, 1, 0.133142
67.125, 1, 0.133142
67.15, 1, 0.133142
67.175, 1, 0.133142
67.2, 1, 0.133142
67.225, 1, 0.133142
67.25, 1, 0.133172
67.275, 1, 0.133194
67.3, 1, 0.133194
67.325, 1, 0.133194
67.35, 1, 0.133194
67.375, 1, 0.133212
67.4, 1, 0.133217
67.425, 1, 0.133217
67.45, 1, 0.133217
67.475, 1, 0.133189
67.5, 1, 0.133189
67.525, 1, 0.133152
67.55, 1, 0.133152
67.575, 1, 0.13312
67.6, 1, 0.133097
67.625, 1, 0.133084
67.65, 1, 0.133074
67.675, 1, 0.133053
67.7, 1, 0.132982
67.725, 1, 0.132849
67.75, 1, 0.132849
67.775, 1, 0.132749
67.8, 1, 0.132749
67.825, 1, 0.132749
67.85, 1, 0.132749
67.875, 1, 0.132749
67.9, 1, 0.132749
67.925, 1, 0.132816
67.95, 1, 0.132816
67.975, 1, 0.132816
68, 1, 0.132747
68.025, 1, 0.132747
68.05, 1, 0.132747
68.075, 1, 0.132765
68.1, 1, 0.132765
68.125, 1, 0.132765
68.15, 1, 0.132765
68.175, 1, 0.132765
68.2, 1, 0.13278
68.225, 1, 0.132766
68.25, 1, 0.132766
68.275, 1, 0.132742
68.3, 1, 0.132717
68.325, 1, 0.132717
68.35, 1, 0.132717
68.375, 1, 0.132717
68.4, 1, 0.132717
68.425, 1, 0.132717
68.45, 1, 0.132717
68.475, 1, 0.132676
68.5, 1, 0.132676
68.525, 1, 0.132676
68.55, 1, 0.132614
68.575, 1, 0.132614
68.6, 1, 0.132614
68.625, 1, 0.132614
68.65, 1, 0.132614
68.675, 1, 0.132507
68.7, 1, 0.132507
68.725, 1, 0.132354
68.75, 1, 0.132354
68.775, 1, 0.132354
68.8, 1, 0.132354
68.825, 1, 0.132293
68.85, 1, 0.132238
68.875, 1, 0.132238
68.9, 1, 0.132238
68.925, 1, 0.132111
68.95, 1, 0.132111
68.975, 1, 0.132111
69, 1, 0.132111
69.025, 1, 0.132111
69.05, 1, 0.13181
69.075, 1, 0.131404
69.1, 1, 0.131404
69.125, 1, 0.131404
69.15, 1, 0.131404
69.175, 1, 0.131404
69.2, 1, 0.131404
69.225, 1, 0.131055
69.25, 1, 0.130711
69.275, 1, 0.130711
69.3, 1, 0.130711
69.325, 1, 0.13037
69.35, 1, 0.130047
69.375, 1, 0.129738
69.4, 1, 0.129738
69.425, 1, 0.129738
69.45, 1, 0.129438
69.475, 1, 0.129146
69.5, 1, 0.128855
69.525, 1, 0.128855
69.55, 1, 0.128561
69.575, 1, 0.128561
69.6, 1, 0.128561
69.625, 1, 0.128561
69.65, 1, 0.128561
69.675, 1, 0.128561
69.7, 1, 0.128278
69.725, 1, 0.128278
69.75, 1, 0.128007
69.775, 1, 0.128007
69.8, 1, 0.128007
69.825, 1, 0.127743
69.85, 1, 0.127486
69.875, 1, 0.127486
69.9, 1, 0.127211
69.925, 1, 0.127211
69.95, 1, 0.126928
69.975, 1, 0.126647
70, 1, 0.126388
70.025, 1, 0.126388
70.05, 1, 0.126152
70.075, 1, 0.126152
70.1, 1, 0.126152
70.125, 1, 0.125141
70.15, 1, 0.123227
70.175, 1, 0.123227
70.2, 1, 0.12065
70.225, 1, 0.118113
70.25, 1, 0.118113
70.275, 1, 0.115898
70.3, 1, 0.115898
70.325, 1, 0.114282
70.35, 1, 0.114282
70.375, 1, 0.114282
70.4, 1, 0.114282
70.425, 1, 0.114282
70.45, 1, 0.114282
70.475, 1, 0.11254
70.5, 1, 0.111153
70.525, 1, 0.111153
70.55, 1, 0.111153
70.575, 1, 0.109996
70.6, 1, 0.10946
70.625, 1, 0.10946
70.65, 1, 0.109091
70.675, 1, 0.109026
70.7, 1, 0.109114
70.725, 1, 0.109342
70.75, 1, 0.109342
70.775, 1, 0.109342
70.8, 1, 0.109563
70.825, 1, 0.110036
70.85, 1, 0.11075
70.875, 1, 0.11164
70.9, 1, 0.112638
70.925, 1, 0.112638
70.95, 1, 0.113606
70.975, 1, 0.114671
71, 1, 0.115819
71.025, 1, 0.117023
71.05, 1, 0.117023
71.075, 1, 0.117023
71.1, 1, 0.117023
71.125, 1, 0.11826
71.15, 1, 0.11826
71.175, 1, 0.11826
71.2, 1, 0.11826
71.225, 1, 0.11826
71.25, 1, 0.119599
71.275, 1, 0.12092
71.3, 1, 0.122211
71.325, 1, 0.122211
71.35, 1, 0.122211
71.375, 1, 0.123422
71.4, 1, 0.123422
71.425, 1, 0.124506
71.45, 1, 0.124506
71.475, 1, 0.124506
71.5, 1, 0.125396
71.525, 1, 0.126214
71.55, 1, 0.126971
71.575, 1, 0.127694
71.6, 1, 0.128396
71.625, 1, 0.128396
71.65, 1, 0.128396
71.675, 1, 0.128396
71.7, 1, 0.129006
71.725, 1, 0.129006
71.75, 1, 0.129006
71.775, 1, 0.129518
71.8, 1, 0.129518
71.825, 1, 0.130007
71.85, 1, 0.130007
71.875, 1, 0.130466
71.9, 1, 0.130466
71.925, 1, 0.130888
71.95, 1, 0.131276
71.975, 1, 0.131276
72, 1, 0.131644
72.025, 1, 0.131644
72.05, 1, 0.131644
72.075, 1, 0.131966
72.1, 1, 0.131966
72.125, 1, 0.131966
72.15, 1, 0.131966
72.175, 1, 0.132289
72.2, 1, 0.132598
72.225, 1, 0.132598
72.25, 1, 0.132598
72.275, 1, 0.13289
72.3, 1, 0.133162
72.325, 1, 0.133162
72.35, 1, 0.133162
72.375, 1, 0.13343
72.4, 1, 0.13343
72.425, 1, 0.133697
72.45, 1, 0.133697
72.475, 1, 0.133967
72.5, 1, 0.133967
72.525, 1, 0.133967
72.55, 1, 0.133967
72.575, 1, 0.134184
72.6, 1, 0.134184
72.625, 1, 0.134184
72.65, 1, 0.134366
72.675, 1, 0.134366
72.7, 1, 0.134366
72.725, 1, 0.134626
72.75, 1, 0.134902
72.775, 1, 0.135179
72.8, 1, 0.135179
72.825, 1, 0.135179
72.85, 1, 0.135179
72.875, 1, 0.135179
72.9, 1, 0.135179
72.925, 1, 0.135438
72.95, 1, 0.135702
72.975, 1, 0.135702
73, 1, 0.135974
73.025, 1, 0.136257
73.05, 1, 0.136257
73.075, 1, 0.136257
73.1, 1, 0.136257
73.125, 1, 0.1365
73.15, 1, 0.136704
73.175, 1, 0.136704
73.2, 1, 0.136704
73.225, 1, 0.136704
73.25, 1, 0.136704
73.275, 1, 0.136704
73.3, 1, 0.136919
73.325, 1, 0.136919
73.35, 1, 0.137131
73.375, 1, 0.137349
73.4, 1, 0.137577
73.425, 1, 0.137577
73.45, 1, 0.137577
73.475, 1, 0.137577
73.5, 1, 0.137797
73.525, 1, 0.137797
73.55, 1, 0.137797
73.575, 1, 0.137797
73.6, 1, 0.137797
73.625, 1, 0.138009
73.65, 1, 0.138009
73.675, 1, 0.138217
73.7, 1, 0.138425
73.725, 1, 0.138633
73.75, 1, 0.138633
73.775, 1, 0.138835
73.8, 1, 0.139034
73.825, 1, 0.139034
73.85, 1, 0.139034
73.875, 1, 0.139034
73.9, 1, 0.139034
73.925, 1, 0.139185
73.95, 1, 0.139314
73.975, 1, 0.13944
74, 1, 0.13944
74.025, 1, 0.13944
74.05, 1, 0.13944
74.075, 1, 0.139571
74.1, 1, 0.139691
74.125, 1, 0.139823
74.15, 1, 0.13996
74.175, 1, 0.13996
74.2, 1, 0.140093
74.225, 1, 0.140093
74.25, 1, 0.140093
74.275, 1, 0.140187
74.3, 1, 0.140187
74.325, 1, 0.14019
74.35, 1, 0.14019
74.375, 1, 0.14019
74.4, 1, 0.14019
74.425, 1, 0.14019
74.45, 1, 0.140237
74.475, 1, 0.140284
74.5, 1, 0.140284
74.525, 1, 0.140284
74.55, 1, 0.140284
74.575, 1, 0.140325
74.6, 1, 0.140359
74.625, 1, 0.140359
74.65, 1, 0.140359
74.675, 1, 0.140359
74.7, 1, 0.140359
74.725, 1, 0.14041
74.75, 1, 0.14041
74.775, 1, 0.14041
74.8, 1, 0.14041
74.825, 1, 0.14041
74.85, 1, 0.140456
74.875, 1, 0.140456
74.9, 1, 0.140498
74.925, 1, 0.140498
74.95, 1, 0.140498
74.975, 1, 0.140533
75, 1, 0.140533
75.025, 1, 0.140565
75.05, 1, 0.140594
75.075, 1, 0.140594
75.1, 1, 0.140594
75.125, 1, 0.140594
75.15, 1, 0.140594
75.175, 1, 0.140594
75.2, 1, 0.140594
75.225, 1, 0.140593
75.25, 1, 0.140593
75.275, 1, 0.140628
75.3, 1, 0.140628
75.325, 1, 0.140634
75.35, 1, 0.140634
75.375, 1, 0.140634
75.4, 1, 0.140675
75.425, 1, 0.140675
75.45, 1, 0.140675
75.475, 1, 0.140675
75.5, 1, 0.140675
75.525, 1, 0.140675
75.55, 1, 0.140821
75.575, 1, 0.140966
75.6, 1, 0.140966
75.625, 1, 0.140966
75.65, 1, 0.140966
75.675, 1, 0.141102
75.7, 1, 0.14121
75.725, 1, 0.14121
75.75, 1, 0.14121
75.775, 1, 0.141294
75.8, 1, 0.141363
75.825, 1, 0.141363
75.85, 1, 0.141363
75.875, 1, 0.141363
75.9, 1, 0.141363
75.925, 1, 0.141363
75.95, 1, 0.141363
75.975, 1, 0.141363
76, 1, 0.141363
76.025, 1, 0.141363
76.05, 1, 0.141363
76.075, 1, 0.141423
76.1, 1, 0.141423
76.125, 1, 0.141474
76.15, 1, 0.141518
76.175, 1, 0.141518
76.2, 1, 0.141518
76.225, 1, 0.141518
76.25, 1, 0.141559
76.275, 1, 0.141559
76.3, 1, 0.141559
76.325, 1, 0.141559
76.35, 1, 0.141596
76.375, 1, 0.141627
76.4, 1, 0.141627
76.425, 1, 0.141627
76.45, 1, 0.141627
76.475, 1, 0.141627
76.5, 1, 0.141641
76.525, 1, 0.141641
76.55, 1, 0.141641
76.575, 1, 0.141641
76.6, 1, 0.141671
76.625, 1, 0.141671
76.65, 1, 0.141671
76.675, 1, 0.141671
76.7, 1, 0.141768
76.725, 1, 0.141768
76.75, 1, 0.141848
76.775, 1, 0.141848
76.8, 1, 0.141918
76.825, 1, 0.141918
76.85, 1, 0.141991
76.875, 1, 0.141991
76.9, 1, 0.141991
76.925, 1, 0.141991
76.95, 1, 0.142109
76.975, 1, 0.142216
77, 1, 0.142329
77.025, 1, 0.142329
77.05, 1, 0.142329
77.075, 1, 0.142329
77.1, 1, 0.142444
77.125, 1, 0.142444
77.15, 1, 0.142548
77.175, 1, 0.142642
77.2, 1, 0.142642
77.225, 1, 0.14273
77.25, 1, 0.14273
77.275, 1, 0.142816
77.3, 1, 0.142816
77.325, 1, 0.142898
77.35, 1, 0.142977
77.375, 1, 0.142977
77.4, 1, 0.143048
77.425, 1, 0.14311
77.45, 1, 0.14311
77.475, 1, 0.143143
77.5, 1, 0.143143
77.525, 1, 0.143143
77.55, 1, 0.143129
77.575, 1, 0.143129
77.6, 1, 0.143129
77.625, 1, 0.143129
77.65, 1, 0.143129
77.675, 1, 0.143129
77.7, 1, 0.143129
77.725, 1, 0.143129
77.75, 1, 0.143129
77.775, 1, 0.143129
77.8, 1, 0.143129
77.825, 1, 0.143118
77.85, 1, 0.143137
77.875, 1, 0.143171
77.9, 1, 0.143171
77.925, 1, 0.143226
77.95, 1, 0.143226
77.975, 1, 0.143226
78, 1, 0.143226
78.025, 1, 0.143226
78.05, 1, 0.143315
78.075, 1, 0.143315
78.1, 1, 0.143335
78.125, 1, 0.143335
78.15, 1, 0.143335
78.175, 1, 0.143415
78.2, 1, 0.143415
78.225, 1, 0.143415
78.25, 1, 0.143507
78.275, 1, 0.143548
78.3, 1, 0.14349
78.325, 1, 0.14349
78.35, 1, 0.14349
78.375, 1, 0.14349
78.4, 1, 0.14349
78.425, 1, 0.14349
78.45, 1, 0.143551
78.475, 1, 0.143636
78.5, 1, 0.143636
78.525, 1, 0.143636
78.55, 1, 0.143636
78.575, 1, 0.143636
78.6, 1, 0.143636
78.625, 1, 0.143636
78.65, 1, 0.143692
78.675, 1, 0.143692
78.7, 1, 0.143714
78.725, 1, 0.143711
78.75, 1, 0.143711
78.775, 1, 0.143711
78.8, 1, 0.143711
78.825, 1, 0.143711
78.85, 1, 0.14371
78.875, 1, 0.14371
78.9, 1, 0.143712
78.925, 1, 0.143723
78.95, 1, 0.143745
78.975, 1, 0.143745
79, 1, 0.143745
79.025, 1, 0.143745
79.05, 1, 0.143745
79.075, 1, 0.143696
79.1, 1, 0.143606
79.125, 1, 0.143473
79.15, 1, 0.143311
79.175, 1, 0.143311
79.2, 1, 0.143147
79.225, 1, 0.143147
79.25, 1, 0.143147
79.275, 1, 0.142965
79.3, 1, 0.142731
79.325, 1, 0.142731
79.35, 1, 0.142342
79.375, 1, 0.141799
79.4, 1, 0.141799
79.425, 1, 0.141376
79.45, 1, 0.141003
79.475, 1, 0.140672
79.5, 1, 0.140672
79.525, 1, 0.140314
79.55, 1, 0.139964
79.575, 1, 0.13962
79.6, 1, 0.13962
79.625, 1, 0.13962
79.65, 1, 0.13962
79.675, 1, 0.13962
79.7, 1, 0.13962
79.725, 1, 0.139314
79.75, 1, 0.139314
79.775, 1, 0.139314
79.8, 1, 0.139314
79.825, 1, 0.139314
79.85, 1, 0.139117
79.875, 1, 0.138927
79.9, 1, 0.138927
79.925, 1, 0.138742
79.95, 1, 0.138564
79.975, 1, 0.138564
80, 1, 0.138564
80.025, 1, 0.138372
80.05, 1, 0.138372
80.075, 1, 0.138136
80.1, 1, 0.137811
80.125, 1, 0.137811
80.15, 1, 0.137811
80.175, 1, 0.137019
80.2, 1, 0.135903
80.225, 1, 0.135903
80.25, 1, 0.134519
80.275, 1, 0.134519
80.3, 1, 0.134519
80.325, 1, 0.133026
80.35, 1, 0.131595
80.375, 1, 0.131595
80.4, 1, 0.130095
80.425, 1, 0.130095
80.45, 1, 0.128538
80.475, 1, 0.128538
80.5, 1, 0.128538
80.525, 1, 0.128538
80.55, 1, 0.128538
80.575, 1, 0.126954
80.6, 1, 0.126954
80.625, 1, 0.125615
80.65, 1, 0.125615
80.675, 1, 0.125615
80.7, 1, 0.124312
80.725, 1, 0.123249
80.75, 1, 0.123249
80.775, 1, 0.122131
80.8, 1, 0.121229
80.825, 1, 0.120619
80.85, 1, 0.12032
80.875, 1, 0.12032
80.9, 1, 0.12032
80.925, 1, 0.119962
80.95, 1, 0.119962
80.975, 1, 0.119962
81, 1, 0.119962
81.025, 1, 0.119962
81.05, 1, 0.119962
81.075, 1, 0.120145
81.1, 1, 0.120145
81.125, 1, 0.120145
81.15, 1, 0.120318
81.175, 1, 0.120318
81.2, 1, 0.120318
81.225, 1, 0.120318
81.25, 1, 0.120474
81.275, 1, 0.120474
81.3, 1, 0.120474
81.325, 1, 0.120618
81.35, 1, 0.120618
81.375, 1, 0.120618
81.4, 1, 0.120756
81.425, 1, 0.120756
81.45, 1, 0.12091
81.475, 1, 0.121123
81.5, 1, 0.121401
81.525, 1, 0.121401
81.55, 1, 0.121401
81.575, 1, 0.121401
81.6, 1, 0.121668
81.625, 1, 0.12196
81.65, 1, 0.122276
81.675, 1, 0.122276
81.7, 1, 0.122276
81.725, 1, 0.122276
81.75, 1, 0.122276
81.775, 1, 0.122276
81.8, 1, 0.122276
81.825, 1, 0.122586
81.85, 1, 0.122872
81.875, 1, 0.123141
81.9, 1, 0.123141
81.925, 1, 0.123141
81.95, 1, 0.123391
81.975, 1, 0.123391
82, 1, 0.123391
82.025, 1, 0.123391
82.05, 1, 0.123568
82.075, 1, 0.123568
82.1, 1, 0.123568
82.125, 1, 0.123568
82.15, 1, 0.123785
82.175, 1, 0.123785
82.2, 1, 0.123785
82.225, 1, 0.123785
82.25, 1, 0.123785
82.275, 1, 0.12394
82.3, 1, 0.12394
82.325, 1, 0.123958
82.35, 1, 0.123875
82.375, 1, 0.123722
82.4, 1, 0.123722
82.425, 1, 0.123722
82.45, 1, 0.123722
82.475, 1, 0.123577
82.5, 1, 0.123577
82.525, 1, 0.123447
82.55, 1, 0.123447
82.575, 1, 0.123324
82.6, 1, 0.123324
82.625, 1, 0.123324
82.65, 1, 0.123211
82.675, 1, 0.123211
82.7, 1, 0.123105
82.725, 1, 0.123008
82.75, 1, 0.123008
82.775, 1, 0.123008
82.8, 1, 0.123008
82.825, 1, 0.122903
82.85, 1, 0.122903
82.875, 1, 0.122903
82.9, 1, 0.1228
82.925, 1, 0.1228
82.95, 1, 0.122696
82.975, 1, 0.122696
83, 1, 0.122605
83.025, 1, 0.12253
83.05, 1, 0.12253
83.075, 1, 0.12253
83.1, 1, 0.122461
83.125, 1, 0.122461
83.15, 1, 0.122394
83.175, 1, 0.122394
83.2, 1, 0.122394
83.225, 1, 0.122394
83.25, 1, 0.122332
83.275, 1, 0.122278
83.3, 1, 0.122236
83.325, 1, 0.122236
83.35, 1, 0.122236
83.375, 1, 0.122236
83.4, 1, 0.122195
83.425, 1, 0.122195
83.45, 1, 0.122195
83.475, 1, 0.122195
83.5, 1, 0.122195
83.525, 1, 0.122195
83.55, 1, 0.122182
83.575, 1, 0.122182
83.6, 1, 0.122158
83.625, 1, 0.122126
83.65, 1, 0.122089
83.675, 1, 0.122089
83.7, 1, 0.122089
83.725, 1, 0.122089
83.75, 1, 0.122089
83.775, 1, 0.122089
83.8, 1, 0.122089
83.825, 1, 0.122045
83.85, 1, 0.122045
83.875, 1, 0.121985
83.9, 1, 0.121985
83.925, 1, 0.121985
83.95, 1, 0.121931
83.975, 1, 0.121931
84, 1, 0.121891
84.025, 1, 0.121891
84.05, 1, 0.12186
84.075, 1, 0.121841
84.1, 1, 0.121831
84.125, 1, 0.121832
84.15, 1, 0.121848
84.175, 1, 0.121879
84.2, 1, 0.121921
84.225, 1, 0.121921
84.25, 1, 0.121963
84.275, 1, 0.121963
84.3, 1, 0.122007
84.325, 1, 0.122007
84.35, 1, 0.122007
84.375, 1, 0.122007
84.4, 1, 0.122051
84.425, 1, 0.122051
84.45, 1, 0.122051
84.475, 1, 0.122051
84.5, 1, 0.122051
84.525, 1, 0.122051
84.55, 1, 0.122051
84.575, 1, 0.122051
84.6, 1, 0.122051
84.625, 1, 0.122051
84.65, 1, 0.122185
84.675, 1, 0.122314
84.7, 1, 0.122445
84.725, 1, 0.122575
84.75, 1, 0.122703
84.775, 1, 0.122703
84.8, 1, 0.122794
84.825, 1, 0.12287
84.85, 1, 0.12287
84.875, 1, 0.122947
84.9, 1, 0.12301
84.925, 1, 0.12301
84.95, 1, 0.12301
84.975, 1, 0.12301
85, 1, 0.12301
85.025, 1, 0.123135
85.05, 1, 0.123135
85.075, 1, 0.123135
85.1, 1, 0.123252
85.125, 1, 0.123252
85.15, 1, 0.123252
85.175, 1, 0.123252
85.2, 1, 0.123252
85.225, 1, 0.123252
85.25, 1, 0.123367
85.275, 1, 0.123367
85.3, 1, 0.123367
85.325, 1, 0.123367
85.35, 1, 0.123367
85.375, 1, 0.12348
85.4, 1, 0.123591
85.425, 1, 0.123591
85.45, 1, 0.123699
85.475, 1, 0.123804
85.5, 1, 0.123905
85.525, 1, 0.123999
85.55, 1, 0.124084
85.575, 1, 0.124162
85.6, 1, 0.124162
85.625, 1, 0.124162
85.65, 1, 0.124162
85.675, 1, 0.124162
85.7, 1, 0.124162
85.725, 1, 0.124235
85.75, 1, 0.124298
85.775, 1, 0.124298
85.8, 1, 0.124335
85.825, 1, 0.124335
85.85, 1, 0.124347
85.875, 1, 0.124359
85.9, 1, 0.124382
85.925, 1, 0.124382
85.95, 1, 0.124406
85.975, 1, 0.124406
86, 1, 0.124406
86.025, 1, 0.124383
86.05, 1, 0.124383
86.075, 1, 0.124383
86.1, 1, 0.124383
86.125, 1, 0.124297
86.15, 1, 0.124297
86.175, 1, 0.124297
86.2, 1, 0.124255
86.225, 1, 0.124255
86.25, 1, 0.124255
86.275, 1, 0.124206
86.3, 1, 0.124206
86.325, 1, 0.124206
86.35, 1, 0.124151
86.375, 1, 0.124151
86.4, 1, 0.124102
86.425, 1, 0.124062
86.45, 1, 0.12403
86.475, 1, 0.12403
86.5, 1, 0.12403
86.525, 1, 0.123996
86.55, 1, 0.123969
86.575, 1, 0.123946
86.6, 1, 0.123925
86.625, 1, 0.123925
86.65, 1, 0.123925
86.675, 1, 0.123908
86.7, 1, 0.123896
86.725, 1, 0.123896
86.75, 1, 0.123896
86.775, 1, 0.123884
86.8, 1, 0.123877
86.825, 1, 0.123877
86.85, 1, 0.123877
86.875, 1, 0.123877
86.9, 1, 0.123877
86.925, 1, 0.123877
86.95, 1, 0.123896
86.975, 1, 0.123913
87, 1, 0.123913
87.025, 1, 0.123913
87.05, 1, 0.123913
87.075, 1, 0.123911
87.1, 1, 0.123881
87.125, 1, 0.123881
87.15, 1, 0.123881
87.175, 1, 0.123881
87.2, 1, 0.123867
87.225, 1, 0.12386
87.25, 1, 0.123851
87.275, 1, 0.123838
87.3, 1, 0.123838
87.325, 1, 0.123838
87.35, 1, 0.12383
87.375, 1, 0.123819
87.4, 1, 0.123819
87.425, 1, 0.123819
87.45, 1, 0.123819
87.475, 1, 0.123819
87.5, 1, 0.123716
87.525, 1, 0.123716
87.55, 1, 0.123716
87.575, 1, 0.123594
87.6, 1, 0.123594
87.625, 1, 0.123594
87.65, 1, 0.123594
87.675, 1, 0.123594
87.7, 1, 0.123594
87.725, 1, 0.123594
87.75, 1, 0.123467
87.775, 1, 0.123467
87.8, 1, 0.123349
87.825, 1, 0.123349
87.85, 1, 0.123349
87.875, 1, 0.123349
87.9, 1, 0.123349
87.925, 1, 0.123237
87.95, 1, 0.123133
87.975, 1, 0.123133
88, 1, 0.123133
88.025, 1, 0.123133
88.05, 1, 0.123133
88.075, 1, 0.123133
88.1, 1, 0.123036
88.125, 1, 0.123036
88.15, 1, 0.122941
88.175, 1, 0.122941
88.2, 1, 0.122941
88.225, 1, 0.122849
88.25, 1, 0.122849
88.275, 1, 0.122849
88.3, 1, 0.122759
88.325, 1, 0.122672
88.35, 1, 0.122672
88.375, 1, 0.122672
88.4, 1, 0.122572
88.425, 1, 0.122572
88.45, 1, 0.122572
88.475, 1, 0.122572
88.5, 1, 0.122572
88.525, 1, 0.122481
88.55, 1, 0.122481
88.575, 1, 0.122394
88.6, 1, 0.122257
88.625, 1, 0.122257
88.65, 1, 0.122257
88.675, 1, 0.122001
88.7, 1, 0.122001
88.725, 1, 0.122001
88.75, 1, 0.122001
88.775, 1, 0.122001
88.8, 1, 0.121802
88.825, 1, 0.121802
88.85, 1, 0.121598
88.875, 1, 0.121598
88.9, 1, 0.121366
88.925, 1, 0.12111
88.95, 1, 0.120831
88.975, 1, 0.120546
89, 1, 0.120546
89.025, 1, 0.120546
89.05, 1, 0.120283
89.075, 1, 0.120283
89.1, 1, 0.120028
89.125, 1, 0.119783
89.15, 1, 0.119783
89.175, 1, 0.119546
89.2, 1, 0.119546
89.225, 1, 0.119317
89.25, 1, 0.119317
89.275, 1, 0.119097
89.3, 1, 0.118885
89.325, 1, 0.118683
89.35, 1, 0.118683
89.375, 1, 0.118489
89.4, 1, 0.118489
89.425, 1, 0.118489
89.45, 1, 0.118489
89.475, 1, 0.118489
89.5, 1, 0.118489
89.525, 1, 0.118489
89.55, 1, 0.118303
89.575, 1, 0.11812
89.6, 1, 0.11812
89.625, 1, 0.11793
89.65, 1, 0.11793
89.675, 1, 0.117722
89.7, 1, 0.117722
89.725, 1, 0.117722
89.75, 1, 0.117543
89.775, 1, 0.117543
89.8, 1, 0.117543
89.825, 1, 0.117543
89.85, 1, 0.11738
89.875, 1, 0.11738
89.9, 1, 0.117201
89.925, 1, 0.117201
89.95, 1, 0.116918
89.975, 1, 0.116608
