20, 0.0128563, 0.381706
20.025, 0.0296671, 0.400369
20.05, 0.0454111, 0.468887
20.075, 0.0804696, 0.606689
20.1, 0.111258, 0.642738
20.125, 0.126147, 0.780796
20.15, 0.142454, 0.828861
20.175, 0.18083, 0.977529
20.2, 0.229707, 1.03186
20.225, 0.324657, 1.15419
20.25, 0.430635, 1.20175
20.275, 0.554338, 1.34939
20.3, 0.691595, 1.38212
20.325, 0.904003, 1.51059
20.35, 1.13966, 1.54395
20.375, 1.41973, 1.63561
20.4, 1.71095, 1.67485
20.425, 1.99588, 1.78121
20.45, 2.2735, 1.81432
20.475, 2.56339, 1.90495
20.5, 2.85186, 1.941
20.525, 3.14839, 2.03227
20.55, 3.44014, 2.0687
20.575, 3.78108, 2.16406
20.6, 4.12879, 2.18643
20.625, 4.51083, 2.25086
20.65, 4.88999, 2.27106
20.675, 5.26622, 2.32654
20.7, 5.61054, 2.34942
20.725, 5.92055, 2.41193
20.75, 6.20398, 2.4274
20.775, 6.45784, 2.4977
20.8, 6.70416, 2.51752
20.825, 7.00981, 2.58859
20.85, 7.33212, 2.60099
20.875, 7.6803, 2.65775
20.9, 8.0267, 2.6644
20.925, 8.40114, 2.70032
20.95, 8.76037, 2.71515
20.975, 9.09357, 2.74058
21, 9.40308, 2.74698
21.025, 9.69006, 2.79964
21.05, 9.96601, 2.81166
21.075, 10.2499, 2.83978
21.1, 10.532, 2.85231
21.125, 10.8315, 2.88094
21.15, 11.137, 2.88555
21.175, 11.4617, 2.89769
21.2, 11.7843, 2.90459
21.225, 12.0703, 2.92645
21.25, 12.3377, 2.92747
21.275, 12.5925, 2.93131
21.3, 12.8333, 2.93335
21.325, 13.0586, 2.96787
21.35, 13.2781, 2.97119
21.375, 13.5179, 2.97337
21.4, 13.7533, 2.97452
21.425, 13.9798, 2.9804
21.45, 14.1967, 2.9827
21.475, 14.4139, 2.98986
21.5, 14.6254, 2.99612
21.525, 14.8281, 3.01031
21.55, 15.0228, 3.01044
21.575, 15.2114, 3.01057
21.6, 15.3885, 3.01057
21.625, 15.5405, 3.01057
21.65, 15.6796, 3.01057
21.675, 15.8092, 3.01057
21.7, 15.9313, 3.01057
21.725, 16.08, 3.01069
21.75, 16.2362, 3.01057
21.775, 16.4074, 3.01057
21.8, 16.5795, 3.01057
21.825, 16.7479, 3.01044
21.85, 16.8973, 3.01044
21.875, 16.9797, 3.01031
21.9, 17.0353, 3.01031
21.925, 17.0658, 3.01031
21.95, 17.0868, 3.01031
21.975, 17.1403, 3.01018
22, 17.2088, 3.01018
22.025, 17.3144, 3.00993
22.05, 17.4295, 3.00865
22.075, 17.5526, 2.99983
22.1, 17.6743, 2.99113
22.125, 17.7296, 2.97145
22.15, 17.7553, 2.96467
22.175, 17.7749, 2.94473
22.2, 17.7824, 2.94358
22.225, 17.7855, 2.92351
22.25, 17.7955, 2.91725
22.275, 17.8265, 2.91277
22.3, 17.8649, 2.90613
22.325, 17.9062, 2.88644
22.35, 17.9491, 2.88146
22.375, 17.9873, 2.85845
22.4, 18.0247, 2.85244
22.425, 18.0442, 2.81831
22.45, 18.0516, 2.81639
22.475, 18.054, 2.79517
22.5, 18.0519, 2.79133
22.525, 18.0155, 2.77714
22.55, 17.9805, 2.7682
22.575, 17.9482, 2.75298
22.6, 17.9158, 2.74992
22.625, 17.8918, 2.74301
22.65, 17.869, 2.74058
22.675, 17.8415, 2.73112
22.7, 17.8136, 2.72691
22.725, 17.7816, 2.71489
22.75, 17.7475, 2.71093
22.775, 17.695, 2.70224
22.8, 17.6368, 2.69981
22.825, 17.5919, 2.69584
22.85, 17.5447, 2.69444
22.875, 17.5199, 2.69341
22.9, 17.5083, 2.69201
22.925, 17.517, 2.68153
22.95, 17.5368, 2.67846
22.975, 17.5622, 2.64599
23, 17.5688, 2.64139
23.025, 17.502, 2.61889
23.05, 17.4144, 2.61761
23.075, 17.299, 2.60521
23.1, 17.1729, 2.60508
23.125, 17.0754, 2.60521
23.15, 16.9999, 2.60521
23.175, 16.9683, 2.6047
23.2, 16.954, 2.60457
23.225, 16.9511, 2.60099
23.25, 16.9508, 2.59358
23.275, 16.9077, 2.58437
23.3, 16.8472, 2.58016
23.325, 16.7684, 2.57722
23.35, 16.6863, 2.57312
23.375, 16.6031, 2.57095
23.4, 16.5306, 2.57057
23.425, 16.4694, 2.57044
23.45, 16.4106, 2.57031
23.475, 16.3632, 2.56942
23.5, 16.3215, 2.56929
23.525, 16.2911, 2.5675
23.55, 16.2659, 2.56367
23.575, 16.2521, 2.54845
23.6, 16.2397, 2.54206
23.625, 16.2032, 2.53171
23.65, 16.1591, 2.53056
23.675, 16.1163, 2.52596
23.7, 16.0759, 2.52532
23.725, 16.0332, 2.52493
23.75, 15.9914, 2.52493
23.775, 15.9541, 2.52455
23.8, 15.9196, 2.52314
23.825, 15.8892, 2.52289
23.85, 15.8624, 2.52263
23.875, 15.8407, 2.52263
23.9, 15.8171, 2.52263
23.925, 15.7765, 2.52123
23.95, 15.7315, 2.52084
23.975, 15.6852, 2.52046
24, 15.6405, 2.52046
24.025, 15.6259, 2.52033
24.05, 15.6267, 2.52033
24.075, 15.6562, 2.52007
24.1, 15.6944, 2.51777
24.125, 15.7357, 2.50908
24.15, 15.7716, 2.50576
24.175, 15.7241, 2.49553
24.2, 15.6387, 2.4954
24.225, 15.5206, 2.4954
24.25, 15.3995, 2.4954
24.275, 15.314, 2.49643
24.3, 15.2501, 2.49681
24.325, 15.2384, 2.49719
24.35, 15.2446, 2.49707
24.375, 15.2655, 2.49745
24.4, 15.2908, 2.49758
24.425, 15.2924, 2.49758
24.45, 15.285, 2.49758
24.475, 15.2679, 2.49758
24.5, 15.2474, 2.49758
24.525, 15.2201, 2.49758
24.55, 15.1911, 2.49758
24.575, 15.1625, 2.49758
24.6, 15.1355, 2.49758
24.625, 15.1098, 2.4977
24.65, 15.0854, 2.4977
24.675, 15.0604, 2.49834
24.7, 15.0364, 2.49847
24.725, 15.0151, 2.50435
24.75, 14.9957, 2.50473
24.775, 14.9822, 2.50921
24.8, 14.9719, 2.50985
24.825, 14.9696, 2.5124
24.85, 14.9725, 2.51419
24.875, 14.9825, 2.51509
24.9, 14.993, 2.51522
24.925, 15.0089, 2.51509
24.95, 15.0278, 2.51509
24.975, 15.052, 2.51509
25, 15.0768, 2.51509
25.025, 15.1029, 2.51509
25.05, 15.1231, 2.51496
25.075, 15.113, 2.51496
25.1, 15.0924, 2.51496
25.125, 15.0642, 2.51496
25.15, 15.0348, 2.51496
25.175, 15.0291, 2.51509
25.2, 15.0355, 2.51509
25.225, 15.0662, 2.51509
25.25, 15.1041, 2.51509
25.275, 15.1449, 2.51509
25.3, 15.1851, 2.51509
25.325, 15.1617, 2.51483
25.35, 15.1148, 2.51496
25.375, 15.0478, 2.51496
25.4, 14.976, 2.51496
25.425, 14.9192, 2.51509
25.45, 14.8749, 2.51509
25.475, 14.8674, 2.51535
25.5, 14.8735, 2.5156
25.525, 14.893, 2.51726
25.55, 14.9154, 2.51816
25.575, 14.9259, 2.51841
25.6, 14.9306, 2.51841
25.625, 14.9297, 2.51841
25.65, 14.9273, 2.51841
25.675, 14.9257, 2.51841
25.7, 14.9256, 2.51841
25.725, 14.9306, 2.51841
25.75, 14.9369, 2.51841
25.775, 14.9455, 2.51841
25.8, 14.9548, 2.51841
25.825, 14.9668, 2.51841
25.85, 14.9792, 2.51841
25.875, 14.9905, 2.51829
25.9, 15.0012, 2.51841
25.925, 15.0118, 2.51829
25.95, 15.0219, 2.51829
25.975, 15.0298, 2.51829
26, 15.037, 2.51829
26.025, 15.0436, 2.51829
26.05, 15.0494, 2.51829
26.075, 15.0529, 2.51816
26.1, 15.055, 2.51816
26.125, 15.0549, 2.51816
26.15, 15.0538, 2.51803
26.175, 15.0537, 2.5179
26.2, 15.0536, 2.51777
26.225, 15.0421, 2.51752
26.25, 15.0266, 2.51752
26.275, 15.0098, 2.51752
26.3, 14.9932, 2.51752
26.325, 15.0028, 2.51765
26.35, 15.0254, 2.51752
26.375, 15.0779, 2.51752
26.4, 15.139, 2.51688
26.425, 15.2053, 2.50589
26.45, 15.2749, 2.49783
26.475, 15.2697, 2.47623
26.5, 15.238, 2.47469
26.525, 15.1709, 2.47035
26.55, 15.0967, 2.46958
26.575, 15.0263, 2.46971
26.6, 14.9702, 2.46984
26.625, 14.9579, 2.47022
26.65, 14.96, 2.47022
26.675, 14.9767, 2.47048
26.7, 14.9977, 2.47048
26.725, 14.9877, 2.47035
26.75, 14.9654, 2.47035
26.775, 14.9278, 2.47035
26.8, 14.8862, 2.47035
26.825, 14.8441, 2.47048
26.85, 14.8053, 2.4706
26.875, 14.7781, 2.47086
26.9, 14.7557, 2.47099
26.925, 14.7381, 2.47099
26.95, 14.7229, 2.47099
26.975, 14.7105, 2.47124
27, 14.6989, 2.47124
27.025, 14.6874, 2.47175
27.05, 14.6766, 2.47214
27.075, 14.6666, 2.47393
27.1, 14.6588, 2.47482
27.125, 14.6531, 2.47904
27.15, 14.6492, 2.48109
27.175, 14.6491, 2.48633
27.2, 14.6476, 2.48812
27.225, 14.6544, 2.49489
27.25, 14.6647, 2.49566
27.275, 14.6788, 2.49885
27.3, 14.6953, 2.50001
27.325, 14.7157, 2.50295
27.35, 14.7356, 2.50307
27.375, 14.7393, 2.5032
27.4, 14.7364, 2.50333
27.425, 14.7273, 2.50435
27.45, 14.716, 2.50691
27.475, 14.7134, 2.50946
27.5, 14.7207, 2.50959
27.525, 14.7538, 2.50985
27.55, 14.7953, 2.50985
27.575, 14.8473, 2.51023
27.6, 14.9002, 2.51023
27.625, 14.9101, 2.51023
27.65, 14.9014, 2.51023
27.675, 14.8655, 2.51036
27.7, 14.8213, 2.51049
27.725, 14.7843, 2.51304
27.75, 14.7601, 2.51752
27.775, 14.8022, 2.51944
27.8, 14.8593, 2.51982
27.825, 14.9275, 2.5202
27.85, 14.9996, 2.5202
27.875, 15.0314, 2.52007
27.9, 15.0453, 2.52007
27.925, 15.0312, 2.52007
27.95, 15.007, 2.52007
27.975, 14.9748, 2.52007
28, 14.9414, 2.52007
28.025, 14.9221, 2.5202
28.05, 14.909, 2.5202
28.075, 14.9016, 2.5202
28.1, 14.8965, 2.5202
28.125, 14.8947, 2.5202
28.15, 14.894, 2.5202
28.175, 14.8926, 2.5202
28.2, 14.8907, 2.52007
28.225, 14.8898, 2.5202
28.25, 14.8897, 2.5202
28.275, 14.8963, 2.5202
28.3, 14.9055, 2.52007
28.325, 14.9182, 2.52007
28.35, 14.9314, 2.52007
28.375, 14.9459, 2.52007
28.4, 14.9602, 2.52007
28.425, 14.975, 2.52007
28.45, 14.9901, 2.52007
28.475, 15.0051, 2.51995
28.5, 15.0195, 2.51995
28.525, 15.0298, 2.51995
28.55, 15.0379, 2.51995
28.575, 15.0435, 2.51995
28.6, 15.0482, 2.51995
28.625, 15.0523, 2.51995
28.65, 15.0594, 2.51995
28.675, 15.0819, 2.51969
28.7, 15.1089, 2.51969
28.725, 15.1403, 2.51956
28.75, 15.1724, 2.51956
28.775, 15.1806, 2.51816
28.8, 15.177, 2.51803
28.825, 15.1521, 2.51611
28.85, 15.1202, 2.51598
28.875, 15.0825, 2.51419
28.9, 15.0444, 2.51368
28.925, 15.054, 2.51343
28.95, 15.0815, 2.5133
28.975, 15.1256, 2.511
29, 15.1757, 2.50895
29.025, 15.2139, 2.49067
29.05, 15.2355, 2.48773
29.075, 15.195, 2.47546
29.1, 15.1348, 2.47482
29.125, 15.0644, 2.47482
29.15, 14.9934, 2.47495
29.175, 14.9528, 2.47508
29.2, 14.9273, 2.47508
29.225, 14.9196, 2.47533
29.25, 14.9179, 2.47533
29.275, 14.9191, 2.47533
29.3, 14.9178, 2.47533
29.325, 14.8982, 2.47533
29.35, 14.8732, 2.47521
29.375, 14.8432, 2.47533
29.4, 14.8125, 2.47533
29.425, 14.7915, 2.47546
29.45, 14.7755, 2.47559
29.475, 14.7705, 2.47585
29.5, 14.7694, 2.47597
29.525, 14.7717, 2.47648
29.55, 14.774, 2.47674
29.575, 14.7717, 2.4793
29.6, 14.7682, 2.47942
29.625, 14.7656, 2.48224
29.65, 14.7648, 2.48288
29.675, 14.7675, 2.48773
29.7, 14.7711, 2.48799
29.725, 14.773, 2.48824
29.75, 14.778, 2.48824
29.775, 14.7817, 2.48824
29.8, 14.7846, 2.48837
29.825, 14.8078, 2.48837
29.85, 14.8374, 2.48837
29.875, 14.8714, 2.4885
29.9, 14.9058, 2.48863
29.925, 14.9181, 2.4885
29.95, 14.9176, 2.48863
29.975, 14.8884, 2.48863
30, 14.8501, 2.48876
30, 14.8042, 2.49553
30.025, 14.7573, 2.50243
30.05, 14.7438, 2.55242
30.075, 14.7463, 2.56699
30.1, 14.7967, 2.61557
30.125, 14.8564, 2.62541
30.15, 14.9291, 2.65507
30.175, 14.988, 2.66721
30.2, 14.9852, 2.70888
30.225, 14.9726, 2.73189
30.25, 14.9552, 2.77727
30.275, 14.9219, 2.7967
30.3, 14.9526, 2.85845
30.325, 15.0092, 2.87596
30.35, 15.1155, 2.9138
30.375, 15.2307, 2.92696
30.4, 15.3589, 2.96557
30.425, 15.4865, 2.97081
30.45, 15.6087, 2.99139
30.475, 15.7188, 3.00417
30.5, 15.8451, 3.01939
30.525, 15.9636, 3.02348
30.55, 16.0721, 3.06016
30.575, 16.176, 3.07052
30.6, 16.313, 3.08164
30.625, 16.4558, 3.08573
30.65, 16.5677, 3.11564
30.675, 16.6784, 3.11999
30.7, 16.7962, 3.1545
30.725, 16.9198, 3.15693
30.75, 17.0216, 3.1894
30.775, 17.1152, 3.19822
30.8, 17.2308, 3.22468
30.825, 17.3449, 3.23286
30.85, 17.4608, 3.25204
30.875, 17.5732, 3.25587
30.9, 17.7048, 3.25779
30.925, 17.832, 3.25818
30.95, 17.9601, 3.284
30.975, 18.0812, 3.28796
31, 18.2262, 3.30023
31.025, 18.3804, 3.30036
31.05, 18.5265, 3.30074
31.075, 18.6592, 3.30087
31.1, 18.7521, 3.30125
31.125, 18.8278, 3.30138
31.15, 18.8907, 3.30241
31.175, 18.9473, 3.30816
31.2, 19.0327, 3.34983
31.225, 19.1456, 3.35673
31.25, 19.3172, 3.36082
31.275, 19.5037, 3.36095
31.3, 19.6803, 3.36082
31.325, 19.8362, 3.36082
31.35, 19.9051, 3.3607
31.375, 19.941, 3.3607
31.4, 19.9516, 3.36082
31.425, 19.953, 3.36082
31.45, 20.0016, 3.36095
31.475, 20.0726, 3.36095
31.5, 20.1921, 3.36095
31.525, 20.325, 3.36095
31.55, 20.4683, 3.36095
31.575, 20.6106, 3.36082
31.6, 20.6815, 3.36057
31.625, 20.7241, 3.36057
31.65, 20.7439, 3.36031
31.675, 20.7553, 3.36018
31.7, 20.7764, 3.36018
31.725, 20.8037, 3.36018
31.75, 20.8532, 3.36006
31.775, 20.9092, 3.35967
31.8, 20.9687, 3.35226
31.825, 21.0277, 3.35098
31.85, 21.0732, 3.34216
31.875, 21.116, 3.33539
31.9, 21.1323, 3.31596
31.925, 21.1472, 3.31186
31.95, 21.1463, 3.29589
31.975, 21.14, 3.2932
32, 21.125, 3.28809
32.025, 21.1073, 3.28387
32.05, 21.0812, 3.27582
32.075, 21.0592, 3.27518
32.1, 21.0527, 3.26661
32.125, 21.0539, 3.26482
32.15, 21.0606, 3.26112
32.175, 21.0721, 3.25996
32.2, 21.0805, 3.25498
32.225, 21.0825, 3.25293
32.25, 21.0752, 3.2399
32.275, 21.0561, 3.23568
32.3, 21.026, 3.23261
32.325, 20.9993, 3.23235
32.35, 21.0063, 3.22929
32.375, 21.0267, 3.22813
32.4, 21.0727, 3.21906
32.425, 21.1255, 3.21586
32.45, 21.1877, 3.19068
32.475, 21.2423, 3.18416
32.5, 21.2257, 3.15872
32.525, 21.1751, 3.15668
32.55, 21.0804, 3.15578
32.575, 20.9784, 3.15553
32.6, 20.8988, 3.15565
32.625, 20.8374, 3.15565
32.65, 20.8345, 3.15591
32.675, 20.8507, 3.15591
32.7, 20.8774, 3.15591
32.725, 20.9071, 3.15565
32.75, 20.8764, 3.15399
32.775, 20.8226, 3.15259
32.8, 20.7478, 3.14556
32.825, 20.6694, 3.14492
32.85, 20.5951, 3.14428
32.875, 20.5287, 3.14428
32.9, 20.4991, 3.14466
32.925, 20.4827, 3.14466
32.95, 20.4789, 3.1444
32.975, 20.4789, 3.1444
33, 20.4779, 3.14389
33.025, 20.4761, 3.14364
33.05, 20.4718, 3.14031
33.075, 20.4679, 3.13737
33.1, 20.4576, 3.12715
33.125, 20.4412, 3.12651
33.15, 20.431, 3.12203
33.175, 20.4251, 3.12165
33.2, 20.4156, 3.12114
33.225, 20.4047, 3.12037
33.25, 20.3825, 3.11769
33.275, 20.3575, 3.11692
33.3, 20.3337, 3.10337
33.325, 20.3111, 3.10158
33.35, 20.2752, 3.10133
33.375, 20.235, 3.10133
33.4, 20.1881, 3.10171
33.425, 20.1398, 3.10171
33.45, 20.0968, 3.10196
33.475, 20.0573, 3.10196
33.5, 20.0357, 3.10209
33.525, 20.0251, 3.10222
33.55, 20.0415, 3.10222
33.575, 20.0668, 3.10222
33.6, 20.0998, 3.10235
33.625, 20.1339, 3.10235
33.65, 20.1279, 3.10222
33.675, 20.1058, 3.10222
33.7, 20.063, 3.10235
33.725, 20.0144, 3.10235
33.75, 19.9826, 3.10273
33.775, 19.9659, 3.10273
33.8, 19.997, 3.10299
33.825, 20.044, 3.10299
33.85, 20.1032, 3.10299
33.875, 20.164, 3.10299
33.9, 20.1583, 3.10286
33.925, 20.1251, 3.10286
33.95, 20.0519, 3.10286
33.975, 19.9664, 3.10299
34, 19.8713, 3.10427
34.025, 19.7836, 3.10542
34.05, 19.7403, 3.1081
34.075, 19.7159, 3.11066
34.1, 19.7129, 3.11475
34.125, 19.7199, 3.11513
34.15, 19.7277, 3.11756
34.175, 19.7373, 3.11999
34.2, 19.7542, 3.12855
34.225, 19.7743, 3.1297
34.25, 19.7982, 3.13085
34.275, 19.8229, 3.13098
34.3, 19.8382, 3.13162
34.325, 19.8504, 3.13162
34.35, 19.862, 3.13188
34.375, 19.8732, 3.13188
34.4, 19.8826, 3.13188
34.425, 19.8905, 3.13201
34.45, 19.8997, 3.13201
34.475, 19.9093, 3.13201
34.5, 19.9186, 3.13213
34.525, 19.9275, 3.13213
34.55, 19.9168, 3.13226
34.575, 19.8985, 3.13239
34.6, 19.871, 3.13239
34.625, 19.8413, 3.13239
34.65, 19.8233, 3.13277
34.675, 19.8157, 3.13277
34.7, 19.8425, 3.13955
34.725, 19.8803, 3.14287
34.75, 19.9308, 3.143
34.775, 19.9853, 3.143
34.8, 20.0006, 3.143
34.825, 19.9957, 3.143
34.85, 19.9643, 3.143
34.875, 19.9269, 3.143
34.9, 19.8841, 3.14313
34.925, 19.852, 3.14313
34.95, 19.8784, 3.14325
34.975, 19.9242, 3.14325
35, 19.9857, 3.14325
35.025, 20.0513, 3.14325
35.05, 20.0723, 3.14313
35.075, 20.0701, 3.14313
35.1, 20.0215, 3.143
35.125, 19.9576, 3.14313
35.15, 19.8844, 3.14313
35.175, 19.8103, 3.14313
35.2, 19.7873, 3.14325
35.225, 19.7848, 3.14325
35.25, 19.8027, 3.14325
35.275, 19.8271, 3.14325
35.3, 19.8528, 3.14325
35.325, 19.8773, 3.14325
35.35, 19.8959, 3.14325
35.375, 19.9122, 3.14325
35.4, 19.9255, 3.14325
35.425, 19.9371, 3.14325
35.45, 19.9483, 3.14338
35.475, 19.9595, 3.14325
35.5, 19.9703, 3.14325
35.525, 19.9805, 3.14325
35.55, 19.9873, 3.14325
35.575, 19.9917, 3.14325
35.6, 19.9904, 3.14325
35.625, 19.9874, 3.14325
35.65, 19.9839, 3.14325
35.675, 19.9803, 3.14325
35.7, 19.9732, 3.14325
35.725, 19.9648, 3.14338
35.75, 19.9572, 3.14338
35.775, 19.9504, 3.14338
35.8, 19.9506, 3.14364
35.825, 19.9582, 3.14377
35.85, 19.9939, 3.14415
35.875, 20.0384, 3.14415
35.9, 20.0895, 3.14428
35.925, 20.1411, 3.14428
35.95, 20.1481, 3.14415
35.975, 20.1346, 3.14415
36, 20.0889, 3.14428
36.025, 20.0331, 3.14428
36.05, 19.9708, 3.14428
36.075, 19.9089, 3.14428
36.1, 19.9234, 3.14466
36.125, 19.966, 3.14466
36.15, 20.0287, 3.14479
36.175, 20.0962, 3.14466
36.2, 20.1321, 3.14466
36.225, 20.1459, 3.14466
36.25, 20.0966, 3.14466
36.275, 20.0275, 3.14466
36.3, 19.9454, 3.14466
36.325, 19.8614, 3.14479
36.35, 19.8244, 3.14556
36.375, 19.8076, 3.14683
36.4, 19.8199, 3.14786
36.425, 19.8411, 3.14798
36.45, 19.8648, 3.14837
36.475, 19.8874, 3.14837
36.5, 19.8986, 3.14837
36.525, 19.9045, 3.14837
36.55, 19.9078, 3.14837
36.575, 19.9104, 3.14837
36.6, 19.9124, 3.1485
36.625, 19.9146, 3.1485
36.65, 19.919, 3.1485
36.675, 19.9243, 3.1485
36.7, 19.9317, 3.14862
36.725, 19.9412, 3.14862
36.75, 19.9594, 3.1485
36.775, 19.9798, 3.14862
36.8, 20.0026, 3.14862
36.825, 20.0258, 3.14862
36.85, 20.0439, 3.14862
36.875, 20.0579, 3.14862
36.9, 20.0612, 3.14862
36.925, 20.0608, 3.14862
36.95, 20.0577, 3.14862
36.975, 20.0535, 3.14862
37, 20.0722, 3.1485
37.025, 20.0997, 3.1485
37.05, 20.1364, 3.1485
37.075, 20.1746, 3.1485
37.1, 20.1923, 3.1485
37.125, 20.1966, 3.1485
37.15, 20.1683, 3.14837
37.175, 20.1294, 3.14837
37.2, 20.0835, 3.14837
37.225, 20.0366, 3.14837
37.25, 20.0407, 3.14837
37.275, 20.0655, 3.14837
37.3, 20.1167, 3.14837
37.325, 20.1754, 3.14824
37.35, 20.2181, 3.14798
37.375, 20.2443, 3.14786
37.4, 20.2128, 3.14683
37.425, 20.1613, 3.14671
37.45, 20.0949, 3.14594
37.475, 20.0249, 3.14594
37.5, 19.9912, 3.14568
37.525, 19.9746, 3.14568
37.55, 19.9812, 3.14568
37.575, 19.9958, 3.14568
37.6, 20.0178, 3.14338
37.625, 20.0377, 3.14185
37.65, 20.034, 3.1407
37.675, 20.0262, 3.1407
37.7, 20.0148, 3.1398
37.725, 20.0009, 3.13891
37.75, 19.9897, 3.1384
37.775, 19.98, 3.13814
37.8, 19.9766, 3.13789
37.825, 19.9753, 3.13789
37.85, 19.9763, 3.13789
37.875, 19.9783, 3.13801
37.9, 19.9814, 3.13763
37.925, 19.9851, 3.13776
37.95, 19.9903, 3.13776
37.975, 19.9956, 3.13776
38, 19.9985, 3.13776
38.025, 19.9991, 3.13776
38.05, 19.9925, 3.13776
38.075, 19.9837, 3.13776
38.1, 19.9741, 3.13776
38.125, 19.965, 3.13776
38.15, 19.969, 3.13776
38.175, 19.9783, 3.13776
38.2, 19.9928, 3.13763
38.225, 20.0086, 3.13763
38.25, 20.0216, 3.13303
38.275, 20.0296, 3.13252
38.3, 20.0095, 3.12638
38.325, 19.9795, 3.12549
38.35, 19.9396, 3.11884
38.375, 19.8912, 3.11846
38.4, 19.8943, 3.11871
38.425, 19.9251, 3.11858
38.45, 19.9962, 3.11743
38.475, 20.0797, 3.11475
38.5, 20.1697, 3.09532
38.525, 20.249, 3.0856
38.55, 20.225, 3.06413
38.575, 20.1636, 3.06195
38.6, 20.0625, 3.06131
38.625, 19.9484, 3.06131
38.65, 19.8625, 3.0617
38.675, 19.7939, 3.0617
38.7, 19.7641, 3.06183
38.725, 19.7497, 3.06183
38.75, 19.7481, 3.06183
38.775, 19.7509, 3.06183
38.8, 19.7321, 3.06183
38.825, 19.7056, 3.06183
38.85, 19.6686, 3.06195
38.875, 19.6293, 3.06195
38.9, 19.5987, 3.06259
38.925, 19.5749, 3.06259
38.95, 19.5705, 3.06285
38.975, 19.573, 3.06285
39, 19.5813, 3.06298
39.025, 19.591, 3.06298
39.05, 19.5976, 3.06323
39.075, 19.6031, 3.06323
39.1, 19.6065, 3.06349
39.125, 19.6095, 3.06374
39.15, 19.6113, 3.06374
39.175, 19.6124, 3.06374
39.2, 19.6132, 3.064
39.225, 19.614, 3.064
39.25, 19.6156, 3.064
39.275, 19.6176, 3.064
39.3, 19.6171, 3.064
39.325, 19.615, 3.064
39.35, 19.6081, 3.06413
39.375, 19.5999, 3.06413
39.4, 19.5913, 3.06425
39.425, 19.5834, 3.06425
39.45, 19.5718, 3.06451
39.475, 19.5592, 3.06477
39.5, 19.5441, 3.06681
39.525, 19.5284, 3.06732
39.55, 19.5247, 3.06911
39.575, 19.5283, 3.06975
39.6, 19.5427, 3.07218
39.625, 19.5611, 3.07244
39.65, 19.5861, 3.07295
39.675, 19.6114, 3.07333
39.7, 19.5823, 3.07346
39.725, 19.5329, 3.07346
39.75, 19.4636, 3.07371
39.775, 19.3896, 3.07576
39.8, 19.3299, 3.09417
39.825, 19.2962, 3.1026
39.85, 19.3183, 3.11884
39.875, 19.3509, 3.11961
39.9, 19.3983, 3.12063
39.925, 19.4564, 3.12076
39.95, 19.4605, 3.12114
39.975, 19.441, 3.12127
40, 19.3977, 3.12472
40, 19.3472, 3.12766
40.025, 19.2526, 3.20346
40.05, 19.1752, 3.21995
40.075, 19.1502, 3.26866
40.1, 19.1986, 3.3212
40.125, 19.2721, 3.33104
40.15, 19.3766, 3.37463
40.175, 19.4682, 3.38435
40.2, 19.5415, 3.43727
40.225, 19.6091, 3.45031
40.25, 19.6827, 3.47945
40.275, 19.7521, 3.49377
40.3, 19.818, 3.54759
40.325, 19.8931, 3.56689
40.35, 19.9976, 3.61176
40.375, 20.1186, 3.62211
40.4, 20.2156, 3.66673
40.425, 20.3095, 3.67631
40.45, 20.4483, 3.70367
40.475, 20.584, 3.71479
40.5, 20.7352, 3.73524
40.525, 20.8942, 3.73908
40.55, 21.0219, 3.78727
40.575, 21.1501, 3.80082
40.6, 21.2941, 3.81309
40.625, 21.4387, 3.81399
40.65, 21.5694, 3.82984
40.675, 21.691, 3.83035
40.7, 21.8503, 3.83061
40.725, 22.0245, 3.83073
40.75, 22.2096, 3.83073
40.775, 22.3921, 3.83073
40.8, 22.5522, 3.83086
40.825, 22.6892, 3.83086
40.85, 22.7646, 3.83086
40.875, 22.8166, 3.83086
40.9, 22.85, 3.83099
40.925, 22.8761, 3.83099
40.95, 22.9642, 3.83124
40.975, 23.0773, 3.83124
41, 23.2317, 3.83137
41.025, 23.3957, 3.83137
41.05, 23.5664, 3.83137
41.075, 23.7165, 3.83124
41.1, 23.7696, 3.83124
41.125, 23.7867, 3.83137
41.15, 23.7745, 3.8315
41.175, 23.7525, 3.8315
41.2, 23.7698, 3.8315
41.225, 23.8072, 3.8315
41.25, 23.8898, 3.83163
41.275, 23.9863, 3.8315
41.3, 24.0964, 3.8315
41.325, 24.2075, 3.83163
41.35, 24.297, 3.83163
41.375, 24.3755, 3.83163
41.4, 24.4429, 3.83163
41.425, 24.5039, 3.83163
41.45, 24.5614, 3.83163
41.475, 24.6163, 3.83176
41.5, 24.6713, 3.83176
41.525, 24.7244, 3.83176
41.55, 24.7764, 3.83176
41.575, 24.8263, 3.83176
41.6, 24.8617, 3.83176
41.625, 24.8906, 3.83176
41.65, 24.9131, 3.83188
41.675, 24.9322, 3.83176
41.7, 24.9494, 3.83188
41.725, 24.9655, 3.83188
41.75, 24.9823, 3.83188
41.775, 24.9992, 3.83201
41.8, 25.0179, 3.83201
41.825, 25.0369, 3.83201
41.85, 25.0801, 3.83201
41.875, 25.1319, 3.83201
41.9, 25.1967, 3.83201
41.925, 25.2636, 3.83201
41.95, 25.3313, 3.83201
41.975, 25.3975, 3.83201
42, 25.3952, 3.83201
42.025, 25.3678, 3.83201
42.05, 25.3211, 3.83201
42.075, 25.2693, 3.83201
42.1, 25.2647, 3.83201
42.125, 25.2844, 3.83214
42.15, 25.3539, 3.83201
42.175, 25.4386, 3.83201
42.2, 25.5344, 3.83201
42.225, 25.6307, 3.83201
42.25, 25.622, 3.83201
42.275, 25.5744, 3.83201
42.3, 25.4916, 3.83201
42.325, 25.3991, 3.83201
42.35, 25.3335, 3.83201
42.375, 25.2886, 3.83201
42.4, 25.3039, 3.83214
42.425, 25.3401, 3.83214
42.45, 25.3951, 3.83214
42.475, 25.4546, 3.83214
42.5, 25.4733, 3.83201
42.525, 25.4752, 3.83201
42.55, 25.4564, 3.83214
42.575, 25.4311, 3.83214
42.6, 25.4045, 3.83214
42.625, 25.3821, 3.83214
42.65, 25.3833, 3.83214
42.675, 25.3929, 3.83214
42.7, 25.4113, 3.83227
42.725, 25.4325, 3.83227
42.75, 25.4418, 3.83227
42.775, 25.4452, 3.83227
42.8, 25.4398, 3.83227
42.825, 25.4317, 3.83227
42.85, 25.4223, 3.83227
42.875, 25.4129, 3.83227
42.9, 25.4121, 3.83227
42.925, 25.4147, 3.83227
42.95, 25.4225, 3.83227
42.975, 25.4324, 3.83227
43, 25.4494, 3.83227
43.025, 25.4691, 3.83227
43.05, 25.4929, 3.8324
43.075, 25.5171, 3.8324
43.1, 25.5424, 3.83227
43.125, 25.5675, 3.83227
43.15, 25.5611, 3.8324
43.175, 25.5431, 3.8324
43.2, 25.5151, 3.8324
43.225, 25.4844, 3.8324
43.25, 25.4732, 3.8324
43.275, 25.4782, 3.8324
43.3, 25.5423, 3.8324
43.325, 25.6247, 3.83227
43.35, 25.7175, 3.83227
43.375, 25.8107, 3.83227
43.4, 25.8138, 3.83214
43.425, 25.7799, 3.83227
43.45, 25.7022, 3.83214
43.475, 25.6114, 3.83227
43.5, 25.513, 3.83227
43.525, 25.4298, 3.83227
43.55, 25.4308, 3.83227
43.575, 25.4614, 3.83227
43.6, 25.5156, 3.83227
43.625, 25.5759, 3.83227
43.65, 25.6006, 3.83227
43.675, 25.6081, 3.83227
43.7, 25.5856, 3.83227
43.725, 25.5537, 3.83227
43.75, 25.515, 3.83227
43.775, 25.4754, 3.83227
43.8, 25.4615, 3.83227
43.825, 25.4579, 3.83227
43.85, 25.4631, 3.83227
43.875, 25.4719, 3.83227
43.9, 25.4795, 3.8324
43.925, 25.4845, 3.8324
43.95, 25.4798, 3.8324
43.975, 25.4725, 3.8324
44, 25.4634, 3.8324
44.025, 25.4536, 3.8324
44.05, 25.4504, 3.8324
44.075, 25.4497, 3.8324
44.1, 25.4533, 3.8324
44.125, 25.458, 3.8324
44.15, 25.4666, 3.8324
44.175, 25.4775, 3.8324
44.2, 25.4964, 3.8324
44.225, 25.5174, 3.8324
44.25, 25.5397, 3.83227
44.275, 25.5621, 3.8324
44.3, 25.5559, 3.83227
44.325, 25.538, 3.83227
44.35, 25.5061, 3.83227
44.375, 25.4705, 3.83227
44.4, 25.4352, 3.83227
44.425, 25.4141, 3.83227
44.45, 25.467, 3.83227
44.475, 25.5439, 3.83227
44.5, 25.6363, 3.83227
44.525, 25.7309, 3.83227
44.55, 25.7568, 3.83214
44.575, 25.7508, 3.83201
44.6, 25.6924, 3.83188
44.625, 25.6176, 3.83188
44.65, 25.5309, 3.83188
44.675, 25.4428, 3.83188
44.7, 25.4308, 3.83188
44.725, 25.4477, 3.83188
44.75, 25.4892, 3.83188
44.775, 25.5384, 3.83188
44.8, 25.5656, 3.83124
44.825, 25.579, 3.83099
44.85, 25.5593, 3.83086
44.875, 25.5287, 3.83086
44.9, 25.4905, 3.82997
44.925, 25.4511, 3.82984
44.95, 25.4396, 3.82984
44.975, 25.4398, 3.82958
45, 25.4547, 3.8269
45.025, 25.4746, 3.82473
45.05, 25.4917, 3.81296
45.075, 25.5017, 3.80645
45.1, 25.4988, 3.79647
45.125, 25.4929, 3.79596
45.15, 25.4807, 3.79469
45.175, 25.4659, 3.79417
45.2, 25.4548, 3.79379
45.225, 25.4453, 3.79341
45.25, 25.437, 3.77973
45.275, 25.4279, 3.77909
45.3, 25.4158, 3.77781
45.325, 25.4029, 3.77423
45.35, 25.3899, 3.76401
45.375, 25.3776, 3.76004
45.4, 25.3759, 3.74841
45.425, 25.3757, 3.74355
45.45, 25.3415, 3.7263
45.475, 25.2936, 3.7254
45.5, 25.243, 3.72527
45.525, 25.1914, 3.72527
45.55, 25.1331, 3.72527
45.575, 25.0771, 3.7254
45.6, 25.0907, 3.72553
45.625, 25.1293, 3.72527
45.65, 25.1905, 3.72463
45.675, 25.2571, 3.72425
45.7, 25.2846, 3.71543
45.725, 25.2902, 3.713
45.75, 25.2368, 3.7098
45.775, 25.1618, 3.7098
45.8, 25.0743, 3.70968
45.825, 24.9863, 3.7098
45.85, 24.965, 3.71006
45.875, 24.9708, 3.71006
45.9, 25.0045, 3.71006
45.925, 25.0471, 3.70993
45.95, 25.0875, 3.7098
45.975, 25.1164, 3.7098
46, 25.0877, 3.7098
46.025, 25.0397, 3.70968
46.05, 24.9756, 3.70968
46.075, 24.9079, 3.7098
46.1, 24.8707, 3.7098
46.125, 24.8476, 3.70993
46.15, 24.8455, 3.70993
46.175, 24.8507, 3.70993
46.2, 24.8623, 3.70993
46.225, 24.8713, 3.70993
46.25, 24.8587, 3.71019
46.275, 24.8391, 3.71019
46.3, 24.815, 3.71032
46.325, 24.79, 3.71044
46.35, 24.7735, 3.71057
46.375, 24.762, 3.71057
46.4, 24.7601, 3.71057
46.425, 24.7614, 3.71057
46.45, 24.7658, 3.71044
46.475, 24.7708, 3.71057
46.5, 24.7691, 3.71057
46.525, 24.7645, 3.71044
46.55, 24.7569, 3.71057
46.575, 24.7488, 3.71057
46.6, 24.7385, 3.71057
46.625, 24.7271, 3.7107
46.65, 24.7142, 3.7107
46.675, 24.7013, 3.7107
46.7, 24.6868, 3.71083
46.725, 24.6723, 3.71083
46.75, 24.6832, 3.71108
46.775, 24.7038, 3.71108
46.8, 24.7366, 3.71147
46.825, 24.7726, 3.71147
46.85, 24.7935, 3.71147
46.875, 24.8008, 3.71147
46.9, 24.7618, 3.71147
46.925, 24.708, 3.71147
46.95, 24.6449, 3.71159
46.975, 24.5812, 3.71159
47, 24.5695, 3.71466
47.025, 24.5818, 3.71466
47.05, 24.6344, 3.71505
47.075, 24.7015, 3.71505
47.1, 24.7767, 3.71505
47.125, 24.8368, 3.71505
47.15, 24.8183, 3.71492
47.175, 24.7722, 3.71492
47.2, 24.7007, 3.71492
47.225, 24.623, 3.71492
47.25, 24.5814, 3.71505
47.275, 24.5592, 3.71505
47.3, 24.5762, 3.71505
47.325, 24.6067, 3.71505
47.35, 24.6499, 3.71505
47.375, 24.6956, 3.71505
47.4, 24.697, 3.71492
47.425, 24.6811, 3.71505
47.45, 24.6514, 3.71505
47.475, 24.6176, 3.71505
47.5, 24.5861, 3.71517
47.525, 24.5576, 3.7153
47.55, 24.5401, 3.71581
47.575, 24.5272, 3.71594
47.6, 24.5203, 3.71747
47.625, 24.5157, 3.7185
47.65, 24.5046, 3.73448
47.675, 24.5053, 3.73473
47.7, 24.521, 3.73588
47.725, 24.5351, 3.73665
47.75, 24.5426, 3.74061
47.775, 24.5487, 3.74074
47.8, 24.5594, 3.74112
47.825, 24.5693, 3.74125
47.85, 24.5807, 3.74138
47.875, 24.5931, 3.74138
47.9, 24.6151, 3.74151
47.925, 24.641, 3.74151
47.95, 24.6744, 3.74151
47.975, 24.7092, 3.74151
48, 24.7461, 3.74176
48.025, 24.7824, 3.74176
48.05, 24.7739, 3.74176
48.075, 24.7492, 3.74176
48.1, 24.7138, 3.74176
48.125, 24.6762, 3.74189
48.15, 24.6671, 3.74215
48.175, 24.6742, 3.74215
48.2, 24.72, 3.74266
48.225, 24.7775, 3.74291
48.25, 24.8404, 3.74291
48.275, 24.9032, 3.74291
48.3, 24.8852, 3.74291
48.325, 24.8366, 3.74291
48.35, 24.762, 3.74291
48.375, 24.6802, 3.74304
48.4, 24.6193, 3.75314
48.425, 24.5793, 3.7704
48.45, 24.6194, 3.79507
48.475, 24.6837, 3.79647
48.5, 24.7752, 3.79673
48.525, 24.8676, 3.79673
48.55, 24.9026, 3.7966
48.575, 24.9117, 3.7966
48.6, 24.8805, 3.7966
48.625, 24.8371, 3.7966
48.65, 24.7861, 3.79673
48.675, 24.7427, 3.79673
48.7, 24.7481, 3.79673
48.725, 24.7703, 3.79673
48.75, 24.8054, 3.79686
48.775, 24.8439, 3.79699
48.8, 24.8753, 3.79686
48.825, 24.9011, 3.79699
48.85, 24.9161, 3.79686
48.875, 24.9272, 3.79686
48.9, 24.9343, 3.79686
48.925, 24.9399, 3.79686
48.95, 24.9467, 3.79686
48.975, 24.9537, 3.79686
49, 24.9607, 3.79673
49.025, 24.9672, 3.79686
49.05, 24.979, 3.79673
49.075, 24.9934, 3.79686
49.1, 25.0165, 3.79673
49.125, 25.0416, 3.79673
49.15, 25.0672, 3.79673
49.175, 25.0926, 3.79673
49.2, 25.0996, 3.7966
49.225, 25.0988, 3.7966
49.25, 25.0904, 3.7966
49.275, 25.0797, 3.79647
49.3, 25.0809, 3.79635
49.325, 25.0923, 3.79622
49.35, 25.1407, 3.79532
49.375, 25.2011, 3.79392
49.4, 25.2713, 3.77896
49.425, 25.3391, 3.77257
49.45, 25.3353, 3.75519
49.475, 25.3053, 3.75212
49.5, 25.2253, 3.75186
49.525, 25.1292, 3.75212
49.55, 25.0226, 3.75212
49.575, 24.9339, 3.75212
49.6, 24.9437, 3.75224
49.625, 24.9872, 3.75224
49.65, 25.0571, 3.75224
49.675, 25.1334, 3.75224
49.7, 25.1605, 3.75212
49.725, 25.162, 3.75212
49.75, 25.1116, 3.75212
49.775, 25.0454, 3.75224
49.8, 24.9693, 3.75224
49.825, 24.8916, 3.75237
49.85, 24.8714, 3.7525
49.875, 24.8732, 3.7525
49.9, 24.8998, 3.75237
49.925, 24.9341, 3.75224
49.95, 24.9597, 3.75212
49.975, 24.9777, 3.75212
50, 24.9695, 3.75224
50, 24.9524, 3.75224
50.025, 24.9295, 3.75467
50.05, 24.906, 3.7594
50.075, 24.8904, 3.79059
50.1, 24.8802, 3.80555
50.125, 24.8983, 3.82971
50.15, 24.9253, 3.83342
50.175, 24.9367, 3.88647
50.2, 24.9442, 3.90782
50.225, 24.9745, 3.95959
50.25, 25.0087, 3.96636
50.275, 25.0526, 4.02133
50.3, 25.1009, 4.03744
50.325, 25.162, 4.07873
50.35, 25.2255, 4.09087
50.375, 25.2884, 4.11324
50.4, 25.3552, 4.1213
50.425, 25.416, 4.17486
50.45, 25.4782, 4.18905
50.475, 25.5749, 4.22484
50.5, 25.6727, 4.23417
50.525, 25.792, 4.24197
50.55, 25.92, 4.2421
50.575, 26.0195, 4.24235
50.6, 26.0979, 4.24248
50.625, 26.1429, 4.24261
50.65, 26.1747, 4.24261
50.675, 26.2005, 4.24286
50.7, 26.225, 4.24286
50.725, 26.3398, 4.24312
50.75, 26.4847, 4.24312
50.775, 26.6567, 4.24312
50.8, 26.8325, 4.24312
50.825, 26.97, 4.24312
50.85, 27.0788, 4.24312
50.875, 27.1127, 4.24312
50.9, 27.1192, 4.24312
50.925, 27.1043, 4.24325
50.95, 27.0825, 4.24325
50.975, 27.1338, 4.24325
51, 27.2136, 4.24325
51.025, 27.3327, 4.24337
51.05, 27.4612, 4.24337
51.075, 27.5837, 4.24337
51.1, 27.6906, 4.24337
51.125, 27.7376, 4.24337
51.15, 27.7626, 4.24337
51.175, 27.7692, 4.24337
51.2, 27.7691, 4.24337
51.225, 27.7889, 4.24337
51.25, 27.8176, 4.24337
51.275, 27.8684, 4.24337
51.3, 27.9252, 4.24337
51.325, 27.9844, 4.24337
51.35, 28.0392, 4.24337
51.375, 28.0736, 4.24337
51.4, 28.1, 4.24337
51.425, 28.1216, 4.24337
51.45, 28.141, 4.2435
51.475, 28.1595, 4.2435
51.5, 28.1774, 4.2435
51.525, 28.1965, 4.2435
51.55, 28.2155, 4.2435
51.575, 28.2356, 4.2435
51.6, 28.2557, 4.2435
51.625, 28.2816, 4.2435
51.65, 28.3091, 4.2435
51.675, 28.3402, 4.2435
51.7, 28.3722, 4.2435
51.725, 28.3965, 4.2435
51.75, 28.4158, 4.2435
51.775, 28.4252, 4.24363
51.8, 28.4309, 4.24363
51.825, 28.4351, 4.24363
51.85, 28.4387, 4.24363
51.875, 28.483, 4.24363
51.9, 28.5425, 4.24363
51.925, 28.6199, 4.24363
51.95, 28.7013, 4.24363
51.975, 28.7694, 4.24363
52, 28.8158, 4.24363
52.025, 28.7764, 4.24363
52.05, 28.7081, 4.24363
52.075, 28.6138, 4.24376
52.1, 28.514, 4.24376
52.125, 28.48, 4.24376
52.15, 28.4774, 4.24376
52.175, 28.5279, 4.24389
52.2, 28.5957, 4.24376
52.225, 28.6771, 4.24376
52.25, 28.7468, 4.24376
52.275, 28.745, 4.24376
52.3, 28.7175, 4.24389
52.325, 28.6667, 4.24389
52.35, 28.6097, 4.24389
52.375, 28.5749, 4.24401
52.4, 28.5542, 4.24389
52.425, 28.568, 4.24401
52.45, 28.5937, 4.24401
52.475, 28.6296, 4.24401
52.5, 28.6675, 4.24401
52.525, 28.6846, 4.24401
52.55, 28.6932, 4.24401
52.575, 28.6916, 4.24401
52.6, 28.6868, 4.24401
52.625, 28.6843, 4.24401
52.65, 28.6837, 4.24401
52.675, 28.6901, 4.24401
52.7, 28.6988, 4.24401
52.725, 28.7097, 4.24401
52.75, 28.7213, 4.24401
52.775, 28.7358, 4.24414
52.8, 28.7506, 4.24414
52.825, 28.7647, 4.24414
52.85, 28.7782, 4.24414
52.875, 28.788, 4.24414
52.9, 28.7931, 4.24414
52.925, 28.781, 4.24414
52.95, 28.7637, 4.24414
52.975, 28.7421, 4.24427
53, 28.7201, 4.24414
53.025, 28.7325, 4.24427
53.05, 28.7605, 4.24427
53.075, 28.8141, 4.2444
53.1, 28.8752, 4.2444
53.125, 28.9421, 4.2444
53.15, 29.0087, 4.2444
53.175, 28.9921, 4.2444
53.2, 28.9452, 4.2444
53.225, 28.8771, 4.2444
53.25, 28.8036, 4.2444
53.275, 28.771, 4.24452
53.3, 28.7623, 4.24452
53.325, 28.8124, 4.24465
53.35, 28.8815, 4.24478
53.375, 28.9633, 4.24465
53.4, 29.0468, 4.24465
53.425, 29.0464, 4.24465
53.45, 29.0142, 4.24478
53.475, 28.9528, 4.24478
53.5, 28.8834, 4.24478
53.525, 28.8261, 4.24478
53.55, 28.7826, 4.24478
53.575, 28.7892, 4.24478
53.6, 28.8131, 4.24478
53.625, 28.8519, 4.24478
53.65, 28.8949, 4.24478
53.675, 28.9104, 4.24491
53.7, 28.9141, 4.24491
53.725, 28.9025, 4.24491
53.75, 28.8861, 4.24491
53.775, 28.8658, 4.24504
53.8, 28.8472, 4.24504
53.825, 28.8424, 4.24516
53.85, 28.8429, 4.24516
53.875, 28.8489, 4.24516
53.9, 28.8562, 4.24516
53.925, 28.861, 4.24516
53.95, 28.8642, 4.24516
53.975, 28.8661, 4.24516
54, 28.8674, 4.24516
54.025, 28.8678, 4.24516
54.05, 28.8679, 4.24516
54.075, 28.8471, 4.24529
54.1, 28.8189, 4.24529
54.125, 28.7861, 4.24529
54.15, 28.7535, 4.24529
54.175, 28.7414, 4.24542
54.2, 28.74, 4.24542
54.225, 28.7631, 4.24529
54.25, 28.7942, 4.24542
54.275, 28.8316, 4.24542
54.3, 28.8699, 4.24542
54.325, 28.8525, 4.24542
54.35, 28.8135, 4.24542
54.375, 28.7509, 4.24542
54.4, 28.6821, 4.24542
54.425, 28.6363, 4.24542
54.45, 28.6116, 4.24555
54.475, 28.6566, 4.24555
54.5, 28.7251, 4.24555
54.525, 28.8141, 4.24555
54.55, 28.9068, 4.24555
54.575, 28.9229, 4.24555
54.6, 28.9056, 4.24555
54.625, 28.8408, 4.24555
54.65, 28.7616, 4.24555
54.675, 28.6869, 4.24568
54.7, 28.6281, 4.24568
54.725, 28.6381, 4.24568
54.75, 28.6723, 4.24568
54.775, 28.7309, 4.24568
54.8, 28.7963, 4.24568
54.825, 28.8365, 4.2458
54.85, 28.8622, 4.2458
54.875, 28.8586, 4.2458
54.9, 28.8446, 4.2458
54.925, 28.8241, 4.24593
54.95, 28.8021, 4.24593
54.975, 28.7836, 4.24619
55, 28.7672, 4.24619
55.025, 28.7543, 4.24631
55.05, 28.7433, 4.24631
55.075, 28.7347, 4.24631
55.1, 28.7253, 4.24644
55.125, 28.715, 4.24644
55.15, 28.7058, 4.24644
55.175, 28.6976, 4.24644
55.2, 28.6917, 4.24657
55.225, 28.6871, 4.24657
55.25, 28.6847, 4.2467
55.275, 28.683, 4.2467
55.3, 28.6836, 4.24683
55.325, 28.6853, 4.24683
55.35, 28.7097, 4.24683
55.375, 28.7427, 4.24683
55.4, 28.7876, 4.24695
55.425, 28.8353, 4.24683
55.45, 28.8757, 4.24695
55.475, 28.9041, 4.24695
55.5, 28.8805, 4.24708
55.525, 28.8399, 4.24708
55.55, 28.7882, 4.24708
55.575, 28.7344, 4.24721
55.6, 28.7396, 4.24734
55.625, 28.7711, 4.24734
55.65, 28.8474, 4.24759
55.675, 28.9373, 4.24759
55.7, 29.0355, 4.24759
55.725, 29.1324, 4.24759
55.75, 29.1158, 4.24759
55.775, 29.0566, 4.24772
55.8, 28.9606, 4.24785
55.825, 28.8553, 4.24785
55.85, 28.788, 4.25092
55.875, 28.7441, 4.27457
55.9, 28.7344, 4.38373
55.925, 28.7402, 4.39524
55.95, 28.778, 4.45417
55.975, 28.8192, 4.47462
56, 28.8472, 4.49444
56.025, 28.8711, 4.52703
56.05, 28.8687, 4.60271
56.075, 28.8554, 4.62291
56.1, 28.8787, 4.68963
56.125, 28.9173, 4.71034
56.15, 29.0029, 4.75611
56.175, 29.1061, 4.76659
56.2, 29.2257, 4.80724
56.225, 29.3415, 4.81951
56.25, 29.4336, 4.86579
56.275, 29.5214, 4.88138
56.3, 29.617, 4.89826
56.325, 29.7146, 4.89902
56.35, 29.7985, 4.89941
56.375, 29.8994, 4.89953
56.4, 30.0067, 4.89953
56.425, 30.127, 4.89953
56.45, 30.2475, 4.89953
56.475, 30.3707, 4.89966
56.5, 30.4936, 4.89966
56.525, 30.6235, 4.89966
56.55, 30.7523, 4.89966
56.575, 30.882, 4.89966
56.6, 31.0081, 4.89966
56.625, 31.1109, 4.89966
56.65, 31.199, 4.89966
56.675, 31.2635, 4.89966
56.7, 31.3182, 4.89966
56.725, 31.3671, 4.89966
56.75, 31.4129, 4.89966
56.775, 31.5199, 4.89966
56.8, 31.6478, 4.89966
56.825, 31.7985, 4.89979
56.85, 31.9518, 4.89966
56.875, 32.0646, 4.89979
56.9, 32.1485, 4.89966
56.925, 32.1562, 4.89979
56.95, 32.1376, 4.89979
56.975, 32.1003, 4.89979
57, 32.0578, 4.89979
57.025, 32.1043, 4.89979
57.05, 32.1861, 4.89979
57.075, 32.313, 4.89979
57.1, 32.4515, 4.89979
57.125, 32.5823, 4.89979
57.15, 32.6921, 4.89979
57.175, 32.7185, 4.89979
57.2, 32.7148, 4.89979
57.225, 32.6829, 4.89979
57.25, 32.6426, 4.89979
57.275, 32.6374, 4.89979
57.3, 32.6485, 4.89979
57.325, 32.6916, 4.89979
57.35, 32.7442, 4.89992
57.375, 32.8039, 4.89979
57.4, 32.8593, 4.89979
57.425, 32.887, 4.89979
57.45, 32.9043, 4.89992
57.475, 32.9113, 4.89979
57.5, 32.9144, 4.89992
57.525, 32.9227, 4.89979
57.55, 32.9341, 4.89979
57.575, 32.9537, 4.89979
57.6, 32.9757, 4.89979
57.625, 32.9998, 4.89979
57.65, 33.0237, 4.89979
57.675, 33.059, 4.89979
57.7, 33.0973, 4.89979
57.725, 33.1384, 4.89979
57.75, 33.179, 4.89966
57.775, 33.2091, 4.89966
57.8, 33.2321, 4.89953
57.825, 33.2375, 4.89953
57.85, 33.2365, 4.89953
57.875, 33.2297, 4.89953
57.9, 33.2211, 4.89941
57.925, 33.244, 4.89928
57.95, 33.2789, 4.89928
57.975, 33.3285, 4.89877
58, 33.3815, 4.89851
58.025, 33.4278, 4.8879
58.05, 33.4578, 4.88113
58.075, 33.4217, 4.85633
58.1, 33.3631, 4.85262
58.125, 33.2857, 4.8493
58.15, 33.2054, 4.84789
58.175, 33.1919, 4.84712
58.2, 33.2095, 4.84585
58.225, 33.2894, 4.82347
58.25, 33.3839, 4.81568
58.275, 33.4823, 4.7864
58.3, 33.5802, 4.77017
58.325, 33.5651, 4.73271
58.35, 33.5092, 4.72632
58.375, 33.4178, 4.71916
58.4, 33.3159, 4.71789
58.425, 33.2383, 4.71098
58.45, 33.181, 4.70868
58.475, 33.1709, 4.69922
58.5, 33.1714, 4.69654
58.525, 33.1885, 4.67187
58.55, 33.2146, 4.66138
58.575, 33.2135, 4.6169
58.6, 33.2036, 4.60859
58.625, 33.1519, 4.58494
58.65, 33.0929, 4.58085
58.675, 33.0308, 4.5604
58.7, 32.9686, 4.55349
58.725, 32.9165, 4.54787
58.75, 32.8697, 4.5448
58.775, 32.8206, 4.53394
58.8, 32.7704, 4.5301
58.825, 32.7221, 4.50581
58.85, 32.674, 4.50096
58.875, 32.619, 4.47488
58.9, 32.5654, 4.469
58.925, 32.4903, 4.45289
58.95, 32.413, 4.45148
58.975, 32.3295, 4.44931
59, 32.2411, 4.44637
59.025, 32.1504, 4.44369
59.05, 32.0623, 4.44356
59.075, 31.9878, 4.44318
59.1, 31.9198, 4.44305
59.125, 31.8593, 4.44215
59.15, 31.8033, 4.44164
59.175, 31.7536, 4.43295
59.2, 31.7072, 4.43231
59.225, 31.6387, 4.4139
59.25, 31.5642, 4.40994
59.275, 31.4766, 4.40495
59.3, 31.3898, 4.40457
59.325, 31.3457, 4.39741
59.35, 31.325, 4.39601
59.375, 31.3511, 4.39319
59.4, 31.3905, 4.38361
59.425, 31.4427, 4.35714
59.45, 31.4987, 4.35024
59.475, 31.4572, 4.32825
59.5, 31.3731, 4.32404
59.525, 31.2448, 4.32058
59.55, 31.1056, 4.32058
59.575, 30.9824, 4.32046
59.6, 30.8801, 4.32046
59.625, 30.8481, 4.32058
59.65, 30.8424, 4.32058
59.675, 30.8578, 4.32046
59.7, 30.8796, 4.32033
59.725, 30.8496, 4.30614
59.75, 30.7958, 4.30333
59.775, 30.7099, 4.29489
59.8, 30.6141, 4.29463
59.825, 30.5026, 4.29476
59.85, 30.3969, 4.29489
59.875, 30.3448, 4.29489
59.9, 30.3145, 4.29489
59.925, 30.306, 4.29489
59.95, 30.3054, 4.29476
59.975, 30.2834, 4.29489
60, 30.2503, 4.29489
60, 30.1936, 4.29489
60.025, 30.1305, 4.29463
60.05, 30.0722, 4.26677
60.075, 30.0164, 4.25168
60.1, 29.9648, 4.21065
60.125, 29.9207, 4.19978
60.15, 29.8754, 4.15555
60.175, 29.8245, 4.13906
60.2, 29.7858, 4.0809
60.225, 29.7572, 4.06735
60.25, 29.6955, 4.02402
60.275, 29.6261, 4.01238
60.3, 29.5583, 3.96662
60.325, 29.4922, 3.95038
60.35, 29.4039, 3.89363
60.375, 29.31, 3.88506
60.4, 29.2008, 3.84684
60.425, 29.0946, 3.83968
60.45, 28.9853, 3.80069
60.475, 28.8786, 3.78791
60.5, 28.7743, 3.75634
60.525, 28.6719, 3.74483
60.55, 28.5686, 3.71147
60.575, 28.4595, 3.69919
60.6, 28.3127, 3.66788
60.625, 28.1493, 3.66481
60.65, 27.9602, 3.64448
60.675, 27.7697, 3.64269
60.7, 27.5714, 3.62902
60.725, 27.3981, 3.62659
60.75, 27.3107, 3.62147
60.775, 27.2533, 3.61137
60.8, 27.2289, 3.57993
60.825, 27.213, 3.57098
60.85, 27.1282, 3.53148
60.875, 27.0224, 3.52496
60.9, 26.8407, 3.51141
60.925, 26.6343, 3.51052
60.95, 26.4055, 3.51026
60.975, 26.1732, 3.51039
61, 26.0197, 3.51077
61.025, 25.9025, 3.51077
61.05, 25.8174, 3.5109
61.075, 25.7455, 3.51103
61.1, 25.6646, 3.5109
61.125, 25.5771, 3.5109
61.15, 25.4611, 3.51064
61.175, 25.3387, 3.51052
61.2, 25.2129, 3.51052
61.225, 25.0896, 3.51052
61.25, 24.9772, 3.5109
61.275, 24.8724, 3.5109
61.3, 24.7761, 3.51128
61.325, 24.6859, 3.51141
61.35, 24.6043, 3.51205
61.375, 24.5284, 3.51205
61.4, 24.4592, 3.51282
61.425, 24.3944, 3.51294
61.45, 24.3327, 3.51384
61.475, 24.2744, 3.51397
61.5, 24.2128, 3.51742
61.525, 24.1548, 3.51831
61.55, 24.0865, 3.53237
61.575, 24.0151, 3.53404
61.6, 23.952, 3.54362
61.625, 23.8862, 3.54503
61.65, 23.8467, 3.55935
61.675, 23.8143, 3.56395
61.7, 23.7765, 3.56945
61.725, 23.7471, 3.57111
61.75, 23.6954, 3.58402
61.775, 23.6336, 3.58453
61.8, 23.5646, 3.59514
61.825, 23.4906, 3.60613
61.85, 23.429, 3.62863
61.875, 23.3677, 3.63745
61.9, 23.3786, 3.67337
61.925, 23.4164, 3.67363
61.95, 23.4966, 3.67363
61.975, 23.5918, 3.67363
62, 23.6618, 3.67363
62.025, 23.7091, 3.67376
62.05, 23.6921, 3.67376
62.075, 23.6525, 3.67376
62.1, 23.595, 3.67414
62.125, 23.5339, 3.67427
62.15, 23.5392, 3.70725
62.175, 23.5625, 3.71684
62.2, 23.6375, 3.71799
62.225, 23.7231, 3.71824
62.25, 23.8173, 3.7185
62.275, 23.9028, 3.7185
62.3, 23.9349, 3.71863
62.325, 23.9484, 3.71863
62.35, 23.9464, 3.71875
62.375, 23.939, 3.71875
62.4, 23.9376, 3.71888
62.425, 23.9397, 3.71888
62.45, 23.9509, 3.71901
62.475, 23.9653, 3.71914
62.5, 23.9843, 3.71939
62.525, 24.0045, 3.71952
62.55, 24.0205, 3.72029
62.575, 24.0346, 3.72067
62.6, 24.0377, 3.75378
62.625, 24.0263, 3.75506
62.65, 24.0372, 3.78088
62.675, 24.0518, 3.78356
62.7, 24.0942, 3.7943
62.725, 24.1439, 3.79481
62.75, 24.1807, 3.79507
62.775, 24.2127, 3.7952
62.8, 24.251, 3.79558
62.825, 24.2882, 3.79558
62.85, 24.3255, 3.79571
62.875, 24.3618, 3.79571
62.9, 24.3893, 3.79571
62.925, 24.4103, 3.79571
62.95, 24.4121, 3.79571
62.975, 24.407, 3.79571
63, 24.3984, 3.79571
63.025, 24.3892, 3.79571
63.05, 24.4183, 3.79584
63.075, 24.4628, 3.79584
63.1, 24.5312, 3.79584
63.125, 24.6058, 3.79584
63.15, 24.6698, 3.79571
63.175, 24.7159, 3.79584
63.2, 24.6891, 3.79571
63.225, 24.6378, 3.79584
63.25, 24.5653, 3.79584
63.275, 24.4878, 3.79584
63.3, 24.4586, 3.79584
63.325, 24.4547, 3.79584
63.35, 24.5083, 3.79647
63.375, 24.5801, 3.79775
63.4, 24.6666, 3.79878
63.425, 24.7546, 3.79878
63.45, 24.7883, 3.79878
63.475, 24.8014, 3.79878
63.5, 24.7962, 3.79878
63.525, 24.7845, 3.79878
63.55, 24.7753, 3.79878
63.575, 24.768, 3.79878
63.6, 24.7675, 3.79878
63.625, 24.7694, 3.7989
63.65, 24.7743, 3.7989
63.675, 24.78, 3.7989
63.7, 24.7898, 3.7989
63.725, 24.8009, 3.7989
63.75, 24.8145, 3.7989
63.775, 24.8284, 3.7989
63.8, 24.8457, 3.7989
63.825, 24.8649, 3.79903
63.85, 24.8947, 3.79916
63.875, 24.9271, 3.79916
63.9, 24.9609, 3.79929
63.925, 24.994, 3.79929
63.95, 25.0218, 3.79929
63.975, 25.0467, 3.79929
64, 25.0688, 3.79916
64.025, 25.089, 3.79929
64.05, 25.1011, 3.79916
64.075, 25.1066, 3.79916
64.1, 25.0923, 3.79916
64.125, 25.0713, 3.79916
64.15, 25.0448, 3.79916
64.175, 25.0174, 3.79916
64.2, 25.0276, 3.79916
64.225, 25.0546, 3.79916
64.25, 25.1101, 3.79916
64.275, 25.1739, 3.79903
64.3, 25.2418, 3.79865
64.325, 25.3085, 3.79852
64.35, 25.2893, 3.79647
64.375, 25.2385, 3.79443
64.4, 25.1608, 3.79072
64.425, 25.0782, 3.79059
64.45, 25.0281, 3.79008
64.475, 24.9981, 3.79008
64.5, 25.0186, 3.78944
64.525, 25.057, 3.78893
64.55, 25.1123, 3.78586
64.575, 25.1711, 3.78203
64.6, 25.1672, 3.7727
64.625, 25.141, 3.77244
64.65, 25.0854, 3.77206
64.675, 25.0205, 3.77206
64.7, 24.961, 3.77219
64.725, 24.9094, 3.77219
64.75, 24.8847, 3.77231
64.775, 24.8707, 3.77231
64.8, 24.8705, 3.77231
64.825, 24.8751, 3.77231
64.85, 24.8808, 3.77231
64.875, 24.8863, 3.77231
64.9, 24.8902, 3.77231
64.925, 24.894, 3.77231
64.95, 24.901, 3.77231
64.975, 24.9114, 3.77231
65, 24.9363, 3.77231
65.025, 24.9655, 3.77231
65.05, 24.9958, 3.77206
65.075, 25.0256, 3.77193
65.1, 25.0519, 3.77142
65.125, 25.0755, 3.76886
65.15, 25.0929, 3.76043
65.175, 25.1075, 3.7594
65.2, 25.1282, 3.75224
65.225, 25.147, 3.75186
65.25, 25.1431, 3.73933
65.275, 25.1382, 3.73869
65.3, 25.1211, 3.73102
65.325, 25.0997, 3.73077
65.35, 25.0913, 3.73039
65.375, 25.0896, 3.73026
65.4, 25.107, 3.72987
65.425, 25.1314, 3.72975
65.45, 25.16, 3.72898
65.475, 25.1891, 3.72872
65.5, 25.1578, 3.70904
65.525, 25.1098, 3.70533
65.55, 25.0233, 3.70495
65.575, 24.9294, 3.70507
65.6, 24.8546, 3.70546
65.625, 24.8009, 3.70546
65.65, 24.8227, 3.70571
65.675, 24.87, 3.70571
65.7, 24.9366, 3.70571
65.725, 25.008, 3.70571
65.75, 25.0021, 3.70533
65.775, 24.9631, 3.7052
65.8, 24.8756, 3.70533
65.825, 24.7738, 3.70546
65.85, 24.6618, 3.70559
65.875, 24.5645, 3.70571
65.9, 24.5473, 3.70623
65.925, 24.5594, 3.70623
65.95, 24.5965, 3.70648
65.975, 24.6407, 3.70648
66, 24.6581, 3.70686
66.025, 24.661, 3.70699
66.05, 24.6336, 3.70802
66.075, 24.5969, 3.70904
66.1, 24.5544, 3.71351
66.125, 24.5103, 3.71671
66.15, 24.4965, 3.71914
66.175, 24.4917, 3.71939
66.2, 24.4937, 3.72118
66.225, 24.5005, 3.72131
66.25, 24.5129, 3.72502
66.275, 24.5268, 3.72553
66.3, 24.5372, 3.72617
66.325, 24.5446, 3.72617
66.35, 24.5534, 3.72655
66.375, 24.5633, 3.72681
66.4, 24.5622, 3.72719
66.425, 24.5566, 3.72732
66.45, 24.5473, 3.7277
66.475, 24.5372, 3.72796
66.5, 24.5312, 3.7286
66.525, 24.5293, 3.7286
66.55, 24.5405, 3.72872
66.575, 24.5555, 3.72885
66.6, 24.5746, 3.72911
66.625, 24.5951, 3.72911
66.65, 24.5884, 3.72924
66.675, 24.5697, 3.72936
66.7, 24.5305, 3.72962
66.725, 24.4855, 3.72987
66.75, 24.4364, 3.73448
66.775, 24.4021, 3.73895
66.8, 24.4565, 3.74419
66.825, 24.5444, 3.74432
66.85, 24.6369, 3.74419
66.875, 24.7301, 3.74419
66.9, 24.7691, 3.74419
66.925, 24.7761, 3.74419
66.95, 24.7139, 3.74419
66.975, 24.6297, 3.74406
67, 24.5306, 3.74419
67.025, 24.4295, 3.74419
67.05, 24.3969, 3.74432
67.075, 24.3927, 3.74445
67.1, 24.4259, 3.7447
67.125, 24.4712, 3.74483
67.15, 24.5084, 3.74573
67.175, 24.5372, 3.74585
67.2, 24.5338, 3.74611
67.225, 24.5191, 3.74624
67.25, 24.4987, 3.74649
67.275, 24.4765, 3.74649
67.3, 24.4685, 3.75442
67.325, 24.4666, 3.75646
67.35, 24.4638, 3.77832
67.375, 24.4721, 3.77845
67.4, 24.4969, 3.77883
67.425, 24.523, 3.77896
67.45, 24.5506, 3.78011
67.475, 24.5782, 3.78152
67.5, 24.6083, 3.7888
67.525, 24.6411, 3.78893
67.55, 24.6545, 3.78906
67.575, 24.6608, 3.78919
67.6, 24.6644, 3.78944
67.625, 24.6663, 3.78944
67.65, 24.6706, 3.78957
67.675, 24.6787, 3.7897
67.7, 24.7011, 3.79021
67.725, 24.728, 3.79047
67.75, 24.7588, 3.79085
67.775, 24.7899, 3.79085
67.8, 24.8061, 3.79098
67.825, 24.8137, 3.79098
67.85, 24.8, 3.79111
67.875, 24.7794, 3.79136
67.9, 24.7521, 3.79174
67.925, 24.7241, 3.7929
67.95, 24.7666, 3.7952
67.975, 24.8356, 3.80287
68, 24.9325, 3.80504
68.025, 25.0402, 3.80504
68.05, 25.1118, 3.80504
68.075, 25.1612, 3.80504
68.1, 25.1438, 3.80504
68.125, 25.103, 3.80504
68.15, 25.046, 3.80504
68.175, 24.9847, 3.80504
68.2, 24.9722, 3.80504
68.225, 24.9803, 3.80504
68.25, 25.0157, 3.80504
68.275, 25.0604, 3.80504
68.3, 25.1074, 3.80504
68.325, 25.1461, 3.80504
68.35, 25.1415, 3.80504
68.375, 25.1214, 3.80504
68.4, 25.0899, 3.80504
68.425, 25.0555, 3.80504
68.45, 25.0336, 3.80504
68.475, 25.0175, 3.80504
68.5, 25.0124, 3.80504
68.525, 25.0116, 3.80504
68.55, 25.0176, 3.80504
68.575, 25.0248, 3.80504
68.6, 25.0273, 3.80504
68.625, 25.0277, 3.80504
68.65, 25.0267, 3.80504
68.675, 25.025, 3.80504
68.7, 25.0277, 3.80504
68.725, 25.0325, 3.80491
68.75, 25.0417, 3.80478
68.775, 25.0522, 3.80478
68.8, 25.0642, 3.80478
68.825, 25.0765, 3.80478
68.85, 25.1038, 3.80478
68.875, 25.1359, 3.80478
68.9, 25.1739, 3.80478
68.925, 25.2126, 3.80478
68.95, 25.2389, 3.80478
68.975, 25.2541, 3.80478
69, 25.235, 3.80478
69.025, 25.205, 3.80466
69.05, 25.1686, 3.80466
69.075, 25.1313, 3.80466
69.1, 25.1606, 3.80466
69.125, 25.215, 3.80453
69.15, 25.2945, 3.80453
69.175, 25.3805, 3.80453
69.2, 25.4397, 3.80146
69.225, 25.4742, 3.80044
69.25, 25.4332, 3.78241
69.275, 25.3687, 3.78139
69.3, 25.2644, 3.78113
69.325, 25.1545, 3.78113
69.35, 25.1045, 3.78152
69.375, 25.0834, 3.78152
69.4, 25.1043, 3.78165
69.425, 25.1386, 3.78165
69.45, 25.184, 3.78165
69.475, 25.2223, 3.78165
69.5, 25.2132, 3.78152
69.525, 25.1884, 3.78152
69.55, 25.1501, 3.78152
69.575, 25.1081, 3.78152
69.6, 25.0772, 3.78165
69.625, 25.0536, 3.78165
69.65, 25.0463, 3.78165
69.675, 25.0451, 3.78177
69.7, 25.0506, 3.78177
69.725, 25.0583, 3.78177
69.75, 25.0484, 3.78177
69.775, 25.0319, 3.78177
69.8, 25.0102, 3.7819
69.825, 24.9874, 3.7819
69.85, 24.9726, 3.78203
69.875, 24.9633, 3.78203
69.9, 24.9719, 3.78203
69.925, 24.9865, 3.78216
69.95, 25.0053, 3.78203
69.975, 25.0252, 3.78203
70, 25.046, 3.78203
70.025, 25.0662, 3.7819
70.05, 25.0865, 3.76605
70.075, 25.1073, 3.74662
70.1, 25.1215, 3.69025
70.125, 25.1247, 3.66724
70.15, 25.0721, 3.61585
70.175, 25.0135, 3.60319
70.2, 24.9492, 3.55104
70.225, 24.8789, 3.53941
70.25, 24.8528, 3.49108
70.275, 24.8419, 3.47383
70.3, 24.8635, 3.41285
70.325, 24.8913, 3.39751
70.35, 24.9111, 3.33219
70.375, 24.9086, 3.31557
70.4, 24.8048, 3.26763
70.425, 24.6689, 3.25255
70.45, 24.5036, 3.21727
70.475, 24.3194, 3.21062
70.5, 24.1547, 3.18199
70.525, 24.0081, 3.17112
70.55, 23.8808, 3.13239
70.575, 23.7695, 3.1173
70.6, 23.6759, 3.0865
70.625, 23.5829, 3.0778
70.65, 23.4483, 3.04764
70.675, 23.2953, 3.04099
70.7, 23.1122, 3.02603
70.725, 22.9238, 3.02118
70.75, 22.7488, 2.99996
70.775, 22.5829, 2.99599
70.8, 22.4141, 2.98998
70.825, 22.2551, 2.9896
70.85, 22.1016, 2.97848
70.875, 21.9498, 2.97733
70.9, 21.8213, 2.95982
70.925, 21.7002, 2.95573
70.95, 21.5667, 2.94307
70.975, 21.4357, 2.93949
71, 21.3101, 2.92402
71.025, 21.1813, 2.923
71.05, 21.0518, 2.91507
71.075, 20.9277, 2.91469
71.1, 20.7903, 2.90753
71.125, 20.6518, 2.90408
71.15, 20.5258, 2.90383
71.175, 20.4131, 2.9037
71.2, 20.3116, 2.9037
71.225, 20.2176, 2.9037
71.25, 20.1295, 2.9037
71.275, 20.041, 2.90395
71.3, 19.9316, 2.90383
71.325, 19.8184, 2.90395
71.35, 19.7036, 2.90446
71.375, 19.5918, 2.90549
71.4, 19.5078, 2.91022
71.425, 19.4422, 2.91086
71.45, 19.4189, 2.9115
71.475, 19.4094, 2.91175
71.5, 19.4128, 2.91201
71.525, 19.4196, 2.91201
71.55, 19.3477, 2.91201
71.575, 19.2471, 2.91201
71.6, 19.1169, 2.91213
71.625, 18.9802, 2.91431
71.65, 18.8594, 2.93783
71.675, 18.7588, 2.9423
71.7, 18.7261, 2.9579
71.725, 18.7113, 2.95994
71.75, 18.7163, 2.9694
71.775, 18.7307, 2.97017
71.8, 18.7254, 2.97081
71.825, 18.7084, 2.97094
71.85, 18.6783, 2.97669
71.875, 18.6428, 2.97771
71.9, 18.5904, 2.99548
71.925, 18.5414, 3.0052
71.95, 18.5194, 3.01159
71.975, 18.4984, 3.01248
72, 18.4911, 3.02156
72.025, 18.4909, 3.02309
72.05, 18.4752, 3.0245
72.075, 18.4564, 3.0291
72.1, 18.4321, 3.05991
72.125, 18.4125, 3.06758
72.15, 18.3983, 3.09353
72.175, 18.3861, 3.09992
72.2, 18.4172, 3.10235
72.225, 18.4563, 3.10273
72.25, 18.4991, 3.10529
72.275, 18.5435, 3.10682
72.3, 18.5973, 3.10759
72.325, 18.6513, 3.10785
72.35, 18.7128, 3.10874
72.375, 18.7749, 3.10912
72.4, 18.8246, 3.12037
72.425, 18.8673, 3.12076
72.45, 18.895, 3.12127
72.475, 18.9139, 3.12152
72.5, 18.9219, 3.12255
72.525, 18.9256, 3.12318
72.55, 18.939, 3.13558
72.575, 18.9622, 3.1384
72.6, 19.032, 3.14594
72.625, 19.117, 3.14632
72.65, 19.22, 3.14645
72.675, 19.3278, 3.14645
72.7, 19.3634, 3.14645
72.725, 19.3668, 3.14645
72.75, 19.3307, 3.14645
72.775, 19.2822, 3.14645
72.8, 19.2382, 3.14645
72.825, 19.2087, 3.14658
72.85, 19.2413, 3.14658
72.875, 19.295, 3.14658
72.9, 19.3677, 3.14658
72.925, 19.4445, 3.14658
72.95, 19.4834, 3.14658
72.975, 19.5036, 3.14658
73, 19.4916, 3.14658
73.025, 19.4683, 3.14658
73.05, 19.437, 3.14671
73.075, 19.4041, 3.14671
73.1, 19.398, 3.14939
73.125, 19.4017, 3.15195
73.15, 19.4147, 3.15796
73.175, 19.4275, 3.15885
73.2, 19.4443, 3.15923
73.225, 19.4636, 3.15962
73.25, 19.4869, 3.16026
73.275, 19.5105, 3.16166
73.3, 19.5354, 3.16217
73.325, 19.5586, 3.1623
73.35, 19.5772, 3.16294
73.375, 19.5943, 3.16307
73.4, 19.6081, 3.16332
73.425, 19.6204, 3.16332
73.45, 19.6317, 3.16332
73.475, 19.6475, 3.16345
73.5, 19.6649, 3.16345
73.525, 19.6865, 3.16358
73.55, 19.7086, 3.16358
73.575, 19.7282, 3.16358
73.6, 19.7434, 3.16358
73.625, 19.74, 3.16358
73.65, 19.7305, 3.16358
73.675, 19.7179, 3.16358
73.7, 19.7044, 3.16358
73.725, 19.7213, 3.16371
73.75, 19.7511, 3.16371
73.775, 19.8036, 3.16422
73.8, 19.8624, 3.16422
73.825, 19.9259, 3.16422
73.85, 19.9746, 3.16422
73.875, 19.9446, 3.16422
73.9, 19.8879, 3.16422
73.925, 19.8108, 3.16473
73.95, 19.7292, 3.16984
73.975, 19.6765, 3.21804
74, 19.6487, 3.2211
74.025, 19.6893, 3.22136
74.05, 19.749, 3.22136
74.075, 19.826, 3.22136
74.1, 19.9053, 3.22136
74.125, 19.9391, 3.22123
74.15, 19.9552, 3.22123
74.175, 19.953, 3.22123
74.2, 19.9444, 3.22123
74.225, 19.9374, 3.2211
74.25, 19.9341, 3.2211
74.275, 19.95, 3.22098
74.3, 19.9724, 3.2211
74.325, 20.0005, 3.22098
74.35, 20.03, 3.22098
74.375, 20.0572, 3.22085
74.4, 20.0823, 3.22085
74.425, 20.1053, 3.22059
74.45, 20.127, 3.22034
74.475, 20.1469, 3.21995
74.5, 20.1656, 3.21983
74.525, 20.1834, 3.2142
74.55, 20.2007, 3.21267
74.575, 20.2128, 3.21011
74.6, 20.2196, 3.20985
74.625, 20.2393, 3.20743
74.65, 20.2646, 3.20717
74.675, 20.294, 3.19848
74.7, 20.3258, 3.19477
74.725, 20.3593, 3.1825
74.75, 20.3839, 3.17815
74.775, 20.3724, 3.16026
74.8, 20.3479, 3.15668
74.825, 20.3272, 3.14607
74.85, 20.3122, 3.14543
74.875, 20.3195, 3.13699
74.9, 20.3383, 3.13597
74.925, 20.3773, 3.12651
74.95, 20.4282, 3.11692
74.975, 20.4732, 3.09877
75, 20.5085, 3.09366
75.025, 20.4561, 3.07819
75.05, 20.3699, 3.07653
75.075, 20.2487, 3.0764
75.1, 20.1189, 3.0764
75.125, 20.0075, 3.07678
75.15, 19.9196, 3.07704
75.175, 19.9067, 3.07704
75.2, 19.9195, 3.07704
75.225, 19.9521, 3.07704
75.25, 19.9907, 3.07704
75.275, 19.9866, 3.07665
75.3, 19.9644, 3.07678
75.325, 19.9142, 3.07653
75.35, 19.8556, 3.07653
75.375, 19.7955, 3.07653
75.4, 19.7391, 3.07653
75.425, 19.6984, 3.07653
75.45, 19.6654, 3.07665
75.475, 19.6414, 3.07678
75.5, 19.6215, 3.07678
75.525, 19.6103, 3.07717
75.55, 19.6023, 3.07729
75.575, 19.5971, 3.07742
75.6, 19.5932, 3.07742
75.625, 19.5897, 3.07755
75.65, 19.5859, 3.07768
75.675, 19.5811, 3.07806
75.7, 19.5762, 3.07819
75.725, 19.5715, 3.07883
75.75, 19.567, 3.07908
75.775, 19.5727, 3.08126
75.8, 19.5821, 3.08126
75.825, 19.6023, 3.08151
75.85, 19.6262, 3.08151
75.875, 19.6504, 3.08151
75.9, 19.6734, 3.08151
75.925, 19.6691, 3.08151
75.95, 19.6543, 3.08151
75.975, 19.6295, 3.08151
76, 19.602, 3.08151
76.025, 19.584, 3.08151
76.05, 19.5748, 3.08151
76.075, 19.5953, 3.08151
76.1, 19.6256, 3.08151
76.125, 19.6632, 3.08151
76.15, 19.7019, 3.08151
76.175, 19.679, 3.08151
76.2, 19.6303, 3.08151
76.225, 19.5455, 3.0819
76.25, 19.4508, 3.08368
76.275, 19.3557, 3.11079
76.3, 19.281, 3.1173
76.325, 19.3015, 3.12664
76.35, 19.3511, 3.1274
76.375, 19.4286, 3.13162
76.4, 19.512, 3.13175
76.425, 19.5448, 3.13188
76.45, 19.5522, 3.13188
76.475, 19.5172, 3.13188
76.5, 19.4688, 3.13226
76.525, 19.4117, 3.13252
76.55, 19.3585, 3.13303
76.575, 19.3317, 3.13737
76.6, 19.3158, 3.14453
76.625, 19.3095, 3.15923
76.65, 19.3178, 3.15974
76.675, 19.3351, 3.1692
76.7, 19.3501, 3.17329
76.725, 19.3721, 3.17675
76.75, 19.401, 3.17687
76.775, 19.4303, 3.1917
76.8, 19.454, 3.19656
76.825, 19.4687, 3.20103
76.85, 19.4826, 3.20116
76.875, 19.5047, 3.2018
76.9, 19.5262, 3.20206
76.925, 19.5485, 3.20372
76.95, 19.5723, 3.20385
76.975, 19.6077, 3.20564
77, 19.6483, 3.20755
77.025, 19.6879, 3.21944
77.05, 19.7271, 3.22059
77.075, 19.76, 3.22098
77.1, 19.7875, 3.22098
77.125, 19.8093, 3.22098
77.15, 19.8289, 3.22098
77.175, 19.8489, 3.22098
77.2, 19.8744, 3.22098
77.225, 19.9317, 3.22098
77.25, 19.9987, 3.22098
77.275, 20.0738, 3.22098
77.3, 20.1495, 3.22098
77.325, 20.1721, 3.22098
77.35, 20.17, 3.22098
77.375, 20.1289, 3.22098
77.4, 20.0759, 3.22098
77.425, 20.0139, 3.22098
77.45, 19.9509, 3.22098
77.475, 19.9595, 3.2211
77.5, 19.9943, 3.2211
77.525, 20.0493, 3.2211
77.55, 20.1098, 3.2211
77.575, 20.151, 3.2211
77.6, 20.1776, 3.2211
77.625, 20.1646, 3.22098
77.65, 20.1387, 3.22098
77.675, 20.1053, 3.22098
77.7, 20.0705, 3.22098
77.725, 20.0616, 3.2211
77.75, 20.0636, 3.2211
77.775, 20.0825, 3.2211
77.8, 20.1073, 3.2211
77.825, 20.1364, 3.22098
77.85, 20.1651, 3.22098
77.875, 20.1885, 3.22085
77.9, 20.2096, 3.22085
77.925, 20.2303, 3.22034
77.95, 20.2507, 3.22021
77.975, 20.2665, 3.21701
78, 20.2818, 3.21625
78.025, 20.2975, 3.20449
78.05, 20.3172, 3.20116
78.075, 20.327, 3.1839
78.1, 20.3367, 3.18186
78.125, 20.3537, 3.16972
78.15, 20.3669, 3.16793
78.175, 20.3756, 3.16511
78.2, 20.3853, 3.16384
78.225, 20.3781, 3.15974
78.25, 20.3614, 3.15808
78.275, 20.3369, 3.14837
78.3, 20.3076, 3.14683
78.325, 20.2703, 3.14619
78.35, 20.2334, 3.14619
78.375, 20.2555, 3.14632
78.4, 20.2978, 3.14619
78.425, 20.3565, 3.14185
78.45, 20.42, 3.13379
78.475, 20.456, 3.11232
78.5, 20.4725, 3.10465
78.525, 20.4141, 3.09366
78.55, 20.335, 3.09353
78.575, 20.2531, 3.09378
78.6, 20.1682, 3.09378
78.625, 20.1336, 3.09404
78.65, 20.1226, 3.09404
78.675, 20.1373, 3.09391
78.7, 20.1607, 3.09391
78.725, 20.1774, 3.09391
78.75, 20.1842, 3.09391
78.775, 20.1502, 3.09378
78.8, 20.1027, 3.09391
78.825, 20.0442, 3.09366
78.85, 19.9838, 3.09378
78.875, 19.9352, 3.09404
78.9, 19.8935, 3.09404
78.925, 19.8617, 3.09404
78.95, 19.8345, 3.09417
78.975, 19.8141, 3.09429
79, 19.7963, 3.09429
79.025, 19.7817, 3.09481
79.05, 19.7684, 3.09493
79.075, 19.7573, 3.09532
79.1, 19.7475, 3.09557
79.125, 19.7406, 3.09672
79.15, 19.7354, 3.09749
79.175, 19.7341, 3.09915
79.2, 19.7339, 3.09941
79.225, 19.7308, 3.10081
79.25, 19.7268, 3.10196
79.275, 19.7216, 3.11066
79.3, 19.7209, 3.11142
79.325, 19.727, 3.11283
79.35, 19.7378, 3.11283
79.375, 19.7388, 3.11411
79.4, 19.735, 3.11462
79.425, 19.7301, 3.11475
79.45, 19.7252, 3.11475
79.475, 19.7202, 3.11475
79.5, 19.7153, 3.11475
79.525, 19.7254, 3.11488
79.55, 19.7408, 3.11488
79.575, 19.7636, 3.11488
79.6, 19.7886, 3.115
79.625, 19.7982, 3.115
79.65, 19.7935, 3.115
79.675, 19.7394, 3.11513
79.7, 19.6693, 3.11513
79.725, 19.5894, 3.12267
79.75, 19.5091, 3.13162
79.775, 19.495, 3.15335
79.8, 19.5032, 3.15553
79.825, 19.5653, 3.15642
79.85, 19.6403, 3.15642
79.875, 19.729, 3.15642
79.9, 19.8057, 3.15642
79.925, 19.8022, 3.15642
79.95, 19.7716, 3.15642
79.975, 19.7199, 3.15642
80, 19.6624, 3.15642
80.025, 19.6299, 3.15591
80.05, 19.6117, 3.15553
80.075, 19.6397, 3.13188
80.1, 19.6763, 3.11935
80.125, 19.7184, 3.06425
80.15, 19.7614, 3.04738
80.175, 19.77, 2.99855
80.2, 19.7598, 2.98283
80.225, 19.7506, 2.92326
80.25, 19.7365, 2.90932
80.275, 19.6965, 2.86036
80.3, 19.6485, 2.84515
80.325, 19.5776, 2.8054
80.35, 19.5054, 2.79479
80.375, 19.4276, 2.75298
80.4, 19.3457, 2.74314
80.425, 19.2602, 2.70786
80.45, 19.1738, 2.69725
80.475, 19.0819, 2.67053
80.5, 18.992, 2.65609
80.525, 18.8885, 2.62707
80.55, 18.7861, 2.62132
80.575, 18.6826, 2.59038
80.6, 18.5787, 2.58169
80.625, 18.449, 2.56315
80.65, 18.3137, 2.55395
80.675, 18.2129, 2.53337
80.7, 18.1253, 2.52442
80.725, 18.0531, 2.4917
80.75, 17.9917, 2.48121
80.775, 17.9228, 2.46255
80.8, 17.8556, 2.44964
80.825, 17.7329, 2.40797
80.85, 17.589, 2.40196
80.875, 17.3967, 2.38585
80.9, 17.1993, 2.38534
80.925, 17.0346, 2.38176
80.95, 16.8921, 2.38061
80.975, 16.8003, 2.36553
81, 16.7329, 2.36144
81.025, 16.6646, 2.34354
81.05, 16.5994, 2.33676
81.075, 16.4737, 2.32257
81.1, 16.333, 2.3204
81.125, 16.1706, 2.31337
81.15, 16.0019, 2.31273
81.175, 15.8528, 2.31196
81.2, 15.7195, 2.31094
81.225, 15.5938, 2.31069
81.25, 15.4767, 2.31069
81.275, 15.3716, 2.31081
81.3, 15.2732, 2.31081
81.325, 15.1911, 2.3112
81.35, 15.1173, 2.3112
81.375, 15.0505, 2.31145
81.4, 14.9884, 2.31145
81.425, 14.9265, 2.31171
81.45, 14.8645, 2.31184
81.475, 14.7938, 2.31235
81.5, 14.7218, 2.31324
81.525, 14.65, 2.31465
81.55, 14.5789, 2.31478
81.575, 14.5106, 2.32142
81.6, 14.4469, 2.32245
81.625, 14.3909, 2.32309
81.65, 14.341, 2.32347
81.675, 14.2919, 2.3259
81.7, 14.2456, 2.32935
81.725, 14.2027, 2.33165
81.75, 14.1614, 2.3328
81.775, 14.1199, 2.33881
81.8, 14.0818, 2.34047
81.825, 14.0586, 2.34443
81.85, 14.045, 2.34482
81.875, 14.0523, 2.34968
81.9, 14.0698, 2.35134
81.925, 14.0922, 2.35607
81.95, 14.1191, 2.35619
81.975, 14.0809, 2.35671
82, 14.0186, 2.35901
82.025, 13.9389, 2.35977
82.05, 13.8541, 2.3608
82.075, 13.7827, 2.36796
82.1, 13.7252, 2.37217
82.125, 13.7268, 2.39352
82.15, 13.7522, 2.39416
82.175, 13.8063, 2.39723
82.2, 13.8696, 2.39736
82.225, 13.8879, 2.39736
82.25, 13.8856, 2.39736
82.275, 13.8553, 2.39787
82.3, 13.8158, 2.398
82.325, 13.7753, 2.40081
82.35, 13.7408, 2.40707
82.375, 13.7319, 2.41743
82.4, 13.733, 2.41832
82.425, 13.7444, 2.42701
82.45, 13.7653, 2.42829
82.475, 13.7651, 2.4458
82.5, 13.7553, 2.44644
82.525, 13.7449, 2.45808
82.55, 13.7346, 2.45987
82.575, 13.733, 2.46076
82.6, 13.7384, 2.4614
82.625, 13.754, 2.46958
82.65, 13.7726, 2.47469
82.675, 13.7982, 2.48236
82.7, 13.827, 2.48262
82.725, 13.8545, 2.49323
82.75, 13.8832, 2.49732
82.775, 13.915, 2.50128
82.8, 13.9425, 2.50154
82.825, 13.9764, 2.51867
82.85, 14.0124, 2.5211
82.875, 14.051, 2.52365
82.9, 14.0893, 2.52391
82.925, 14.1281, 2.52723
82.95, 14.164, 2.52941
82.975, 14.2055, 2.52992
83, 14.2473, 2.52992
83.025, 14.2906, 2.52992
83.05, 14.3334, 2.52992
83.075, 14.3734, 2.53005
83.1, 14.4117, 2.53005
83.125, 14.4225, 2.52992
83.15, 14.4214, 2.52992
83.175, 14.405, 2.53005
83.2, 14.3837, 2.53005
83.225, 14.3685, 2.53017
83.25, 14.3647, 2.53017
83.275, 14.4088, 2.53362
83.3, 14.4688, 2.53362
83.325, 14.5449, 2.53388
83.35, 14.6246, 2.53388
83.375, 14.6653, 2.53388
83.4, 14.6876, 2.53388
83.425, 14.6808, 2.53375
83.45, 14.6638, 2.53375
83.475, 14.6393, 2.53388
83.5, 14.6135, 2.53388
83.525, 14.622, 2.53388
83.55, 14.6431, 2.53388
83.575, 14.6772, 2.53388
83.6, 14.7146, 2.53401
83.625, 14.7446, 2.53401
83.65, 14.769, 2.53401
83.675, 14.7794, 2.53388
83.7, 14.7849, 2.53388
83.725, 14.7874, 2.53388
83.75, 14.7887, 2.53388
83.775, 14.7974, 2.53401
83.8, 14.8086, 2.53401
83.825, 14.8227, 2.53401
83.85, 14.8372, 2.53401
83.875, 14.8485, 2.53414
83.9, 14.8565, 2.53414
83.925, 14.8524, 2.53414
83.95, 14.8443, 2.53414
83.975, 14.833, 2.53414
84, 14.8207, 2.53414
84.025, 14.8064, 2.53414
84.05, 14.792, 2.53414
84.075, 14.7797, 2.53414
84.1, 14.7688, 2.53414
84.125, 14.7605, 2.53414
84.15, 14.7565, 2.53414
84.175, 14.7691, 2.53414
84.2, 14.7877, 2.53414
84.225, 14.814, 2.53426
84.25, 14.8419, 2.53426
84.275, 14.8551, 2.53426
84.3, 14.8602, 2.53426
84.325, 14.8512, 2.53426
84.35, 14.8381, 2.53426
84.375, 14.8244, 2.53426
84.4, 14.811, 2.53426
84.425, 14.8339, 2.53439
84.45, 14.8696, 2.53439
84.475, 14.9142, 2.53439
84.5, 14.9609, 2.53439
84.525, 14.983, 2.53439
84.55, 14.9902, 2.53439
84.575, 14.9635, 2.53439
84.6, 14.9255, 2.53452
84.625, 14.8791, 2.53478
84.65, 14.8319, 2.5358
84.675, 14.8211, 2.54513
84.7, 14.8282, 2.54756
84.725, 14.8602, 2.54807
84.75, 14.8975, 2.54807
84.775, 14.9258, 2.54833
84.8, 14.9478, 2.54845
84.825, 14.9521, 2.54871
84.85, 14.9499, 2.54871
84.875, 14.9413, 2.55037
84.9, 14.931, 2.5505
84.925, 14.9256, 2.55178
84.95, 14.9241, 2.55203
84.975, 14.9293, 2.55996
85, 14.935, 2.56405
85.025, 14.9442, 2.5707
85.05, 14.9557, 2.57376
85.075, 14.9627, 2.5799
85.1, 14.9742, 2.58067
85.125, 14.9714, 2.58118
85.15, 14.9639, 2.58143
85.175, 14.9675, 2.58156
85.2, 14.9744, 2.58169
85.225, 14.988, 2.58156
85.25, 15.0044, 2.58169
85.275, 15.0228, 2.58169
85.3, 15.0419, 2.58169
85.325, 15.0887, 2.58156
85.35, 15.1438, 2.58156
85.375, 15.2034, 2.58143
85.4, 15.263, 2.58131
85.425, 15.2975, 2.57875
85.45, 15.3186, 2.57734
85.475, 15.3082, 2.57453
85.5, 15.2844, 2.57428
85.525, 15.2522, 2.57121
85.55, 15.2182, 2.57108
85.575, 15.2304, 2.57108
85.6, 15.2615, 2.57095
85.625, 15.3136, 2.57006
85.65, 15.3703, 2.56737
85.675, 15.4237, 2.55472
85.7, 15.4607, 2.55395
85.725, 15.4359, 2.53784
85.75, 15.3886, 2.53414
85.775, 15.3096, 2.53362
85.8, 15.2263, 2.53375
85.825, 15.1873, 2.53388
85.85, 15.1667, 2.53388
85.875, 15.1781, 2.53414
85.9, 15.1998, 2.53414
85.925, 15.2285, 2.53388
85.95, 15.252, 2.53362
85.975, 15.2405, 2.53043
86, 15.2193, 2.53005
86.025, 15.1909, 2.52289
86.05, 15.1626, 2.5225
86.075, 15.1192, 2.51982
86.1, 15.0736, 2.51905
86.125, 15.0444, 2.51892
86.15, 15.0228, 2.5188
86.175, 15.0045, 2.51841
86.2, 14.9888, 2.51841
86.225, 14.9764, 2.51586
86.25, 14.965, 2.51573
86.275, 14.961, 2.51535
86.3, 14.9621, 2.51522
86.325, 14.9591, 2.51496
86.35, 14.9548, 2.51496
86.375, 14.9415, 2.51509
86.4, 14.9247, 2.51522
86.425, 14.9087, 2.51509
86.45, 14.8944, 2.51522
86.475, 14.9056, 2.5156
86.5, 14.9262, 2.51573
86.525, 14.9512, 2.51598
86.55, 14.9765, 2.51624
86.575, 14.9965, 2.51637
86.6, 15.0084, 2.51637
86.625, 14.9876, 2.5165
86.65, 14.9557, 2.51675
86.675, 14.913, 2.51688
86.7, 14.8681, 2.51701
86.725, 14.8576, 2.5188
86.75, 14.8637, 2.51944
86.775, 14.8985, 2.52647
86.8, 14.9376, 2.52659
86.825, 14.9855, 2.52851
86.85, 15.0233, 2.52864
86.875, 14.9973, 2.52864
86.9, 14.9513, 2.52877
86.925, 14.8922, 2.52966
86.95, 14.8296, 2.5303
86.975, 14.7983, 2.53887
87, 14.7852, 2.53951
87.025, 14.8189, 2.54155
87.05, 14.865, 2.54168
87.075, 14.9288, 2.54193
87.1, 14.9969, 2.54193
87.125, 15.0153, 2.54181
87.15, 15.0149, 2.54181
87.175, 14.9975, 2.54181
87.2, 14.975, 2.54181
87.225, 14.9562, 2.54181
87.25, 14.9408, 2.54181
87.275, 14.9339, 2.54193
87.3, 14.9306, 2.54181
87.325, 14.9309, 2.54181
87.35, 14.9331, 2.54181
87.375, 14.9486, 2.54181
87.4, 14.9688, 2.54181
87.425, 14.9931, 2.54193
87.45, 15.0179, 2.54193
87.475, 15.0392, 2.54181
87.5, 15.0572, 2.54181
87.525, 15.0681, 2.54168
87.55, 15.0761, 2.54181
87.575, 15.0781, 2.54155
87.6, 15.0778, 2.54155
87.625, 15.0833, 2.54129
87.65, 15.0912, 2.54129
87.675, 15.103, 2.54129
87.7, 15.1155, 2.54104
87.725, 15.1267, 2.5372
87.75, 15.1323, 2.53426
87.775, 15.1075, 2.52596
87.8, 15.0807, 2.5257
87.825, 15.0448, 2.52506
87.85, 15.0032, 2.52506
87.875, 14.9886, 2.52506
87.9, 14.9866, 2.52506
87.925, 15.0031, 2.52493
87.95, 15.0262, 2.52493
87.975, 15.0555, 2.52493
88, 15.0854, 2.52493
88.025, 15.0537, 2.52493
88.05, 14.9994, 2.52506
88.075, 14.9275, 2.52519
88.1, 14.8523, 2.52544
88.125, 14.804, 2.52596
88.15, 14.7745, 2.52634
88.175, 14.7998, 2.52851
88.2, 14.8421, 2.52864
88.225, 14.8966, 2.5289
88.25, 14.9543, 2.52877
88.275, 14.9652, 2.52877
88.3, 14.9567, 2.52877
88.325, 14.9225, 2.52877
88.35, 14.8804, 2.5289
88.375, 14.8392, 2.52941
88.4, 14.8034, 2.52953
88.425, 14.7918, 2.52992
88.45, 14.7889, 2.53017
88.475, 14.7921, 2.53375
88.5, 14.8012, 2.53414
88.525, 14.8195, 2.53414
88.55, 14.837, 2.53414
88.575, 14.8501, 2.53414
88.6, 14.8629, 2.53426
88.625, 14.8758, 2.53414
88.65, 14.8886, 2.53414
88.675, 14.8994, 2.53414
88.7, 14.9088, 2.53414
88.725, 14.9158, 2.53414
88.75, 14.9219, 2.53414
88.775, 14.9291, 2.53414
88.8, 14.9365, 2.53414
88.825, 14.9449, 2.53414
88.85, 14.9531, 2.53414
88.875, 14.9593, 2.53414
88.9, 14.9643, 2.53414
88.925, 14.9554, 2.53414
88.95, 14.9414, 2.53414
88.975, 14.9229, 2.53414
89, 14.9037, 2.53414
89.025, 14.8994, 2.53414
89.05, 14.9043, 2.53414
89.075, 14.9344, 2.53414
89.1, 14.9722, 2.53401
89.125, 15.016, 2.53388
89.15, 15.0601, 2.53375
89.175, 15.0576, 2.53209
89.2, 15.037, 2.53196
89.225, 14.9937, 2.53184
89.25, 14.9434, 2.53196
89.275, 14.899, 2.53196
89.3, 14.8673, 2.53209
89.325, 14.8864, 2.53209
89.35, 14.923, 2.53222
89.375, 14.9755, 2.53209
89.4, 15.0312, 2.53209
89.425, 15.0329, 2.53184
89.45, 15.0099, 2.53184
89.475, 14.9448, 2.53158
89.5, 14.8668, 2.53158
89.525, 14.7812, 2.53158
89.55, 14.7062, 2.53171
89.575, 14.6914, 2.53209
89.6, 14.6988, 2.53222
89.625, 14.7266, 2.53235
89.65, 14.7605, 2.53222
89.675, 14.7847, 2.53222
89.7, 14.8028, 2.53209
89.725, 14.809, 2.53222
89.75, 14.8103, 2.53222
89.775, 14.808, 2.53209
89.8, 14.8047, 2.53196
89.825, 14.8067, 2.53184
89.85, 14.811, 2.53184
89.875, 14.8197, 2.53184
89.9, 14.8299, 2.53184
89.925, 14.8385, 2.53171
89.95, 14.8457, 2.53158
89.975, 14.8489, 2.53171
