20, 0.0803953, -0.155642
20.025, 0.128539, -0.155866
20.05, 0.178981, -0.156083
20.075, 0.178981, -0.156083
20.1, 0.178981, -0.156083
20.125, 0.178981, -0.156083
20.15, 0.178981, -0.156083
20.175, 0.178981, -0.156083
20.2, 0.0385795, 2.98521
20.225, 0.0681135, 2.98498
20.25, 0.0681135, 2.98498
20.275, 0.0761368, 2.98477
20.3, 0.0766612, 2.98456
20.325, 0.0766612, 2.98456
20.35, 0.0766612, 2.98456
20.375, 0.065208, 2.98436
20.4, 0.065208, 2.98436
20.425, 0.065208, 2.98436
20.45, 0.065208, 2.98436
20.475, 0.0409757, 2.98417
20.5, 0.0142327, 2.98399
20.525, 0.0140391, -0.157783
20.55, 0.0477896, -0.157968
20.575, 0.0477896, -0.157968
20.6, 0.0849375, -0.158178
20.625, 0.0849375, -0.158178
20.65, 0.127445, -0.1586
20.675, 0.127445, -0.1586
20.7, 0.127445, -0.1586
20.725, 0.127445, -0.1586
20.75, 0.127445, -0.1586
20.775, 0.127445, -0.1586
20.8, 0.127445, -0.1586
20.825, 0.153731, -0.161605
20.85, 0.182855, -0.164368
20.875, 0.182855, -0.164368
20.9, 0.182855, -0.164368
20.925, 0.205675, -0.16766
20.95, 0.229015, -0.171033
20.975, 0.25203, -0.17455
21, 0.25203, -0.17455
21.025, 0.27032, -0.178374
21.05, 0.287976, -0.182375
21.075, 0.287976, -0.182375
21.1, 0.303281, -0.186576
21.125, 0.303281, -0.186576
21.15, 0.318338, -0.190933
21.175, 0.318338, -0.190933
21.2, 0.318338, -0.190933
21.225, 0.318338, -0.190933
21.25, 0.329733, -0.195467
21.275, 0.329733, -0.195467
21.3, 0.329733, -0.195467
21.325, 0.339531, -0.200205
21.35, 0.350858, -0.204955
21.375, 0.350858, -0.204955
21.4, 0.36337, -0.209823
21.425, 0.377079, -0.214715
21.45, 0.377079, -0.214715
21.475, 0.39154, -0.219751
21.5, 0.406642, -0.224923
21.525, 0.422223, -0.230261
21.55, 0.422223, -0.230261
21.575, 0.422223, -0.230261
21.6, 0.436098, -0.235664
21.625, 0.450391, -0.241245
21.65, 0.465228, -0.247002
21.675, 0.480608, -0.25294
21.7, 0.480608, -0.25294
21.725, 0.496132, -0.259064
21.75, 0.496132, -0.259064
21.775, 0.496132, -0.259064
21.8, 0.496132, -0.259064
21.825, 0.496132, -0.259064
21.85, 0.508892, -0.265116
21.875, 0.508892, -0.265116
21.9, 0.521816, -0.271375
21.925, 0.521816, -0.271375
21.95, 0.53506, -0.277842
21.975, 0.53506, -0.277842
22, 0.548591, -0.284526
22.025, 0.548591, -0.284526
22.05, 0.548591, -0.284526
22.075, 0.562132, -0.291416
22.1, 0.576177, -0.298509
22.125, 0.576177, -0.298509
22.15, 0.590379, -0.30584
22.175, 0.590379, -0.30584
22.2, 0.590379, -0.30584
22.225, 0.604492, -0.313379
22.25, 0.619098, -0.321143
22.275, 0.619098, -0.321143
22.3, 0.619098, -0.321143
22.325, 0.619098, -0.321143
22.35, 0.619098, -0.321143
22.375, 0.634236, -0.329164
22.4, 0.650017, -0.337375
22.425, 0.650017, -0.337375
22.45, 0.666251, -0.345843
22.475, 0.666251, -0.345843
22.5, 0.666251, -0.345843
22.525, 0.666251, -0.345843
22.55, 0.666251, -0.345843
22.575, 0.666251, -0.345843
22.6, 0.666251, -0.345843
22.625, 0.666251, -0.345843
22.65, 0.666251, -0.345843
22.675, 0.683072, -0.354587
22.7, 0.700489, -0.363559
22.725, 0.718451, -0.372785
22.75, 0.718451, -0.372785
22.775, 0.737198, -0.382263
22.8, 0.737198, -0.382263
22.825, 0.737198, -0.382263
22.85, 0.737198, -0.382263
22.875, 0.756787, -0.391809
22.9, 0.756787, -0.391809
22.925, 0.756787, -0.391809
22.95, 0.756787, -0.391809
22.975, 0.777004, -0.401542
23, 0.797871, -0.411513
23.025, 0.797871, -0.411513
23.05, 0.797871, -0.411513
23.075, 0.797871, -0.411513
23.1, 0.819488, -0.421689
23.125, 0.841782, -0.432073
23.15, 0.864743, -0.442678
23.175, 0.864743, -0.442678
23.2, 0.888299, -0.453534
23.225, 0.912479, -0.464653
23.25, 0.937278, -0.476035
23.275, 0.937278, -0.476035
23.3, 0.937278, -0.476035
23.325, 0.962635, -0.487696
23.35, 0.962635, -0.487696
23.375, 0.962635, -0.487696
23.4, 0.988465, -0.499652
23.425, 0.988465, -0.499652
23.45, 1.01499, -0.511876
23.475, 1.04209, -0.524361
23.5, 1.04209, -0.524361
23.525, 1.0697, -0.537119
23.55, 1.0697, -0.537119
23.575, 1.0697, -0.537119
23.6, 1.09771, -0.550171
23.625, 1.09771, -0.550171
23.65, 1.09771, -0.550171
23.675, 1.09771, -0.550171
23.7, 1.09771, -0.550171
23.725, 1.09771, -0.550171
23.75, 1.09771, -0.550171
23.775, 1.1261, -0.563449
23.8, 1.1261, -0.563449
23.825, 1.15491, -0.577005
23.85, 1.15491, -0.577005
23.875, 1.18407, -0.590841
23.9, 1.18407, -0.590841
23.925, 1.18407, -0.590841
23.95, 1.21379, -0.604925
23.975, 1.21379, -0.604925
24, 1.24371, -0.619152
24.025, 1.27396, -0.633569
24.05, 1.27396, -0.633569
24.075, 1.27396, -0.633569
24.1, 1.30446, -0.648238
24.125, 1.30446, -0.648238
24.15, 1.30446, -0.648238
24.175, 1.33521, -0.663148
24.2, 1.36627, -0.67828
24.225, 1.36627, -0.67828
24.25, 1.39741, -0.693563
24.275, 1.39741, -0.693563
24.3, 1.39741, -0.693563
24.325, 1.39741, -0.693563
24.35, 1.39741, -0.693563
24.375, 1.42853, -0.709028
24.4, 1.42853, -0.709028
24.425, 1.45972, -0.724684
24.45, 1.49094, -0.740521
24.475, 1.49094, -0.740521
24.5, 1.52214, -0.756525
24.525, 1.52214, -0.756525
24.55, 1.52214, -0.756525
24.575, 1.52214, -0.756525
24.6, 1.55326, -0.772683
24.625, 1.55326, -0.772683
24.65, 1.58424, -0.788982
24.675, 1.58424, -0.788982
24.7, 1.58424, -0.788982
24.725, 1.58424, -0.788982
24.75, 1.61504, -0.805395
24.775, 1.61504, -0.805395
24.8, 1.64562, -0.821903
24.825, 1.67594, -0.838492
24.85, 1.70596, -0.855143
24.875, 1.73564, -0.871839
24.9, 1.73564, -0.871839
24.925, 1.73564, -0.871839
24.95, 1.76489, -0.888564
24.975, 1.76489, -0.888564
25, 1.76489, -0.888564
25.025, 1.76489, -0.888564
25.05, 1.76489, -0.888564
25.075, 1.76489, -0.888564
25.1, 1.76489, -0.888564
25.125, 1.79374, -0.905299
25.15, 1.79374, -0.905299
25.175, 1.79374, -0.905299
25.2, 1.82203, -0.922004
25.225, 1.84976, -0.938688
25.25, 1.84976, -0.938688
25.275, 1.87671, -0.955328
25.3, 1.87671, -0.955328
25.325, 1.90288, -0.971898
25.35, 1.90288, -0.971898
25.375, 1.90288, -0.971898
25.4, 1.90288, -0.971898
25.425, 1.90288, -0.971898
25.45, 1.92793, -0.988282
25.475, 1.92793, -0.988282
25.5, 1.92793, -0.988282
25.525, 1.95242, -1.0046
25.55, 1.95242, -1.0046
25.575, 1.95242, -1.0046
25.6, 1.97613, -1.02081
25.625, 1.99918, -1.03689
25.65, 2.02158, -1.05283
25.675, 2.04334, -1.06861
25.7, 2.06443, -1.08422
25.725, 2.06443, -1.08422
25.75, 2.08476, -1.09965
25.775, 2.08476, -1.09965
25.8, 2.10414, -1.11487
25.825, 2.10414, -1.11487
25.85, 2.12253, -1.12989
25.875, 2.12253, -1.12989
25.9, 2.14014, -1.14468
25.925, 2.14014, -1.14468
25.95, 2.14014, -1.14468
25.975, 2.14014, -1.14468
26, 2.14014, -1.14468
26.025, 2.14014, -1.14468
26.05, 2.15702, -1.15926
26.075, 2.17313, -1.17361
26.1, 2.18849, -1.1877
26.125, 2.20311, -1.20155
26.15, 2.20311, -1.20155
26.175, 2.20311, -1.20155
26.2, 2.21689, -1.21515
26.225, 2.21689, -1.21515
26.25, 2.23009, -1.22848
26.275, 2.24272, -1.24154
26.3, 2.2548, -1.25431
26.325, 2.2548, -1.25431
26.35, 2.26625, -1.26681
26.375, 2.26625, -1.26681
26.4, 2.27704, -1.27904
26.425, 2.27704, -1.27904
26.45, 2.2869, -1.29098
26.475, 2.2869, -1.29098
26.5, 2.29607, -1.30265
26.525, 2.29607, -1.30265
26.55, 2.30488, -1.31404
26.575, 2.30488, -1.31404
26.6, 2.30488, -1.31404
26.625, 2.30488, -1.31404
26.65, 2.3134, -1.32518
26.675, 2.32126, -1.33605
26.7, 2.32126, -1.33605
26.725, 2.32839, -1.34664
26.75, 2.32839, -1.34664
26.775, 2.33533, -1.35696
26.8, 2.34188, -1.36698
26.825, 2.34767, -1.37667
26.85, 2.35243, -1.38602
26.875, 2.35243, -1.38602
26.9, 2.35642, -1.39509
26.925, 2.35642, -1.39509
26.95, 2.36016, -1.40393
26.975, 2.36362, -1.41253
27, 2.36362, -1.41253
27.025, 2.36362, -1.41253
27.05, 2.36672, -1.42088
27.075, 2.36672, -1.42088
27.1, 2.36911, -1.42897
27.125, 2.36911, -1.42897
27.15, 2.36911, -1.42897
27.175, 2.36911, -1.42897
27.2, 2.36911, -1.42897
27.225, 2.37098, -1.43683
27.25, 2.37098, -1.43683
27.275, 2.37098, -1.43683
27.3, 2.37264, -1.44447
27.325, 2.37264, -1.44447
27.35, 2.37264, -1.44447
27.375, 2.37264, -1.44447
27.4, 2.37264, -1.44447
27.425, 2.37411, -1.45189
27.45, 2.37411, -1.45189
27.475, 2.37544, -1.4591
27.5, 2.37544, -1.4591
27.525, 2.37544, -1.4591
27.55, 2.37544, -1.4591
27.575, 2.37652, -1.46611
27.6, 2.37652, -1.46611
27.625, 2.37652, -1.46611
27.65, 2.3774, -1.47292
27.675, 2.37815, -1.47953
27.7, 2.37815, -1.47953
27.725, 2.37876, -1.48595
27.75, 2.37876, -1.48595
27.775, 2.37876, -1.48595
27.8, 2.37876, -1.48595
27.825, 2.37916, -1.49219
27.85, 2.37916, -1.49219
27.875, 2.37916, -1.49219
27.9, 2.37862, -1.49822
27.925, 2.37785, -1.50409
27.95, 2.37706, -1.50978
27.975, 2.37706, -1.50978
28, 2.37615, -1.5153
28.025, 2.37615, -1.5153
28.05, 2.37615, -1.5153
28.075, 2.37615, -1.5153
28.1, 2.37479, -1.52066
28.125, 2.37479, -1.52066
28.15, 2.37204, -1.52586
28.175, 2.37204, -1.52586
28.2, 2.36957, -1.53091
28.225, 2.36957, -1.53091
28.25, 2.36957, -1.53091
28.275, 2.36671, -1.53579
28.3, 2.36671, -1.53579
28.325, 2.3637, -1.54051
28.35, 2.36073, -1.54508
28.375, 2.35782, -1.54952
28.4, 2.35495, -1.55383
28.425, 2.35213, -1.55801
28.45, 2.34935, -1.56205
28.475, 2.34935, -1.56205
28.5, 2.34654, -1.56597
28.525, 2.34654, -1.56597
28.55, 2.34654, -1.56597
28.575, 2.34654, -1.56597
28.6, 2.34654, -1.56597
28.625, 2.34654, -1.56597
28.65, 2.34371, -1.56977
28.675, 2.34371, -1.56977
28.7, 2.34104, -1.57346
28.725, 2.34104, -1.57346
28.75, 2.34104, -1.57346
28.775, 2.34104, -1.57346
28.8, 2.34104, -1.57346
28.825, 2.34104, -1.57346
28.85, 2.34104, -1.57346
28.875, 2.34104, -1.57346
28.9, 2.34104, -1.57346
28.925, 2.34104, -1.57346
28.95, 2.33863, -1.57704
28.975, 2.33628, -1.58051
29, 2.33397, -1.58387
29.025, 2.33166, -1.58715
29.05, 2.32939, -1.59032
29.075, 2.32717, -1.59339
29.1, 2.32498, -1.59636
29.125, 2.32277, -1.59923
29.15, 2.32046, -1.60201
29.175, 2.32046, -1.60201
29.2, 2.32046, -1.60201
29.225, 2.32046, -1.60201
29.25, 2.32046, -1.60201
29.275, 2.32046, -1.60201
29.3, 2.32046, -1.60201
29.325, 2.32046, -1.60201
29.35, 2.3186, -1.6047
29.375, 2.3186, -1.6047
29.4, 2.3186, -1.6047
29.425, 2.31615, -1.6073
29.45, 2.31353, -1.6098
29.475, 2.31353, -1.6098
29.5, 2.31116, -1.61224
29.525, 2.31116, -1.61224
29.55, 2.30866, -1.61461
29.575, 2.30866, -1.61461
29.6, 2.30614, -1.61691
29.625, 2.30369, -1.61914
29.65, 2.30127, -1.6213
29.675, 2.29886, -1.62338
29.7, 2.29886, -1.62338
29.725, 2.29886, -1.62338
29.75, 2.29651, -1.6254
29.775, 2.29423, -1.62736
29.8, 2.29203, -1.62926
29.825, 2.29203, -1.62926
29.85, 2.29203, -1.62926
29.875, 2.28979, -1.6311
29.9, 2.28751, -1.6329
29.925, 2.28516, -1.63465
29.95, 2.28516, -1.63465
29.975, 2.28247, -1.63635
30, 2.28247, -1.63635
30, 2.27957, -1.63802
30.025, 2.27678, -1.63963
30.05, 2.27678, -1.63963
30.075, 2.2739, -1.6412
30.1, 2.2739, -1.6412
30.125, 2.27076, -1.64271
30.15, 2.27076, -1.64271
30.175, 2.27076, -1.64271
30.2, 2.26773, -1.64418
30.225, 2.26773, -1.64418
30.25, 2.26773, -1.64418
30.275, 2.26773, -1.64418
30.3, 2.26184, -1.6456
30.325, 2.25561, -1.64698
30.35, 2.25065, -1.64832
30.375, 2.25065, -1.64832
30.4, 2.25065, -1.64832
30.425, 2.24648, -1.64961
30.45, 2.24498, -1.65086
30.475, 2.24498, -1.65086
30.5, 2.24498, -1.65086
30.525, 2.24498, -1.65086
30.55, 2.24498, -1.65086
30.575, 2.24498, -1.65086
30.6, 2.24245, -1.65204
30.625, 2.24245, -1.65204
30.65, 2.24245, -1.65204
30.675, 2.24245, -1.65204
30.7, 2.24245, -1.65204
30.725, 2.24245, -1.65204
30.75, 2.24327, -1.65305
30.775, 2.23972, -1.65404
30.8, 2.23972, -1.65404
30.825, 2.23972, -1.65404
30.85, 2.23972, -1.65404
30.875, 2.23972, -1.65404
30.9, 2.237, -1.655
30.925, 2.23658, -1.65591
30.95, 2.23658, -1.65591
30.975, 2.23658, -1.65591
31, 2.23658, -1.65591
31.025, 2.23658, -1.65591
31.05, 2.23616, -1.65679
31.075, 2.23709, -1.65763
31.1, 2.23887, -1.65843
31.125, 2.24135, -1.65921
31.15, 2.24449, -1.65995
31.175, 2.24852, -1.66066
31.2, 2.25337, -1.66134
31.225, 2.25337, -1.66134
31.25, 2.25337, -1.66134
31.275, 2.25337, -1.66134
31.3, 2.25337, -1.66134
31.325, 2.25337, -1.66134
31.35, 2.25337, -1.66134
31.375, 2.25337, -1.66134
31.4, 2.25337, -1.66134
31.425, 2.25337, -1.66134
31.45, 2.25337, -1.66134
31.475, 2.25337, -1.66134
31.5, 2.25797, -1.662
31.525, 2.25797, -1.662
31.55, 2.25797, -1.662
31.575, 2.25797, -1.662
31.6, 2.25797, -1.662
31.625, 2.25797, -1.662
31.65, 2.26268, -1.66262
31.675, 2.26691, -1.66321
31.7, 2.26691, -1.66321
31.725, 2.26691, -1.66321
31.75, 2.26691, -1.66321
31.775, 2.27123, -1.6638
31.8, 2.27123, -1.6638
31.825, 2.27525, -1.66441
31.85, 2.27924, -1.66503
31.875, 2.27924, -1.66503
31.9, 2.27924, -1.66503
31.925, 2.28319, -1.66562
31.95, 2.287, -1.66618
31.975, 2.29068, -1.66673
32, 2.29068, -1.66673
32.025, 2.29068, -1.66673
32.05, 2.29381, -1.66727
32.075, 2.29628, -1.66782
32.1, 2.29628, -1.66782
32.125, 2.29628, -1.66782
32.15, 2.29628, -1.66782
32.175, 2.29863, -1.66835
32.2, 2.29863, -1.66835
32.225, 2.29863, -1.66835
32.25, 2.29863, -1.66835
32.275, 2.29863, -1.66835
32.3, 2.30016, -1.66888
32.325, 2.30086, -1.66941
32.35, 2.30086, -1.66941
32.375, 2.30086, -1.66941
32.4, 2.30063, -1.66994
32.425, 2.29987, -1.67047
32.45, 2.29862, -1.67099
32.475, 2.29685, -1.67151
32.5, 2.29469, -1.67201
32.525, 2.29469, -1.67201
32.55, 2.29469, -1.67201
32.575, 2.29292, -1.6725
32.6, 2.29292, -1.6725
32.625, 2.29292, -1.6725
32.65, 2.29104, -1.67297
32.675, 2.28872, -1.67343
32.7, 2.28872, -1.67343
32.725, 2.28872, -1.67343
32.75, 2.28872, -1.67343
32.775, 2.28621, -1.67389
32.8, 2.28366, -1.67433
32.825, 2.28366, -1.67433
32.85, 2.28121, -1.67475
32.875, 2.28121, -1.67475
32.9, 2.28121, -1.67475
32.925, 2.28121, -1.67475
32.95, 2.28121, -1.67475
32.975, 2.27743, -1.67519
33, 2.27743, -1.67519
33.025, 2.27743, -1.67519
33.05, 2.27453, -1.6756
33.075, 2.27341, -1.67596
33.1, 2.27404, -1.67628
33.125, 2.27404, -1.67628
33.15, 2.27508, -1.67659
33.175, 2.27628, -1.67687
33.2, 2.27628, -1.67687
33.225, 2.27628, -1.67687
33.25, 2.2766, -1.67717
33.275, 2.27598, -1.67747
33.3, 2.27598, -1.67747
33.325, 2.27598, -1.67747
33.35, 2.27639, -1.67774
33.375, 2.27639, -1.67774
33.4, 2.27682, -1.67799
33.425, 2.27682, -1.67799
33.45, 2.27682, -1.67799
33.475, 2.27682, -1.67799
33.5, 2.27725, -1.67823
33.525, 2.27767, -1.67846
33.55, 2.27813, -1.67869
33.575, 2.27868, -1.6789
33.6, 2.27868, -1.6789
33.625, 2.27927, -1.67911
33.65, 2.27991, -1.6793
33.675, 2.27991, -1.6793
33.7, 2.28055, -1.67948
33.725, 2.28055, -1.67948
33.75, 2.28055, -1.67948
33.775, 2.28055, -1.67948
33.8, 2.28105, -1.67966
33.825, 2.28149, -1.67982
33.85, 2.28149, -1.67982
33.875, 2.28176, -1.67998
33.9, 2.28176, -1.67998
33.925, 2.28167, -1.68012
33.95, 2.28167, -1.68012
33.975, 2.28117, -1.68026
34, 2.28117, -1.68026
34.025, 2.28117, -1.68026
34.05, 2.28117, -1.68026
34.075, 2.28059, -1.68039
34.1, 2.28059, -1.68039
34.125, 2.28012, -1.68053
34.15, 2.27978, -1.68066
34.175, 2.27951, -1.68079
34.2, 2.27915, -1.68091
34.225, 2.27915, -1.68091
34.25, 2.2784, -1.68102
34.275, 2.27716, -1.68113
34.3, 2.27716, -1.68113
34.325, 2.27601, -1.68123
34.35, 2.2751, -1.68134
34.375, 2.27421, -1.68146
34.4, 2.27297, -1.68159
34.425, 2.27297, -1.68159
34.45, 2.27176, -1.68173
34.475, 2.27176, -1.68173
34.5, 2.27017, -1.68185
34.525, 2.27017, -1.68185
34.55, 2.27017, -1.68185
34.575, 2.27017, -1.68185
34.6, 2.27017, -1.68185
34.625, 2.26915, -1.68195
34.65, 2.26915, -1.68195
34.675, 2.26915, -1.68195
34.7, 2.26915, -1.68195
34.725, 2.26915, -1.68195
34.75, 2.26915, -1.68195
34.775, 2.26836, -1.68205
34.8, 2.26836, -1.68205
34.825, 2.26836, -1.68205
34.85, 2.26836, -1.68205
34.875, 2.26836, -1.68205
34.9, 2.26756, -1.68215
34.925, 2.26756, -1.68215
34.95, 2.26756, -1.68215
34.975, 2.26756, -1.68215
35, 2.26756, -1.68215
35.025, 2.2664, -1.68225
35.05, 2.2664, -1.68225
35.075, 2.2664, -1.68225
35.1, 2.2664, -1.68225
35.125, 2.2664, -1.68225
35.15, 2.2664, -1.68225
35.175, 2.26473, -1.68236
35.2, 2.26242, -1.68248
35.225, 2.25936, -1.68261
35.25, 2.25936, -1.68261
35.275, 2.25936, -1.68261
35.3, 2.25936, -1.68261
35.325, 2.25936, -1.68261
35.35, 2.25936, -1.68261
35.375, 2.25936, -1.68261
35.4, 2.25936, -1.68261
35.425, 2.2573, -1.68271
35.45, 2.2573, -1.68271
35.475, 2.2573, -1.68271
35.5, 2.2573, -1.68271
35.525, 2.2573, -1.68271
35.55, 2.2573, -1.68271
35.575, 2.2573, -1.68271
35.6, 2.25487, -1.68283
35.625, 2.25343, -1.68292
35.65, 2.25343, -1.68292
35.675, 2.25291, -1.683
35.7, 2.25291, -1.683
35.725, 2.25291, -1.683
35.75, 2.25291, -1.683
35.775, 2.25291, -1.683
35.8, 2.25291, -1.683
35.825, 2.25291, -1.683
35.85, 2.25186, -1.68309
35.875, 2.25186, -1.68309
35.9, 2.25112, -1.68317
35.925, 2.25088, -1.68324
35.95, 2.25088, -1.68324
35.975, 2.25088, -1.68324
36, 2.25072, -1.68331
36.025, 2.25072, -1.68331
36.05, 2.25072, -1.68331
36.075, 2.25039, -1.68337
36.1, 2.24991, -1.68344
36.125, 2.24934, -1.68351
36.15, 2.24934, -1.68351
36.175, 2.24934, -1.68351
36.2, 2.24892, -1.68357
36.225, 2.24892, -1.68357
36.25, 2.24892, -1.68357
36.275, 2.24849, -1.68364
36.3, 2.24849, -1.68364
36.325, 2.24849, -1.68364
36.35, 2.24804, -1.6837
36.375, 2.24757, -1.68376
36.4, 2.24709, -1.68381
36.425, 2.24709, -1.68381
36.45, 2.24709, -1.68381
36.475, 2.24662, -1.68387
36.5, 2.24622, -1.68392
36.525, 2.24622, -1.68392
36.55, 2.24622, -1.68392
36.575, 2.24622, -1.68392
36.6, 2.24622, -1.68392
36.625, 2.24622, -1.68392
36.65, 2.24622, -1.68392
36.675, 2.24622, -1.68392
36.7, 2.24622, -1.68392
36.725, 2.24622, -1.68392
36.75, 2.24622, -1.68392
36.775, 2.24598, -1.68397
36.8, 2.24598, -1.68397
36.825, 2.24598, -1.68397
36.85, 2.24598, -1.68397
36.875, 2.24598, -1.68397
36.9, 2.24539, -1.68403
36.925, 2.24494, -1.68408
36.95, 2.24494, -1.68408
36.975, 2.24378, -1.68415
37, 2.24378, -1.68415
37.025, 2.24254, -1.68423
37.05, 2.24254, -1.68423
37.075, 2.24254, -1.68423
37.1, 2.24254, -1.68423
37.125, 2.24254, -1.68423
37.15, 2.24046, -1.68431
37.175, 2.23833, -1.6844
37.2, 2.23833, -1.6844
37.225, 2.23833, -1.6844
37.25, 2.23628, -1.68448
37.275, 2.23628, -1.68448
37.3, 2.23628, -1.68448
37.325, 2.23431, -1.68455
37.35, 2.23431, -1.68455
37.375, 2.23224, -1.68462
37.4, 2.23015, -1.68469
37.425, 2.22812, -1.68475
37.45, 2.22617, -1.68482
37.475, 2.22431, -1.68488
37.5, 2.22431, -1.68488
37.525, 2.22431, -1.68488
37.55, 2.22431, -1.68488
37.575, 2.22249, -1.68494
37.6, 2.22249, -1.68494
37.625, 2.22249, -1.68494
37.65, 2.22249, -1.68494
37.675, 2.22249, -1.68494
37.7, 2.22069, -1.685
37.725, 2.21887, -1.68506
37.75, 2.21699, -1.68512
37.775, 2.215, -1.68518
37.8, 2.21287, -1.68525
37.825, 2.21287, -1.68525
37.85, 2.2105, -1.68532
37.875, 2.20786, -1.68539
37.9, 2.20786, -1.68539
37.925, 2.20786, -1.68539
37.95, 2.20786, -1.68539
37.975, 2.20559, -1.68545
38, 2.20559, -1.68545
38.025, 2.20341, -1.68551
38.05, 2.20341, -1.68551
38.075, 2.20122, -1.68557
38.1, 2.19873, -1.68564
38.125, 2.19873, -1.68564
38.15, 2.19558, -1.68572
38.175, 2.19206, -1.68581
38.2, 2.18895, -1.68589
38.225, 2.18895, -1.68589
38.25, 2.18895, -1.68589
38.275, 2.18895, -1.68589
38.3, 2.18895, -1.68589
38.325, 2.18642, -1.68595
38.35, 2.18642, -1.68595
38.375, 2.18284, -1.68603
38.4, 2.17791, -1.68614
38.425, 2.17791, -1.68614
38.45, 2.17791, -1.68614
38.475, 2.17791, -1.68614
38.5, 2.17791, -1.68614
38.525, 2.17791, -1.68614
38.55, 2.17355, -1.68624
38.575, 2.17355, -1.68624
38.6, 2.16933, -1.68634
38.625, 2.16933, -1.68634
38.65, 2.16933, -1.68634
38.675, 2.16933, -1.68634
38.7, 2.16484, -1.68644
38.725, 2.16484, -1.68644
38.75, 2.16484, -1.68644
38.775, 2.16025, -1.68654
38.8, 2.16025, -1.68654
38.825, 2.16025, -1.68654
38.85, 2.15572, -1.68663
38.875, 2.15138, -1.68673
38.9, 2.15138, -1.68673
38.925, 2.15138, -1.68673
38.95, 2.15138, -1.68673
38.975, 2.14712, -1.68682
39, 2.14293, -1.68691
39.025, 2.14293, -1.68691
39.05, 2.14293, -1.68691
39.075, 2.14293, -1.68691
39.1, 2.14293, -1.68691
39.125, 2.14293, -1.68691
39.15, 2.14293, -1.68691
39.175, 2.14293, -1.68691
39.2, 2.13863, -1.687
39.225, 2.13418, -1.68709
39.25, 2.13418, -1.68709
39.275, 2.13418, -1.68709
39.3, 2.13418, -1.68709
39.325, 2.12928, -1.68718
39.35, 2.12928, -1.68718
39.375, 2.12526, -1.68727
39.4, 2.12526, -1.68727
39.425, 2.12179, -1.68734
39.45, 2.11854, -1.68742
39.475, 2.11854, -1.68742
39.5, 2.11419, -1.68751
39.525, 2.11419, -1.68751
39.55, 2.10715, -1.68763
39.575, 2.10715, -1.68763
39.6, 2.10715, -1.68763
39.625, 2.10265, -1.68771
39.65, 2.09989, -1.68778
39.675, 2.09834, -1.68785
39.7, 2.09834, -1.68785
39.725, 2.09834, -1.68785
39.75, 2.09713, -1.68791
39.775, 2.09713, -1.68791
39.8, 2.09561, -1.68797
39.825, 2.09561, -1.68797
39.85, 2.09561, -1.68797
39.875, 2.09561, -1.68797
39.9, 2.09561, -1.68797
39.925, 2.09561, -1.68797
39.95, 2.09561, -1.68797
39.975, 2.08955, -1.6881
40, 2.0808, -1.68824
40, 2.0808, -1.68824
40.025, 2.0808, -1.68824
40.05, 2.0808, -1.68824
40.075, 2.0808, -1.68824
40.1, 2.06983, -1.68839
40.125, 2.06983, -1.68839
40.15, 2.06983, -1.68839
40.175, 2.06983, -1.68839
40.2, 2.05277, -1.68856
40.225, 2.03406, -1.68872
40.25, 2.01628, -1.68888
40.275, 2.01628, -1.68888
40.3, 2.01628, -1.68888
40.325, 1.99688, -1.68904
40.35, 1.97834, -1.68919
40.375, 1.96146, -1.68933
40.4, 1.96146, -1.68933
40.425, 1.94432, -1.68946
40.45, 1.94432, -1.68946
40.475, 1.92707, -1.6896
40.5, 1.91168, -1.68972
40.525, 1.91168, -1.68972
40.55, 1.91168, -1.68972
40.575, 1.91168, -1.68972
40.6, 1.91168, -1.68972
40.625, 1.89662, -1.68983
40.65, 1.89662, -1.68983
40.675, 1.89662, -1.68983
40.7, 1.88352, -1.68998
40.725, 1.88352, -1.68998
40.75, 1.87079, -1.69012
40.775, 1.87079, -1.69012
40.8, 1.85848, -1.69026
40.825, 1.84764, -1.69038
40.85, 1.84764, -1.69038
40.875, 1.84764, -1.69038
40.9, 1.84764, -1.69038
40.925, 1.84764, -1.69038
40.95, 1.84764, -1.69038
40.975, 1.83777, -1.69044
41, 1.83777, -1.69044
41.025, 1.82837, -1.6905
41.05, 1.81962, -1.69055
41.075, 1.81114, -1.69061
41.1, 1.81114, -1.69061
41.125, 1.81114, -1.69061
41.15, 1.81114, -1.69061
41.175, 1.80334, -1.69067
41.2, 1.79832, -1.69073
41.225, 1.79832, -1.69073
41.25, 1.79832, -1.69073
41.275, 1.79832, -1.69073
41.3, 1.79832, -1.69073
41.325, 1.79832, -1.69073
41.35, 1.79832, -1.69073
41.375, 1.79832, -1.69073
41.4, 1.79832, -1.69073
41.425, 1.7961, -1.69065
41.45, 1.79495, -1.69058
41.475, 1.79475, -1.69051
41.5, 1.79535, -1.69044
41.525, 1.79535, -1.69044
41.55, 1.7962, -1.69038
41.575, 1.7962, -1.69038
41.6, 1.79727, -1.69032
41.625, 1.79727, -1.69032
41.65, 1.79727, -1.69032
41.675, 1.79837, -1.69027
41.7, 1.79837, -1.69027
41.725, 1.79837, -1.69027
41.75, 1.79837, -1.69027
41.775, 1.79924, -1.69023
41.8, 1.79924, -1.69023
41.825, 1.79924, -1.69023
41.85, 1.79965, -1.69022
41.875, 1.8002, -1.69022
41.9, 1.8002, -1.69022
41.925, 1.80073, -1.69023
41.95, 1.80123, -1.69023
41.975, 1.80123, -1.69023
42, 1.80123, -1.69023
42.025, 1.80149, -1.69024
42.05, 1.80149, -1.69024
42.075, 1.80149, -1.69024
42.1, 1.80149, -1.69024
42.125, 1.79985, -1.6903
42.15, 1.79985, -1.6903
42.175, 1.79985, -1.6903
42.2, 1.79985, -1.6903
42.225, 1.79985, -1.6903
42.25, 1.80064, -1.69031
42.275, 1.80152, -1.6903
42.3, 1.80152, -1.6903
42.325, 1.80152, -1.6903
42.35, 1.80152, -1.6903
42.375, 1.80152, -1.6903
42.4, 1.80152, -1.6903
42.425, 1.80313, -1.69029
42.45, 1.80313, -1.69029
42.475, 1.80313, -1.69029
42.5, 1.80313, -1.69029
42.525, 1.80313, -1.69029
42.55, 1.80313, -1.69029
42.575, 1.80313, -1.69029
42.6, 1.80328, -1.69029
42.625, 1.80192, -1.69033
42.65, 1.79902, -1.69039
42.675, 1.79472, -1.69048
42.7, 1.79472, -1.69048
42.725, 1.78963, -1.69058
42.75, 1.78426, -1.69069
42.775, 1.78426, -1.69069
42.8, 1.78426, -1.69069
42.825, 1.77861, -1.6908
42.85, 1.77282, -1.69091
42.875, 1.77282, -1.69091
42.9, 1.77282, -1.69091
42.925, 1.77282, -1.69091
42.95, 1.76686, -1.69102
42.975, 1.76686, -1.69102
43, 1.76686, -1.69102
43.025, 1.76686, -1.69102
43.05, 1.76686, -1.69102
43.075, 1.76136, -1.69113
43.1, 1.76136, -1.69113
43.125, 1.76136, -1.69113
43.15, 1.76136, -1.69113
43.175, 1.75589, -1.69123
43.2, 1.75589, -1.69123
43.225, 1.75589, -1.69123
43.25, 1.75589, -1.69123
43.275, 1.75589, -1.69123
43.3, 1.75589, -1.69123
43.325, 1.75164, -1.69131
43.35, 1.74877, -1.69138
43.375, 1.74877, -1.69138
43.4, 1.74877, -1.69138
43.425, 1.74628, -1.69144
43.45, 1.74628, -1.69144
43.475, 1.74628, -1.69144
43.5, 1.74239, -1.69151
43.525, 1.74239, -1.69151
43.55, 1.73692, -1.69162
43.575, 1.73161, -1.69172
43.6, 1.72747, -1.6918
43.625, 1.72747, -1.6918
43.65, 1.72747, -1.6918
43.675, 1.72388, -1.69188
43.7, 1.72388, -1.69188
43.725, 1.72388, -1.69188
43.75, 1.72388, -1.69188
43.775, 1.72004, -1.69196
43.8, 1.71581, -1.69205
43.825, 1.71192, -1.69213
43.85, 1.71192, -1.69213
43.875, 1.71192, -1.69213
43.9, 1.70865, -1.6922
43.925, 1.70865, -1.6922
43.95, 1.70865, -1.6922
43.975, 1.70865, -1.6922
44, 1.70865, -1.6922
44.025, 1.70553, -1.69227
44.05, 1.70553, -1.69227
44.075, 1.70553, -1.69227
44.1, 1.70553, -1.69227
44.125, 1.70553, -1.69227
44.15, 1.70553, -1.69227
44.175, 1.70271, -1.69233
44.2, 1.70019, -1.69239
44.225, 1.70019, -1.69239
44.25, 1.70019, -1.69239
44.275, 1.70019, -1.69239
44.3, 1.69787, -1.69244
44.325, 1.69586, -1.69248
44.35, 1.69416, -1.69252
44.375, 1.69416, -1.69252
44.4, 1.69416, -1.69252
44.425, 1.69261, -1.69256
44.45, 1.69129, -1.69259
44.475, 1.69029, -1.69262
44.5, 1.68955, -1.69264
44.525, 1.68896, -1.69265
44.55, 1.68896, -1.69265
44.575, 1.68896, -1.69265
44.6, 1.68844, -1.69266
44.625, 1.68779, -1.69268
44.65, 1.68678, -1.6927
44.675, 1.68528, -1.69274
44.7, 1.68528, -1.69274
44.725, 1.68423, -1.69276
44.75, 1.68423, -1.69276
44.775, 1.68423, -1.69276
44.8, 1.68423, -1.69276
44.825, 1.68423, -1.69276
44.85, 1.68254, -1.6928
44.875, 1.68254, -1.6928
44.9, 1.68102, -1.69284
44.925, 1.68102, -1.69284
44.95, 1.67898, -1.6929
44.975, 1.67698, -1.69295
45, 1.67698, -1.69295
45.025, 1.67528, -1.69299
45.05, 1.67528, -1.69299
45.075, 1.67298, -1.69304
45.1, 1.67298, -1.69304
45.125, 1.67298, -1.69304
45.15, 1.67081, -1.69309
45.175, 1.66864, -1.69314
45.2, 1.66654, -1.69318
45.225, 1.6645, -1.69323
45.25, 1.66251, -1.69327
45.275, 1.66057, -1.69331
45.3, 1.66057, -1.69331
45.325, 1.66057, -1.69331
45.35, 1.65866, -1.69334
45.375, 1.65866, -1.69334
45.4, 1.65866, -1.69334
45.425, 1.65866, -1.69334
45.45, 1.65866, -1.69334
45.475, 1.65676, -1.69338
45.5, 1.65676, -1.69338
45.525, 1.65676, -1.69338
45.55, 1.6549, -1.69341
45.575, 1.6549, -1.69341
45.6, 1.6549, -1.69341
45.625, 1.6549, -1.69341
45.65, 1.65309, -1.69344
45.675, 1.65309, -1.69344
45.7, 1.65309, -1.69344
45.725, 1.65134, -1.69346
45.75, 1.64965, -1.69349
45.775, 1.64965, -1.69349
45.8, 1.64965, -1.69349
45.825, 1.64965, -1.69349
45.85, 1.64965, -1.69349
45.875, 1.64965, -1.69349
45.9, 1.64965, -1.69349
45.925, 1.64918, -1.69348
45.95, 1.64739, -1.69347
45.975, 1.64739, -1.69347
46, 1.64739, -1.69347
46.025, 1.64739, -1.69347
46.05, 1.64777, -1.69343
46.075, 1.64777, -1.69343
46.1, 1.64777, -1.69343
46.125, 1.64777, -1.69343
46.15, 1.64852, -1.69336
46.175, 1.64852, -1.69336
46.2, 1.64852, -1.69336
46.225, 1.64852, -1.69336
46.25, 1.64611, -1.69334
46.275, 1.64611, -1.69334
46.3, 1.64406, -1.69332
46.325, 1.64406, -1.69332
46.35, 1.64263, -1.6933
46.375, 1.64155, -1.69328
46.4, 1.64155, -1.69328
46.425, 1.64155, -1.69328
46.45, 1.6402, -1.69326
46.475, 1.63836, -1.69324
46.5, 1.63836, -1.69324
46.525, 1.6361, -1.69322
46.55, 1.6336, -1.6932
46.575, 1.6336, -1.6932
46.6, 1.6336, -1.6932
46.625, 1.6336, -1.6932
46.65, 1.63077, -1.69318
46.675, 1.63077, -1.69318
46.7, 1.62826, -1.69316
46.725, 1.62826, -1.69316
46.75, 1.62826, -1.69316
46.775, 1.62576, -1.69314
46.8, 1.62334, -1.69312
46.825, 1.62334, -1.69312
46.85, 1.62104, -1.69311
46.875, 1.61897, -1.69309
46.9, 1.61897, -1.69309
46.925, 1.61705, -1.69308
46.95, 1.61705, -1.69308
46.975, 1.61705, -1.69308
47, 1.61705, -1.69308
47.025, 1.6153, -1.69306
47.05, 1.6153, -1.69306
47.075, 1.61353, -1.69304
47.1, 1.6116, -1.69302
47.125, 1.6116, -1.69302
47.15, 1.60952, -1.69301
47.175, 1.60952, -1.69301
47.2, 1.60952, -1.69301
47.225, 1.60952, -1.69301
47.25, 1.60504, -1.69305
47.275, 1.59897, -1.69312
47.3, 1.59897, -1.69312
47.325, 1.59389, -1.69318
47.35, 1.58988, -1.69322
47.375, 1.58988, -1.69322
47.4, 1.58621, -1.69327
47.425, 1.58621, -1.69327
47.45, 1.5826, -1.69331
47.475, 1.57842, -1.69336
47.5, 1.57842, -1.69336
47.525, 1.57842, -1.69336
47.55, 1.57842, -1.69336
47.575, 1.5752, -1.6934
47.6, 1.57235, -1.69343
47.625, 1.56993, -1.69345
47.65, 1.56993, -1.69345
47.675, 1.56773, -1.69348
47.7, 1.56572, -1.6935
47.725, 1.56381, -1.69352
47.75, 1.56381, -1.69352
47.775, 1.56381, -1.69352
47.8, 1.56381, -1.69352
47.825, 1.56381, -1.69352
47.85, 1.56381, -1.69352
47.875, 1.56381, -1.69352
47.9, 1.56381, -1.69352
47.925, 1.56381, -1.69352
47.95, 1.56381, -1.69352
47.975, 1.56381, -1.69352
48, 1.56213, -1.69353
48.025, 1.55928, -1.69356
48.05, 1.55486, -1.69361
48.075, 1.55486, -1.69361
48.1, 1.54993, -1.69366
48.125, 1.54993, -1.69366
48.15, 1.54486, -1.69371
48.175, 1.53964, -1.69377
48.2, 1.53453, -1.69382
48.225, 1.53003, -1.69387
48.25, 1.53003, -1.69387
48.275, 1.52622, -1.69391
48.3, 1.52622, -1.69391
48.325, 1.52622, -1.69391
48.35, 1.52622, -1.69391
48.375, 1.52622, -1.69391
48.4, 1.52622, -1.69391
48.425, 1.52622, -1.69391
48.45, 1.52237, -1.69396
48.475, 1.52237, -1.69396
48.5, 1.52237, -1.69396
48.525, 1.51912, -1.69403
48.55, 1.51912, -1.69403
48.575, 1.51912, -1.69403
48.6, 1.51912, -1.69403
48.625, 1.51912, -1.69403
48.65, 1.51912, -1.69403
48.675, 1.51912, -1.69403
48.7, 1.51912, -1.69403
48.725, 1.51912, -1.69403
48.75, 1.51912, -1.69403
48.775, 1.51591, -1.6941
48.8, 1.51294, -1.69417
48.825, 1.51003, -1.69423
48.85, 1.51003, -1.69423
48.875, 1.51003, -1.69423
48.9, 1.51003, -1.69423
48.925, 1.50734, -1.6943
48.95, 1.5046, -1.69436
48.975, 1.50191, -1.69442
49, 1.49937, -1.69448
49.025, 1.49937, -1.69448
49.05, 1.49695, -1.69453
49.075, 1.49695, -1.69453
49.1, 1.49695, -1.69453
49.125, 1.49462, -1.69459
49.15, 1.49462, -1.69459
49.175, 1.49462, -1.69459
49.2, 1.49462, -1.69459
49.225, 1.49462, -1.69459
49.25, 1.49238, -1.69464
49.275, 1.49238, -1.69464
49.3, 1.49023, -1.69469
49.325, 1.49023, -1.69469
49.35, 1.49023, -1.69469
49.375, 1.49023, -1.69469
49.4, 1.48812, -1.69474
49.425, 1.48812, -1.69474
49.45, 1.48812, -1.69474
49.475, 1.48812, -1.69474
49.5, 1.48812, -1.69474
49.525, 1.48812, -1.69474
49.55, 1.48634, -1.69478
49.575, 1.48634, -1.69478
49.6, 1.48453, -1.69482
49.625, 1.48294, -1.69485
49.65, 1.48294, -1.69485
49.675, 1.48035, -1.6949
49.7, 1.48035, -1.6949
49.725, 1.47702, -1.69496
49.75, 1.47702, -1.69496
49.775, 1.47474, -1.69501
49.8, 1.47474, -1.69501
49.825, 1.47474, -1.69501
49.85, 1.47161, -1.69511
49.875, 1.47161, -1.69511
49.9, 1.47161, -1.69511
49.925, 1.47161, -1.69511
49.95, 1.47161, -1.69511
49.975, 1.46849, -1.6952
50, 1.46849, -1.6952
50, 1.46588, -1.69527
50.025, 1.46588, -1.69527
50.05, 1.46588, -1.69527
50.075, 1.46588, -1.69527
50.1, 1.46105, -1.69535
50.125, 1.45458, -1.69543
50.15, 1.44723, -1.69551
50.175, 1.44723, -1.69551
50.2, 1.44723, -1.69551
50.225, 1.4358, -1.6956
50.25, 1.4358, -1.6956
50.275, 1.4358, -1.6956
50.3, 1.4358, -1.6956
50.325, 1.4358, -1.6956
50.35, 1.42463, -1.69569
50.375, 1.42463, -1.69569
50.4, 1.41587, -1.69578
50.425, 1.41587, -1.69578
50.45, 1.41587, -1.69578
50.475, 1.41587, -1.69578
50.5, 1.40402, -1.69584
50.525, 1.40402, -1.69584
50.55, 1.40402, -1.69584
50.575, 1.39528, -1.69589
50.6, 1.39367, -1.69588
50.625, 1.39367, -1.69588
50.65, 1.39367, -1.69588
50.675, 1.39367, -1.69588
50.7, 1.39367, -1.69588
50.725, 1.39121, -1.69578
50.75, 1.39364, -1.69564
50.775, 1.39364, -1.69564
50.8, 1.39648, -1.6955
50.825, 1.39648, -1.6955
50.85, 1.39648, -1.6955
50.875, 1.39648, -1.6955
50.9, 1.39648, -1.6955
50.925, 1.39943, -1.69542
50.95, 1.41104, -1.69527
50.975, 1.42966, -1.69508
51, 1.42966, -1.69508
51.025, 1.44727, -1.69489
51.05, 1.46421, -1.69471
51.075, 1.46421, -1.69471
51.1, 1.47871, -1.69455
51.125, 1.47871, -1.69455
51.15, 1.49496, -1.69437
51.175, 1.51597, -1.69415
51.2, 1.54045, -1.69393
51.225, 1.56805, -1.6937
51.25, 1.59657, -1.69349
51.275, 1.59657, -1.69349
51.3, 1.59657, -1.69349
51.325, 1.59657, -1.69349
51.35, 1.6264, -1.69314
51.375, 1.6264, -1.69314
51.4, 1.65485, -1.6928
51.425, 1.65485, -1.6928
51.45, 1.68281, -1.6925
51.475, 1.71141, -1.6922
51.5, 1.71141, -1.6922
51.525, 1.71141, -1.6922
51.55, 1.73895, -1.69192
51.575, 1.73895, -1.69192
51.6, 1.76538, -1.69164
51.625, 1.76538, -1.69164
51.65, 1.79083, -1.69137
51.675, 1.81587, -1.69111
51.7, 1.81587, -1.69111
51.725, 1.81587, -1.69111
51.75, 1.81587, -1.69111
51.775, 1.83788, -1.69092
51.8, 1.83788, -1.69092
51.825, 1.85823, -1.69077
51.85, 1.85823, -1.69077
51.875, 1.87699, -1.69065
51.9, 1.87699, -1.69065
51.925, 1.87699, -1.69065
51.95, 1.87699, -1.69065
51.975, 1.89362, -1.69058
52, 1.89362, -1.69058
52.025, 1.9081, -1.69054
52.05, 1.92063, -1.69053
52.075, 1.92063, -1.69053
52.1, 1.92063, -1.69053
52.125, 1.92063, -1.69053
52.15, 1.92063, -1.69053
52.175, 1.92063, -1.69053
52.2, 1.92063, -1.69053
52.225, 1.92063, -1.69053
52.25, 1.92063, -1.69053
52.275, 1.92063, -1.69053
52.3, 1.92063, -1.69053
52.325, 1.92063, -1.69053
52.35, 1.92063, -1.69053
52.375, 1.92063, -1.69053
52.4, 1.93347, -1.6905
52.425, 1.94265, -1.69052
52.45, 1.95058, -1.69055
52.475, 1.9587, -1.69057
52.5, 1.9587, -1.69057
52.525, 1.9587, -1.69057
52.55, 1.9657, -1.69059
52.575, 1.9657, -1.69059
52.6, 1.9657, -1.69059
52.625, 1.96777, -1.69069
52.65, 1.96777, -1.69069
52.675, 1.96777, -1.69069
52.7, 1.96777, -1.69069
52.725, 1.97429, -1.6907
52.75, 1.97429, -1.6907
52.775, 1.97429, -1.6907
52.8, 1.98178, -1.69072
52.825, 1.98178, -1.69072
52.85, 1.98178, -1.69072
52.875, 1.98646, -1.69076
52.9, 1.9884, -1.69084
52.925, 1.98781, -1.69094
52.95, 1.98781, -1.69094
52.975, 1.98842, -1.69102
53, 1.99065, -1.69109
53.025, 1.99065, -1.69109
53.05, 1.99065, -1.69109
53.075, 1.99065, -1.69109
53.1, 1.99065, -1.69109
53.125, 1.99065, -1.69109
53.15, 1.99065, -1.69109
53.175, 1.99065, -1.69109
53.2, 1.99208, -1.69115
53.225, 1.99208, -1.69115
53.25, 1.99208, -1.69115
53.275, 1.99444, -1.6912
53.3, 1.99444, -1.6912
53.325, 1.99714, -1.69125
53.35, 1.99714, -1.69125
53.375, 1.99996, -1.69129
53.4, 2.00292, -1.69133
53.425, 2.00591, -1.69136
53.45, 2.00894, -1.6914
53.475, 2.012, -1.69143
53.5, 2.012, -1.69143
53.525, 2.01501, -1.69145
53.55, 2.01501, -1.69145
53.575, 2.01501, -1.69145
53.6, 2.01501, -1.69145
53.625, 2.01842, -1.69148
53.65, 2.01842, -1.69148
53.675, 2.01842, -1.69148
53.7, 2.01842, -1.69148
53.725, 2.01842, -1.69148
53.75, 2.0217, -1.6915
53.775, 2.0217, -1.6915
53.8, 2.0217, -1.6915
53.825, 2.0247, -1.69152
53.85, 2.02833, -1.69153
53.875, 2.02833, -1.69153
53.9, 2.02833, -1.69153
53.925, 2.02833, -1.69153
53.95, 2.02833, -1.69153
53.975, 2.02833, -1.69153
54, 2.03247, -1.69152
54.025, 2.03247, -1.69152
54.05, 2.03247, -1.69152
54.075, 2.03247, -1.69152
54.1, 2.03682, -1.6915
54.125, 2.0415, -1.69146
54.15, 2.0415, -1.69146
54.175, 2.0415, -1.69146
54.2, 2.0415, -1.69146
54.225, 2.0415, -1.69146
54.25, 2.0415, -1.69146
54.275, 2.04646, -1.69142
54.3, 2.05124, -1.69138
54.325, 2.05124, -1.69138
54.35, 2.05124, -1.69138
54.375, 2.05124, -1.69138
54.4, 2.05124, -1.69138
54.425, 2.05124, -1.69138
54.45, 2.05596, -1.69133
54.475, 2.05596, -1.69133
54.5, 2.05596, -1.69133
54.525, 2.05596, -1.69133
54.55, 2.05596, -1.69133
54.575, 2.06041, -1.69128
54.6, 2.06462, -1.69123
54.625, 2.06462, -1.69123
54.65, 2.06462, -1.69123
54.675, 2.06831, -1.69118
54.7, 2.06831, -1.69118
54.725, 2.06831, -1.69118
54.75, 2.0715, -1.69114
54.775, 2.07445, -1.69109
54.8, 2.07723, -1.69105
54.825, 2.07723, -1.69105
54.85, 2.07723, -1.69105
54.875, 2.07723, -1.69105
54.9, 2.07723, -1.69105
54.925, 2.07723, -1.69105
54.95, 2.07723, -1.69105
54.975, 2.07723, -1.69105
55, 2.08023, -1.69099
55.025, 2.08023, -1.69099
55.05, 2.08293, -1.69093
55.075, 2.08524, -1.69087
55.1, 2.08524, -1.69087
55.125, 2.08524, -1.69087
55.15, 2.08763, -1.69081
55.175, 2.08979, -1.69076
55.2, 2.08979, -1.69076
55.225, 2.08979, -1.69076
55.25, 2.08979, -1.69076
55.275, 2.09345, -1.69066
55.3, 2.09345, -1.69066
55.325, 2.09672, -1.69058
55.35, 2.0994, -1.6905
55.375, 2.0994, -1.6905
55.4, 2.0994, -1.6905
55.425, 2.0994, -1.6905
55.45, 2.10223, -1.69042
55.475, 2.10223, -1.69042
55.5, 2.10223, -1.69042
55.525, 2.10507, -1.69034
55.55, 2.10793, -1.69026
55.575, 2.10793, -1.69026
55.6, 2.10793, -1.69026
55.625, 2.11064, -1.69018
55.65, 2.11064, -1.69018
55.675, 2.11064, -1.69018
55.7, 2.11064, -1.69018
55.725, 2.11327, -1.6901
55.75, 2.11581, -1.69003
55.775, 2.11581, -1.69003
55.8, 2.11581, -1.69003
55.825, 2.11828, -1.68996
55.85, 2.11828, -1.68996
55.875, 2.11828, -1.68996
55.9, 2.11828, -1.68996
55.925, 2.11828, -1.68996
55.95, 2.12066, -1.68989
55.975, 2.12296, -1.68982
56, 2.12296, -1.68982
56.025, 2.12518, -1.68975
56.05, 2.12732, -1.68969
56.075, 2.12732, -1.68969
56.1, 2.12732, -1.68969
56.125, 2.12935, -1.68963
56.15, 2.13129, -1.68957
56.175, 2.13317, -1.68952
56.2, 2.13317, -1.68952
56.225, 2.13317, -1.68952
56.25, 2.13317, -1.68952
56.275, 2.13498, -1.68947
56.3, 2.13498, -1.68947
56.325, 2.13498, -1.68947
56.35, 2.13498, -1.68947
56.375, 2.13598, -1.68944
56.4, 2.13598, -1.68944
56.425, 2.13598, -1.68944
56.45, 2.13598, -1.68944
56.475, 2.13598, -1.68944
56.5, 2.13598, -1.68944
56.525, 2.13598, -1.68944
56.55, 2.13598, -1.68944
56.575, 2.13598, -1.68944
56.6, 2.13598, -1.68944
56.625, 2.13598, -1.68944
56.65, 2.13598, -1.68944
56.675, 2.13598, -1.68944
56.7, 2.13767, -1.6894
56.725, 2.13767, -1.6894
56.75, 2.13767, -1.6894
56.775, 2.13881, -1.68937
56.8, 2.13881, -1.68937
56.825, 2.13984, -1.68935
56.85, 2.13984, -1.68935
56.875, 2.14086, -1.68932
56.9, 2.14184, -1.6893
56.925, 2.14184, -1.6893
56.95, 2.14279, -1.68928
56.975, 2.14369, -1.68926
57, 2.14369, -1.68926
57.025, 2.14446, -1.68923
57.05, 2.14446, -1.68923
57.075, 2.14446, -1.68923
57.1, 2.14521, -1.68921
57.125, 2.14521, -1.68921
57.15, 2.14593, -1.68919
57.175, 2.14593, -1.68919
57.2, 2.14593, -1.68919
57.225, 2.14593, -1.68919
57.25, 2.14593, -1.68919
57.275, 2.14593, -1.68919
57.3, 2.14593, -1.68919
57.325, 2.14593, -1.68919
57.35, 2.14666, -1.68917
57.375, 2.1473, -1.68916
57.4, 2.1473, -1.68916
57.425, 2.1473, -1.68916
57.45, 2.14755, -1.68915
57.475, 2.14755, -1.68915
57.5, 2.14682, -1.68916
57.525, 2.14682, -1.68916
57.55, 2.14511, -1.68918
57.575, 2.14511, -1.68918
57.6, 2.14511, -1.68918
57.625, 2.14511, -1.68918
57.65, 2.14511, -1.68918
57.675, 2.14354, -1.68921
57.7, 2.14162, -1.68924
57.725, 2.14162, -1.68924
57.75, 2.14162, -1.68924
57.775, 2.14162, -1.68924
57.8, 2.13558, -1.68933
57.825, 2.13558, -1.68933
57.85, 2.13558, -1.68933
57.875, 2.13238, -1.68938
57.9, 2.13131, -1.68943
57.925, 2.13146, -1.68949
57.95, 2.13229, -1.68955
57.975, 2.13229, -1.68955
58, 2.13229, -1.68955
58.025, 2.13208, -1.68961
58.05, 2.13208, -1.68961
58.075, 2.13096, -1.68968
58.1, 2.13096, -1.68968
58.125, 2.13096, -1.68968
58.15, 2.13114, -1.68974
58.175, 2.13114, -1.68974
58.2, 2.13141, -1.68982
58.225, 2.13141, -1.68982
58.25, 2.13141, -1.68982
58.275, 2.13141, -1.68982
58.3, 2.13141, -1.68982
58.325, 2.13141, -1.68982
58.35, 2.13157, -1.68989
58.375, 2.13157, -1.68989
58.4, 2.13157, -1.68989
58.425, 2.13157, -1.68989
58.45, 2.13157, -1.68989
58.475, 2.13174, -1.68997
58.5, 2.13192, -1.69004
58.525, 2.13192, -1.69004
58.55, 2.13192, -1.69004
58.575, 2.13209, -1.6901
58.6, 2.13225, -1.69017
58.625, 2.13225, -1.69017
58.65, 2.13225, -1.69017
58.675, 2.13225, -1.69017
58.7, 2.13225, -1.69017
58.725, 2.13231, -1.69023
58.75, 2.13235, -1.6903
58.775, 2.13235, -1.6903
58.8, 2.13246, -1.69036
58.825, 2.1326, -1.69042
58.85, 2.1326, -1.69042
58.875, 2.13232, -1.69048
58.9, 2.13104, -1.69055
58.925, 2.12848, -1.69064
58.95, 2.12848, -1.69064
58.975, 2.12533, -1.69075
59, 2.12242, -1.69085
59.025, 2.12015, -1.69094
59.05, 2.12015, -1.69094
59.075, 2.12015, -1.69094
59.1, 2.11765, -1.69104
59.125, 2.11765, -1.69104
59.15, 2.11467, -1.69114
59.175, 2.11467, -1.69114
59.2, 2.11467, -1.69114
59.225, 2.11467, -1.69114
59.25, 2.11467, -1.69114
59.275, 2.11467, -1.69114
59.3, 2.11467, -1.69114
59.325, 2.11649, -1.69112
59.35, 2.11931, -1.69112
59.375, 2.11931, -1.69112
59.4, 2.11931, -1.69112
59.425, 2.11931, -1.69112
59.45, 2.11931, -1.69112
59.475, 2.11931, -1.69112
59.5, 2.11931, -1.69112
59.525, 2.12197, -1.69111
59.55, 2.12197, -1.69111
59.575, 2.12197, -1.69111
59.6, 2.12197, -1.69111
59.625, 2.12197, -1.69111
59.65, 2.12197, -1.69111
59.675, 2.12197, -1.69111
59.7, 2.12197, -1.69111
59.725, 2.12197, -1.69111
59.75, 2.12197, -1.69111
59.775, 2.12197, -1.69111
59.8, 2.12403, -1.69109
59.825, 2.12403, -1.69109
59.85, 2.12557, -1.69107
59.875, 2.12557, -1.69107
59.9, 2.12557, -1.69107
59.925, 2.12557, -1.69107
59.95, 2.12696, -1.69106
59.975, 2.12815, -1.69105
60, 2.12815, -1.69105
60, 2.12815, -1.69105
60.025, 2.12815, -1.69105
60.05, 2.12322, -1.69108
60.075, 2.10906, -1.69118
60.1, 2.08934, -1.69131
60.125, 2.08934, -1.69131
60.15, 2.06941, -1.69144
60.175, 2.06941, -1.69144
60.2, 2.05022, -1.69157
60.225, 2.05022, -1.69157
60.25, 2.05022, -1.69157
60.275, 2.05022, -1.69157
60.3, 2.05022, -1.69157
60.325, 2.05022, -1.69157
60.35, 2.05022, -1.69157
60.375, 2.05022, -1.69157
60.4, 2.05022, -1.69157
60.425, 2.05022, -1.69157
60.45, 2.05022, -1.69157
60.475, 2.05022, -1.69157
60.5, 2.05022, -1.69157
60.525, 2.05022, -1.69157
60.55, 2.05022, -1.69157
60.575, 2.05022, -1.69157
60.6, 2.01998, -1.69137
60.625, 1.99095, -1.69118
60.65, 1.99095, -1.69118
60.675, 1.99095, -1.69118
60.7, 1.99095, -1.69118
60.725, 1.99095, -1.69118
60.75, 1.96993, -1.69103
60.775, 1.96993, -1.69103
60.8, 1.95629, -1.69086
60.825, 1.95629, -1.69086
60.85, 1.94589, -1.69069
60.875, 1.93752, -1.69051
60.9, 1.93752, -1.69051
60.925, 1.93752, -1.69051
60.95, 1.93752, -1.69051
60.975, 1.93752, -1.69051
61, 1.93752, -1.69051
61.025, 1.93752, -1.69051
61.05, 1.93752, -1.69051
61.075, 1.93752, -1.69051
61.1, 1.92932, -1.69035
61.125, 1.92932, -1.69035
61.15, 1.92932, -1.69035
61.175, 1.92932, -1.69035
61.2, 1.92199, -1.6902
61.225, 1.9171, -1.69003
61.25, 1.9171, -1.69003
61.275, 1.9171, -1.69003
61.3, 1.9171, -1.69003
61.325, 1.9171, -1.69003
61.35, 1.9171, -1.69003
61.375, 1.91212, -1.6899
61.4, 1.90994, -1.68975
61.425, 1.90937, -1.6896
61.45, 1.90937, -1.6896
61.475, 1.90893, -1.68945
61.5, 1.90877, -1.68931
61.525, 1.90906, -1.68917
61.55, 1.91118, -1.68901
61.575, 1.91118, -1.68901
61.6, 1.91465, -1.68886
61.625, 1.91465, -1.68886
61.65, 1.91815, -1.68872
61.675, 1.92245, -1.68857
61.7, 1.9271, -1.68841
61.725, 1.93174, -1.68826
61.75, 1.93174, -1.68826
61.775, 1.93174, -1.68826
61.8, 1.93651, -1.68811
61.825, 1.93651, -1.68811
61.85, 1.94046, -1.68797
61.875, 1.94323, -1.68781
61.9, 1.94399, -1.68765
61.925, 1.94399, -1.68765
61.95, 1.94268, -1.6875
61.975, 1.94268, -1.6875
62, 1.941, -1.68736
62.025, 1.93903, -1.68722
62.05, 1.93903, -1.68722
62.075, 1.93598, -1.68707
62.1, 1.93215, -1.68693
62.125, 1.93215, -1.68693
62.15, 1.92736, -1.68679
62.175, 1.92136, -1.68665
62.2, 1.92136, -1.68665
62.225, 1.92136, -1.68665
62.25, 1.91496, -1.68651
62.275, 1.91496, -1.68651
62.3, 1.91496, -1.68651
62.325, 1.90811, -1.68638
62.35, 1.90811, -1.68638
62.375, 1.90811, -1.68638
62.4, 1.90146, -1.68625
62.425, 1.89487, -1.68613
62.45, 1.88803, -1.686
62.475, 1.88803, -1.686
62.5, 1.88803, -1.686
62.525, 1.88803, -1.686
62.55, 1.88134, -1.68588
62.575, 1.88134, -1.68588
62.6, 1.88134, -1.68588
62.625, 1.87599, -1.68578
62.65, 1.87599, -1.68578
62.675, 1.87599, -1.68578
62.7, 1.87599, -1.68578
62.725, 1.87049, -1.68567
62.75, 1.87049, -1.68567
62.775, 1.87049, -1.68567
62.8, 1.87049, -1.68567
62.825, 1.87049, -1.68567
62.85, 1.87049, -1.68567
62.875, 1.87049, -1.68567
62.9, 1.87049, -1.68567
62.925, 1.86514, -1.68562
62.95, 1.86046, -1.68558
62.975, 1.86046, -1.68558
63, 1.86046, -1.68558
63.025, 1.86046, -1.68558
63.05, 1.86046, -1.68558
63.075, 1.85453, -1.68556
63.1, 1.85453, -1.68556
63.125, 1.85005, -1.68553
63.15, 1.85005, -1.68553
63.175, 1.84641, -1.68552
63.2, 1.84641, -1.68552
63.225, 1.84641, -1.68552
63.25, 1.84641, -1.68552
63.275, 1.84641, -1.68552
63.3, 1.84239, -1.6855
63.325, 1.84239, -1.6855
63.35, 1.83842, -1.68549
63.375, 1.83842, -1.68549
63.4, 1.83497, -1.68547
63.425, 1.83211, -1.68546
63.45, 1.83211, -1.68546
63.475, 1.83211, -1.68546
63.5, 1.83211, -1.68546
63.525, 1.83211, -1.68546
63.55, 1.83211, -1.68546
63.575, 1.83211, -1.68546
63.6, 1.83211, -1.68546
63.625, 1.83211, -1.68546
63.65, 1.82924, -1.68545
63.675, 1.82924, -1.68545
63.7, 1.82672, -1.68544
63.725, 1.82672, -1.68544
63.75, 1.82494, -1.68544
63.775, 1.82494, -1.68544
63.8, 1.82372, -1.68545
63.825, 1.82372, -1.68545
63.85, 1.82372, -1.68545
63.875, 1.82256, -1.68546
63.9, 1.82256, -1.68546
63.925, 1.82256, -1.68546
63.95, 1.82256, -1.68546
63.975, 1.82256, -1.68546
64, 1.82168, -1.68548
64.025, 1.82168, -1.68548
64.05, 1.821, -1.68551
64.075, 1.821, -1.68551
64.1, 1.821, -1.68551
64.125, 1.82032, -1.68554
64.15, 1.81967, -1.68557
64.175, 1.81967, -1.68557
64.2, 1.81891, -1.6856
64.225, 1.81891, -1.6856
64.25, 1.81891, -1.6856
64.275, 1.81853, -1.68564
64.3, 1.81777, -1.6857
64.325, 1.81777, -1.6857
64.35, 1.81777, -1.6857
64.375, 1.81777, -1.6857
64.4, 1.81777, -1.6857
64.425, 1.81777, -1.6857
64.45, 1.81777, -1.6857
64.475, 1.81777, -1.6857
64.5, 1.81777, -1.6857
64.525, 1.81777, -1.6857
64.55, 1.81777, -1.6857
64.575, 1.81777, -1.6857
64.6, 1.81696, -1.68576
64.625, 1.81586, -1.68584
64.65, 1.81475, -1.68592
64.675, 1.81475, -1.68592
64.7, 1.81356, -1.68599
64.725, 1.81222, -1.68605
64.75, 1.81082, -1.68611
64.775, 1.80945, -1.68617
64.8, 1.80945, -1.68617
64.825, 1.80819, -1.68623
64.85, 1.80819, -1.68623
64.875, 1.80819, -1.68623
64.9, 1.80698, -1.68629
64.925, 1.80698, -1.68629
64.95, 1.8058, -1.68635
64.975, 1.80467, -1.68641
65, 1.80359, -1.68648
65.025, 1.80251, -1.68654
65.05, 1.80136, -1.68662
65.075, 1.80009, -1.68669
65.1, 1.80009, -1.68669
65.125, 1.80009, -1.68669
65.15, 1.79856, -1.68678
65.175, 1.79688, -1.68687
65.2, 1.79688, -1.68687
65.225, 1.79513, -1.68696
65.25, 1.79335, -1.68705
65.275, 1.79156, -1.68714
65.3, 1.79156, -1.68714
65.325, 1.78983, -1.68722
65.35, 1.78983, -1.68722
65.375, 1.78795, -1.6873
65.4, 1.78795, -1.6873
65.425, 1.78643, -1.68738
65.45, 1.78643, -1.68738
65.475, 1.78643, -1.68738
65.5, 1.78399, -1.68748
65.525, 1.78399, -1.68748
65.55, 1.78399, -1.68748
65.575, 1.78399, -1.68748
65.6, 1.78399, -1.68748
65.625, 1.78399, -1.68748
65.65, 1.78399, -1.68748
65.675, 1.78282, -1.68756
65.7, 1.78282, -1.68756
65.725, 1.78213, -1.68766
65.75, 1.78213, -1.68766
65.775, 1.78083, -1.68777
65.8, 1.78083, -1.68777
65.825, 1.78083, -1.68777
65.85, 1.77892, -1.68787
65.875, 1.77892, -1.68787
65.9, 1.77892, -1.68787
65.925, 1.77892, -1.68787
65.95, 1.77799, -1.68795
65.975, 1.77799, -1.68795
66, 1.77799, -1.68795
66.025, 1.77799, -1.68795
66.05, 1.77799, -1.68795
66.075, 1.77662, -1.68803
66.1, 1.7745, -1.6881
66.125, 1.77138, -1.68817
66.15, 1.7674, -1.68824
66.175, 1.7674, -1.68824
66.2, 1.76284, -1.68831
66.225, 1.75778, -1.68837
66.25, 1.75778, -1.68837
66.275, 1.75778, -1.68837
66.3, 1.75778, -1.68837
66.325, 1.75277, -1.68843
66.35, 1.74794, -1.68849
66.375, 1.74794, -1.68849
66.4, 1.74794, -1.68849
66.425, 1.74794, -1.68849
66.45, 1.74316, -1.68854
66.475, 1.73822, -1.6886
66.5, 1.73822, -1.6886
66.525, 1.73822, -1.6886
66.55, 1.7336, -1.68865
66.575, 1.72958, -1.6887
66.6, 1.72617, -1.68876
66.625, 1.72331, -1.68882
66.65, 1.72331, -1.68882
66.675, 1.72028, -1.6889
66.7, 1.72028, -1.6889
66.725, 1.72028, -1.6889
66.75, 1.71737, -1.68897
66.775, 1.7142, -1.68903
66.8, 1.7142, -1.68903
66.825, 1.71143, -1.6891
66.85, 1.70828, -1.68918
66.875, 1.70388, -1.68929
66.9, 1.70388, -1.68929
66.925, 1.69597, -1.68946
66.95, 1.68761, -1.68964
66.975, 1.68761, -1.68964
67, 1.68059, -1.68979
67.025, 1.68059, -1.68979
67.05, 1.68059, -1.68979
67.075, 1.68059, -1.68979
67.1, 1.68059, -1.68979
67.125, 1.67747, -1.68989
67.15, 1.67747, -1.68989
67.175, 1.67747, -1.68989
67.2, 1.67747, -1.68989
67.225, 1.67747, -1.68989
67.25, 1.67635, -1.68994
67.275, 1.67635, -1.68994
67.3, 1.67425, -1.68999
67.325, 1.67425, -1.68999
67.35, 1.67425, -1.68999
67.375, 1.67425, -1.68999
67.4, 1.67271, -1.69004
67.425, 1.67271, -1.69004
67.45, 1.67271, -1.69004
67.475, 1.67271, -1.69004
67.5, 1.67271, -1.69004
67.525, 1.67115, -1.69009
67.55, 1.66958, -1.69013
67.575, 1.66797, -1.69017
67.6, 1.66797, -1.69017
67.625, 1.66634, -1.69021
67.65, 1.66466, -1.69025
67.675, 1.66291, -1.69028
67.7, 1.6611, -1.69031
67.725, 1.6611, -1.69031
67.75, 1.6611, -1.69031
67.775, 1.6611, -1.69031
67.8, 1.6611, -1.69031
67.825, 1.6611, -1.69031
67.85, 1.65901, -1.69035
67.875, 1.65638, -1.69037
67.9, 1.65314, -1.6904
67.925, 1.6493, -1.69043
67.95, 1.6493, -1.69043
67.975, 1.64562, -1.69046
68, 1.64252, -1.69048
68.025, 1.64025, -1.69051
68.05, 1.63877, -1.69054
68.075, 1.63794, -1.69058
68.1, 1.63794, -1.69058
68.125, 1.63658, -1.69061
68.15, 1.63658, -1.69061
68.175, 1.63658, -1.69061
68.2, 1.63266, -1.69066
68.225, 1.62734, -1.6907
68.25, 1.62734, -1.6907
68.275, 1.62734, -1.6907
68.3, 1.62734, -1.6907
68.325, 1.62734, -1.6907
68.35, 1.6222, -1.69075
68.375, 1.6222, -1.69075
68.4, 1.6222, -1.69075
68.425, 1.61371, -1.69081
68.45, 1.60071, -1.69088
68.475, 1.58273, -1.69099
68.5, 1.58273, -1.69099
68.525, 1.58273, -1.69099
68.55, 1.58273, -1.69099
68.575, 1.58273, -1.69099
68.6, 1.56715, -1.69109
68.625, 1.55238, -1.6912
68.65, 1.53795, -1.6913
68.675, 1.52332, -1.69139
68.7, 1.5086, -1.69148
68.725, 1.49377, -1.69157
68.75, 1.49377, -1.69157
68.775, 1.47991, -1.69166
68.8, 1.46683, -1.69174
68.825, 1.45463, -1.69183
68.85, 1.44318, -1.69191
68.875, 1.43238, -1.69199
68.9, 1.42211, -1.69207
68.925, 1.42211, -1.69207
68.95, 1.41217, -1.69215
68.975, 1.41217, -1.69215
69, 1.41217, -1.69215
69.025, 1.40241, -1.69222
69.05, 1.39295, -1.69229
69.075, 1.39295, -1.69229
69.1, 1.39295, -1.69229
69.125, 1.39295, -1.69229
69.15, 1.39295, -1.69229
69.175, 1.39295, -1.69229
69.2, 1.38411, -1.69237
69.225, 1.38411, -1.69237
69.25, 1.3756, -1.69245
69.275, 1.36711, -1.69253
69.3, 1.35826, -1.6926
69.325, 1.35826, -1.6926
69.35, 1.34813, -1.69268
69.375, 1.33694, -1.69276
69.4, 1.33694, -1.69276
69.425, 1.33694, -1.69276
69.45, 1.33694, -1.69276
69.475, 1.33694, -1.69276
69.5, 1.32445, -1.69289
69.525, 1.32445, -1.69289
69.55, 1.32445, -1.69289
69.575, 1.31233, -1.69297
69.6, 1.31233, -1.69297
69.625, 1.31233, -1.69297
69.65, 1.31233, -1.69297
69.675, 1.31233, -1.69297
69.7, 1.31032, -1.69292
69.725, 1.30984, -1.69291
69.75, 1.30984, -1.69291
69.775, 1.30984, -1.69291
69.8, 1.30984, -1.69291
69.825, 1.30984, -1.69291
69.85, 1.30984, -1.69291
69.875, 1.30984, -1.69291
69.9, 1.30984, -1.69291
69.925, 1.30926, -1.69289
69.95, 1.30892, -1.69286
69.975, 1.30892, -1.69286
70, 1.30892, -1.69286
70.025, 1.30892, -1.69286
70.05, 1.30727, -1.69285
70.075, 1.3034, -1.69286
70.1, 1.3034, -1.69286
70.125, 1.29456, -1.6929
70.15, 1.29456, -1.6929
70.175, 1.29456, -1.6929
70.2, 1.27744, -1.693
70.225, 1.27744, -1.693
70.25, 1.27744, -1.693
70.275, 1.27744, -1.693
70.3, 1.25655, -1.69311
70.325, 1.25655, -1.69311
70.35, 1.23328, -1.69324
70.375, 1.20899, -1.69337
70.4, 1.1865, -1.69349
70.425, 1.16662, -1.6936
70.45, 1.15116, -1.6937
70.475, 1.15116, -1.6937
70.5, 1.13987, -1.69381
70.525, 1.13286, -1.69392
70.55, 1.13286, -1.69392
70.575, 1.13286, -1.69392
70.6, 1.13286, -1.69392
70.625, 1.12453, -1.69398
70.65, 1.12453, -1.69398
70.675, 1.12453, -1.69398
70.7, 1.12453, -1.69398
70.725, 1.12453, -1.69398
70.75, 1.12453, -1.69398
70.775, 1.12453, -1.69398
70.8, 1.12453, -1.69398
70.825, 1.12453, -1.69398
70.85, 1.12453, -1.69398
70.875, 1.12453, -1.69398
70.9, 1.12453, -1.69398
70.925, 1.11778, -1.69367
70.95, 1.11677, -1.69335
70.975, 1.12215, -1.69301
71, 1.13322, -1.69267
71.025, 1.14943, -1.69232
71.05, 1.14943, -1.69232
71.075, 1.16757, -1.69199
71.1, 1.18771, -1.69167
71.125, 1.18771, -1.69167
71.15, 1.20822, -1.69136
71.175, 1.22934, -1.69105
71.2, 1.25074, -1.69075
71.225, 1.27225, -1.69046
71.25, 1.29399, -1.69017
71.275, 1.29399, -1.69017
71.3, 1.31588, -1.68989
71.325, 1.31588, -1.68989
71.35, 1.33803, -1.68962
71.375, 1.33803, -1.68962
71.4, 1.33803, -1.68962
71.425, 1.33803, -1.68962
71.45, 1.35912, -1.68939
71.475, 1.38027, -1.68916
71.5, 1.40145, -1.68893
71.525, 1.40145, -1.68893
71.55, 1.42217, -1.6887
71.575, 1.42217, -1.6887
71.6, 1.42217, -1.6887
71.625, 1.42217, -1.6887
71.65, 1.42217, -1.6887
71.675, 1.42217, -1.6887
71.7, 1.42217, -1.6887
71.725, 1.42217, -1.6887
71.75, 1.44256, -1.68847
71.775, 1.44256, -1.68847
71.8, 1.4622, -1.68825
71.825, 1.4622, -1.68825
71.85, 1.4622, -1.68825
71.875, 1.48059, -1.68803
71.9, 1.49785, -1.6878
71.925, 1.51379, -1.68756
71.95, 1.51379, -1.68756
71.975, 1.51379, -1.68756
72, 1.51379, -1.68756
72.025, 1.52964, -1.68732
72.05, 1.52964, -1.68732
72.075, 1.52964, -1.68732
72.1, 1.52964, -1.68732
72.125, 1.52964, -1.68732
72.15, 1.52964, -1.68732
72.175, 1.54241, -1.68709
72.2, 1.54241, -1.68709
72.225, 1.54241, -1.68709
72.25, 1.54241, -1.68709
72.275, 1.55542, -1.68687
72.3, 1.55542, -1.68687
72.325, 1.55542, -1.68687
72.35, 1.55542, -1.68687
72.375, 1.56778, -1.68665
72.4, 1.56778, -1.68665
72.425, 1.56778, -1.68665
72.45, 1.56778, -1.68665
72.475, 1.57935, -1.68643
72.5, 1.57935, -1.68643
72.525, 1.59021, -1.68622
72.55, 1.60043, -1.68601
72.575, 1.60043, -1.68601
72.6, 1.60043, -1.68601
72.625, 1.61022, -1.68581
72.65, 1.61963, -1.68561
72.675, 1.62872, -1.68543
72.7, 1.62872, -1.68543
72.725, 1.63756, -1.68525
72.75, 1.63756, -1.68525
72.775, 1.63756, -1.68525
72.8, 1.63756, -1.68525
72.825, 1.63756, -1.68525
72.85, 1.64605, -1.68507
72.875, 1.65419, -1.6849
72.9, 1.66208, -1.68474
72.925, 1.66208, -1.68474
72.95, 1.66208, -1.68474
72.975, 1.66208, -1.68474
73, 1.66208, -1.68474
73.025, 1.66954, -1.68458
73.05, 1.67645, -1.68442
73.075, 1.68265, -1.68426
73.1, 1.68837, -1.6841
73.125, 1.69393, -1.68395
73.15, 1.69968, -1.68381
73.175, 1.69968, -1.68381
73.2, 1.70592, -1.68369
73.225, 1.70592, -1.68369
73.25, 1.70592, -1.68369
73.275, 1.70592, -1.68369
73.3, 1.70592, -1.68369
73.325, 1.71139, -1.68356
73.35, 1.71628, -1.68343
73.375, 1.71628, -1.68343
73.4, 1.71628, -1.68343
73.425, 1.72206, -1.68333
73.45, 1.72206, -1.68333
73.475, 1.72824, -1.68326
73.5, 1.73467, -1.68322
73.525, 1.74103, -1.68318
73.55, 1.74103, -1.68318
73.575, 1.74693, -1.68314
73.6, 1.75227, -1.6831
73.625, 1.75708, -1.68305
73.65, 1.75708, -1.68305
73.675, 1.75708, -1.68305
73.7, 1.76202, -1.68301
73.725, 1.76709, -1.68298
73.75, 1.76709, -1.68298
73.775, 1.76709, -1.68298
73.8, 1.77218, -1.68296
73.825, 1.77218, -1.68296
73.85, 1.77218, -1.68296
73.875, 1.77724, -1.68294
73.9, 1.78225, -1.68294
73.925, 1.78225, -1.68294
73.95, 1.78225, -1.68294
73.975, 1.78225, -1.68294
74, 1.78225, -1.68294
74.025, 1.78715, -1.68293
74.05, 1.78715, -1.68293
74.075, 1.79196, -1.68293
74.1, 1.79196, -1.68293
74.125, 1.79196, -1.68293
74.15, 1.79668, -1.68293
74.175, 1.79668, -1.68293
74.2, 1.79668, -1.68293
74.225, 1.80133, -1.68293
74.25, 1.80133, -1.68293
74.275, 1.80594, -1.68294
74.3, 1.81061, -1.68296
74.325, 1.81535, -1.68298
74.35, 1.82011, -1.68302
74.375, 1.82011, -1.68302
74.4, 1.82471, -1.68307
74.425, 1.82471, -1.68307
74.45, 1.82908, -1.68311
74.475, 1.83304, -1.68314
74.5, 1.83304, -1.68314
74.525, 1.83304, -1.68314
74.55, 1.83304, -1.68314
74.575, 1.83304, -1.68314
74.6, 1.83304, -1.68314
74.625, 1.83756, -1.68317
74.65, 1.84201, -1.68322
74.675, 1.84201, -1.68322
74.7, 1.84201, -1.68322
74.725, 1.84201, -1.68322
74.75, 1.84201, -1.68322
74.775, 1.84201, -1.68322
74.8, 1.84201, -1.68322
74.825, 1.84201, -1.68322
74.85, 1.84201, -1.68322
74.875, 1.84201, -1.68322
74.9, 1.84201, -1.68322
74.925, 1.84741, -1.68325
74.95, 1.85259, -1.68327
74.975, 1.85259, -1.68327
75, 1.85259, -1.68327
75.025, 1.85725, -1.6833
75.05, 1.85725, -1.6833
75.075, 1.85725, -1.6833
75.1, 1.85725, -1.6833
75.125, 1.86177, -1.68332
75.15, 1.86177, -1.68332
75.175, 1.86609, -1.68334
75.2, 1.86609, -1.68334
75.225, 1.86609, -1.68334
75.25, 1.86609, -1.68334
75.275, 1.86609, -1.68334
75.3, 1.86609, -1.68334
75.325, 1.87015, -1.68336
75.35, 1.87015, -1.68336
75.375, 1.87015, -1.68336
75.4, 1.87015, -1.68336
75.425, 1.87015, -1.68336
75.45, 1.87015, -1.68336
75.475, 1.874, -1.68337
75.5, 1.87775, -1.68339
75.525, 1.88144, -1.6834
75.55, 1.88144, -1.6834
75.575, 1.88144, -1.6834
75.6, 1.88144, -1.6834
75.625, 1.88144, -1.6834
75.65, 1.88144, -1.6834
75.675, 1.8842, -1.68342
75.7, 1.8842, -1.68342
75.725, 1.8842, -1.68342
75.75, 1.88742, -1.68344
75.775, 1.89106, -1.68347
75.8, 1.89106, -1.68347
75.825, 1.89465, -1.68351
75.85, 1.89465, -1.68351
75.875, 1.89751, -1.68354
75.9, 1.89933, -1.68356
75.925, 1.89933, -1.68356
75.95, 1.89933, -1.68356
75.975, 1.89933, -1.68356
76, 1.90207, -1.68357
76.025, 1.90527, -1.68361
76.05, 1.90527, -1.68361
76.075, 1.90527, -1.68361
76.1, 1.90527, -1.68361
76.125, 1.90844, -1.68362
76.15, 1.90844, -1.68362
76.175, 1.91072, -1.68362
76.2, 1.91231, -1.68363
76.225, 1.91231, -1.68363
76.25, 1.91369, -1.68363
76.275, 1.91369, -1.68363
76.3, 1.91508, -1.68363
76.325, 1.91508, -1.68363
76.35, 1.91508, -1.68363
76.375, 1.91625, -1.68363
76.4, 1.91625, -1.68363
76.425, 1.91625, -1.68363
76.45, 1.91625, -1.68363
76.475, 1.91725, -1.68363
76.5, 1.91814, -1.68362
76.525, 1.91894, -1.68362
76.55, 1.91894, -1.68362
76.575, 1.91894, -1.68362
76.6, 1.91987, -1.68362
76.625, 1.92091, -1.68363
76.65, 1.92091, -1.68363
76.675, 1.92188, -1.68364
76.7, 1.92188, -1.68364
76.725, 1.92188, -1.68364
76.75, 1.92188, -1.68364
76.775, 1.92188, -1.68364
76.8, 1.92275, -1.68364
76.825, 1.92275, -1.68364
76.85, 1.92275, -1.68364
76.875, 1.92275, -1.68364
76.9, 1.92381, -1.68366
76.925, 1.92381, -1.68366
76.95, 1.92483, -1.68369
76.975, 1.92592, -1.68374
77, 1.92592, -1.68374
77.025, 1.92592, -1.68374
77.05, 1.92592, -1.68374
77.075, 1.92592, -1.68374
77.1, 1.92677, -1.68378
77.125, 1.92781, -1.68383
77.15, 1.92781, -1.68383
77.175, 1.92781, -1.68383
77.2, 1.92781, -1.68383
77.225, 1.92781, -1.68383
77.25, 1.92781, -1.68383
77.275, 1.92781, -1.68383
77.3, 1.93023, -1.6838
77.325, 1.93023, -1.6838
77.35, 1.9319, -1.68378
77.375, 1.93329, -1.68376
77.4, 1.93466, -1.68374
77.425, 1.93466, -1.68374
77.45, 1.93466, -1.68374
77.475, 1.93466, -1.68374
77.5, 1.93594, -1.68373
77.525, 1.93594, -1.68373
77.55, 1.93716, -1.68371
77.575, 1.93829, -1.68369
77.6, 1.93829, -1.68369
77.625, 1.93935, -1.68368
77.65, 1.94034, -1.68366
77.675, 1.94034, -1.68366
77.7, 1.94128, -1.68364
77.725, 1.94219, -1.68363
77.75, 1.94219, -1.68363
77.775, 1.94305, -1.68361
77.8, 1.94389, -1.68359
77.825, 1.9447, -1.68358
77.85, 1.9447, -1.68358
77.875, 1.9447, -1.68358
77.9, 1.9455, -1.68357
77.925, 1.94626, -1.68356
77.95, 1.94626, -1.68356
77.975, 1.94693, -1.68356
78, 1.94748, -1.68357
78.025, 1.94785, -1.68358
78.05, 1.94785, -1.68358
78.075, 1.94785, -1.68358
78.1, 1.94794, -1.68361
78.125, 1.94777, -1.68364
78.15, 1.94777, -1.68364
78.175, 1.94777, -1.68364
78.2, 1.94766, -1.68366
78.225, 1.94766, -1.68366
78.25, 1.94766, -1.68366
78.275, 1.94766, -1.68366
78.3, 1.94766, -1.68366
78.325, 1.94766, -1.68366
78.35, 1.94677, -1.68371
78.375, 1.94677, -1.68371
78.4, 1.94677, -1.68371
78.425, 1.94677, -1.68371
78.45, 1.94694, -1.68373
78.475, 1.94694, -1.68373
78.5, 1.94671, -1.68375
78.525, 1.94671, -1.68375
78.55, 1.94671, -1.68375
78.575, 1.94701, -1.68377
78.6, 1.94701, -1.68377
78.625, 1.94658, -1.68382
78.65, 1.94658, -1.68382
78.675, 1.94626, -1.68386
78.7, 1.94606, -1.68389
78.725, 1.94583, -1.68392
78.75, 1.94538, -1.68394
78.775, 1.94453, -1.68396
78.8, 1.9435, -1.68398
78.825, 1.9435, -1.68398
78.85, 1.9435, -1.68398
78.875, 1.9435, -1.68398
78.9, 1.94256, -1.684
78.925, 1.94256, -1.684
78.95, 1.94256, -1.684
78.975, 1.94148, -1.68402
79, 1.94148, -1.68402
79.025, 1.94013, -1.68403
79.05, 1.94013, -1.68403
79.075, 1.93875, -1.68405
79.1, 1.93875, -1.68405
79.125, 1.93875, -1.68405
79.15, 1.93875, -1.68405
79.175, 1.9376, -1.68406
79.2, 1.93667, -1.68408
79.225, 1.93595, -1.68411
79.25, 1.93543, -1.68414
79.275, 1.93543, -1.68414
79.3, 1.93497, -1.68417
79.325, 1.93454, -1.68419
79.35, 1.93454, -1.68419
79.375, 1.93454, -1.68419
79.4, 1.93454, -1.68419
79.425, 1.93419, -1.68422
79.45, 1.93419, -1.68422
79.475, 1.93344, -1.68427
79.5, 1.93344, -1.68427
79.525, 1.93344, -1.68427
79.55, 1.93238, -1.68433
79.575, 1.9315, -1.68438
79.6, 1.93075, -1.68442
79.625, 1.93075, -1.68442
79.65, 1.93075, -1.68442
79.675, 1.93075, -1.68442
79.7, 1.9304, -1.68445
79.725, 1.9304, -1.68445
79.75, 1.9304, -1.68445
79.775, 1.92917, -1.68452
79.8, 1.92917, -1.68452
79.825, 1.92917, -1.68452
79.85, 1.92917, -1.68452
79.875, 1.92814, -1.68456
79.9, 1.92814, -1.68456
79.925, 1.92582, -1.68462
79.95, 1.92295, -1.68468
79.975, 1.92295, -1.68468
80, 1.92295, -1.68468
80.025, 1.92295, -1.68468
80.05, 1.92295, -1.68468
80.075, 1.91778, -1.68477
80.1, 1.90875, -1.68489
80.125, 1.89453, -1.68505
80.15, 1.87637, -1.68524
80.175, 1.85543, -1.68545
80.2, 1.83391, -1.68566
80.225, 1.81329, -1.68586
80.25, 1.81329, -1.68586
80.275, 1.79337, -1.68606
80.3, 1.79337, -1.68606
80.325, 1.77506, -1.68625
80.35, 1.77506, -1.68625
80.375, 1.75811, -1.68643
80.4, 1.75811, -1.68643
80.425, 1.74152, -1.68661
80.45, 1.72632, -1.68677
80.475, 1.71235, -1.68693
80.5, 1.70024, -1.68708
80.525, 1.68999, -1.68722
80.55, 1.68179, -1.68735
80.575, 1.68179, -1.68735
80.6, 1.68179, -1.68735
80.625, 1.67451, -1.68749
80.65, 1.66973, -1.68763
80.675, 1.66973, -1.68763
80.7, 1.66973, -1.68763
80.725, 1.66545, -1.68777
80.75, 1.66463, -1.68789
80.775, 1.66741, -1.68801
80.8, 1.66741, -1.68801
80.825, 1.66741, -1.68801
80.85, 1.66741, -1.68801
80.875, 1.67, -1.68803
80.9, 1.67302, -1.68804
80.925, 1.67302, -1.68804
80.95, 1.67629, -1.68805
80.975, 1.67629, -1.68805
81, 1.67629, -1.68805
81.025, 1.67629, -1.68805
81.05, 1.67941, -1.68814
81.075, 1.67941, -1.68814
81.1, 1.67941, -1.68814
81.125, 1.68242, -1.68823
81.15, 1.68242, -1.68823
81.175, 1.68532, -1.68831
81.2, 1.68883, -1.68838
81.225, 1.68883, -1.68838
81.25, 1.69322, -1.68845
81.275, 1.69322, -1.68845
81.3, 1.69829, -1.68853
81.325, 1.69829, -1.68853
81.35, 1.69829, -1.68853
81.375, 1.69829, -1.68853
81.4, 1.70324, -1.68861
81.425, 1.70917, -1.68868
81.45, 1.70917, -1.68868
81.475, 1.70917, -1.68868
81.5, 1.70917, -1.68868
81.525, 1.70917, -1.68868
81.55, 1.71498, -1.68874
81.575, 1.71498, -1.68874
81.6, 1.72066, -1.6888
81.625, 1.72066, -1.6888
81.65, 1.72066, -1.6888
81.675, 1.72066, -1.6888
81.7, 1.72591, -1.68887
81.725, 1.72591, -1.68887
81.75, 1.72591, -1.68887
81.775, 1.73079, -1.68894
81.8, 1.73079, -1.68894
81.825, 1.73079, -1.68894
81.85, 1.73543, -1.68901
81.875, 1.73991, -1.68906
81.9, 1.74413, -1.68911
81.925, 1.74413, -1.68911
81.95, 1.74413, -1.68911
81.975, 1.74413, -1.68911
82, 1.74823, -1.68915
82.025, 1.75215, -1.68919
82.05, 1.75594, -1.68922
82.075, 1.75963, -1.68926
82.1, 1.75963, -1.68926
82.125, 1.75963, -1.68926
82.15, 1.75963, -1.68926
82.175, 1.75963, -1.68926
82.2, 1.75963, -1.68926
82.225, 1.76166, -1.68931
82.25, 1.76166, -1.68931
82.275, 1.76334, -1.68936
82.3, 1.76334, -1.68936
82.325, 1.76544, -1.68942
82.35, 1.76544, -1.68942
82.375, 1.76544, -1.68942
82.4, 1.76544, -1.68942
82.425, 1.76675, -1.68945
82.45, 1.76681, -1.68946
82.475, 1.76681, -1.68946
82.5, 1.76681, -1.68946
82.525, 1.76681, -1.68946
82.55, 1.7667, -1.68948
82.575, 1.76635, -1.68949
82.6, 1.76635, -1.68949
82.625, 1.76635, -1.68949
82.65, 1.76586, -1.6895
82.675, 1.76586, -1.6895
82.7, 1.76586, -1.6895
82.725, 1.76524, -1.6895
82.75, 1.76444, -1.68951
82.775, 1.7635, -1.68951
82.8, 1.7635, -1.68951
82.825, 1.7635, -1.68951
82.85, 1.7635, -1.68951
82.875, 1.7635, -1.68951
82.9, 1.7635, -1.68951
82.925, 1.7629, -1.68951
82.95, 1.76261, -1.68952
82.975, 1.76259, -1.68954
83, 1.76259, -1.68954
83.025, 1.76259, -1.68954
83.05, 1.76259, -1.68955
83.075, 1.76259, -1.68955
83.1, 1.76265, -1.68957
83.125, 1.76265, -1.68957
83.15, 1.76265, -1.68957
83.175, 1.76261, -1.68958
83.2, 1.76258, -1.68959
83.225, 1.76257, -1.6896
83.25, 1.76257, -1.68962
83.275, 1.76251, -1.68963
83.3, 1.76224, -1.68963
83.325, 1.76161, -1.68964
83.35, 1.76161, -1.68964
83.375, 1.76072, -1.68964
83.4, 1.76072, -1.68964
83.425, 1.7601, -1.68964
83.45, 1.7601, -1.68964
83.475, 1.7601, -1.68964
83.5, 1.75985, -1.68967
83.525, 1.76022, -1.68972
83.55, 1.76022, -1.68972
83.575, 1.76033, -1.68975
83.6, 1.76033, -1.68975
83.625, 1.75976, -1.68978
83.65, 1.75976, -1.68978
83.675, 1.75976, -1.68978
83.7, 1.75976, -1.68978
83.725, 1.76018, -1.68982
83.75, 1.76018, -1.68982
83.775, 1.76018, -1.68982
83.8, 1.76018, -1.68982
83.825, 1.76018, -1.68982
83.85, 1.76076, -1.68983
83.875, 1.76076, -1.68983
83.9, 1.76127, -1.68984
83.925, 1.76127, -1.68984
83.95, 1.76127, -1.68984
83.975, 1.762, -1.68986
84, 1.76292, -1.68988
84.025, 1.76292, -1.68988
84.05, 1.76292, -1.68988
84.075, 1.76292, -1.68988
84.1, 1.76292, -1.68988
84.125, 1.7638, -1.6899
84.15, 1.76473, -1.68993
84.175, 1.76473, -1.68993
84.2, 1.76473, -1.68993
84.225, 1.76473, -1.68993
84.25, 1.76565, -1.68996
84.275, 1.76565, -1.68996
84.3, 1.76666, -1.68999
84.325, 1.76666, -1.68999
84.35, 1.76775, -1.69003
84.375, 1.76894, -1.69008
84.4, 1.76894, -1.69008
84.425, 1.76996, -1.69015
84.45, 1.76996, -1.69015
84.475, 1.76996, -1.69015
84.5, 1.77087, -1.69022
84.525, 1.77087, -1.69022
84.55, 1.77087, -1.69022
84.575, 1.77174, -1.69031
84.6, 1.77174, -1.69031
84.625, 1.77174, -1.69031
84.65, 1.7723, -1.6904
84.675, 1.77264, -1.69052
84.7, 1.77264, -1.69052
84.725, 1.77314, -1.69061
84.75, 1.77314, -1.69061
84.775, 1.77314, -1.69061
84.8, 1.77314, -1.69061
84.825, 1.77371, -1.69071
84.85, 1.77371, -1.69071
84.875, 1.77453, -1.6908
84.9, 1.77527, -1.69092
84.925, 1.77578, -1.69106
84.95, 1.77578, -1.69106
84.975, 1.77578, -1.69106
85, 1.77612, -1.69117
85.025, 1.77612, -1.69117
85.05, 1.77443, -1.69128
85.075, 1.77443, -1.69128
85.1, 1.77443, -1.69128
85.125, 1.77443, -1.69128
85.15, 1.77443, -1.69128
85.175, 1.7744, -1.69138
85.2, 1.77414, -1.69147
85.225, 1.77414, -1.69147
85.25, 1.77414, -1.69147
85.275, 1.77331, -1.69154
85.3, 1.77331, -1.69154
85.325, 1.772, -1.69162
85.35, 1.77059, -1.69169
85.375, 1.77059, -1.69169
85.4, 1.77059, -1.69169
85.425, 1.77059, -1.69169
85.45, 1.77059, -1.69169
85.475, 1.76919, -1.69176
85.5, 1.76795, -1.69182
85.525, 1.76795, -1.69182
85.55, 1.76679, -1.69189
85.575, 1.76579, -1.69196
85.6, 1.76579, -1.69196
85.625, 1.76579, -1.69196
85.65, 1.76479, -1.69202
85.675, 1.76479, -1.69202
85.7, 1.76479, -1.69202
85.725, 1.76375, -1.69208
85.75, 1.76274, -1.69213
85.775, 1.76176, -1.69219
85.8, 1.76176, -1.69219
85.825, 1.76176, -1.69219
85.85, 1.76089, -1.69225
85.875, 1.76019, -1.6923
85.9, 1.76019, -1.6923
85.925, 1.75961, -1.69236
85.95, 1.75961, -1.69236
85.975, 1.75961, -1.69236
86, 1.75961, -1.69236
86.025, 1.75961, -1.69236
86.05, 1.75961, -1.69236
86.075, 1.759, -1.69242
86.1, 1.75847, -1.69248
86.125, 1.75794, -1.69255
86.15, 1.75794, -1.69255
86.175, 1.75703, -1.69261
86.2, 1.75703, -1.69261
86.225, 1.75703, -1.69261
86.25, 1.75647, -1.69266
86.275, 1.75647, -1.69266
86.3, 1.75647, -1.69266
86.325, 1.75647, -1.69266
86.35, 1.75559, -1.69274
86.375, 1.75559, -1.69274
86.4, 1.75482, -1.69281
86.425, 1.75482, -1.69281
86.45, 1.75377, -1.69287
86.475, 1.75377, -1.69287
86.5, 1.75377, -1.69287
86.525, 1.75377, -1.69287
86.55, 1.75377, -1.69287
86.575, 1.75377, -1.69287
86.6, 1.75377, -1.69287
86.625, 1.75377, -1.69287
86.65, 1.75263, -1.69292
86.675, 1.75263, -1.69292
86.7, 1.75118, -1.69298
86.725, 1.75118, -1.69298
86.75, 1.75118, -1.69298
86.775, 1.75118, -1.69298
86.8, 1.74973, -1.69303
86.825, 1.74973, -1.69303
86.85, 1.74973, -1.69303
86.875, 1.74973, -1.69303
86.9, 1.74973, -1.69303
86.925, 1.74973, -1.69303
86.95, 1.74973, -1.69303
86.975, 1.74973, -1.69303
87, 1.74973, -1.69303
87.025, 1.74973, -1.69303
87.05, 1.7484, -1.69308
87.075, 1.7472, -1.69314
87.1, 1.7472, -1.69314
87.125, 1.7472, -1.69314
87.15, 1.74605, -1.69319
87.175, 1.74605, -1.69319
87.2, 1.74605, -1.69319
87.225, 1.74605, -1.69319
87.25, 1.74605, -1.69319
87.275, 1.74605, -1.69319
87.3, 1.74491, -1.69324
87.325, 1.74491, -1.69324
87.35, 1.74491, -1.69324
87.375, 1.74386, -1.69329
87.4, 1.74386, -1.69329
87.425, 1.74386, -1.69329
87.45, 1.74386, -1.69329
87.475, 1.74386, -1.69329
87.5, 1.74271, -1.69335
87.525, 1.7416, -1.6934
87.55, 1.74046, -1.69345
87.575, 1.73915, -1.6935
87.6, 1.73915, -1.6935
87.625, 1.73915, -1.6935
87.65, 1.73915, -1.6935
87.675, 1.73873, -1.69352
87.7, 1.7385, -1.69356
87.725, 1.73824, -1.69361
87.75, 1.73824, -1.69361
87.775, 1.73824, -1.69361
87.8, 1.73824, -1.69361
87.825, 1.73898, -1.69362
87.85, 1.73946, -1.69361
87.875, 1.73946, -1.69361
87.9, 1.73946, -1.69361
87.925, 1.73946, -1.69361
87.95, 1.73946, -1.69361
87.975, 1.74178, -1.69357
88, 1.7442, -1.69354
88.025, 1.7442, -1.69354
88.05, 1.7442, -1.69354
88.075, 1.7442, -1.69354
88.1, 1.7442, -1.69354
88.125, 1.7442, -1.69354
88.15, 1.7442, -1.69354
88.175, 1.74608, -1.6935
88.2, 1.74769, -1.69347
88.225, 1.74769, -1.69347
88.25, 1.74915, -1.69344
88.275, 1.7505, -1.6934
88.3, 1.75178, -1.69337
88.325, 1.75178, -1.69337
88.35, 1.75178, -1.69337
88.375, 1.75311, -1.69334
88.4, 1.75453, -1.69332
88.425, 1.75453, -1.69332
88.45, 1.75594, -1.6933
88.475, 1.75735, -1.69327
88.5, 1.75735, -1.69327
88.525, 1.75873, -1.69325
88.55, 1.75873, -1.69325
88.575, 1.75873, -1.69325
88.6, 1.76011, -1.69324
88.625, 1.7615, -1.69323
88.65, 1.7615, -1.69323
88.675, 1.76285, -1.69322
88.7, 1.76285, -1.69322
88.725, 1.76393, -1.6932
88.75, 1.76393, -1.6932
88.775, 1.76419, -1.69319
88.8, 1.76419, -1.69319
88.825, 1.76419, -1.69319
88.85, 1.76562, -1.69317
88.875, 1.76722, -1.69317
88.9, 1.76877, -1.6932
88.925, 1.77008, -1.69324
88.95, 1.77008, -1.69324
88.975, 1.77008, -1.69324
89, 1.77181, -1.69326
89.025, 1.77181, -1.69326
89.05, 1.77181, -1.69326
89.075, 1.77181, -1.69326
89.1, 1.77416, -1.69326
89.125, 1.77648, -1.69327
89.15, 1.77865, -1.6933
89.175, 1.78063, -1.69333
89.2, 1.78063, -1.69333
89.225, 1.78063, -1.69333
89.25, 1.78271, -1.69334
89.275, 1.78455, -1.69336
89.3, 1.78455, -1.69336
89.325, 1.78455, -1.69336
89.35, 1.78455, -1.69336
89.375, 1.78657, -1.69336
89.4, 1.78858, -1.69337
89.425, 1.78858, -1.69337
89.45, 1.79058, -1.69338
89.475, 1.79256, -1.6934
89.5, 1.79256, -1.6934
89.525, 1.79256, -1.6934
89.55, 1.79256, -1.6934
89.575, 1.79256, -1.6934
89.6, 1.79446, -1.69341
89.625, 1.79628, -1.69343
89.65, 1.79628, -1.69343
89.675, 1.79628, -1.69343
89.7, 1.79628, -1.69343
89.725, 1.79628, -1.69343
89.75, 1.79628, -1.69343
89.775, 1.79628, -1.69343
89.8, 1.79786, -1.69345
89.825, 1.79913, -1.69347
89.85, 1.79913, -1.69347
89.875, 1.80017, -1.6935
89.9, 1.80017, -1.6935
89.925, 1.80017, -1.6935
89.95, 1.80124, -1.69353
89.975, 1.80124, -1.69353
