20, 1, 1, -0.0108575, -0.0307562
20.025, 1, 1, -0.0126377, -0.0312132
20.05, 1, 1, -0.0143547, -0.0316497
20.075, 1, 1, -0.0143547, -0.0316497
20.1, 1, 1, -0.0143547, -0.0316497
20.125, 1, 1, -0.0143547, -0.0316497
20.15, 1, 1, -0.0143547, -0.0316497
20.175, 1, 1, -0.0143547, -0.0316497
20.2, 1, 1, -0.0162862, -0.0324595
20.225, 1, 1, -0.0179685, -0.0329787
20.25, 1, 1, -0.0179685, -0.0329787
20.275, 1, 1, -0.0195739, -0.0334507
20.3, 1, 1, -0.0211186, -0.0338966
20.325, 1, 1, -0.0211186, -0.0338966
20.35, 1, 1, -0.0211186, -0.0338966
20.375, 1, 1, -0.022601, -0.034311
20.4, 1, 1, -0.022601, -0.034311
20.425, 1, 1, -0.022601, -0.034311
20.45, 1, 1, -0.022601, -0.034311
20.475, 1, 1, -0.0240298, -0.034698
20.5, 1, 1, -0.0254145, -0.035077
20.525, 1, 1, -0.0267596, -0.0354507
20.55, 1, 1, -0.0280946, -0.0358474
20.575, 1, 1, -0.0280946, -0.0358474
20.6, 1, 1, -0.0295428, -0.0363341
20.625, 1, 1, -0.0295428, -0.0363341
20.65, 1, 1, -0.0318928, -0.0375892
20.675, 1, 1, -0.0318928, -0.0375892
20.7, 1, 1, -0.0318928, -0.0375892
20.725, 1, 1, -0.0318928, -0.0375892
20.75, 1, 1, -0.0318928, -0.0375892
20.775, 1, 1, -0.0318928, -0.0375892
20.8, 1, 1, -0.0318928, -0.0375892
20.825, 1, 1, -0.0489064, -0.045833
20.85, 1, 1, -0.065059, -0.052319
20.875, 1, 1, -0.065059, -0.052319
20.9, 1, 1, -0.065059, -0.052319
20.925, 1, 1, -0.0828219, -0.0598984
20.95, 1, 1, -0.0999962, -0.0672341
20.975, 1, 1, -0.116771, -0.0745238
21, 1, 1, -0.116771, -0.0745238
21.025, 1, 1, -0.134794, -0.0815037
21.05, 1, 1, -0.152449, -0.0883926
21.075, 1, 1, -0.152449, -0.0883926
21.1, 1, 1, -0.170552, -0.0947609
21.125, 1, 1, -0.170552, -0.0947609
21.15, 1, 1, -0.188266, -0.100879
21.175, 1, 1, -0.188266, -0.100879
21.2, 1, 1, -0.188266, -0.100879
21.225, 1, 1, -0.188266, -0.100879
21.25, 1, 1, -0.207176, -0.105824
21.275, 1, 1, -0.207176, -0.105824
21.3, 1, 1, -0.207176, -0.105824
21.325, 1, 1, -0.226032, -0.11041
21.35, 1, 1, -0.24474, -0.114048
21.375, 1, 1, -0.24474, -0.114048
21.4, 1, 1, -0.262771, -0.117467
21.425, 1, 1, -0.280747, -0.120021
21.45, 1, 1, -0.280747, -0.120021
21.475, 1, 1, -0.298107, -0.122456
21.5, 1, 1, -0.314989, -0.124671
21.525, 1, 1, -0.331309, -0.12681
21.55, 1, 1, -0.331309, -0.12681
21.575, 1, 1, -0.331309, -0.12681
21.6, 1, 1, -0.348385, -0.127744
21.625, 1, 1, -0.364889, -0.128652
21.65, 1, 1, -0.380853, -0.129509
21.675, 1, 1, -0.396292, -0.130322
21.7, 1, 1, -0.396292, -0.130322
21.725, 1, 1, -0.411332, -0.131016
21.75, 1, 1, -0.411332, -0.131016
21.775, 1, 1, -0.411332, -0.131016
21.8, 1, 1, -0.411332, -0.131016
21.825, 1, 1, -0.411332, -0.131016
21.85, 1, 1, -0.428012, -0.129682
21.875, 1, 1, -0.428012, -0.129682
21.9, 1, 1, -0.444152, -0.128392
21.925, 1, 1, -0.444152, -0.128392
21.95, 1, 1, -0.459756, -0.127149
21.975, 1, 1, -0.459756, -0.127149
22, 1, 1, -0.474842, -0.125953
22.025, 1, 1, -0.474842, -0.125953
22.05, 1, 1, -0.474842, -0.125953
22.075, 1, 1, -0.489556, -0.124682
22.1, 1, 1, -0.50385, -0.123375
22.125, 1, 1, -0.50385, -0.123375
22.15, 1, 1, -0.51768, -0.122112
22.175, 1, 1, -0.51768, -0.122112
22.2, 1, 1, -0.51768, -0.122112
22.225, 1, 1, -0.531245, -0.120708
22.25, 1, 1, -0.544413, -0.119291
22.275, 1, 1, -0.544413, -0.119291
22.3, 1, 1, -0.544413, -0.119291
22.325, 1, 1, -0.544413, -0.119291
22.35, 1, 1, -0.544413, -0.119291
22.375, 1, 1, -0.55709, -0.117971
22.4, 1, 1, -0.569565, -0.11646
22.425, 1, 1, -0.569565, -0.11646
22.45, 1, 1, -0.581624, -0.114999
22.475, 1, 1, -0.581624, -0.114999
22.5, 1, 1, -0.581624, -0.114999
22.525, 1, 1, -0.581624, -0.114999
22.55, 1, 1, -0.581624, -0.114999
22.575, 1, 1, -0.581624, -0.114999
22.6, 1, 1, -0.581624, -0.114999
22.625, 1, 1, -0.581624, -0.114999
22.65, 1, 1, -0.581624, -0.114999
22.675, 1, 1, -0.59322, -0.113647
22.7, 1, 1, -0.60456, -0.112201
22.725, 1, 1, -0.615576, -0.110745
22.75, 1, 1, -0.615576, -0.110745
22.775, 1, 1, -0.626286, -0.109269
22.8, 1, 1, -0.626286, -0.109269
22.825, 1, 1, -0.626286, -0.109269
22.85, 1, 1, -0.626286, -0.109269
22.875, 1, 1, -0.637291, -0.10716
22.9, 1, 1, -0.637291, -0.10716
22.925, 1, 1, -0.637291, -0.10716
22.95, 1, 1, -0.637291, -0.10716
22.975, 1, 1, -0.648209, -0.104831
23, 1, 1, -0.658883, -0.102453
23.025, 1, 1, -0.658883, -0.102453
23.05, 1, 1, -0.658883, -0.102453
23.075, 1, 1, -0.658883, -0.102453
23.1, 1, 1, -0.669415, -0.0999292
23.125, 1, 1, -0.679803, -0.0972732
23.15, 1, 1, -0.690019, -0.0945241
23.175, 1, 1, -0.690019, -0.0945241
23.2, 1, 1, -0.699985, -0.0917708
23.225, 1, 1, -0.709684, -0.089042
23.25, 1, 1, -0.719122, -0.0863367
23.275, 1, 1, -0.719122, -0.0863367
23.3, 1, 1, -0.719122, -0.0863367
23.325, 1, 1, -0.728275, -0.0836917
23.35, 1, 1, -0.728275, -0.0836917
23.375, 1, 1, -0.728275, -0.0836917
23.4, 1, 1, -0.737121, -0.0811369
23.425, 1, 1, -0.737121, -0.0811369
23.45, 1, 1, -0.745714, -0.0786211
23.475, 1, 1, -0.754089, -0.0761177
23.5, 1, 1, -0.754089, -0.0761177
23.525, 1, 1, -0.762221, -0.0736601
23.55, 1, 1, -0.762221, -0.0736601
23.575, 1, 1, -0.762221, -0.0736601
23.6, 1, 1, -0.770073, -0.0712942
23.625, 1, 1, -0.770073, -0.0712942
23.65, 1, 1, -0.770073, -0.0712942
23.675, 1, 1, -0.770073, -0.0712942
23.7, 1, 1, -0.770073, -0.0712942
23.725, 1, 1, -0.770073, -0.0712942
23.75, 1, 1, -0.770073, -0.0712942
23.775, 1, 1, -0.777802, -0.0688649
23.8, 1, 1, -0.777802, -0.0688649
23.825, 1, 1, -0.785282, -0.0665083
23.85, 1, 1, -0.785282, -0.0665083
23.875, 1, 1, -0.792512, -0.0642314
23.9, 1, 1, -0.792512, -0.0642314
23.925, 1, 1, -0.792512, -0.0642314
23.95, 1, 1, -0.799537, -0.0619903
23.975, 1, 1, -0.799537, -0.0619903
24, 1, 1, -0.806585, -0.0595629
24.025, 1, 1, -0.813531, -0.0570788
24.05, 1, 1, -0.813531, -0.0570788
24.075, 1, 1, -0.813531, -0.0570788
24.1, 1, 1, -0.820243, -0.0546809
24.125, 1, 1, -0.820243, -0.0546809
24.15, 1, 1, -0.820243, -0.0546809
24.175, 1, 1, -0.82673, -0.0523633
24.2, 1, 1, -0.83301, -0.0501122
24.225, 1, 1, -0.83301, -0.0501122
24.25, 1, 1, -0.83921, -0.0478038
24.275, 1, 1, -0.83921, -0.0478038
24.3, 1, 1, -0.83921, -0.0478038
24.325, 1, 1, -0.83921, -0.0478038
24.35, 1, 1, -0.83921, -0.0478038
24.375, 1, 1, -0.845266, -0.0455099
24.4, 1, 1, -0.845266, -0.0455099
24.425, 1, 1, -0.851128, -0.0432836
24.45, 1, 1, -0.856798, -0.0411275
24.475, 1, 1, -0.856798, -0.0411275
24.5, 1, 1, -0.862284, -0.0390383
24.525, 1, 1, -0.862284, -0.0390383
24.55, 1, 1, -0.862284, -0.0390383
24.575, 1, 1, -0.862284, -0.0390383
24.6, 1, 1, -0.867589, -0.0370163
24.625, 1, 1, -0.867589, -0.0370163
24.65, 1, 1, -0.872718, -0.0350612
24.675, 1, 1, -0.872718, -0.0350612
24.7, 1, 1, -0.872718, -0.0350612
24.725, 1, 1, -0.872718, -0.0350612
24.75, 1, 1, -0.877688, -0.0331581
24.775, 1, 1, -0.877688, -0.0331581
24.8, 1, 1, -0.882508, -0.0313027
24.825, 1, 1, -0.887177, -0.0294989
24.85, 1, 1, -0.891699, -0.027745
24.875, 1, 1, -0.896079, -0.0260413
24.9, 1, 1, -0.896079, -0.0260413
24.925, 1, 1, -0.896079, -0.0260413
24.95, 1, 1, -0.90032, -0.0243867
24.975, 1, 1, -0.90032, -0.0243867
25, 1, 1, -0.90032, -0.0243867
25.025, 1, 1, -0.90032, -0.0243867
25.05, 1, 1, -0.90032, -0.0243867
25.075, 1, 1, -0.90032, -0.0243867
25.1, 1, 1, -0.90032, -0.0243867
25.125, 1, 1, -0.904421, -0.0227858
25.15, 1, 1, -0.904421, -0.0227858
25.175, 1, 1, -0.904421, -0.0227858
25.2, 1, 1, -0.908431, -0.0211908
25.225, 1, 1, -0.912307, -0.0196506
25.25, 1, 1, -0.912307, -0.0196506
25.275, 1, 1, -0.916079, -0.0181372
25.3, 1, 1, -0.916079, -0.0181372
25.325, 1, 1, -0.919761, -0.0166388
25.35, 1, 1, -0.919761, -0.0166388
25.375, 1, 1, -0.919761, -0.0166388
25.4, 1, 1, -0.919761, -0.0166388
25.425, 1, 1, -0.919761, -0.0166388
25.45, 1, 1, -0.923534, -0.0149749
25.475, 1, 1, -0.923534, -0.0149749
25.5, 1, 1, -0.923534, -0.0149749
25.525, 1, 1, -0.927138, -0.0134108
25.55, 1, 1, -0.927138, -0.0134108
25.575, 1, 1, -0.927138, -0.0134108
25.6, 1, 1, -0.930641, -0.0118797
25.625, 1, 1, -0.934025, -0.0104017
25.65, 1, 1, -0.937293, -0.00897603
25.675, 1, 1, -0.940455, -0.00759417
25.7, 1, 1, -0.943518, -0.00625187
25.725, 1, 1, -0.943518, -0.00625187
25.75, 1, 1, -0.94647, -0.00496296
25.775, 1, 1, -0.94647, -0.00496296
25.8, 1, 1, -0.94935, -0.00369173
25.825, 1, 1, -0.94935, -0.00369173
25.85, 1, 1, -0.952175, -0.00242183
25.875, 1, 1, -0.952175, -0.00242183
25.9, 1, 1, -0.954912, -0.00118859
25.925, 1, 1, -0.954912, -0.00118859
25.95, 1, 1, -0.954912, -0.00118859
25.975, 1, 1, -0.954912, -0.00118859
26, 1, 1, -0.954912, -0.00118859
26.025, 1, 1, -0.954912, -0.00118859
26.05, 1, 1, -0.957547, -7.66421e-06
26.075, 1, 1, -0.960099, 0.00113799
26.1, 1, 1, -0.962569, 0.00224883
26.125, 1, 1, -0.964961, 0.00332741
26.15, 1, 1, -0.964961, 0.00332741
26.175, 1, 1, -0.964961, 0.00332741
26.2, 1, 1, -0.967291, 0.00438684
26.225, 1, 1, -0.967291, 0.00438684
26.25, 1, 1, -0.969536, 0.00540373
26.275, 1, 1, -0.971706, 0.00638766
26.3, 1, 1, -0.973812, 0.0073465
26.325, 1, 1, -0.973812, 0.0073465
26.35, 1, 1, -0.975873, 0.00830028
26.375, 1, 1, -0.975873, 0.00830028
26.4, 1, 1, -0.977855, 0.00921071
26.425, 1, 1, -0.977855, 0.00921071
26.45, 1, 1, -0.979831, 0.0101503
26.475, 1, 1, -0.979831, 0.0101503
26.5, 1, 1, -0.981766, 0.0110828
26.525, 1, 1, -0.981766, 0.0110828
26.55, 1, 1, -0.983633, 0.0119808
26.575, 1, 1, -0.983633, 0.0119808
26.6, 1, 1, -0.983633, 0.0119808
26.625, 1, 1, -0.983633, 0.0119808
26.65, 1, 1, -0.985337, 0.012749
26.675, 1, 1, -0.987009, 0.0135146
26.7, 1, 1, -0.987009, 0.0135146
26.725, 1, 1, -0.988678, 0.0143079
26.75, 1, 1, -0.988678, 0.0143079
26.775, 1, 1, -0.990261, 0.0150443
26.8, 1, 1, -0.991854, 0.0158208
26.825, 1, 1, -0.993576, 0.016755
26.85, 1, 1, -0.995496, 0.0179158
26.875, 1, 1, -0.995496, 0.0179158
26.9, 1, 1, -0.997508, 0.0191934
26.925, 1, 1, -0.997508, 0.0191934
26.95, 1, 1, -0.999439, 0.020415
26.975, 1, 1, -1.00131, 0.021596
27, 1, 1, -1.00131, 0.021596
27.025, 1, 1, -1.00131, 0.021596
27.05, 1, 1, -1.00314, 0.0227632
27.075, 1, 1, -1.00314, 0.0227632
27.1, 1, 1, -1.00503, 0.024015
27.125, 1, 1, -1.00503, 0.024015
27.15, 1, 1, -1.00503, 0.024015
27.175, 1, 1, -1.00503, 0.024015
27.2, 1, 1, -1.00503, 0.024015
27.225, 1, 1, -1.00693, 0.0253043
27.25, 1, 1, -1.00693, 0.0253043
27.275, 1, 1, -1.00693, 0.0253043
27.3, 1, 1, -1.00878, 0.0265546
27.325, 1, 1, -1.00878, 0.0265546
27.35, 1, 1, -1.00878, 0.0265546
27.375, 1, 1, -1.00878, 0.0265546
27.4, 1, 1, -1.00878, 0.0265546
27.425, 1, 1, -1.01057, 0.0277621
27.45, 1, 1, -1.01057, 0.0277621
27.475, 1, 1, -1.01229, 0.0289315
27.5, 1, 1, -1.01229, 0.0289315
27.525, 1, 1, -1.01229, 0.0289315
27.55, 1, 1, -1.01229, 0.0289315
27.575, 1, 1, -1.01401, 0.0301101
27.6, 1, 1, -1.01401, 0.0301101
27.625, 1, 1, -1.01401, 0.0301101
27.65, 1, 1, -1.0157, 0.031276
27.675, 1, 1, -1.01733, 0.032403
27.7, 1, 1, -1.01733, 0.032403
27.725, 1, 1, -1.01892, 0.0334973
27.75, 1, 1, -1.01892, 0.0334973
27.775, 1, 1, -1.01892, 0.0334973
27.8, 1, 1, -1.01892, 0.0334973
27.825, 1, 1, -1.02049, 0.0345952
27.85, 1, 1, -1.02049, 0.0345952
27.875, 1, 1, -1.02049, 0.0345952
27.9, 1, 1, -1.02226, 0.0359103
27.925, 1, 1, -1.02401, 0.0372211
27.95, 1, 1, -1.0257, 0.0384816
27.975, 1, 1, -1.0257, 0.0384816
28, 1, 1, -1.02738, 0.0397431
28.025, 1, 1, -1.02738, 0.0397431
28.05, 1, 1, -1.02738, 0.0397431
28.075, 1, 1, -1.02738, 0.0397431
28.1, 1, 1, -1.02903, 0.0409925
28.125, 1, 1, -1.02903, 0.0409925
28.15, 1, 1, -1.03095, 0.0425245
28.175, 1, 1, -1.03095, 0.0425245
28.2, 1, 1, -1.03275, 0.043952
28.225, 1, 1, -1.03275, 0.043952
28.25, 1, 1, -1.03275, 0.043952
28.275, 1, 1, -1.03471, 0.0455533
28.3, 1, 1, -1.03471, 0.0455533
28.325, 1, 1, -1.0367, 0.0471899
28.35, 1, 1, -1.03864, 0.0487885
28.375, 1, 1, -1.04052, 0.0503419
28.4, 1, 1, -1.04234, 0.0518495
28.425, 1, 1, -1.04411, 0.0533153
28.45, 1, 1, -1.04584, 0.0547481
28.475, 1, 1, -1.04584, 0.0547481
28.5, 1, 1, -1.04754, 0.0561637
28.525, 1, 1, -1.04754, 0.0561637
28.55, 1, 1, -1.04754, 0.0561637
28.575, 1, 1, -1.04754, 0.0561637
28.6, 1, 1, -1.04754, 0.0561637
28.625, 1, 1, -1.04754, 0.0561637
28.65, 1, 1, -1.0492, 0.0575515
28.675, 1, 1, -1.0492, 0.0575515
28.7, 1, 1, -1.05078, 0.0588704
28.725, 1, 1, -1.05078, 0.0588704
28.75, 1, 1, -1.05078, 0.0588704
28.775, 1, 1, -1.05078, 0.0588704
28.8, 1, 1, -1.05078, 0.0588704
28.825, 1, 1, -1.05078, 0.0588704
28.85, 1, 1, -1.05078, 0.0588704
28.875, 1, 1, -1.05078, 0.0588704
28.9, 1, 1, -1.05078, 0.0588704
28.925, 1, 1, -1.05078, 0.0588704
28.95, 1, 1, -1.05224, 0.0600739
28.975, 1, 1, -1.05365, 0.0612344
29, 1, 1, -1.05502, 0.0623604
29.025, 1, 1, -1.05635, 0.0634589
29.05, 1, 1, -1.05764, 0.0645255
29.075, 1, 1, -1.05889, 0.065555
29.1, 1, 1, -1.0601, 0.0665566
29.125, 1, 1, -1.06129, 0.067549
29.15, 1, 1, -1.06249, 0.0685468
29.175, 1, 1, -1.06249, 0.0685468
29.2, 1, 1, -1.06249, 0.0685468
29.225, 1, 1, -1.06249, 0.0685468
29.25, 1, 1, -1.06249, 0.0685468
29.275, 1, 1, -1.06249, 0.0685468
29.3, 1, 1, -1.06249, 0.0685468
29.325, 1, 1, -1.06249, 0.0685468
29.35, 1, 1, -1.06353, 0.0694037
29.375, 1, 1, -1.06353, 0.0694037
29.4, 1, 1, -1.06353, 0.0694037
29.425, 1, 1, -1.06473, 0.0704249
29.45, 1, 1, -1.06596, 0.0714736
29.475, 1, 1, -1.06596, 0.0714736
29.5, 1, 1, -1.0671, 0.0724478
29.525, 1, 1, -1.0671, 0.0724478
29.55, 1, 1, -1.06829, 0.0734712
29.575, 1, 1, -1.06829, 0.0734712
29.6, 1, 1, -1.06947, 0.0744918
29.625, 1, 1, -1.07061, 0.0754768
29.65, 1, 1, -1.07171, 0.0764345
29.675, 1, 1, -1.07279, 0.0773712
29.7, 1, 1, -1.07279, 0.0773712
29.725, 1, 1, -1.07279, 0.0773712
29.75, 1, 1, -1.07384, 0.078277
29.775, 1, 1, -1.07485, 0.0791524
29.8, 1, 1, -1.07582, 0.0799963
29.825, 1, 1, -1.07582, 0.0799963
29.85, 1, 1, -1.07582, 0.0799963
29.875, 1, 1, -1.07681, 0.0808582
29.9, 1, 1, -1.0778, 0.0817317
29.925, 1, 1, -1.07881, 0.0826169
29.95, 1, 1, -1.07881, 0.0826169
29.975, 1, 1, -1.07989, 0.0835817
30, 1, 1, -1.07989, 0.0835817
30, 1, 1, -1.08103, 0.0846087
30.025, 1, 1, -1.08214, 0.0856179
30.05, 1, 1, -1.08214, 0.0856179
30.075, 1, 1, -1.08322, 0.0865923
30.1, 1, 1, -1.08322, 0.0865923
30.125, 1, 1, -1.0843, 0.0875692
30.15, 1, 1, -1.0843, 0.0875692
30.175, 1, 1, -1.0843, 0.0875692
30.2, 1, 1, -1.08534, 0.0885136
30.225, 1, 1, -1.08534, 0.0885136
30.25, 1, 1, -1.08534, 0.0885136
30.275, 1, 1, -1.08534, 0.0885136
30.3, 1, 1, -1.08642, 0.089496
30.325, 1, 1, -1.08751, 0.0904975
30.35, 1, 1, -1.08847, 0.0913712
30.375, 1, 1, -1.08847, 0.0913712
30.4, 1, 1, -1.08847, 0.0913712
30.425, 1, 1, -1.08953, 0.0923396
30.45, 1, 1, -1.0904, 0.0931278
30.475, 1, 1, -1.0904, 0.0931278
30.5, 1, 1, -1.0904, 0.0931278
30.525, 1, 1, -1.0904, 0.0931278
30.55, 1, 1, -1.0904, 0.0931278
30.575, 1, 1, -1.0904, 0.0931278
30.6, 1, 1, -1.09064, 0.0932865
30.625, 1, 1, -1.09064, 0.0932865
30.65, 1, 1, -1.09064, 0.0932865
30.675, 1, 1, -1.09064, 0.0932865
30.7, 1, 1, -1.09064, 0.0932865
30.725, 1, 1, -1.09064, 0.0932865
30.75, 1, 1, -1.08876, 0.0913329
30.775, 1, 1, -1.08731, 0.0898067
30.8, 1, 1, -1.08731, 0.0898067
30.825, 1, 1, -1.08731, 0.0898067
30.85, 1, 1, -1.08731, 0.0898067
30.875, 1, 1, -1.08731, 0.0898067
30.9, 1, 1, -1.08591, 0.0883458
30.925, 1, 1, -1.08441, 0.0867689
30.95, 1, 1, -1.08441, 0.0867689
30.975, 1, 1, -1.08441, 0.0867689
31, 1, 1, -1.08441, 0.0867689
31.025, 1, 1, -1.08441, 0.0867689
31.05, 1, 1, -1.08295, 0.0852457
31.075, 1, 1, -1.08144, 0.0836732
31.1, 1, 1, -1.07991, 0.082084
31.125, 1, 1, -1.07838, 0.0804893
31.15, 1, 1, -1.07683, 0.078887
31.175, 1, 1, -1.07526, 0.0772605
31.2, 1, 1, -1.07367, 0.0756146
31.225, 1, 1, -1.07367, 0.0756146
31.25, 1, 1, -1.07367, 0.0756146
31.275, 1, 1, -1.07367, 0.0756146
31.3, 1, 1, -1.07367, 0.0756146
31.325, 1, 1, -1.07367, 0.0756146
31.35, 1, 1, -1.07367, 0.0756146
31.375, 1, 1, -1.07367, 0.0756146
31.4, 1, 1, -1.07367, 0.0756146
31.425, 1, 1, -1.07367, 0.0756146
31.45, 1, 1, -1.07367, 0.0756146
31.475, 1, 1, -1.07367, 0.0756146
31.5, 1, 1, -1.07216, 0.074053
31.525, 1, 1, -1.07216, 0.074053
31.55, 1, 1, -1.07216, 0.074053
31.575, 1, 1, -1.07216, 0.074053
31.6, 1, 1, -1.07216, 0.074053
31.625, 1, 1, -1.07216, 0.074053
31.65, 1, 1, -1.07056, 0.072407
31.675, 1, 1, -1.06904, 0.0708424
31.7, 1, 1, -1.06904, 0.0708424
31.725, 1, 1, -1.06904, 0.0708424
31.75, 1, 1, -1.06904, 0.0708424
31.775, 1, 1, -1.06762, 0.0693719
31.8, 1, 1, -1.06762, 0.0693719
31.825, 1, 1, -1.06636, 0.0680661
31.85, 1, 1, -1.06515, 0.0668084
31.875, 1, 1, -1.06515, 0.0668084
31.9, 1, 1, -1.06515, 0.0668084
31.925, 1, 1, -1.06397, 0.0655734
31.95, 1, 1, -1.06282, 0.064386
31.975, 1, 1, -1.06173, 0.063254
32, 1, 1, -1.06173, 0.063254
32.025, 1, 1, -1.06173, 0.063254
32.05, 1, 1, -1.0607, 0.0621743
32.075, 1, 1, -1.05969, 0.0611219
32.1, 1, 1, -1.05969, 0.0611219
32.125, 1, 1, -1.05969, 0.0611219
32.15, 1, 1, -1.05969, 0.0611219
32.175, 1, 1, -1.05872, 0.0601074
32.2, 1, 1, -1.05872, 0.0601074
32.225, 1, 1, -1.05872, 0.0601074
32.25, 1, 1, -1.05872, 0.0601074
32.275, 1, 1, -1.05872, 0.0601074
32.3, 1, 1, -1.05782, 0.0591684
32.325, 1, 1, -1.05695, 0.0582612
32.35, 1, 1, -1.05695, 0.0582612
32.375, 1, 1, -1.05695, 0.0582612
32.4, 1, 1, -1.05618, 0.0574448
32.425, 1, 1, -1.05543, 0.0566579
32.45, 1, 1, -1.05471, 0.0558966
32.475, 1, 1, -1.05402, 0.0551614
32.5, 1, 1, -1.05335, 0.0544523
32.525, 1, 1, -1.05335, 0.0544523
32.55, 1, 1, -1.05335, 0.0544523
32.575, 1, 1, -1.05269, 0.0537633
32.6, 1, 1, -1.05269, 0.0537633
32.625, 1, 1, -1.05269, 0.0537633
32.65, 1, 1, -1.05206, 0.0530918
32.675, 1, 1, -1.05144, 0.0524388
32.7, 1, 1, -1.05144, 0.0524388
32.725, 1, 1, -1.05144, 0.0524388
32.75, 1, 1, -1.05144, 0.0524388
32.775, 1, 1, -1.05086, 0.0518214
32.8, 1, 1, -1.0503, 0.0512252
32.825, 1, 1, -1.0503, 0.0512252
32.85, 1, 1, -1.04976, 0.0506489
32.875, 1, 1, -1.04976, 0.0506489
32.9, 1, 1, -1.04976, 0.0506489
32.925, 1, 1, -1.04976, 0.0506489
32.95, 1, 1, -1.04976, 0.0506489
32.975, 1, 1, -1.04926, 0.0501233
33, 1, 1, -1.04926, 0.0501233
33.025, 1, 1, -1.04926, 0.0501233
33.05, 1, 1, -1.04875, 0.0495759
33.075, 1, 1, -1.04826, 0.0490631
33.1, 1, 1, -1.04789, 0.0486677
33.125, 1, 1, -1.04789, 0.0486677
33.15, 1, 1, -1.04772, 0.0484762
33.175, 1, 1, -1.04758, 0.0483074
33.2, 1, 1, -1.04758, 0.0483074
33.225, 1, 1, -1.04758, 0.0483074
33.25, 1, 1, -1.04744, 0.0481484
33.275, 1, 1, -1.04733, 0.0480207
33.3, 1, 1, -1.04733, 0.0480207
33.325, 1, 1, -1.04733, 0.0480207
33.35, 1, 1, -1.0473, 0.0479698
33.375, 1, 1, -1.0473, 0.0479698
33.4, 1, 1, -1.04749, 0.0481363
33.425, 1, 1, -1.04749, 0.0481363
33.45, 1, 1, -1.04749, 0.0481363
33.475, 1, 1, -1.04749, 0.0481363
33.5, 1, 1, -1.04765, 0.048287
33.525, 1, 1, -1.04782, 0.0484329
33.55, 1, 1, -1.04797, 0.0485764
33.575, 1, 1, -1.04813, 0.0487215
33.6, 1, 1, -1.04813, 0.0487215
33.625, 1, 1, -1.0483, 0.0488719
33.65, 1, 1, -1.04847, 0.0490282
33.675, 1, 1, -1.04847, 0.0490282
33.7, 1, 1, -1.04866, 0.0492045
33.725, 1, 1, -1.04866, 0.0492045
33.75, 1, 1, -1.04866, 0.0492045
33.775, 1, 1, -1.04866, 0.0492045
33.8, 1, 1, -1.04889, 0.049426
33.825, 1, 1, -1.04914, 0.0496696
33.85, 1, 1, -1.04914, 0.0496696
33.875, 1, 1, -1.04943, 0.0499521
33.9, 1, 1, -1.04943, 0.0499521
33.925, 1, 1, -1.0498, 0.0503053
33.95, 1, 1, -1.0498, 0.0503053
33.975, 1, 1, -1.05022, 0.0507239
34, 1, 1, -1.05022, 0.0507239
34.025, 1, 1, -1.05022, 0.0507239
34.05, 1, 1, -1.05022, 0.0507239
34.075, 1, 1, -1.05065, 0.0511461
34.1, 1, 1, -1.05065, 0.0511461
34.125, 1, 1, -1.05106, 0.0515443
34.15, 1, 1, -1.05144, 0.0519191
34.175, 1, 1, -1.0518, 0.052275
34.2, 1, 1, -1.05216, 0.052629
34.225, 1, 1, -1.05216, 0.052629
34.25, 1, 1, -1.05257, 0.0530283
34.275, 1, 1, -1.05303, 0.0534854
34.3, 1, 1, -1.05303, 0.0534854
34.325, 1, 1, -1.05347, 0.0539197
34.35, 1, 1, -1.05387, 0.0543143
34.375, 1, 1, -1.05426, 0.0547008
34.4, 1, 1, -1.05471, 0.0551357
34.425, 1, 1, -1.05471, 0.0551357
34.45, 1, 1, -1.05513, 0.0555567
34.475, 1, 1, -1.05513, 0.0555567
34.5, 1, 1, -1.05565, 0.0560663
34.525, 1, 1, -1.05565, 0.0560663
34.55, 1, 1, -1.05565, 0.0560663
34.575, 1, 1, -1.05565, 0.0560663
34.6, 1, 1, -1.05565, 0.0560663
34.625, 1, 1, -1.05603, 0.0564455
34.65, 1, 1, -1.05603, 0.0564455
34.675, 1, 1, -1.05603, 0.0564455
34.7, 1, 1, -1.05603, 0.0564455
34.725, 1, 1, -1.05603, 0.0564455
34.75, 1, 1, -1.05603, 0.0564455
34.775, 1, 1, -1.05637, 0.0567821
34.8, 1, 1, -1.05637, 0.0567821
34.825, 1, 1, -1.05637, 0.0567821
34.85, 1, 1, -1.05637, 0.0567821
34.875, 1, 1, -1.05637, 0.0567821
34.9, 1, 1, -1.0567, 0.0571059
34.925, 1, 1, -1.0567, 0.0571059
34.95, 1, 1, -1.0567, 0.0571059
34.975, 1, 1, -1.0567, 0.0571059
35, 1, 1, -1.0567, 0.0571059
35.025, 1, 1, -1.05706, 0.0574578
35.05, 1, 1, -1.05706, 0.0574578
35.075, 1, 1, -1.05706, 0.0574578
35.1, 1, 1, -1.05706, 0.0574578
35.125, 1, 1, -1.05706, 0.0574578
35.15, 1, 1, -1.05706, 0.0574578
35.175, 1, 1, -1.05746, 0.057853
35.2, 1, 1, -1.05787, 0.0582588
35.225, 1, 1, -1.0583, 0.058682
35.25, 1, 1, -1.0583, 0.058682
35.275, 1, 1, -1.0583, 0.058682
35.3, 1, 1, -1.0583, 0.058682
35.325, 1, 1, -1.0583, 0.058682
35.35, 1, 1, -1.0583, 0.058682
35.375, 1, 1, -1.0583, 0.058682
35.4, 1, 1, -1.0583, 0.058682
35.425, 1, 1, -1.05866, 0.0590332
35.45, 1, 1, -1.05866, 0.0590332
35.475, 1, 1, -1.05866, 0.0590332
35.5, 1, 1, -1.05866, 0.0590332
35.525, 1, 1, -1.05866, 0.0590332
35.55, 1, 1, -1.05866, 0.0590332
35.575, 1, 1, -1.05866, 0.0590332
35.6, 1, 1, -1.05903, 0.0593978
35.625, 1, 1, -1.05936, 0.0597262
35.65, 1, 1, -1.05936, 0.0597262
35.675, 1, 1, -1.05979, 0.0601524
35.7, 1, 1, -1.05979, 0.0601524
35.725, 1, 1, -1.05979, 0.0601524
35.75, 1, 1, -1.05979, 0.0601524
35.775, 1, 1, -1.05979, 0.0601524
35.8, 1, 1, -1.05979, 0.0601524
35.825, 1, 1, -1.05979, 0.0601524
35.85, 1, 1, -1.06013, 0.060486
35.875, 1, 1, -1.06013, 0.060486
35.9, 1, 1, -1.06045, 0.0607964
35.925, 1, 1, -1.06075, 0.0610977
35.95, 1, 1, -1.06075, 0.0610977
35.975, 1, 1, -1.06075, 0.0610977
36, 1, 1, -1.06107, 0.0614164
36.025, 1, 1, -1.06107, 0.0614164
36.05, 1, 1, -1.06107, 0.0614164
36.075, 1, 1, -1.06137, 0.0617155
36.1, 1, 1, -1.06167, 0.0620084
36.125, 1, 1, -1.06196, 0.0622939
36.15, 1, 1, -1.06196, 0.0622939
36.175, 1, 1, -1.06196, 0.0622939
36.2, 1, 1, -1.06224, 0.0625728
36.225, 1, 1, -1.06224, 0.0625728
36.25, 1, 1, -1.06224, 0.0625728
36.275, 1, 1, -1.06251, 0.0628396
36.3, 1, 1, -1.06251, 0.0628396
36.325, 1, 1, -1.06251, 0.0628396
36.35, 1, 1, -1.06277, 0.0630968
36.375, 1, 1, -1.06302, 0.0633454
36.4, 1, 1, -1.06326, 0.0635859
36.425, 1, 1, -1.06326, 0.0635859
36.45, 1, 1, -1.06326, 0.0635859
36.475, 1, 1, -1.0635, 0.0638183
36.5, 1, 1, -1.06373, 0.0640427
36.525, 1, 1, -1.06373, 0.0640427
36.55, 1, 1, -1.06373, 0.0640427
36.575, 1, 1, -1.06373, 0.0640427
36.6, 1, 1, -1.06373, 0.0640427
36.625, 1, 1, -1.06373, 0.0640427
36.65, 1, 1, -1.06373, 0.0640427
36.675, 1, 1, -1.06373, 0.0640427
36.7, 1, 1, -1.06373, 0.0640427
36.725, 1, 1, -1.06373, 0.0640427
36.75, 1, 1, -1.06373, 0.0640427
36.775, 1, 1, -1.06397, 0.0642842
36.8, 1, 1, -1.06397, 0.0642842
36.825, 1, 1, -1.06397, 0.0642842
36.85, 1, 1, -1.06397, 0.0642842
36.875, 1, 1, -1.06397, 0.0642842
36.9, 1, 1, -1.06429, 0.0646052
36.925, 1, 1, -1.06458, 0.0648927
36.95, 1, 1, -1.06458, 0.0648927
36.975, 1, 1, -1.06498, 0.0652853
37, 1, 1, -1.06498, 0.0652853
37.025, 1, 1, -1.06538, 0.0656855
37.05, 1, 1, -1.06538, 0.0656855
37.075, 1, 1, -1.06538, 0.0656855
37.1, 1, 1, -1.06538, 0.0656855
37.125, 1, 1, -1.06538, 0.0656855
37.15, 1, 1, -1.06597, 0.066271
37.175, 1, 1, -1.06656, 0.0668556
37.2, 1, 1, -1.06656, 0.0668556
37.225, 1, 1, -1.06656, 0.0668556
37.25, 1, 1, -1.06713, 0.0674259
37.275, 1, 1, -1.06713, 0.0674259
37.3, 1, 1, -1.06713, 0.0674259
37.325, 1, 1, -1.06767, 0.0679636
37.35, 1, 1, -1.06767, 0.0679636
37.375, 1, 1, -1.06822, 0.0685081
37.4, 1, 1, -1.06876, 0.069046
37.425, 1, 1, -1.06928, 0.0695674
37.45, 1, 1, -1.06978, 0.0700698
37.475, 1, 1, -1.07027, 0.0705535
37.5, 1, 1, -1.07027, 0.0705535
37.525, 1, 1, -1.07027, 0.0705535
37.55, 1, 1, -1.07027, 0.0705535
37.575, 1, 1, -1.07074, 0.0710224
37.6, 1, 1, -1.07074, 0.0710224
37.625, 1, 1, -1.07074, 0.0710224
37.65, 1, 1, -1.07074, 0.0710224
37.675, 1, 1, -1.07074, 0.0710224
37.7, 1, 1, -1.0712, 0.0714807
37.725, 1, 1, -1.07164, 0.0719259
37.75, 1, 1, -1.07208, 0.0723598
37.775, 1, 1, -1.07251, 0.0727857
37.8, 1, 1, -1.07293, 0.0732064
37.825, 1, 1, -1.07293, 0.0732064
37.85, 1, 1, -1.07336, 0.0736362
37.875, 1, 1, -1.0738, 0.07407
37.9, 1, 1, -1.0738, 0.07407
37.925, 1, 1, -1.0738, 0.07407
37.95, 1, 1, -1.0738, 0.07407
37.975, 1, 1, -1.0742, 0.0744698
38, 1, 1, -1.0742, 0.0744698
38.025, 1, 1, -1.07462, 0.0748907
38.05, 1, 1, -1.07462, 0.0748907
38.075, 1, 1, -1.07501, 0.0752737
38.1, 1, 1, -1.07541, 0.0756715
38.125, 1, 1, -1.07541, 0.0756715
38.15, 1, 1, -1.07588, 0.0761417
38.175, 1, 1, -1.07637, 0.0766293
38.2, 1, 1, -1.07683, 0.0770846
38.225, 1, 1, -1.07683, 0.0770846
38.25, 1, 1, -1.07683, 0.0770846
38.275, 1, 1, -1.07683, 0.0770846
38.3, 1, 1, -1.07683, 0.0770846
38.325, 1, 1, -1.07709, 0.0773373
38.35, 1, 1, -1.07709, 0.0773373
38.375, 1, 1, -1.07744, 0.0776861
38.4, 1, 1, -1.07793, 0.078169
38.425, 1, 1, -1.07793, 0.078169
38.45, 1, 1, -1.07793, 0.078169
38.475, 1, 1, -1.07793, 0.078169
38.5, 1, 1, -1.07793, 0.078169
38.525, 1, 1, -1.07793, 0.078169
38.55, 1, 1, -1.07844, 0.0786802
38.575, 1, 1, -1.07844, 0.0786802
38.6, 1, 1, -1.07894, 0.0791719
38.625, 1, 1, -1.07894, 0.0791719
38.65, 1, 1, -1.07894, 0.0791719
38.675, 1, 1, -1.07894, 0.0791719
38.7, 1, 1, -1.07945, 0.0796807
38.725, 1, 1, -1.07945, 0.0796807
38.75, 1, 1, -1.07945, 0.0796807
38.775, 1, 1, -1.07996, 0.0801883
38.8, 1, 1, -1.07996, 0.0801883
38.825, 1, 1, -1.07996, 0.0801883
38.85, 1, 1, -1.08046, 0.0806829
38.875, 1, 1, -1.08094, 0.0811597
38.9, 1, 1, -1.08094, 0.0811597
38.925, 1, 1, -1.08094, 0.0811597
38.95, 1, 1, -1.08094, 0.0811597
38.975, 1, 1, -1.0814, 0.0816207
39, 1, 1, -1.08186, 0.0820681
39.025, 1, 1, -1.08186, 0.0820681
39.05, 1, 1, -1.08186, 0.0820681
39.075, 1, 1, -1.08186, 0.0820681
39.1, 1, 1, -1.08186, 0.0820681
39.125, 1, 1, -1.08186, 0.0820681
39.15, 1, 1, -1.08186, 0.0820681
39.175, 1, 1, -1.08186, 0.0820681
39.2, 1, 1, -1.0823, 0.0825137
39.225, 1, 1, -1.08275, 0.0829561
39.25, 1, 1, -1.08275, 0.0829561
39.275, 1, 1, -1.08275, 0.0829561
39.3, 1, 1, -1.08275, 0.0829561
39.325, 1, 1, -1.08322, 0.0834241
39.35, 1, 1, -1.08322, 0.0834241
39.375, 1, 1, -1.08365, 0.0838487
39.4, 1, 1, -1.08365, 0.0838487
39.425, 1, 1, -1.0841, 0.0842926
39.45, 1, 1, -1.08453, 0.0847242
39.475, 1, 1, -1.08453, 0.0847242
39.5, 1, 1, -1.08499, 0.0851791
39.525, 1, 1, -1.08499, 0.0851791
39.55, 1, 1, -1.08571, 0.0858935
39.575, 1, 1, -1.08571, 0.0858935
39.6, 1, 1, -1.08571, 0.0858935
39.625, 1, 1, -1.08613, 0.0863169
39.65, 1, 1, -1.08658, 0.0867604
39.675, 1, 1, -1.08725, 0.0874252
39.7, 1, 1, -1.08725, 0.0874252
39.725, 1, 1, -1.08725, 0.0874252
39.75, 1, 1, -1.08776, 0.087942
39.775, 1, 1, -1.08776, 0.087942
39.8, 1, 1, -1.08828, 0.0884546
39.825, 1, 1, -1.08828, 0.0884546
39.85, 1, 1, -1.08828, 0.0884546
39.875, 1, 1, -1.08828, 0.0884546
39.9, 1, 1, -1.08828, 0.0884546
39.925, 1, 1, -1.08828, 0.0884546
39.95, 1, 1, -1.08828, 0.0884546
39.975, 1, 1, -1.08959, 0.0897703
40, 1, 1, -1.09115, 0.0913256
40, 1, 1, -1.09115, 0.0913256
40.025, 1, 1, -1.09115, 0.0913256
40.05, 1, 1, -1.09115, 0.0913256
40.075, 1, 1, -1.09115, 0.0913256
40.1, 1, 1, -1.0928, 0.0929766
40.125, 1, 1, -1.0928, 0.0929766
40.15, 1, 1, -1.0928, 0.0929766
40.175, 1, 1, -1.0928, 0.0929766
40.2, 1, 1, -1.0945, 0.0946702
40.225, 1, 1, -1.0962, 0.0963723
40.25, 1, 1, -1.09783, 0.0980076
40.275, 1, 1, -1.09783, 0.0980076
40.3, 1, 1, -1.09783, 0.0980076
40.325, 1, 1, -1.09938, 0.0995489
40.35, 1, 1, -1.10086, 0.101031
40.375, 1, 1, -1.10226, 0.102431
40.4, 1, 1, -1.10226, 0.102431
40.425, 1, 1, -1.1036, 0.103774
40.45, 1, 1, -1.1036, 0.103774
40.475, 1, 1, -1.1049, 0.10507
40.5, 1, 1, -1.1061, 0.10627
40.525, 1, 1, -1.1061, 0.10627
40.55, 1, 1, -1.1061, 0.10627
40.575, 1, 1, -1.1061, 0.10627
40.6, 1, 1, -1.1061, 0.10627
40.625, 1, 1, -1.10722, 0.107391
40.65, 1, 1, -1.10722, 0.107391
40.675, 1, 1, -1.10722, 0.107391
40.7, 1, 1, -1.1087, 0.108865
40.725, 1, 1, -1.1087, 0.108865
40.75, 1, 1, -1.11013, 0.11029
40.775, 1, 1, -1.11013, 0.11029
40.8, 1, 1, -1.1115, 0.111667
40.825, 1, 1, -1.11275, 0.112914
40.85, 1, 1, -1.11275, 0.112914
40.875, 1, 1, -1.11275, 0.112914
40.9, 1, 1, -1.11275, 0.112914
40.925, 1, 1, -1.11275, 0.112914
40.95, 1, 1, -1.11275, 0.112914
40.975, 1, 1, -1.11337, 0.113537
41, 1, 1, -1.11337, 0.113537
41.025, 1, 1, -1.11399, 0.11415
41.05, 1, 1, -1.11456, 0.11472
41.075, 1, 1, -1.11511, 0.115271
41.1, 1, 1, -1.11511, 0.115271
41.125, 1, 1, -1.11511, 0.115271
41.15, 1, 1, -1.11511, 0.115271
41.175, 1, 1, -1.11577, 0.115931
41.2, 1, 1, -1.11629, 0.11645
41.225, 1, 1, -1.11629, 0.11645
41.25, 1, 1, -1.11629, 0.11645
41.275, 1, 1, -1.11629, 0.11645
41.3, 1, 1, -1.11629, 0.11645
41.325, 1, 1, -1.11629, 0.11645
41.35, 1, 1, -1.11629, 0.11645
41.375, 1, 1, -1.11629, 0.11645
41.4, 1, 1, -1.11629, 0.11645
41.425, 1, 1, -1.11562, 0.115781
41.45, 1, 1, -1.11491, 0.115072
41.475, 1, 1, -1.11416, 0.114326
41.5, 1, 1, -1.11339, 0.113553
41.525, 1, 1, -1.11339, 0.113553
41.55, 1, 1, -1.11265, 0.112812
41.575, 1, 1, -1.11265, 0.112812
41.6, 1, 1, -1.11193, 0.112097
41.625, 1, 1, -1.11193, 0.112097
41.65, 1, 1, -1.11193, 0.112097
41.675, 1, 1, -1.11126, 0.111419
41.7, 1, 1, -1.11126, 0.111419
41.725, 1, 1, -1.11126, 0.111419
41.75, 1, 1, -1.11126, 0.111419
41.775, 1, 1, -1.1107, 0.110863
41.8, 1, 1, -1.1107, 0.110863
41.825, 1, 1, -1.1107, 0.110863
41.85, 1, 1, -1.11031, 0.110471
41.875, 1, 1, -1.10992, 0.110072
41.9, 1, 1, -1.10992, 0.110072
41.925, 1, 1, -1.10953, 0.109687
41.95, 1, 1, -1.10917, 0.109317
41.975, 1, 1, -1.10917, 0.109317
42, 1, 1, -1.10917, 0.109317
42.025, 1, 1, -1.10882, 0.108964
42.05, 1, 1, -1.10882, 0.108964
42.075, 1, 1, -1.10882, 0.108964
42.1, 1, 1, -1.10882, 0.108964
42.125, 1, 1, -1.1088, 0.108946
42.15, 1, 1, -1.1088, 0.108946
42.175, 1, 1, -1.1088, 0.108946
42.2, 1, 1, -1.1088, 0.108946
42.225, 1, 1, -1.1088, 0.108946
42.25, 1, 1, -1.10858, 0.108723
42.275, 1, 1, -1.10839, 0.108531
42.3, 1, 1, -1.10839, 0.108531
42.325, 1, 1, -1.10839, 0.108531
42.35, 1, 1, -1.10839, 0.108531
42.375, 1, 1, -1.10839, 0.108531
42.4, 1, 1, -1.10839, 0.108531
42.425, 1, 1, -1.10811, 0.108249
42.45, 1, 1, -1.10811, 0.108249
42.475, 1, 1, -1.10811, 0.108249
42.5, 1, 1, -1.10811, 0.108249
42.525, 1, 1, -1.10811, 0.108249
42.55, 1, 1, -1.10811, 0.108249
42.575, 1, 1, -1.10811, 0.108249
42.6, 1, 1, -1.10782, 0.10796
42.625, 1, 1, -1.10756, 0.107692
42.65, 1, 1, -1.10732, 0.107452
42.675, 1, 1, -1.10712, 0.107241
42.7, 1, 1, -1.10712, 0.107241
42.725, 1, 1, -1.10696, 0.107075
42.75, 1, 1, -1.10681, 0.106917
42.775, 1, 1, -1.10681, 0.106917
42.8, 1, 1, -1.10681, 0.106917
42.825, 1, 1, -1.10668, 0.106777
42.85, 1, 1, -1.10655, 0.106643
42.875, 1, 1, -1.10655, 0.106643
42.9, 1, 1, -1.10655, 0.106643
42.925, 1, 1, -1.10655, 0.106643
42.95, 1, 1, -1.10644, 0.106517
42.975, 1, 1, -1.10644, 0.106517
43, 1, 1, -1.10644, 0.106517
43.025, 1, 1, -1.10644, 0.106517
43.05, 1, 1, -1.10644, 0.106517
43.075, 1, 1, -1.10631, 0.106388
43.1, 1, 1, -1.10631, 0.106388
43.125, 1, 1, -1.10631, 0.106388
43.15, 1, 1, -1.10631, 0.106388
43.175, 1, 1, -1.10619, 0.106257
43.2, 1, 1, -1.10619, 0.106257
43.225, 1, 1, -1.10619, 0.106257
43.25, 1, 1, -1.10619, 0.106257
43.275, 1, 1, -1.10619, 0.106257
43.3, 1, 1, -1.10619, 0.106257
43.325, 1, 1, -1.10601, 0.106066
43.35, 1, 1, -1.10585, 0.105901
43.375, 1, 1, -1.10585, 0.105901
43.4, 1, 1, -1.10585, 0.105901
43.425, 1, 1, -1.1058, 0.105847
43.45, 1, 1, -1.1058, 0.105847
43.475, 1, 1, -1.1058, 0.105847
43.5, 1, 1, -1.10571, 0.105752
43.525, 1, 1, -1.10571, 0.105752
43.55, 1, 1, -1.10573, 0.105771
43.575, 1, 1, -1.10576, 0.10579
43.6, 1, 1, -1.10578, 0.105808
43.625, 1, 1, -1.10578, 0.105808
43.65, 1, 1, -1.10578, 0.105808
43.675, 1, 1, -1.10596, 0.105975
43.7, 1, 1, -1.10596, 0.105975
43.725, 1, 1, -1.10596, 0.105975
43.75, 1, 1, -1.10596, 0.105975
43.775, 1, 1, -1.10604, 0.106056
43.8, 1, 1, -1.10613, 0.106139
43.825, 1, 1, -1.10621, 0.106216
43.85, 1, 1, -1.10621, 0.106216
43.875, 1, 1, -1.10621, 0.106216
43.9, 1, 1, -1.10643, 0.106432
43.925, 1, 1, -1.10643, 0.106432
43.95, 1, 1, -1.10643, 0.106432
43.975, 1, 1, -1.10643, 0.106432
44, 1, 1, -1.10643, 0.106432
44.025, 1, 1, -1.10657, 0.10657
44.05, 1, 1, -1.10657, 0.10657
44.075, 1, 1, -1.10657, 0.10657
44.1, 1, 1, -1.10657, 0.10657
44.125, 1, 1, -1.10657, 0.10657
44.15, 1, 1, -1.10657, 0.10657
44.175, 1, 1, -1.10671, 0.106705
44.2, 1, 1, -1.10685, 0.106846
44.225, 1, 1, -1.10685, 0.106846
44.25, 1, 1, -1.10685, 0.106846
44.275, 1, 1, -1.10685, 0.106846
44.3, 1, 1, -1.10702, 0.107007
44.325, 1, 1, -1.10719, 0.107178
44.35, 1, 1, -1.10737, 0.107358
44.375, 1, 1, -1.10737, 0.107358
44.4, 1, 1, -1.10737, 0.107358
44.425, 1, 1, -1.10757, 0.107559
44.45, 1, 1, -1.10778, 0.107768
44.475, 1, 1, -1.10801, 0.107997
44.5, 1, 1, -1.10829, 0.108272
44.525, 1, 1, -1.10863, 0.10861
44.55, 1, 1, -1.10863, 0.10861
44.575, 1, 1, -1.10863, 0.10861
44.6, 1, 1, -1.10891, 0.1089
44.625, 1, 1, -1.10919, 0.109172
44.65, 1, 1, -1.10946, 0.109443
44.675, 1, 1, -1.10975, 0.109732
44.7, 1, 1, -1.10975, 0.109732
44.725, 1, 1, -1.10998, 0.109971
44.75, 1, 1, -1.10998, 0.109971
44.775, 1, 1, -1.10998, 0.109971
44.8, 1, 1, -1.10998, 0.109971
44.825, 1, 1, -1.10998, 0.109971
44.85, 1, 1, -1.11042, 0.110402
44.875, 1, 1, -1.11042, 0.110402
44.9, 1, 1, -1.11076, 0.110741
44.925, 1, 1, -1.11076, 0.110741
44.95, 1, 1, -1.11116, 0.111142
44.975, 1, 1, -1.11155, 0.111532
45, 1, 1, -1.11155, 0.111532
45.025, 1, 1, -1.11197, 0.111958
45.05, 1, 1, -1.11197, 0.111958
45.075, 1, 1, -1.11264, 0.11262
45.1, 1, 1, -1.11264, 0.11262
45.125, 1, 1, -1.11264, 0.11262
45.15, 1, 1, -1.11326, 0.113246
45.175, 1, 1, -1.11388, 0.113864
45.2, 1, 1, -1.11448, 0.114462
45.225, 1, 1, -1.11505, 0.115042
45.25, 1, 1, -1.11562, 0.115603
45.275, 1, 1, -1.11616, 0.116151
45.3, 1, 1, -1.11616, 0.116151
45.325, 1, 1, -1.11616, 0.116151
45.35, 1, 1, -1.1167, 0.116692
45.375, 1, 1, -1.1167, 0.116692
45.4, 1, 1, -1.1167, 0.116692
45.425, 1, 1, -1.1167, 0.116692
45.45, 1, 1, -1.1167, 0.116692
45.475, 1, 1, -1.11724, 0.117231
45.5, 1, 1, -1.11724, 0.117231
45.525, 1, 1, -1.11724, 0.117231
45.55, 1, 1, -1.11777, 0.11776
45.575, 1, 1, -1.11777, 0.11776
45.6, 1, 1, -1.11777, 0.11776
45.625, 1, 1, -1.11777, 0.11776
45.65, 1, 1, -1.11828, 0.118275
45.675, 1, 1, -1.11828, 0.118275
45.7, 1, 1, -1.11828, 0.118275
45.725, 1, 1, -1.11878, 0.118773
45.75, 1, 1, -1.11926, 0.119251
45.775, 1, 1, -1.11926, 0.119251
45.8, 1, 1, -1.11926, 0.119251
45.825, 1, 1, -1.11926, 0.119251
45.85, 1, 1, -1.11926, 0.119251
45.875, 1, 1, -1.11926, 0.119251
45.9, 1, 1, -1.11926, 0.119251
45.925, 1, 1, -1.11945, 0.119446
45.95, 1, 1, -1.11991, 0.119914
45.975, 1, 1, -1.11991, 0.119914
46, 1, 1, -1.11991, 0.119914
46.025, 1, 1, -1.11991, 0.119914
46.05, 1, 1, -1.11993, 0.119932
46.075, 1, 1, -1.11993, 0.119932
46.1, 1, 1, -1.11993, 0.119932
46.125, 1, 1, -1.11993, 0.119932
46.15, 1, 1, -1.11978, 0.119792
46.175, 1, 1, -1.11978, 0.119792
46.2, 1, 1, -1.11978, 0.119792
46.225, 1, 1, -1.11978, 0.119792
46.25, 1, 1, -1.12016, 0.120169
46.275, 1, 1, -1.12016, 0.120169
46.3, 1, 1, -1.12048, 0.120497
46.325, 1, 1, -1.12048, 0.120497
46.35, 1, 1, -1.12079, 0.120806
46.375, 1, 1, -1.12108, 0.121104
46.4, 1, 1, -1.12108, 0.121104
46.425, 1, 1, -1.12108, 0.121104
46.45, 1, 1, -1.12133, 0.121355
46.475, 1, 1, -1.12161, 0.121642
46.5, 1, 1, -1.12161, 0.121642
46.525, 1, 1, -1.12193, 0.121966
46.55, 1, 1, -1.12227, 0.122304
46.575, 1, 1, -1.12227, 0.122304
46.6, 1, 1, -1.12227, 0.122304
46.625, 1, 1, -1.12227, 0.122304
46.65, 1, 1, -1.12262, 0.122658
46.675, 1, 1, -1.12262, 0.122658
46.7, 1, 1, -1.12295, 0.122987
46.725, 1, 1, -1.12295, 0.122987
46.75, 1, 1, -1.12295, 0.122987
46.775, 1, 1, -1.12326, 0.1233
46.8, 1, 1, -1.12356, 0.123603
46.825, 1, 1, -1.12356, 0.123603
46.85, 1, 1, -1.12384, 0.123896
46.875, 1, 1, -1.12412, 0.124172
46.9, 1, 1, -1.12412, 0.124172
46.925, 1, 1, -1.12439, 0.124448
46.95, 1, 1, -1.12439, 0.124448
46.975, 1, 1, -1.12439, 0.124448
47, 1, 1, -1.12439, 0.124448
47.025, 1, 1, -1.12463, 0.124685
47.05, 1, 1, -1.12463, 0.124685
47.075, 1, 1, -1.12486, 0.124917
47.1, 1, 1, -1.12512, 0.125183
47.125, 1, 1, -1.12512, 0.125183
47.15, 1, 1, -1.12542, 0.125489
47.175, 1, 1, -1.12542, 0.125489
47.2, 1, 1, -1.12542, 0.125489
47.225, 1, 1, -1.12542, 0.125489
47.25, 1, 1, -1.1261, 0.126173
47.275, 1, 1, -1.12695, 0.12702
47.3, 1, 1, -1.12695, 0.12702
47.325, 1, 1, -1.12768, 0.127755
47.35, 1, 1, -1.1284, 0.128469
47.375, 1, 1, -1.1284, 0.128469
47.4, 1, 1, -1.12926, 0.129333
47.425, 1, 1, -1.12926, 0.129333
47.45, 1, 1, -1.12997, 0.130051
47.475, 1, 1, -1.1307, 0.130781
47.5, 1, 1, -1.1307, 0.130781
47.525, 1, 1, -1.1307, 0.130781
47.55, 1, 1, -1.1307, 0.130781
47.575, 1, 1, -1.13127, 0.131349
47.6, 1, 1, -1.13181, 0.131892
47.625, 1, 1, -1.13234, 0.132424
47.65, 1, 1, -1.13234, 0.132424
47.675, 1, 1, -1.13288, 0.132963
47.7, 1, 1, -1.1334, 0.133491
47.725, 1, 1, -1.13391, 0.134002
47.75, 1, 1, -1.13391, 0.134002
47.775, 1, 1, -1.13391, 0.134002
47.8, 1, 1, -1.13391, 0.134002
47.825, 1, 1, -1.13391, 0.134002
47.85, 1, 1, -1.13391, 0.134002
47.875, 1, 1, -1.13391, 0.134002
47.9, 1, 1, -1.13391, 0.134002
47.925, 1, 1, -1.13391, 0.134002
47.95, 1, 1, -1.13391, 0.134002
47.975, 1, 1, -1.13391, 0.134002
48, 1, 1, -1.13438, 0.134472
48.025, 1, 1, -1.13488, 0.134971
48.05, 1, 1, -1.13543, 0.135521
48.075, 1, 1, -1.13543, 0.135521
48.1, 1, 1, -1.136, 0.136092
48.125, 1, 1, -1.136, 0.136092
48.15, 1, 1, -1.13656, 0.136655
48.175, 1, 1, -1.13711, 0.137205
48.2, 1, 1, -1.13765, 0.137739
48.225, 1, 1, -1.13816, 0.138249
48.25, 1, 1, -1.13816, 0.138249
48.275, 1, 1, -1.13867, 0.138768
48.3, 1, 1, -1.13867, 0.138768
48.325, 1, 1, -1.13867, 0.138768
48.35, 1, 1, -1.13867, 0.138768
48.375, 1, 1, -1.13867, 0.138768
48.4, 1, 1, -1.13867, 0.138768
48.425, 1, 1, -1.13867, 0.138768
48.45, 1, 1, -1.13917, 0.139269
48.475, 1, 1, -1.13917, 0.139269
48.5, 1, 1, -1.13917, 0.139269
48.525, 1, 1, -1.14011, 0.140209
48.55, 1, 1, -1.14011, 0.140209
48.575, 1, 1, -1.14011, 0.140209
48.6, 1, 1, -1.14011, 0.140209
48.625, 1, 1, -1.14011, 0.140209
48.65, 1, 1, -1.14011, 0.140209
48.675, 1, 1, -1.14011, 0.140209
48.7, 1, 1, -1.14011, 0.140209
48.725, 1, 1, -1.14011, 0.140209
48.75, 1, 1, -1.14011, 0.140209
48.775, 1, 1, -1.14105, 0.141151
48.8, 1, 1, -1.14206, 0.142156
48.825, 1, 1, -1.14311, 0.143209
48.85, 1, 1, -1.14311, 0.143209
48.875, 1, 1, -1.14311, 0.143209
48.9, 1, 1, -1.14311, 0.143209
48.925, 1, 1, -1.14404, 0.144141
48.95, 1, 1, -1.14494, 0.145046
48.975, 1, 1, -1.14582, 0.145923
49, 1, 1, -1.14666, 0.146769
49.025, 1, 1, -1.14666, 0.146769
49.05, 1, 1, -1.14748, 0.147591
49.075, 1, 1, -1.14748, 0.147591
49.1, 1, 1, -1.14748, 0.147591
49.125, 1, 1, -1.14828, 0.148392
49.15, 1, 1, -1.14828, 0.148392
49.175, 1, 1, -1.14828, 0.148392
49.2, 1, 1, -1.14828, 0.148392
49.225, 1, 1, -1.14828, 0.148392
49.25, 1, 1, -1.14904, 0.149157
49.275, 1, 1, -1.14904, 0.149157
49.3, 1, 1, -1.14978, 0.149899
49.325, 1, 1, -1.14978, 0.149899
49.35, 1, 1, -1.14978, 0.149899
49.375, 1, 1, -1.14978, 0.149899
49.4, 1, 1, -1.15054, 0.15066
49.425, 1, 1, -1.15054, 0.15066
49.45, 1, 1, -1.15054, 0.15066
49.475, 1, 1, -1.15054, 0.15066
49.5, 1, 1, -1.15054, 0.15066
49.525, 1, 1, -1.15054, 0.15066
49.55, 1, 1, -1.15114, 0.151255
49.575, 1, 1, -1.15114, 0.151255
49.6, 1, 1, -1.15172, 0.151844
49.625, 1, 1, -1.15228, 0.1524
49.65, 1, 1, -1.15228, 0.1524
49.675, 1, 1, -1.15303, 0.153155
49.7, 1, 1, -1.15303, 0.153155
49.725, 1, 1, -1.1539, 0.154027
49.75, 1, 1, -1.1539, 0.154027
49.775, 1, 1, -1.15465, 0.15478
49.8, 1, 1, -1.15465, 0.15478
49.825, 1, 1, -1.15465, 0.15478
49.85, 1, 1, -1.15576, 0.15589
49.875, 1, 1, -1.15576, 0.15589
49.9, 1, 1, -1.15576, 0.15589
49.925, 1, 1, -1.15576, 0.15589
49.95, 1, 1, -1.15576, 0.15589
49.975, 1, 1, -1.15676, 0.156884
50, 1, 1, -1.15676, 0.156884
50, 1, 1, -1.15767, 0.157803
50.025, 1, 1, -1.15767, 0.157803
50.05, 1, 1, -1.15767, 0.157803
50.075, 1, 1, -1.15767, 0.157803
50.1, 1, 1, -1.15856, 0.158694
50.125, 1, 1, -1.15948, 0.159614
50.15, 1, 1, -1.16041, 0.160541
50.175, 1, 1, -1.16041, 0.160541
50.2, 1, 1, -1.16041, 0.160541
50.225, 1, 1, -1.16138, 0.161509
50.25, 1, 1, -1.16138, 0.161509
50.275, 1, 1, -1.16138, 0.161509
50.3, 1, 1, -1.16138, 0.161509
50.325, 1, 1, -1.16138, 0.161509
50.35, 1, 1, -1.1623, 0.162438
50.375, 1, 1, -1.1623, 0.162438
50.4, 1, 1, -1.16321, 0.163342
50.425, 1, 1, -1.16321, 0.163342
50.45, 1, 1, -1.16321, 0.163342
50.475, 1, 1, -1.16321, 0.163342
50.5, 1, 1, -1.16381, 0.163949
50.525, 1, 1, -1.16381, 0.163949
50.55, 1, 1, -1.16381, 0.163949
50.575, 1, 1, -1.16439, 0.16452
50.6, 1, 1, -1.16454, 0.164681
50.625, 1, 1, -1.16454, 0.164681
50.65, 1, 1, -1.16454, 0.164681
50.675, 1, 1, -1.16454, 0.164681
50.7, 1, 1, -1.16454, 0.164681
50.725, 1, 1, -1.1638, 0.163936
50.75, 1, 1, -1.16277, 0.162905
50.775, 1, 1, -1.16277, 0.162905
50.8, 1, 1, -1.16176, 0.161898
50.825, 1, 1, -1.16176, 0.161898
50.85, 1, 1, -1.16176, 0.161898
50.875, 1, 1, -1.16176, 0.161898
50.9, 1, 1, -1.16176, 0.161898
50.925, 1, 1, -1.16127, 0.16141
50.95, 1, 1, -1.16031, 0.160457
50.975, 1, 1, -1.15901, 0.159158
51, 1, 1, -1.15901, 0.159158
51.025, 1, 1, -1.15771, 0.15786
51.05, 1, 1, -1.15645, 0.156608
51.075, 1, 1, -1.15645, 0.156608
51.1, 1, 1, -1.15534, 0.155496
51.125, 1, 1, -1.15534, 0.155496
51.15, 1, 1, -1.15412, 0.154281
51.175, 1, 1, -1.15252, 0.152687
51.2, 1, 1, -1.15082, 0.150993
51.225, 1, 1, -1.14912, 0.149291
51.25, 1, 1, -1.14749, 0.147668
51.275, 1, 1, -1.14749, 0.147668
51.3, 1, 1, -1.14749, 0.147668
51.325, 1, 1, -1.14749, 0.147668
51.35, 1, 1, -1.14461, 0.144796
51.375, 1, 1, -1.14461, 0.144796
51.4, 1, 1, -1.14185, 0.142041
51.425, 1, 1, -1.14185, 0.142041
51.45, 1, 1, -1.13931, 0.139496
51.475, 1, 1, -1.13671, 0.136907
51.5, 1, 1, -1.13671, 0.136907
51.525, 1, 1, -1.13671, 0.136907
51.55, 1, 1, -1.13419, 0.134389
51.575, 1, 1, -1.13419, 0.134389
51.6, 1, 1, -1.13174, 0.131941
51.625, 1, 1, -1.13174, 0.131941
51.65, 1, 1, -1.12937, 0.129572
51.675, 1, 1, -1.12696, 0.127168
51.7, 1, 1, -1.12696, 0.127168
51.725, 1, 1, -1.12696, 0.127168
51.75, 1, 1, -1.12696, 0.127168
51.775, 1, 1, -1.12518, 0.125383
51.8, 1, 1, -1.12518, 0.125383
51.825, 1, 1, -1.1236, 0.123809
51.85, 1, 1, -1.1236, 0.123809
51.875, 1, 1, -1.1222, 0.122408
51.9, 1, 1, -1.1222, 0.122408
51.925, 1, 1, -1.1222, 0.122408
51.95, 1, 1, -1.1222, 0.122408
51.975, 1, 1, -1.12114, 0.12134
52, 1, 1, -1.12114, 0.12134
52.025, 1, 1, -1.12026, 0.120462
52.05, 1, 1, -1.11942, 0.119613
52.075, 1, 1, -1.11942, 0.119613
52.1, 1, 1, -1.11942, 0.119613
52.125, 1, 1, -1.11942, 0.119613
52.15, 1, 1, -1.11942, 0.119613
52.175, 1, 1, -1.11942, 0.119613
52.2, 1, 1, -1.11942, 0.119613
52.225, 1, 1, -1.11942, 0.119613
52.25, 1, 1, -1.11942, 0.119613
52.275, 1, 1, -1.11942, 0.119613
52.3, 1, 1, -1.11942, 0.119613
52.325, 1, 1, -1.11942, 0.119613
52.35, 1, 1, -1.11942, 0.119613
52.375, 1, 1, -1.11942, 0.119613
52.4, 1, 1, -1.11843, 0.118623
52.425, 1, 1, -1.11747, 0.117649
52.45, 1, 1, -1.11652, 0.116696
52.475, 1, 1, -1.11562, 0.115787
52.5, 1, 1, -1.11562, 0.115787
52.525, 1, 1, -1.11562, 0.115787
52.55, 1, 1, -1.11469, 0.114851
52.575, 1, 1, -1.11469, 0.114851
52.6, 1, 1, -1.11469, 0.114851
52.625, 1, 1, -1.11391, 0.114057
52.65, 1, 1, -1.11391, 0.114057
52.675, 1, 1, -1.11391, 0.114057
52.7, 1, 1, -1.11391, 0.114057
52.725, 1, 1, -1.11288, 0.113026
52.75, 1, 1, -1.11288, 0.113026
52.775, 1, 1, -1.11288, 0.113026
52.8, 1, 1, -1.1122, 0.112336
52.825, 1, 1, -1.1122, 0.112336
52.85, 1, 1, -1.1122, 0.112336
52.875, 1, 1, -1.11137, 0.111502
52.9, 1, 1, -1.11059, 0.110706
52.925, 1, 1, -1.10985, 0.109961
52.95, 1, 1, -1.10985, 0.109961
52.975, 1, 1, -1.10913, 0.109224
53, 1, 1, -1.10849, 0.108576
53.025, 1, 1, -1.10849, 0.108576
53.05, 1, 1, -1.10849, 0.108576
53.075, 1, 1, -1.10849, 0.108576
53.1, 1, 1, -1.10849, 0.108576
53.125, 1, 1, -1.10849, 0.108576
53.15, 1, 1, -1.10849, 0.108576
53.175, 1, 1, -1.10849, 0.108576
53.2, 1, 1, -1.10773, 0.107814
53.225, 1, 1, -1.10773, 0.107814
53.25, 1, 1, -1.10773, 0.107814
53.275, 1, 1, -1.10705, 0.107124
53.3, 1, 1, -1.10705, 0.107124
53.325, 1, 1, -1.10643, 0.106494
53.35, 1, 1, -1.10643, 0.106494
53.375, 1, 1, -1.10584, 0.105899
53.4, 1, 1, -1.10528, 0.10533
53.425, 1, 1, -1.10474, 0.104785
53.45, 1, 1, -1.10422, 0.104261
53.475, 1, 1, -1.10372, 0.103758
53.5, 1, 1, -1.10372, 0.103758
53.525, 1, 1, -1.10324, 0.103273
53.55, 1, 1, -1.10324, 0.103273
53.575, 1, 1, -1.10324, 0.103273
53.6, 1, 1, -1.10324, 0.103273
53.625, 1, 1, -1.1029, 0.102932
53.65, 1, 1, -1.1029, 0.102932
53.675, 1, 1, -1.1029, 0.102932
53.7, 1, 1, -1.1029, 0.102932
53.725, 1, 1, -1.1029, 0.102932
53.75, 1, 1, -1.10246, 0.102486
53.775, 1, 1, -1.10246, 0.102486
53.8, 1, 1, -1.10246, 0.102486
53.825, 1, 1, -1.10204, 0.102058
53.85, 1, 1, -1.10163, 0.101649
53.875, 1, 1, -1.10163, 0.101649
53.9, 1, 1, -1.10163, 0.101649
53.925, 1, 1, -1.10163, 0.101649
53.95, 1, 1, -1.10163, 0.101649
53.975, 1, 1, -1.10163, 0.101649
54, 1, 1, -1.1009, 0.100913
54.025, 1, 1, -1.1009, 0.100913
54.05, 1, 1, -1.1009, 0.100913
54.075, 1, 1, -1.1009, 0.100913
54.1, 1, 1, -1.10014, 0.10015
54.125, 1, 1, -1.09944, 0.099452
54.15, 1, 1, -1.09944, 0.099452
54.175, 1, 1, -1.09944, 0.099452
54.2, 1, 1, -1.09944, 0.099452
54.225, 1, 1, -1.09944, 0.099452
54.25, 1, 1, -1.09944, 0.099452
54.275, 1, 1, -1.09859, 0.098598
54.3, 1, 1, -1.09777, 0.0977681
54.325, 1, 1, -1.09777, 0.0977681
54.35, 1, 1, -1.09777, 0.0977681
54.375, 1, 1, -1.09777, 0.0977681
54.4, 1, 1, -1.09777, 0.0977681
54.425, 1, 1, -1.09777, 0.0977681
54.45, 1, 1, -1.09697, 0.0969729
54.475, 1, 1, -1.09697, 0.0969729
54.5, 1, 1, -1.09697, 0.0969729
54.525, 1, 1, -1.09697, 0.0969729
54.55, 1, 1, -1.09697, 0.0969729
54.575, 1, 1, -1.09625, 0.0962453
54.6, 1, 1, -1.09557, 0.0955678
54.625, 1, 1, -1.09557, 0.0955678
54.65, 1, 1, -1.09557, 0.0955678
54.675, 1, 1, -1.09501, 0.0950066
54.7, 1, 1, -1.09501, 0.0950066
54.725, 1, 1, -1.09501, 0.0950066
54.75, 1, 1, -1.09456, 0.0945612
54.775, 1, 1, -1.09416, 0.0941543
54.8, 1, 1, -1.09377, 0.0937736
54.825, 1, 1, -1.09377, 0.0937736
54.85, 1, 1, -1.09377, 0.0937736
54.875, 1, 1, -1.09377, 0.0937736
54.9, 1, 1, -1.09377, 0.0937736
54.925, 1, 1, -1.09377, 0.0937736
54.95, 1, 1, -1.09377, 0.0937736
54.975, 1, 1, -1.09377, 0.0937736
55, 1, 1, -1.09329, 0.0932888
55.025, 1, 1, -1.09329, 0.0932888
55.05, 1, 1, -1.09288, 0.0928781
55.075, 1, 1, -1.09256, 0.0925691
55.1, 1, 1, -1.09256, 0.0925691
55.125, 1, 1, -1.09256, 0.0925691
55.15, 1, 1, -1.0922, 0.0922082
55.175, 1, 1, -1.09186, 0.0918718
55.2, 1, 1, -1.09186, 0.0918718
55.225, 1, 1, -1.09186, 0.0918718
55.25, 1, 1, -1.09186, 0.0918718
55.275, 1, 1, -1.09112, 0.0911317
55.3, 1, 1, -1.09112, 0.0911317
55.325, 1, 1, -1.09067, 0.090681
55.35, 1, 1, -1.09048, 0.0904944
55.375, 1, 1, -1.09048, 0.0904944
55.4, 1, 1, -1.09048, 0.0904944
55.425, 1, 1, -1.09048, 0.0904944
55.45, 1, 1, -1.09013, 0.0901524
55.475, 1, 1, -1.09013, 0.0901524
55.5, 1, 1, -1.09013, 0.0901524
55.525, 1, 1, -1.08977, 0.0897955
55.55, 1, 1, -1.08943, 0.0894524
55.575, 1, 1, -1.08943, 0.0894524
55.6, 1, 1, -1.08943, 0.0894524
55.625, 1, 1, -1.08919, 0.0892229
55.65, 1, 1, -1.08919, 0.0892229
55.675, 1, 1, -1.08919, 0.0892229
55.7, 1, 1, -1.08919, 0.0892229
55.725, 1, 1, -1.08896, 0.0889903
55.75, 1, 1, -1.08873, 0.0887664
55.775, 1, 1, -1.08873, 0.0887664
55.8, 1, 1, -1.08873, 0.0887664
55.825, 1, 1, -1.08851, 0.0885554
55.85, 1, 1, -1.08851, 0.0885554
55.875, 1, 1, -1.08851, 0.0885554
55.9, 1, 1, -1.08851, 0.0885554
55.925, 1, 1, -1.08851, 0.0885554
55.95, 1, 1, -1.08831, 0.0883576
55.975, 1, 1, -1.08812, 0.0881687
56, 1, 1, -1.08812, 0.0881687
56.025, 1, 1, -1.08793, 0.087986
56.05, 1, 1, -1.08775, 0.0878075
56.075, 1, 1, -1.08775, 0.0878075
56.1, 1, 1, -1.08775, 0.0878075
56.125, 1, 1, -1.08758, 0.087644
56.15, 1, 1, -1.08742, 0.0874864
56.175, 1, 1, -1.08727, 0.0873341
56.2, 1, 1, -1.08727, 0.0873341
56.225, 1, 1, -1.08727, 0.0873341
56.25, 1, 1, -1.08727, 0.0873341
56.275, 1, 1, -1.08712, 0.0871866
56.3, 1, 1, -1.08712, 0.0871866
56.325, 1, 1, -1.08712, 0.0871866
56.35, 1, 1, -1.08712, 0.0871866
56.375, 1, 1, -1.08714, 0.0872127
56.4, 1, 1, -1.08714, 0.0872127
56.425, 1, 1, -1.08714, 0.0872127
56.45, 1, 1, -1.08714, 0.0872127
56.475, 1, 1, -1.08714, 0.0872127
56.5, 1, 1, -1.08714, 0.0872127
56.525, 1, 1, -1.08714, 0.0872127
56.55, 1, 1, -1.08714, 0.0872127
56.575, 1, 1, -1.08714, 0.0872127
56.6, 1, 1, -1.08714, 0.0872127
56.625, 1, 1, -1.08714, 0.0872127
56.65, 1, 1, -1.08714, 0.0872127
56.675, 1, 1, -1.08714, 0.0872127
56.7, 1, 1, -1.08703, 0.0871042
56.725, 1, 1, -1.08703, 0.0871042
56.75, 1, 1, -1.08703, 0.0871042
56.775, 1, 1, -1.08724, 0.0873106
56.8, 1, 1, -1.08724, 0.0873106
56.825, 1, 1, -1.08746, 0.0875367
56.85, 1, 1, -1.08746, 0.0875367
56.875, 1, 1, -1.08767, 0.0877471
56.9, 1, 1, -1.08787, 0.0879495
56.925, 1, 1, -1.08787, 0.0879495
56.95, 1, 1, -1.08806, 0.0881432
56.975, 1, 1, -1.08825, 0.088341
57, 1, 1, -1.08825, 0.088341
57.025, 1, 1, -1.08847, 0.088558
57.05, 1, 1, -1.08847, 0.088558
57.075, 1, 1, -1.08847, 0.088558
57.1, 1, 1, -1.08867, 0.0887666
57.125, 1, 1, -1.08867, 0.0887666
57.15, 1, 1, -1.08887, 0.0889684
57.175, 1, 1, -1.08887, 0.0889684
57.2, 1, 1, -1.08887, 0.0889684
57.225, 1, 1, -1.08887, 0.0889684
57.25, 1, 1, -1.08887, 0.0889684
57.275, 1, 1, -1.08887, 0.0889684
57.3, 1, 1, -1.08887, 0.0889684
57.325, 1, 1, -1.08887, 0.0889684
57.35, 1, 1, -1.08906, 0.0891551
57.375, 1, 1, -1.08923, 0.089336
57.4, 1, 1, -1.08923, 0.089336
57.425, 1, 1, -1.08923, 0.089336
57.45, 1, 1, -1.08944, 0.0895455
57.475, 1, 1, -1.08944, 0.0895455
57.5, 1, 1, -1.08974, 0.0898491
57.525, 1, 1, -1.08974, 0.0898491
57.55, 1, 1, -1.09016, 0.0902631
57.575, 1, 1, -1.09016, 0.0902631
57.6, 1, 1, -1.09016, 0.0902631
57.625, 1, 1, -1.09016, 0.0902631
57.65, 1, 1, -1.09016, 0.0902631
57.675, 1, 1, -1.09055, 0.0906579
57.7, 1, 1, -1.09094, 0.0910425
57.725, 1, 1, -1.09094, 0.0910425
57.75, 1, 1, -1.09094, 0.0910425
57.775, 1, 1, -1.09094, 0.0910425
57.8, 1, 1, -1.09181, 0.0919129
57.825, 1, 1, -1.09181, 0.0919129
57.85, 1, 1, -1.09181, 0.0919129
57.875, 1, 1, -1.09245, 0.0925596
57.9, 1, 1, -1.09325, 0.0933599
57.925, 1, 1, -1.09427, 0.0943763
57.95, 1, 1, -1.09544, 0.0955543
57.975, 1, 1, -1.09544, 0.0955543
58, 1, 1, -1.09544, 0.0955543
58.025, 1, 1, -1.09641, 0.0965227
58.05, 1, 1, -1.09641, 0.0965227
58.075, 1, 1, -1.09745, 0.09757
58.1, 1, 1, -1.09745, 0.09757
58.125, 1, 1, -1.09745, 0.09757
58.15, 1, 1, -1.09851, 0.0986311
58.175, 1, 1, -1.09851, 0.0986311
58.2, 1, 1, -1.09987, 0.0999934
58.225, 1, 1, -1.09987, 0.0999934
58.25, 1, 1, -1.09987, 0.0999934
58.275, 1, 1, -1.09987, 0.0999934
58.3, 1, 1, -1.09987, 0.0999934
58.325, 1, 1, -1.09987, 0.0999934
58.35, 1, 1, -1.10113, 0.101251
58.375, 1, 1, -1.10113, 0.101251
58.4, 1, 1, -1.10113, 0.101251
58.425, 1, 1, -1.10113, 0.101251
58.45, 1, 1, -1.10113, 0.101251
58.475, 1, 1, -1.10236, 0.102485
58.5, 1, 1, -1.10356, 0.103693
58.525, 1, 1, -1.10356, 0.103693
58.55, 1, 1, -1.10356, 0.103693
58.575, 1, 1, -1.10473, 0.104859
58.6, 1, 1, -1.10585, 0.105986
58.625, 1, 1, -1.10585, 0.105986
58.65, 1, 1, -1.10585, 0.105986
58.675, 1, 1, -1.10585, 0.105986
58.7, 1, 1, -1.10585, 0.105986
58.725, 1, 1, -1.10696, 0.107093
58.75, 1, 1, -1.10802, 0.108164
58.775, 1, 1, -1.10802, 0.108164
58.8, 1, 1, -1.10906, 0.109207
58.825, 1, 1, -1.11008, 0.11022
58.85, 1, 1, -1.11008, 0.11022
58.875, 1, 1, -1.11104, 0.111185
58.9, 1, 1, -1.11203, 0.112178
58.925, 1, 1, -1.1131, 0.113252
58.95, 1, 1, -1.1131, 0.113252
58.975, 1, 1, -1.11424, 0.114384
59, 1, 1, -1.11532, 0.11547
59.025, 1, 1, -1.11638, 0.116527
59.05, 1, 1, -1.11638, 0.116527
59.075, 1, 1, -1.11638, 0.116527
59.1, 1, 1, -1.11768, 0.117827
59.125, 1, 1, -1.11768, 0.117827
59.15, 1, 1, -1.1187, 0.118854
59.175, 1, 1, -1.1187, 0.118854
59.2, 1, 1, -1.1187, 0.118854
59.225, 1, 1, -1.1187, 0.118854
59.25, 1, 1, -1.1187, 0.118854
59.275, 1, 1, -1.1187, 0.118854
59.3, 1, 1, -1.1187, 0.118854
59.325, 1, 1, -1.11877, 0.118918
59.35, 1, 1, -1.11909, 0.11924
59.375, 1, 1, -1.11909, 0.11924
59.4, 1, 1, -1.11909, 0.11924
59.425, 1, 1, -1.11909, 0.11924
59.45, 1, 1, -1.11909, 0.11924
59.475, 1, 1, -1.11909, 0.11924
59.5, 1, 1, -1.11909, 0.11924
59.525, 1, 1, -1.11938, 0.119538
59.55, 1, 1, -1.11938, 0.119538
59.575, 1, 1, -1.11938, 0.119538
59.6, 1, 1, -1.11938, 0.119538
59.625, 1, 1, -1.11938, 0.119538
59.65, 1, 1, -1.11938, 0.119538
59.675, 1, 1, -1.11938, 0.119538
59.7, 1, 1, -1.11938, 0.119538
59.725, 1, 1, -1.11938, 0.119538
59.75, 1, 1, -1.11938, 0.119538
59.775, 1, 1, -1.11938, 0.119538
59.8, 1, 1, -1.11944, 0.119593
59.825, 1, 1, -1.11944, 0.119593
59.85, 1, 1, -1.11952, 0.119676
59.875, 1, 1, -1.11952, 0.119676
59.9, 1, 1, -1.11952, 0.119676
59.925, 1, 1, -1.11952, 0.119676
59.95, 1, 1, -1.1196, 0.119762
59.975, 1, 1, -1.11968, 0.119847
60, 1, 1, -1.11968, 0.119847
60, 1, 1, -1.11968, 0.119847
60.025, 1, 1, -1.11968, 0.119847
60.05, 1, 1, -1.12002, 0.120185
60.075, 1, 1, -1.12077, 0.120928
60.1, 1, 1, -1.12177, 0.121927
60.125, 1, 1, -1.12177, 0.121927
60.15, 1, 1, -1.12276, 0.122916
60.175, 1, 1, -1.12276, 0.122916
60.2, 1, 1, -1.12372, 0.123872
60.225, 1, 1, -1.12372, 0.123872
60.25, 1, 1, -1.12372, 0.123872
60.275, 1, 1, -1.12372, 0.123872
60.3, 1, 1, -1.12372, 0.123872
60.325, 1, 1, -1.12372, 0.123872
60.35, 1, 1, -1.12372, 0.123872
60.375, 1, 1, -1.12372, 0.123872
60.4, 1, 1, -1.12372, 0.123872
60.425, 1, 1, -1.12372, 0.123872
60.45, 1, 1, -1.12372, 0.123872
60.475, 1, 1, -1.12372, 0.123872
60.5, 1, 1, -1.12372, 0.123872
60.525, 1, 1, -1.12372, 0.123872
60.55, 1, 1, -1.12372, 0.123872
60.575, 1, 1, -1.12372, 0.123872
60.6, 1, 1, -1.12105, 0.121201
60.625, 1, 1, -1.11847, 0.118617
60.65, 1, 1, -1.11847, 0.118617
60.675, 1, 1, -1.11847, 0.118617
60.7, 1, 1, -1.11847, 0.118617
60.725, 1, 1, -1.11847, 0.118617
60.75, 1, 1, -1.11637, 0.116517
60.775, 1, 1, -1.11637, 0.116517
60.8, 1, 1, -1.11423, 0.114368
60.825, 1, 1, -1.11423, 0.114368
60.85, 1, 1, -1.11208, 0.112216
60.875, 1, 1, -1.10991, 0.110045
60.9, 1, 1, -1.10991, 0.110045
60.925, 1, 1, -1.10991, 0.110045
60.95, 1, 1, -1.10991, 0.110045
60.975, 1, 1, -1.10991, 0.110045
61, 1, 1, -1.10991, 0.110045
61.025, 1, 1, -1.10991, 0.110045
61.05, 1, 1, -1.10991, 0.110045
61.075, 1, 1, -1.10991, 0.110045
61.1, 1, 1, -1.10787, 0.108004
61.125, 1, 1, -1.10787, 0.108004
61.15, 1, 1, -1.10787, 0.108004
61.175, 1, 1, -1.10787, 0.108004
61.2, 1, 1, -1.10594, 0.106075
61.225, 1, 1, -1.10398, 0.104111
61.25, 1, 1, -1.10398, 0.104111
61.275, 1, 1, -1.10398, 0.104111
61.3, 1, 1, -1.10398, 0.104111
61.325, 1, 1, -1.10398, 0.104111
61.35, 1, 1, -1.10398, 0.104111
61.375, 1, 1, -1.10234, 0.102476
61.4, 1, 1, -1.10066, 0.100792
61.425, 1, 1, -1.09897, 0.0990982
61.45, 1, 1, -1.09897, 0.0990982
61.475, 1, 1, -1.09733, 0.0974573
61.5, 1, 1, -1.09573, 0.0958563
61.525, 1, 1, -1.09415, 0.094285
61.55, 1, 1, -1.09253, 0.092666
61.575, 1, 1, -1.09253, 0.092666
61.6, 1, 1, -1.09103, 0.0911614
61.625, 1, 1, -1.09103, 0.0911614
61.65, 1, 1, -1.08973, 0.0898659
61.675, 1, 1, -1.08846, 0.0885936
61.7, 1, 1, -1.0872, 0.0873451
61.725, 1, 1, -1.08599, 0.0861287
61.75, 1, 1, -1.08599, 0.0861287
61.775, 1, 1, -1.08599, 0.0861287
61.8, 1, 1, -1.0848, 0.0849458
61.825, 1, 1, -1.0848, 0.0849458
61.85, 1, 1, -1.08379, 0.0839415
61.875, 1, 1, -1.08293, 0.0830909
61.9, 1, 1, -1.08229, 0.0824503
61.925, 1, 1, -1.08229, 0.0824503
61.95, 1, 1, -1.08188, 0.0820555
61.975, 1, 1, -1.08188, 0.0820555
62, 1, 1, -1.08152, 0.0817029
62.025, 1, 1, -1.08118, 0.0813695
62.05, 1, 1, -1.08118, 0.0813695
62.075, 1, 1, -1.0809, 0.0810994
62.1, 1, 1, -1.08067, 0.080871
62.125, 1, 1, -1.08067, 0.080871
62.15, 1, 1, -1.08049, 0.0807032
62.175, 1, 1, -1.08037, 0.0805891
62.2, 1, 1, -1.08037, 0.0805891
62.225, 1, 1, -1.08037, 0.0805891
62.25, 1, 1, -1.08028, 0.0805111
62.275, 1, 1, -1.08028, 0.0805111
62.3, 1, 1, -1.08028, 0.0805111
62.325, 1, 1, -1.08023, 0.0804699
62.35, 1, 1, -1.08023, 0.0804699
62.375, 1, 1, -1.08023, 0.0804699
62.4, 1, 1, -1.08018, 0.080431
62.425, 1, 1, -1.08014, 0.0803974
62.45, 1, 1, -1.08011, 0.0803761
62.475, 1, 1, -1.08011, 0.0803761
62.5, 1, 1, -1.08011, 0.0803761
62.525, 1, 1, -1.08011, 0.0803761
62.55, 1, 1, -1.08009, 0.0803599
62.575, 1, 1, -1.08009, 0.0803599
62.6, 1, 1, -1.08009, 0.0803599
62.625, 1, 1, -1.08006, 0.0803386
62.65, 1, 1, -1.08006, 0.0803386
62.675, 1, 1, -1.08006, 0.0803386
62.7, 1, 1, -1.08006, 0.0803386
62.725, 1, 1, -1.08001, 0.0802954
62.75, 1, 1, -1.08001, 0.0802954
62.775, 1, 1, -1.08001, 0.0802954
62.8, 1, 1, -1.08001, 0.0802954
62.825, 1, 1, -1.08001, 0.0802954
62.85, 1, 1, -1.08001, 0.0802954
62.875, 1, 1, -1.08001, 0.0802954
62.9, 1, 1, -1.08001, 0.0802954
62.925, 1, 1, -1.08031, 0.0806027
62.95, 1, 1, -1.08068, 0.0809774
62.975, 1, 1, -1.08068, 0.0809774
63, 1, 1, -1.08068, 0.0809774
63.025, 1, 1, -1.08068, 0.0809774
63.05, 1, 1, -1.08068, 0.0809774
63.075, 1, 1, -1.08113, 0.0814302
63.1, 1, 1, -1.08113, 0.0814302
63.125, 1, 1, -1.08151, 0.0818122
63.15, 1, 1, -1.08151, 0.0818122
63.175, 1, 1, -1.08192, 0.0822317
63.2, 1, 1, -1.08192, 0.0822317
63.225, 1, 1, -1.08192, 0.0822317
63.25, 1, 1, -1.08192, 0.0822317
63.275, 1, 1, -1.08192, 0.0822317
63.3, 1, 1, -1.0823, 0.0826138
63.325, 1, 1, -1.0823, 0.0826138
63.35, 1, 1, -1.08267, 0.0829869
63.375, 1, 1, -1.08267, 0.0829869
63.4, 1, 1, -1.08302, 0.0833398
63.425, 1, 1, -1.08335, 0.0836758
63.45, 1, 1, -1.08335, 0.0836758
63.475, 1, 1, -1.08335, 0.0836758
63.5, 1, 1, -1.08335, 0.0836758
63.525, 1, 1, -1.08335, 0.0836758
63.55, 1, 1, -1.08335, 0.0836758
63.575, 1, 1, -1.08335, 0.0836758
63.6, 1, 1, -1.08335, 0.0836758
63.625, 1, 1, -1.08335, 0.0836758
63.65, 1, 1, -1.08368, 0.0840009
63.675, 1, 1, -1.08368, 0.0840009
63.7, 1, 1, -1.08398, 0.08431
63.725, 1, 1, -1.08398, 0.08431
63.75, 1, 1, -1.08428, 0.0846118
63.775, 1, 1, -1.08428, 0.0846118
63.8, 1, 1, -1.08462, 0.0849538
63.825, 1, 1, -1.08462, 0.0849538
63.85, 1, 1, -1.08462, 0.0849538
63.875, 1, 1, -1.08497, 0.0853008
63.9, 1, 1, -1.08497, 0.0853008
63.925, 1, 1, -1.08497, 0.0853008
63.95, 1, 1, -1.08497, 0.0853008
63.975, 1, 1, -1.08497, 0.0853008
64, 1, 1, -1.08532, 0.0856494
64.025, 1, 1, -1.08532, 0.0856494
64.05, 1, 1, -1.08571, 0.0860371
64.075, 1, 1, -1.08571, 0.0860371
64.1, 1, 1, -1.08571, 0.0860371
64.125, 1, 1, -1.08609, 0.086423
64.15, 1, 1, -1.08646, 0.086796
64.175, 1, 1, -1.08646, 0.086796
64.2, 1, 1, -1.08683, 0.0871598
64.225, 1, 1, -1.08683, 0.0871598
64.25, 1, 1, -1.08683, 0.0871598
64.275, 1, 1, -1.08718, 0.087515
64.3, 1, 1, -1.08764, 0.087969
64.325, 1, 1, -1.08764, 0.087969
64.35, 1, 1, -1.08764, 0.087969
64.375, 1, 1, -1.08764, 0.087969
64.4, 1, 1, -1.08764, 0.087969
64.425, 1, 1, -1.08764, 0.087969
64.45, 1, 1, -1.08764, 0.087969
64.475, 1, 1, -1.08764, 0.087969
64.5, 1, 1, -1.08764, 0.087969
64.525, 1, 1, -1.08764, 0.087969
64.55, 1, 1, -1.08764, 0.087969
64.575, 1, 1, -1.08764, 0.087969
64.6, 1, 1, -1.08811, 0.0884348
64.625, 1, 1, -1.08862, 0.088944
64.65, 1, 1, -1.08912, 0.0894452
64.675, 1, 1, -1.08912, 0.0894452
64.7, 1, 1, -1.08961, 0.0899303
64.725, 1, 1, -1.09008, 0.0904044
64.75, 1, 1, -1.09055, 0.0908672
64.775, 1, 1, -1.091, 0.0913145
64.8, 1, 1, -1.091, 0.0913145
64.825, 1, 1, -1.09143, 0.0917494
64.85, 1, 1, -1.09143, 0.0917494
64.875, 1, 1, -1.09143, 0.0917494
64.9, 1, 1, -1.09187, 0.0921837
64.925, 1, 1, -1.09187, 0.0921837
64.95, 1, 1, -1.0923, 0.0926149
64.975, 1, 1, -1.09273, 0.0930398
65, 1, 1, -1.09315, 0.0934616
65.025, 1, 1, -1.09358, 0.0938903
65.05, 1, 1, -1.09403, 0.0943337
65.075, 1, 1, -1.09449, 0.0947944
65.1, 1, 1, -1.09449, 0.0947944
65.125, 1, 1, -1.09449, 0.0947944
65.15, 1, 1, -1.09499, 0.0952895
65.175, 1, 1, -1.09551, 0.0958024
65.2, 1, 1, -1.09551, 0.0958024
65.225, 1, 1, -1.09602, 0.0963178
65.25, 1, 1, -1.09654, 0.0968296
65.275, 1, 1, -1.09705, 0.0973356
65.3, 1, 1, -1.09705, 0.0973356
65.325, 1, 1, -1.09754, 0.0978208
65.35, 1, 1, -1.09754, 0.0978208
65.375, 1, 1, -1.09802, 0.0983052
65.4, 1, 1, -1.09802, 0.0983052
65.425, 1, 1, -1.09847, 0.0987487
65.45, 1, 1, -1.09847, 0.0987487
65.475, 1, 1, -1.09847, 0.0987487
65.5, 1, 1, -1.09906, 0.0993311
65.525, 1, 1, -1.09906, 0.0993311
65.55, 1, 1, -1.09906, 0.0993311
65.575, 1, 1, -1.09906, 0.0993311
65.6, 1, 1, -1.09906, 0.0993311
65.625, 1, 1, -1.09906, 0.0993311
65.65, 1, 1, -1.09906, 0.0993311
65.675, 1, 1, -1.09947, 0.0997395
65.7, 1, 1, -1.09947, 0.0997395
65.725, 1, 1, -1.09989, 0.100161
65.75, 1, 1, -1.09989, 0.100161
65.775, 1, 1, -1.10045, 0.100717
65.8, 1, 1, -1.10045, 0.100717
65.825, 1, 1, -1.10045, 0.100717
65.85, 1, 1, -1.10098, 0.101245
65.875, 1, 1, -1.10098, 0.101245
65.9, 1, 1, -1.10098, 0.101245
65.925, 1, 1, -1.10098, 0.101245
65.95, 1, 1, -1.1014, 0.101655
65.975, 1, 1, -1.1014, 0.101655
66, 1, 1, -1.1014, 0.101655
66.025, 1, 1, -1.1014, 0.101655
66.05, 1, 1, -1.1014, 0.101655
66.075, 1, 1, -1.10177, 0.102024
66.1, 1, 1, -1.10216, 0.102409
66.125, 1, 1, -1.10257, 0.102821
66.15, 1, 1, -1.10301, 0.103261
66.175, 1, 1, -1.10301, 0.103261
66.2, 1, 1, -1.10348, 0.103721
66.225, 1, 1, -1.10395, 0.10419
66.25, 1, 1, -1.10395, 0.10419
66.275, 1, 1, -1.10395, 0.10419
66.3, 1, 1, -1.10395, 0.10419
66.325, 1, 1, -1.10441, 0.10465
66.35, 1, 1, -1.10485, 0.105093
66.375, 1, 1, -1.10485, 0.105093
66.4, 1, 1, -1.10485, 0.105093
66.425, 1, 1, -1.10485, 0.105093
66.45, 1, 1, -1.10528, 0.105516
66.475, 1, 1, -1.10569, 0.105931
66.5, 1, 1, -1.10569, 0.105931
66.525, 1, 1, -1.10569, 0.105931
66.55, 1, 1, -1.10608, 0.106324
66.575, 1, 1, -1.10646, 0.106698
66.6, 1, 1, -1.10684, 0.107074
66.625, 1, 1, -1.10724, 0.107475
66.65, 1, 1, -1.10724, 0.107475
66.675, 1, 1, -1.10774, 0.107968
66.7, 1, 1, -1.10774, 0.107968
66.725, 1, 1, -1.10774, 0.107968
66.75, 1, 1, -1.10817, 0.108399
66.775, 1, 1, -1.10861, 0.108834
66.8, 1, 1, -1.10861, 0.108834
66.825, 1, 1, -1.109, 0.109227
66.85, 1, 1, -1.10947, 0.109698
66.875, 1, 1, -1.11014, 0.110361
66.9, 1, 1, -1.11014, 0.110361
66.925, 1, 1, -1.11127, 0.111488
66.95, 1, 1, -1.11244, 0.112656
66.975, 1, 1, -1.11244, 0.112656
67, 1, 1, -1.11353, 0.113737
67.025, 1, 1, -1.11353, 0.113737
67.05, 1, 1, -1.11353, 0.113737
67.075, 1, 1, -1.11353, 0.113737
67.1, 1, 1, -1.11353, 0.113737
67.125, 1, 1, -1.1139, 0.114101
67.15, 1, 1, -1.1139, 0.114101
67.175, 1, 1, -1.1139, 0.114101
67.2, 1, 1, -1.1139, 0.114101
67.225, 1, 1, -1.1139, 0.114101
67.25, 1, 1, -1.11394, 0.114145
67.275, 1, 1, -1.11394, 0.114145
67.3, 1, 1, -1.11413, 0.114327
67.325, 1, 1, -1.11413, 0.114327
67.35, 1, 1, -1.11413, 0.114327
67.375, 1, 1, -1.11413, 0.114327
67.4, 1, 1, -1.11425, 0.114446
67.425, 1, 1, -1.11425, 0.114446
67.45, 1, 1, -1.11425, 0.114446
67.475, 1, 1, -1.11425, 0.114446
67.5, 1, 1, -1.11425, 0.114446
67.525, 1, 1, -1.11437, 0.114561
67.55, 1, 1, -1.11448, 0.114672
67.575, 1, 1, -1.11459, 0.114781
67.6, 1, 1, -1.11459, 0.114781
67.625, 1, 1, -1.1147, 0.114886
67.65, 1, 1, -1.1148, 0.11499
67.675, 1, 1, -1.11491, 0.115091
67.7, 1, 1, -1.11501, 0.115192
67.725, 1, 1, -1.11501, 0.115192
67.75, 1, 1, -1.11501, 0.115192
67.775, 1, 1, -1.11501, 0.115192
67.8, 1, 1, -1.11501, 0.115192
67.825, 1, 1, -1.11501, 0.115192
67.85, 1, 1, -1.11512, 0.115296
67.875, 1, 1, -1.11523, 0.115414
67.9, 1, 1, -1.11537, 0.115551
67.925, 1, 1, -1.11553, 0.115709
67.95, 1, 1, -1.11553, 0.115709
67.975, 1, 1, -1.11568, 0.115859
68, 1, 1, -1.11582, 0.115995
68.025, 1, 1, -1.11595, 0.116123
68.05, 1, 1, -1.11609, 0.11626
68.075, 1, 1, -1.11625, 0.116423
68.1, 1, 1, -1.11625, 0.116423
68.125, 1, 1, -1.11636, 0.116526
68.15, 1, 1, -1.11636, 0.116526
68.175, 1, 1, -1.11636, 0.116526
68.2, 1, 1, -1.11668, 0.116847
68.225, 1, 1, -1.11707, 0.11724
68.25, 1, 1, -1.11707, 0.11724
68.275, 1, 1, -1.11707, 0.11724
68.3, 1, 1, -1.11707, 0.11724
68.325, 1, 1, -1.11707, 0.11724
68.35, 1, 1, -1.11745, 0.117622
68.375, 1, 1, -1.11745, 0.117622
68.4, 1, 1, -1.11745, 0.117622
68.425, 1, 1, -1.11801, 0.11818
68.45, 1, 1, -1.11889, 0.119053
68.475, 1, 1, -1.1201, 0.120273
68.5, 1, 1, -1.1201, 0.120273
68.525, 1, 1, -1.1201, 0.120273
68.55, 1, 1, -1.1201, 0.120273
68.575, 1, 1, -1.1201, 0.120273
68.6, 1, 1, -1.12122, 0.121393
68.625, 1, 1, -1.12232, 0.122485
68.65, 1, 1, -1.12337, 0.123542
68.675, 1, 1, -1.12441, 0.124576
68.7, 1, 1, -1.12543, 0.125597
68.725, 1, 1, -1.12644, 0.126605
68.75, 1, 1, -1.12644, 0.126605
68.775, 1, 1, -1.12739, 0.127558
68.8, 1, 1, -1.12831, 0.128477
68.825, 1, 1, -1.12919, 0.129363
68.85, 1, 1, -1.13005, 0.130221
68.875, 1, 1, -1.13088, 0.13105
68.9, 1, 1, -1.13168, 0.13185
68.925, 1, 1, -1.13168, 0.13185
68.95, 1, 1, -1.13245, 0.132624
68.975, 1, 1, -1.13245, 0.132624
69, 1, 1, -1.13245, 0.132624
69.025, 1, 1, -1.1332, 0.133372
69.05, 1, 1, -1.13393, 0.134095
69.075, 1, 1, -1.13393, 0.134095
69.1, 1, 1, -1.13393, 0.134095
69.125, 1, 1, -1.13393, 0.134095
69.15, 1, 1, -1.13393, 0.134095
69.175, 1, 1, -1.13393, 0.134095
69.2, 1, 1, -1.13469, 0.134856
69.225, 1, 1, -1.13469, 0.134856
69.25, 1, 1, -1.13543, 0.135602
69.275, 1, 1, -1.13615, 0.136323
69.3, 1, 1, -1.13687, 0.137041
69.325, 1, 1, -1.13687, 0.137041
69.35, 1, 1, -1.13768, 0.137843
69.375, 1, 1, -1.13853, 0.138697
69.4, 1, 1, -1.13853, 0.138697
69.425, 1, 1, -1.13853, 0.138697
69.45, 1, 1, -1.13853, 0.138697
69.475, 1, 1, -1.13853, 0.138697
69.5, 1, 1, -1.13973, 0.139898
69.525, 1, 1, -1.13973, 0.139898
69.55, 1, 1, -1.13973, 0.139898
69.575, 1, 1, -1.14064, 0.140805
69.6, 1, 1, -1.14064, 0.140805
69.625, 1, 1, -1.14064, 0.140805
69.65, 1, 1, -1.14064, 0.140805
69.675, 1, 1, -1.14064, 0.140805
69.7, 1, 1, -1.14031, 0.140479
69.725, 1, 1, -1.1402, 0.140369
69.75, 1, 1, -1.1402, 0.140369
69.775, 1, 1, -1.1402, 0.140369
69.8, 1, 1, -1.1402, 0.140369
69.825, 1, 1, -1.1402, 0.140369
69.85, 1, 1, -1.1402, 0.140369
69.875, 1, 1, -1.1402, 0.140369
69.9, 1, 1, -1.1402, 0.140369
69.925, 1, 1, -1.13997, 0.140134
69.95, 1, 1, -1.13973, 0.139902
69.975, 1, 1, -1.13973, 0.139902
70, 1, 1, -1.13973, 0.139902
70.025, 1, 1, -1.13973, 0.139902
70.05, 1, 1, -1.1396, 0.139774
70.075, 1, 1, -1.13957, 0.139741
70.1, 1, 1, -1.13957, 0.139741
70.125, 1, 1, -1.13973, 0.139899
70.15, 1, 1, -1.13973, 0.139899
70.175, 1, 1, -1.13973, 0.139899
70.2, 1, 1, -1.14021, 0.14037
70.225, 1, 1, -1.14021, 0.14037
70.25, 1, 1, -1.14021, 0.14037
70.275, 1, 1, -1.14021, 0.14037
70.3, 1, 1, -1.14082, 0.140981
70.325, 1, 1, -1.14082, 0.140981
70.35, 1, 1, -1.14149, 0.141641
70.375, 1, 1, -1.14217, 0.142324
70.4, 1, 1, -1.14281, 0.142959
70.425, 1, 1, -1.1434, 0.14354
70.45, 1, 1, -1.14392, 0.144063
70.475, 1, 1, -1.14392, 0.144063
70.5, 1, 1, -1.14467, 0.144808
70.525, 1, 1, -1.14544, 0.145577
70.55, 1, 1, -1.14544, 0.145577
70.575, 1, 1, -1.14544, 0.145577
70.6, 1, 1, -1.14544, 0.145577
70.625, 1, 1, -1.1458, 0.145934
70.65, 1, 1, -1.1458, 0.145934
70.675, 1, 1, -1.1458, 0.145934
70.7, 1, 1, -1.1458, 0.145934
70.725, 1, 1, -1.1458, 0.145934
70.75, 1, 1, -1.1458, 0.145934
70.775, 1, 1, -1.1458, 0.145934
70.8, 1, 1, -1.1458, 0.145934
70.825, 1, 1, -1.1458, 0.145934
70.85, 1, 1, -1.1458, 0.145934
70.875, 1, 1, -1.1458, 0.145934
70.9, 1, 1, -1.1458, 0.145934
70.925, 1, 1, -1.14245, 0.142586
70.95, 1, 1, -1.13904, 0.139172
70.975, 1, 1, -1.13557, 0.135704
71, 1, 1, -1.1321, 0.132236
71.025, 1, 1, -1.12866, 0.128794
71.05, 1, 1, -1.12866, 0.128794
71.075, 1, 1, -1.12545, 0.125589
71.1, 1, 1, -1.1223, 0.122433
71.125, 1, 1, -1.1223, 0.122433
71.15, 1, 1, -1.11927, 0.119406
71.175, 1, 1, -1.11629, 0.116433
71.2, 1, 1, -1.11338, 0.113522
71.225, 1, 1, -1.11053, 0.110675
71.25, 1, 1, -1.10774, 0.107886
71.275, 1, 1, -1.10774, 0.107886
71.3, 1, 1, -1.10508, 0.105226
71.325, 1, 1, -1.10508, 0.105226
71.35, 1, 1, -1.10259, 0.102746
71.375, 1, 1, -1.10259, 0.102746
71.4, 1, 1, -1.10259, 0.102746
71.425, 1, 1, -1.10259, 0.102746
71.45, 1, 1, -1.10051, 0.100664
71.475, 1, 1, -1.09848, 0.0986373
71.5, 1, 1, -1.0965, 0.0966604
71.525, 1, 1, -1.0965, 0.0966604
71.55, 1, 1, -1.09465, 0.094816
71.575, 1, 1, -1.09465, 0.094816
71.6, 1, 1, -1.09465, 0.094816
71.625, 1, 1, -1.09465, 0.094816
71.65, 1, 1, -1.09465, 0.094816
71.675, 1, 1, -1.09465, 0.094816
71.7, 1, 1, -1.09465, 0.094816
71.725, 1, 1, -1.09465, 0.094816
71.75, 1, 1, -1.09272, 0.0928882
71.775, 1, 1, -1.09272, 0.0928882
71.8, 1, 1, -1.09085, 0.0910261
71.825, 1, 1, -1.09085, 0.0910261
71.85, 1, 1, -1.09085, 0.0910261
71.875, 1, 1, -1.08918, 0.089358
71.9, 1, 1, -1.08761, 0.0877935
71.925, 1, 1, -1.08615, 0.0863466
71.95, 1, 1, -1.08615, 0.0863466
71.975, 1, 1, -1.08615, 0.0863466
72, 1, 1, -1.08615, 0.0863466
72.025, 1, 1, -1.08465, 0.084849
72.05, 1, 1, -1.08465, 0.084849
72.075, 1, 1, -1.08465, 0.084849
72.1, 1, 1, -1.08465, 0.084849
72.125, 1, 1, -1.08465, 0.084849
72.15, 1, 1, -1.08465, 0.084849
72.175, 1, 1, -1.08351, 0.0837199
72.2, 1, 1, -1.08351, 0.0837199
72.225, 1, 1, -1.08351, 0.0837199
72.25, 1, 1, -1.08351, 0.0837199
72.275, 1, 1, -1.08232, 0.0825421
72.3, 1, 1, -1.08232, 0.0825421
72.325, 1, 1, -1.08232, 0.0825421
72.35, 1, 1, -1.08232, 0.0825421
72.375, 1, 1, -1.08117, 0.0813942
72.4, 1, 1, -1.08117, 0.0813942
72.425, 1, 1, -1.08117, 0.0813942
72.45, 1, 1, -1.08117, 0.0813942
72.475, 1, 1, -1.08006, 0.0802974
72.5, 1, 1, -1.08006, 0.0802974
72.525, 1, 1, -1.079, 0.0792407
72.55, 1, 1, -1.07797, 0.0782182
72.575, 1, 1, -1.07797, 0.0782182
72.6, 1, 1, -1.07797, 0.0782182
72.625, 1, 1, -1.07697, 0.0772304
72.65, 1, 1, -1.07601, 0.0762752
72.675, 1, 1, -1.07508, 0.0753519
72.7, 1, 1, -1.07508, 0.0753519
72.725, 1, 1, -1.07418, 0.0744603
72.75, 1, 1, -1.07418, 0.0744603
72.775, 1, 1, -1.07418, 0.0744603
72.8, 1, 1, -1.07418, 0.0744603
72.825, 1, 1, -1.07418, 0.0744603
72.85, 1, 1, -1.07331, 0.0735982
72.875, 1, 1, -1.07247, 0.0727645
72.9, 1, 1, -1.07165, 0.0719588
72.925, 1, 1, -1.07165, 0.0719588
72.95, 1, 1, -1.07165, 0.0719588
72.975, 1, 1, -1.07165, 0.0719588
73, 1, 1, -1.07165, 0.0719588
73.025, 1, 1, -1.07087, 0.071176
73.05, 1, 1, -1.0701, 0.0704192
73.075, 1, 1, -1.06937, 0.0696907
73.1, 1, 1, -1.06866, 0.0689899
73.125, 1, 1, -1.06797, 0.0683123
73.15, 1, 1, -1.06731, 0.0676585
73.175, 1, 1, -1.06731, 0.0676585
73.2, 1, 1, -1.06673, 0.0670768
73.225, 1, 1, -1.06673, 0.0670768
73.25, 1, 1, -1.06673, 0.0670768
73.275, 1, 1, -1.06673, 0.0670768
73.3, 1, 1, -1.06673, 0.0670768
73.325, 1, 1, -1.0661, 0.0664591
73.35, 1, 1, -1.06551, 0.0658704
73.375, 1, 1, -1.06551, 0.0658704
73.4, 1, 1, -1.06551, 0.0658704
73.425, 1, 1, -1.06496, 0.0653296
73.45, 1, 1, -1.06496, 0.0653296
73.475, 1, 1, -1.06462, 0.0649904
73.5, 1, 1, -1.06437, 0.0647366
73.525, 1, 1, -1.06414, 0.0645092
73.55, 1, 1, -1.06414, 0.0645092
73.575, 1, 1, -1.06391, 0.0642795
73.6, 1, 1, -1.06369, 0.064062
73.625, 1, 1, -1.06348, 0.063858
73.65, 1, 1, -1.06348, 0.063858
73.675, 1, 1, -1.06348, 0.063858
73.7, 1, 1, -1.06328, 0.0636565
73.725, 1, 1, -1.0631, 0.0634751
73.75, 1, 1, -1.0631, 0.0634751
73.775, 1, 1, -1.0631, 0.0634751
73.8, 1, 1, -1.06296, 0.0633428
73.825, 1, 1, -1.06296, 0.0633428
73.85, 1, 1, -1.06296, 0.0633428
73.875, 1, 1, -1.06288, 0.0632574
73.9, 1, 1, -1.06281, 0.0631869
73.925, 1, 1, -1.06281, 0.0631869
73.95, 1, 1, -1.06281, 0.0631869
73.975, 1, 1, -1.06281, 0.0631869
74, 1, 1, -1.06281, 0.0631869
74.025, 1, 1, -1.06274, 0.0631206
74.05, 1, 1, -1.06274, 0.0631206
74.075, 1, 1, -1.06268, 0.063059
74.1, 1, 1, -1.06268, 0.063059
74.125, 1, 1, -1.06268, 0.063059
74.15, 1, 1, -1.06262, 0.0630033
74.175, 1, 1, -1.06262, 0.0630033
74.2, 1, 1, -1.06262, 0.0630033
74.225, 1, 1, -1.06258, 0.0629548
74.25, 1, 1, -1.06258, 0.0629548
74.275, 1, 1, -1.06254, 0.0629189
74.3, 1, 1, -1.06252, 0.0629018
74.325, 1, 1, -1.06254, 0.0629171
74.35, 1, 1, -1.0626, 0.062978
74.375, 1, 1, -1.0626, 0.062978
74.4, 1, 1, -1.06271, 0.0630838
74.425, 1, 1, -1.06271, 0.0630838
74.45, 1, 1, -1.0628, 0.0631696
74.475, 1, 1, -1.06289, 0.0632554
74.5, 1, 1, -1.06289, 0.0632554
74.525, 1, 1, -1.06289, 0.0632554
74.55, 1, 1, -1.06289, 0.0632554
74.575, 1, 1, -1.06289, 0.0632554
74.6, 1, 1, -1.06289, 0.0632554
74.625, 1, 1, -1.06292, 0.0632837
74.65, 1, 1, -1.06298, 0.0633421
74.675, 1, 1, -1.06298, 0.0633421
74.7, 1, 1, -1.06298, 0.0633421
74.725, 1, 1, -1.06298, 0.0633421
74.75, 1, 1, -1.06298, 0.0633421
74.775, 1, 1, -1.06298, 0.0633421
74.8, 1, 1, -1.06298, 0.0633421
74.825, 1, 1, -1.06298, 0.0633421
74.85, 1, 1, -1.06298, 0.0633421
74.875, 1, 1, -1.06298, 0.0633421
74.9, 1, 1, -1.06298, 0.0633421
74.925, 1, 1, -1.06282, 0.0631784
74.95, 1, 1, -1.06266, 0.0630192
74.975, 1, 1, -1.06266, 0.0630192
75, 1, 1, -1.06266, 0.0630192
75.025, 1, 1, -1.06252, 0.0628716
75.05, 1, 1, -1.06252, 0.0628716
75.075, 1, 1, -1.06252, 0.0628716
75.1, 1, 1, -1.06252, 0.0628716
75.125, 1, 1, -1.06238, 0.0627284
75.15, 1, 1, -1.06238, 0.0627284
75.175, 1, 1, -1.06224, 0.0625891
75.2, 1, 1, -1.06224, 0.0625891
75.225, 1, 1, -1.06224, 0.0625891
75.25, 1, 1, -1.06224, 0.0625891
75.275, 1, 1, -1.06224, 0.0625891
75.3, 1, 1, -1.06224, 0.0625891
75.325, 1, 1, -1.06211, 0.0624578
75.35, 1, 1, -1.06211, 0.0624578
75.375, 1, 1, -1.06211, 0.0624578
75.4, 1, 1, -1.06211, 0.0624578
75.425, 1, 1, -1.06211, 0.0624578
75.45, 1, 1, -1.06211, 0.0624578
75.475, 1, 1, -1.06198, 0.0623238
75.5, 1, 1, -1.06185, 0.0621944
75.525, 1, 1, -1.06173, 0.0620702
75.55, 1, 1, -1.06173, 0.0620702
75.575, 1, 1, -1.06173, 0.0620702
75.6, 1, 1, -1.06173, 0.0620702
75.625, 1, 1, -1.06173, 0.0620702
75.65, 1, 1, -1.06173, 0.0620702
75.675, 1, 1, -1.06169, 0.0620258
75.7, 1, 1, -1.06169, 0.0620258
75.725, 1, 1, -1.06169, 0.0620258
75.75, 1, 1, -1.06164, 0.06198
75.775, 1, 1, -1.06164, 0.0619786
75.8, 1, 1, -1.06164, 0.0619786
75.825, 1, 1, -1.06167, 0.0620058
75.85, 1, 1, -1.06167, 0.0620058
75.875, 1, 1, -1.06168, 0.0620163
75.9, 1, 1, -1.06175, 0.0620828
75.925, 1, 1, -1.06175, 0.0620828
75.95, 1, 1, -1.06175, 0.0620828
75.975, 1, 1, -1.06175, 0.0620828
76, 1, 1, -1.06169, 0.062017
76.025, 1, 1, -1.0617, 0.0620305
76.05, 1, 1, -1.0617, 0.0620305
76.075, 1, 1, -1.0617, 0.0620305
76.1, 1, 1, -1.0617, 0.0620305
76.125, 1, 1, -1.06156, 0.0618848
76.15, 1, 1, -1.06156, 0.0618848
76.175, 1, 1, -1.06148, 0.0618013
76.2, 1, 1, -1.06144, 0.0617606
76.225, 1, 1, -1.06144, 0.0617606
76.25, 1, 1, -1.06141, 0.061733
76.275, 1, 1, -1.06141, 0.061733
76.3, 1, 1, -1.06138, 0.0617063
76.325, 1, 1, -1.06138, 0.0617063
76.35, 1, 1, -1.06138, 0.0617063
76.375, 1, 1, -1.06135, 0.0616745
76.4, 1, 1, -1.06135, 0.0616745
76.425, 1, 1, -1.06135, 0.0616745
76.45, 1, 1, -1.06135, 0.0616745
76.475, 1, 1, -1.06132, 0.0616463
76.5, 1, 1, -1.0613, 0.0616201
76.525, 1, 1, -1.06127, 0.0615951
76.55, 1, 1, -1.06127, 0.0615951
76.575, 1, 1, -1.06127, 0.0615951
76.6, 1, 1, -1.06128, 0.0616071
76.625, 1, 1, -1.0613, 0.0616274
76.65, 1, 1, -1.0613, 0.0616274
76.675, 1, 1, -1.06132, 0.0616447
76.7, 1, 1, -1.06132, 0.0616447
76.725, 1, 1, -1.06132, 0.0616447
76.75, 1, 1, -1.06132, 0.0616447
76.775, 1, 1, -1.06132, 0.0616447
76.8, 1, 1, -1.06134, 0.0616589
76.825, 1, 1, -1.06134, 0.0616589
76.85, 1, 1, -1.06134, 0.0616589
76.875, 1, 1, -1.06134, 0.0616589
76.9, 1, 1, -1.06141, 0.0617314
76.925, 1, 1, -1.06141, 0.0617314
76.95, 1, 1, -1.06159, 0.0619097
76.975, 1, 1, -1.06182, 0.0621333
77, 1, 1, -1.06182, 0.0621333
77.025, 1, 1, -1.06182, 0.0621333
77.05, 1, 1, -1.06182, 0.0621333
77.075, 1, 1, -1.06182, 0.0621333
77.1, 1, 1, -1.06206, 0.0623731
77.125, 1, 1, -1.06229, 0.0626001
77.15, 1, 1, -1.06229, 0.0626001
77.175, 1, 1, -1.06229, 0.0626001
77.2, 1, 1, -1.06229, 0.0626001
77.225, 1, 1, -1.06229, 0.0626001
77.25, 1, 1, -1.06229, 0.0626001
77.275, 1, 1, -1.06229, 0.0626001
77.3, 1, 1, -1.06191, 0.0622222
77.325, 1, 1, -1.06191, 0.0622222
77.35, 1, 1, -1.06167, 0.0619851
77.375, 1, 1, -1.06146, 0.0617776
77.4, 1, 1, -1.06126, 0.0615757
77.425, 1, 1, -1.06126, 0.0615757
77.45, 1, 1, -1.06126, 0.0615757
77.475, 1, 1, -1.06126, 0.0615757
77.5, 1, 1, -1.0611, 0.0614186
77.525, 1, 1, -1.0611, 0.0614186
77.55, 1, 1, -1.06095, 0.0612623
77.575, 1, 1, -1.0608, 0.0611107
77.6, 1, 1, -1.0608, 0.0611107
77.625, 1, 1, -1.06065, 0.0609679
77.65, 1, 1, -1.06051, 0.0608301
77.675, 1, 1, -1.06051, 0.0608301
77.7, 1, 1, -1.06038, 0.0606974
77.725, 1, 1, -1.06025, 0.0605689
77.75, 1, 1, -1.06025, 0.0605689
77.775, 1, 1, -1.06013, 0.0604448
77.8, 1, 1, -1.06001, 0.0603248
77.825, 1, 1, -1.05989, 0.0602091
77.85, 1, 1, -1.05989, 0.0602091
77.875, 1, 1, -1.05989, 0.0602091
77.9, 1, 1, -1.05978, 0.0601029
77.925, 1, 1, -1.05969, 0.060012
77.95, 1, 1, -1.05969, 0.060012
77.975, 1, 1, -1.05964, 0.0599575
78, 1, 1, -1.05962, 0.0599345
78.025, 1, 1, -1.05963, 0.0599455
78.05, 1, 1, -1.05963, 0.0599455
78.075, 1, 1, -1.05963, 0.0599455
78.1, 1, 1, -1.05969, 0.060007
78.125, 1, 1, -1.05979, 0.0600991
78.15, 1, 1, -1.05979, 0.0600991
78.175, 1, 1, -1.05979, 0.0600991
78.2, 1, 1, -1.05987, 0.0601819
78.225, 1, 1, -1.05987, 0.0601819
78.25, 1, 1, -1.05987, 0.0601819
78.275, 1, 1, -1.05987, 0.0601819
78.3, 1, 1, -1.05987, 0.0601819
78.325, 1, 1, -1.05987, 0.0601819
78.35, 1, 1, -1.06008, 0.0603875
78.375, 1, 1, -1.06008, 0.0603875
78.4, 1, 1, -1.06008, 0.0603875
78.425, 1, 1, -1.06008, 0.0603875
78.45, 1, 1, -1.06009, 0.0603993
78.475, 1, 1, -1.06009, 0.0603993
78.5, 1, 1, -1.06035, 0.0606572
78.525, 1, 1, -1.06035, 0.0606572
78.55, 1, 1, -1.06035, 0.0606572
78.575, 1, 1, -1.06041, 0.0607223
78.6, 1, 1, -1.06041, 0.0607223
78.625, 1, 1, -1.06065, 0.0609574
78.65, 1, 1, -1.06065, 0.0609574
78.675, 1, 1, -1.06086, 0.0611621
78.7, 1, 1, -1.06105, 0.0613526
78.725, 1, 1, -1.06125, 0.0615532
78.75, 1, 1, -1.06149, 0.0617948
78.775, 1, 1, -1.06179, 0.0620904
78.8, 1, 1, -1.0621, 0.0624047
78.825, 1, 1, -1.0621, 0.0624047
78.85, 1, 1, -1.0621, 0.0624047
78.875, 1, 1, -1.0621, 0.0624047
78.9, 1, 1, -1.06241, 0.0627081
78.925, 1, 1, -1.06241, 0.0627081
78.95, 1, 1, -1.06241, 0.0627081
78.975, 1, 1, -1.06271, 0.0630117
79, 1, 1, -1.06271, 0.0630117
79.025, 1, 1, -1.06303, 0.0633367
79.05, 1, 1, -1.06303, 0.0633367
79.075, 1, 1, -1.06335, 0.0636574
79.1, 1, 1, -1.06335, 0.0636574
79.125, 1, 1, -1.06335, 0.0636574
79.15, 1, 1, -1.06335, 0.0636574
79.175, 1, 1, -1.06366, 0.0639694
79.2, 1, 1, -1.06398, 0.0642815
79.225, 1, 1, -1.06429, 0.0645956
79.25, 1, 1, -1.06461, 0.0649134
79.275, 1, 1, -1.06461, 0.0649134
79.3, 1, 1, -1.06493, 0.0652351
79.325, 1, 1, -1.06524, 0.0655466
79.35, 1, 1, -1.06524, 0.0655466
79.375, 1, 1, -1.06524, 0.0655466
79.4, 1, 1, -1.06524, 0.0655466
79.425, 1, 1, -1.06554, 0.065847
79.45, 1, 1, -1.06554, 0.065847
79.475, 1, 1, -1.06594, 0.0662405
79.5, 1, 1, -1.06594, 0.0662405
79.525, 1, 1, -1.06594, 0.0662405
79.55, 1, 1, -1.06641, 0.066708
79.575, 1, 1, -1.06684, 0.0671413
79.6, 1, 1, -1.06726, 0.0675651
79.625, 1, 1, -1.06726, 0.0675651
79.65, 1, 1, -1.06726, 0.0675651
79.675, 1, 1, -1.06726, 0.0675651
79.7, 1, 1, -1.06754, 0.0678414
79.725, 1, 1, -1.06754, 0.0678414
79.75, 1, 1, -1.06754, 0.0678414
79.775, 1, 1, -1.06806, 0.0683635
79.8, 1, 1, -1.06806, 0.0683635
79.825, 1, 1, -1.06806, 0.0683635
79.85, 1, 1, -1.06806, 0.0683635
79.875, 1, 1, -1.06844, 0.0687354
79.9, 1, 1, -1.06844, 0.0687354
79.925, 1, 1, -1.0691, 0.0693933
79.95, 1, 1, -1.06982, 0.0701142
79.975, 1, 1, -1.06982, 0.0701142
80, 1, 1, -1.06982, 0.0701142
80.025, 1, 1, -1.06982, 0.0701142
80.05, 1, 1, -1.06982, 0.0701142
80.075, 1, 1, -1.07072, 0.0710176
80.1, 1, 1, -1.07185, 0.0721404
80.125, 1, 1, -1.07326, 0.0735486
80.15, 1, 1, -1.07487, 0.0751565
80.175, 1, 1, -1.07659, 0.0768681
80.2, 1, 1, -1.07829, 0.0785709
80.225, 1, 1, -1.07994, 0.0802093
80.25, 1, 1, -1.07994, 0.0802093
80.275, 1, 1, -1.08152, 0.0817928
80.3, 1, 1, -1.08152, 0.0817928
80.325, 1, 1, -1.08306, 0.0833291
80.35, 1, 1, -1.08306, 0.0833291
80.375, 1, 1, -1.08456, 0.084824
80.4, 1, 1, -1.08456, 0.084824
80.425, 1, 1, -1.08601, 0.0862669
80.45, 1, 1, -1.08738, 0.0876298
80.475, 1, 1, -1.08867, 0.08892
80.5, 1, 1, -1.08987, 0.0901179
80.525, 1, 1, -1.09099, 0.0912375
80.55, 1, 1, -1.09204, 0.0922848
80.575, 1, 1, -1.09204, 0.0922848
80.6, 1, 1, -1.09204, 0.0922848
80.625, 1, 1, -1.09323, 0.0934676
80.65, 1, 1, -1.09434, 0.0945769
80.675, 1, 1, -1.09434, 0.0945769
80.7, 1, 1, -1.09434, 0.0945769
80.725, 1, 1, -1.09553, 0.0957651
80.75, 1, 1, -1.09658, 0.0968123
80.775, 1, 1, -1.09757, 0.0978051
80.8, 1, 1, -1.09757, 0.0978051
80.825, 1, 1, -1.09757, 0.0978051
80.85, 1, 1, -1.09757, 0.0978051
80.875, 1, 1, -1.0975, 0.09773
80.9, 1, 1, -1.0974, 0.0976288
80.925, 1, 1, -1.0974, 0.0976288
80.95, 1, 1, -1.09731, 0.0975359
80.975, 1, 1, -1.09731, 0.0975359
81, 1, 1, -1.09731, 0.0975359
81.025, 1, 1, -1.09731, 0.0975359
81.05, 1, 1, -1.09806, 0.0982845
81.075, 1, 1, -1.09806, 0.0982845
81.1, 1, 1, -1.09806, 0.0982845
81.125, 1, 1, -1.09872, 0.0989467
81.15, 1, 1, -1.09872, 0.0989467
81.175, 1, 1, -1.09936, 0.0995848
81.2, 1, 1, -1.09993, 0.100148
81.225, 1, 1, -1.09993, 0.100148
81.25, 1, 1, -1.1005, 0.10072
81.275, 1, 1, -1.1005, 0.10072
81.3, 1, 1, -1.10129, 0.101503
81.325, 1, 1, -1.10129, 0.101503
81.35, 1, 1, -1.10129, 0.101503
81.375, 1, 1, -1.10129, 0.101503
81.4, 1, 1, -1.10201, 0.102229
81.425, 1, 1, -1.10268, 0.102892
81.45, 1, 1, -1.10268, 0.102892
81.475, 1, 1, -1.10268, 0.102892
81.5, 1, 1, -1.10268, 0.102892
81.525, 1, 1, -1.10268, 0.102892
81.55, 1, 1, -1.10328, 0.103497
81.575, 1, 1, -1.10328, 0.103497
81.6, 1, 1, -1.10397, 0.104183
81.625, 1, 1, -1.10397, 0.104183
81.65, 1, 1, -1.10397, 0.104183
81.675, 1, 1, -1.10397, 0.104183
81.7, 1, 1, -1.10472, 0.104937
81.725, 1, 1, -1.10472, 0.104937
81.75, 1, 1, -1.10472, 0.104937
81.775, 1, 1, -1.10551, 0.10573
81.8, 1, 1, -1.10551, 0.10573
81.825, 1, 1, -1.10551, 0.10573
81.85, 1, 1, -1.10631, 0.106525
81.875, 1, 1, -1.10706, 0.107278
81.9, 1, 1, -1.10779, 0.108005
81.925, 1, 1, -1.10779, 0.108005
81.95, 1, 1, -1.10779, 0.108005
81.975, 1, 1, -1.10779, 0.108005
82, 1, 1, -1.10848, 0.108704
82.025, 1, 1, -1.10916, 0.10938
82.05, 1, 1, -1.10981, 0.110033
82.075, 1, 1, -1.11045, 0.110671
82.1, 1, 1, -1.11045, 0.110671
82.125, 1, 1, -1.11045, 0.110671
82.15, 1, 1, -1.11045, 0.110671
82.175, 1, 1, -1.11045, 0.110671
82.2, 1, 1, -1.11045, 0.110671
82.225, 1, 1, -1.11133, 0.111554
82.25, 1, 1, -1.11133, 0.111554
82.275, 1, 1, -1.11221, 0.112441
82.3, 1, 1, -1.11221, 0.112441
82.325, 1, 1, -1.11306, 0.113287
82.35, 1, 1, -1.11306, 0.113287
82.375, 1, 1, -1.11306, 0.113287
82.4, 1, 1, -1.11306, 0.113287
82.425, 1, 1, -1.1138, 0.114034
82.45, 1, 1, -1.11457, 0.114802
82.475, 1, 1, -1.11457, 0.114802
82.5, 1, 1, -1.11457, 0.114802
82.525, 1, 1, -1.11457, 0.114802
82.55, 1, 1, -1.11533, 0.115568
82.575, 1, 1, -1.11607, 0.116315
82.6, 1, 1, -1.11607, 0.116315
82.625, 1, 1, -1.11607, 0.116315
82.65, 1, 1, -1.11679, 0.117036
82.675, 1, 1, -1.11679, 0.117036
82.7, 1, 1, -1.11679, 0.117036
82.725, 1, 1, -1.11749, 0.117737
82.75, 1, 1, -1.11816, 0.118415
82.775, 1, 1, -1.11881, 0.119072
82.8, 1, 1, -1.11881, 0.119072
82.825, 1, 1, -1.11881, 0.119072
82.85, 1, 1, -1.11881, 0.119072
82.875, 1, 1, -1.11881, 0.119072
82.9, 1, 1, -1.11881, 0.119072
82.925, 1, 1, -1.11945, 0.119708
82.95, 1, 1, -1.12006, 0.120327
82.975, 1, 1, -1.12066, 0.120929
83, 1, 1, -1.12066, 0.120929
83.025, 1, 1, -1.12066, 0.120929
83.05, 1, 1, -1.12124, 0.121512
83.075, 1, 1, -1.12124, 0.121512
83.1, 1, 1, -1.1218, 0.122078
83.125, 1, 1, -1.1218, 0.122078
83.15, 1, 1, -1.1218, 0.122078
83.175, 1, 1, -1.12235, 0.122621
83.2, 1, 1, -1.12287, 0.123146
83.225, 1, 1, -1.12337, 0.123654
83.25, 1, 1, -1.12386, 0.124145
83.275, 1, 1, -1.12433, 0.12462
83.3, 1, 1, -1.12479, 0.125079
83.325, 1, 1, -1.12524, 0.125529
83.35, 1, 1, -1.12524, 0.125529
83.375, 1, 1, -1.12568, 0.125973
83.4, 1, 1, -1.12568, 0.125973
83.425, 1, 1, -1.12611, 0.1264
83.45, 1, 1, -1.12611, 0.1264
83.475, 1, 1, -1.12611, 0.1264
83.5, 1, 1, -1.12663, 0.126923
83.525, 1, 1, -1.12721, 0.127502
83.55, 1, 1, -1.12721, 0.127502
83.575, 1, 1, -1.12772, 0.128014
83.6, 1, 1, -1.12772, 0.128014
83.625, 1, 1, -1.12823, 0.128533
83.65, 1, 1, -1.12823, 0.128533
83.675, 1, 1, -1.12823, 0.128533
83.7, 1, 1, -1.12823, 0.128533
83.725, 1, 1, -1.12874, 0.129036
83.75, 1, 1, -1.12874, 0.129036
83.775, 1, 1, -1.12874, 0.129036
83.8, 1, 1, -1.12874, 0.129036
83.825, 1, 1, -1.12874, 0.129036
83.85, 1, 1, -1.12903, 0.129329
83.875, 1, 1, -1.12903, 0.129329
83.9, 1, 1, -1.12931, 0.129611
83.925, 1, 1, -1.12931, 0.129611
83.95, 1, 1, -1.12931, 0.129611
83.975, 1, 1, -1.12959, 0.129895
84, 1, 1, -1.12988, 0.130186
84.025, 1, 1, -1.12988, 0.130186
84.05, 1, 1, -1.12988, 0.130186
84.075, 1, 1, -1.12988, 0.130186
84.1, 1, 1, -1.12988, 0.130186
84.125, 1, 1, -1.13018, 0.13048
84.15, 1, 1, -1.13047, 0.130772
84.175, 1, 1, -1.13047, 0.130772
84.2, 1, 1, -1.13047, 0.130772
84.225, 1, 1, -1.13047, 0.130772
84.25, 1, 1, -1.13075, 0.131056
84.275, 1, 1, -1.13075, 0.131056
84.3, 1, 1, -1.13104, 0.131338
84.325, 1, 1, -1.13104, 0.131338
84.35, 1, 1, -1.13135, 0.131647
84.375, 1, 1, -1.13169, 0.131993
84.4, 1, 1, -1.13169, 0.131993
84.425, 1, 1, -1.13213, 0.132424
84.45, 1, 1, -1.13213, 0.132424
84.475, 1, 1, -1.13213, 0.132424
84.5, 1, 1, -1.13258, 0.132874
84.525, 1, 1, -1.13258, 0.132874
84.55, 1, 1, -1.13258, 0.132874
84.575, 1, 1, -1.13306, 0.133353
84.6, 1, 1, -1.13306, 0.133353
84.625, 1, 1, -1.13306, 0.133353
84.65, 1, 1, -1.13363, 0.133924
84.675, 1, 1, -1.13427, 0.134558
84.7, 1, 1, -1.13427, 0.134558
84.725, 1, 1, -1.13482, 0.135103
84.75, 1, 1, -1.13482, 0.135103
84.775, 1, 1, -1.13482, 0.135103
84.8, 1, 1, -1.13482, 0.135103
84.825, 1, 1, -1.13533, 0.135614
84.85, 1, 1, -1.13533, 0.135614
84.875, 1, 1, -1.13582, 0.136102
84.9, 1, 1, -1.13638, 0.136655
84.925, 1, 1, -1.13705, 0.137316
84.95, 1, 1, -1.13705, 0.137316
84.975, 1, 1, -1.13705, 0.137316
85, 1, 1, -1.13759, 0.137853
85.025, 1, 1, -1.13759, 0.137853
85.05, 1, 1, -1.13843, 0.138692
85.075, 1, 1, -1.13843, 0.138692
85.1, 1, 1, -1.13843, 0.138692
85.125, 1, 1, -1.13843, 0.138692
85.15, 1, 1, -1.13843, 0.138692
85.175, 1, 1, -1.13896, 0.139217
85.2, 1, 1, -1.13947, 0.13973
85.225, 1, 1, -1.13947, 0.13973
85.25, 1, 1, -1.13947, 0.13973
85.275, 1, 1, -1.13998, 0.140241
85.3, 1, 1, -1.13998, 0.140241
85.325, 1, 1, -1.1405, 0.140759
85.35, 1, 1, -1.14101, 0.141264
85.375, 1, 1, -1.14101, 0.141264
85.4, 1, 1, -1.14101, 0.141264
85.425, 1, 1, -1.14101, 0.141264
85.45, 1, 1, -1.14101, 0.141264
85.475, 1, 1, -1.1415, 0.141749
85.5, 1, 1, -1.14197, 0.142219
85.525, 1, 1, -1.14197, 0.142219
85.55, 1, 1, -1.14243, 0.142675
85.575, 1, 1, -1.14287, 0.143116
85.6, 1, 1, -1.14287, 0.143116
85.625, 1, 1, -1.14287, 0.143116
85.65, 1, 1, -1.14329, 0.143541
85.675, 1, 1, -1.14329, 0.143541
85.7, 1, 1, -1.14329, 0.143541
85.725, 1, 1, -1.14371, 0.14395
85.75, 1, 1, -1.1441, 0.144346
85.775, 1, 1, -1.14449, 0.144728
85.8, 1, 1, -1.14449, 0.144728
85.825, 1, 1, -1.14449, 0.144728
85.85, 1, 1, -1.14486, 0.145101
85.875, 1, 1, -1.14522, 0.145461
85.9, 1, 1, -1.14522, 0.145461
85.925, 1, 1, -1.14558, 0.145816
85.95, 1, 1, -1.14558, 0.145816
85.975, 1, 1, -1.14558, 0.145816
86, 1, 1, -1.14558, 0.145816
86.025, 1, 1, -1.14558, 0.145816
86.05, 1, 1, -1.14558, 0.145816
86.075, 1, 1, -1.14596, 0.146194
86.1, 1, 1, -1.14636, 0.1466
86.125, 1, 1, -1.14675, 0.146985
86.15, 1, 1, -1.14675, 0.146985
86.175, 1, 1, -1.14716, 0.147388
86.2, 1, 1, -1.14716, 0.147388
86.225, 1, 1, -1.14716, 0.147388
86.25, 1, 1, -1.14749, 0.147725
86.275, 1, 1, -1.14749, 0.147725
86.3, 1, 1, -1.14749, 0.147725
86.325, 1, 1, -1.14749, 0.147725
86.35, 1, 1, -1.14802, 0.148247
86.375, 1, 1, -1.14802, 0.148247
86.4, 1, 1, -1.14845, 0.148681
86.425, 1, 1, -1.14845, 0.148681
86.45, 1, 1, -1.14889, 0.149117
86.475, 1, 1, -1.14889, 0.149117
86.5, 1, 1, -1.14889, 0.149117
86.525, 1, 1, -1.14889, 0.149117
86.55, 1, 1, -1.14889, 0.149117
86.575, 1, 1, -1.14889, 0.149117
86.6, 1, 1, -1.14889, 0.149117
86.625, 1, 1, -1.14889, 0.149117
86.65, 1, 1, -1.14932, 0.149549
86.675, 1, 1, -1.14932, 0.149549
86.7, 1, 1, -1.14976, 0.149986
86.725, 1, 1, -1.14976, 0.149986
86.75, 1, 1, -1.14976, 0.149986
86.775, 1, 1, -1.14976, 0.149986
86.8, 1, 1, -1.15019, 0.150416
86.825, 1, 1, -1.15019, 0.150416
86.85, 1, 1, -1.15019, 0.150416
86.875, 1, 1, -1.15019, 0.150416
86.9, 1, 1, -1.15019, 0.150416
86.925, 1, 1, -1.15019, 0.150416
86.95, 1, 1, -1.15019, 0.150416
86.975, 1, 1, -1.15019, 0.150416
87, 1, 1, -1.15019, 0.150416
87.025, 1, 1, -1.15019, 0.150416
87.05, 1, 1, -1.15062, 0.150842
87.075, 1, 1, -1.15103, 0.151258
87.1, 1, 1, -1.15103, 0.151258
87.125, 1, 1, -1.15103, 0.151258
87.15, 1, 1, -1.15144, 0.151661
87.175, 1, 1, -1.15144, 0.151661
87.2, 1, 1, -1.15144, 0.151661
87.225, 1, 1, -1.15144, 0.151661
87.25, 1, 1, -1.15144, 0.151661
87.275, 1, 1, -1.15144, 0.151661
87.3, 1, 1, -1.15182, 0.152046
87.325, 1, 1, -1.15182, 0.152046
87.35, 1, 1, -1.15182, 0.152046
87.375, 1, 1, -1.1522, 0.152418
87.4, 1, 1, -1.1522, 0.152418
87.425, 1, 1, -1.1522, 0.152418
87.45, 1, 1, -1.1522, 0.152418
87.475, 1, 1, -1.1522, 0.152418
87.5, 1, 1, -1.15262, 0.152842
87.525, 1, 1, -1.15304, 0.153258
87.55, 1, 1, -1.15343, 0.153646
87.575, 1, 1, -1.15381, 0.154031
87.6, 1, 1, -1.15381, 0.154031
87.625, 1, 1, -1.15381, 0.154031
87.65, 1, 1, -1.15381, 0.154031
87.675, 1, 1, -1.15401, 0.154232
87.7, 1, 1, -1.15422, 0.154438
87.725, 1, 1, -1.15449, 0.154709
87.75, 1, 1, -1.15449, 0.154709
87.775, 1, 1, -1.15449, 0.154709
87.8, 1, 1, -1.15449, 0.154709
87.825, 1, 1, -1.15446, 0.154674
87.85, 1, 1, -1.15445, 0.154663
87.875, 1, 1, -1.15445, 0.154663
87.9, 1, 1, -1.15445, 0.154663
87.925, 1, 1, -1.15445, 0.154663
87.95, 1, 1, -1.15445, 0.154663
87.975, 1, 1, -1.15404, 0.154256
88, 1, 1, -1.15365, 0.153868
88.025, 1, 1, -1.15365, 0.153868
88.05, 1, 1, -1.15365, 0.153868
88.075, 1, 1, -1.15365, 0.153868
88.1, 1, 1, -1.15365, 0.153868
88.125, 1, 1, -1.15365, 0.153868
88.15, 1, 1, -1.15365, 0.153868
88.175, 1, 1, -1.15331, 0.153529
88.2, 1, 1, -1.15299, 0.153209
88.225, 1, 1, -1.15299, 0.153209
88.25, 1, 1, -1.15269, 0.152902
88.275, 1, 1, -1.15239, 0.152606
88.3, 1, 1, -1.1521, 0.15232
88.325, 1, 1, -1.1521, 0.15232
88.35, 1, 1, -1.1521, 0.15232
88.375, 1, 1, -1.15183, 0.152048
88.4, 1, 1, -1.15157, 0.151789
88.425, 1, 1, -1.15157, 0.151789
88.45, 1, 1, -1.15133, 0.151542
88.475, 1, 1, -1.15109, 0.151306
88.5, 1, 1, -1.15109, 0.151306
88.525, 1, 1, -1.15086, 0.151079
88.55, 1, 1, -1.15086, 0.151079
88.575, 1, 1, -1.15086, 0.151079
88.6, 1, 1, -1.15065, 0.150869
88.625, 1, 1, -1.15046, 0.150678
88.65, 1, 1, -1.15046, 0.150678
88.675, 1, 1, -1.15028, 0.150496
88.7, 1, 1, -1.15028, 0.150496
88.725, 1, 1, -1.1501, 0.150317
88.75, 1, 1, -1.1501, 0.150317
88.775, 1, 1, -1.15003, 0.150247
88.8, 1, 1, -1.15003, 0.150247
88.825, 1, 1, -1.15003, 0.150247
88.85, 1, 1, -1.1498, 0.150013
88.875, 1, 1, -1.14965, 0.149865
88.9, 1, 1, -1.14964, 0.149852
88.925, 1, 1, -1.14975, 0.149959
88.95, 1, 1, -1.14975, 0.149959
88.975, 1, 1, -1.14975, 0.149959
89, 1, 1, -1.14969, 0.149894
89.025, 1, 1, -1.14969, 0.149894
89.05, 1, 1, -1.14969, 0.149894
89.075, 1, 1, -1.14969, 0.149894
89.1, 1, 1, -1.14946, 0.149669
89.125, 1, 1, -1.14926, 0.149464
89.15, 1, 1, -1.14912, 0.149316
89.175, 1, 1, -1.14902, 0.149222
89.2, 1, 1, -1.14902, 0.149222
89.225, 1, 1, -1.14902, 0.149222
89.25, 1, 1, -1.14887, 0.149067
89.275, 1, 1, -1.14874, 0.14893
89.3, 1, 1, -1.14874, 0.14893
89.325, 1, 1, -1.14874, 0.14893
89.35, 1, 1, -1.14874, 0.14893
89.375, 1, 1, -1.14856, 0.148755
89.4, 1, 1, -1.1484, 0.148587
89.425, 1, 1, -1.1484, 0.148587
89.45, 1, 1, -1.14824, 0.148427
89.475, 1, 1, -1.14809, 0.148281
89.5, 1, 1, -1.14809, 0.148281
89.525, 1, 1, -1.14809, 0.148281
89.55, 1, 1, -1.14809, 0.148281
89.575, 1, 1, -1.14809, 0.148281
89.6, 1, 1, -1.14796, 0.148144
89.625, 1, 1, -1.14783, 0.148019
89.65, 1, 1, -1.14783, 0.148019
89.675, 1, 1, -1.14783, 0.148019
89.7, 1, 1, -1.14783, 0.148019
89.725, 1, 1, -1.14783, 0.148019
89.75, 1, 1, -1.14783, 0.148019
89.775, 1, 1, -1.14783, 0.148019
89.8, 1, 1, -1.14774, 0.147924
89.825, 1, 1, -1.14768, 0.147857
89.85, 1, 1, -1.14768, 0.147857
89.875, 1, 1, -1.14763, 0.14781
89.9, 1, 1, -1.14763, 0.14781
89.925, 1, 1, -1.14763, 0.14781
89.95, 1, 1, -1.14759, 0.147765
89.975, 1, 1, -1.14759, 0.147765
