20, 0.283951, -3.83994
20.025, 0.557326, -3.8384
20.05, 0.543433, -3.78024
20.075, 0.526056, -3.67043
20.1, 0.515916, -3.59629
20.125, 0.509901, -3.46501
20.15, 0.509316, -3.38089
20.175, 0.510692, -3.21931
20.2, 0.493388, -3.14402
20.225, 0.471155, -2.97477
20.25, 0.464084, -2.86969
20.275, 0.463036, -2.68511
20.3, 0.465706, -2.56405
20.325, 0.469697, -2.36617
20.35, 0.455248, -2.22862
20.375, 0.436952, -2.00018
20.4, 0.427376, -1.87363
20.425, 0.420676, -1.62167
20.45, 0.405487, -1.48029
20.475, 0.391087, -1.22143
20.5, 0.39525, -1.04784
20.525, 0.405483, -0.785526
20.55, 0.420601, -0.612186
20.575, 0.436666, -0.284937
20.6, 0.443868, -0.128854
20.625, 0.447334, 0.159151
20.65, 0.446717, 0.368411
20.675, 0.445294, 0.686968
20.7, 0.541768, 0.88907
20.725, 0.682462, 1.16327
20.75, 0.767102, 1.40244
20.775, 0.795879, 1.71307
20.8, 0.831276, 1.95506
20.825, 0.866065, 2.28039
20.85, 1.0624, 2.50001
20.875, 1.31975, 2.78673
20.9, 1.69523, 2.99727
20.925, 2.1063, 3.27633
20.95, 2.62276, 3.43624
20.975, 3.17287, 3.67708
21, 3.81113, 3.82958
21.025, 4.46309, 4.04319
21.05, 5.17258, 4.19544
21.075, 5.88531, 4.42732
21.1, 6.65934, 4.54391
21.125, 7.44188, 4.75202
21.15, 8.28693, 4.8764
21.175, 9.13163, 5.0854
21.2, 10.0047, 5.18358
21.225, 10.8677, 5.35065
21.25, 11.7402, 5.47299
21.275, 12.5951, 5.63009
21.3, 13.4778, 5.74706
21.325, 14.3444, 5.88486
21.35, 15.224, 5.95977
21.375, 16.0882, 6.06498
21.4, 16.9371, 6.1124
21.425, 17.7478, 6.17031
21.45, 18.5668, 6.17312
21.475, 19.3553, 6.17312
21.5, 20.1973, 6.17312
21.525, 21.0264, 6.17312
21.55, 21.8517, 6.17312
21.575, 22.6509, 6.17299
21.6, 23.4037, 6.17274
21.625, 24.1126, 6.16136
21.65, 24.7463, 6.13554
21.675, 25.3306, 6.04759
21.7, 25.9092, 5.99122
21.725, 26.4593, 5.87617
21.75, 27.0451, 5.80842
21.775, 27.6293, 5.66397
21.8, 28.2177, 5.56068
21.825, 28.8007, 5.37699
21.85, 29.3416, 5.24775
21.875, 29.8385, 5.04322
21.9, 30.1897, 4.89071
21.925, 30.4739, 4.68963
21.95, 30.6527, 4.5108
21.975, 30.7812, 4.27201
22, 30.9087, 4.12705
22.025, 31.0335, 3.88519
22.05, 31.1347, 3.70814
22.075, 31.2274, 3.4149
22.1, 31.2564, 3.25869
22.125, 31.2493, 2.95905
22.15, 31.1216, 2.78814
22.175, 30.9514, 2.49809
22.2, 30.6713, 2.32206
22.225, 30.3535, 2.05055
22.25, 29.9382, 1.86788
22.275, 29.4944, 1.61081
22.3, 28.9441, 1.43402
22.325, 28.379, 1.20239
22.35, 27.7305, 1.02585
22.375, 27.0587, 0.791406
22.4, 26.2522, 0.650408
22.425, 25.4172, 0.456743
22.45, 24.5316, 0.335942
22.475, 23.6572, 0.163113
22.5, 22.8306, 0.0558625
22.525, 22.0485, -0.116838
22.55, 21.3016, -0.205809
22.575, 20.5892, -0.34668
22.6, 19.8617, -0.455337
22.625, 19.1457, -0.586108
22.65, 18.403, -0.658845
22.675, 17.6749, -0.759193
22.7, 16.9897, -0.827838
22.725, 16.3431, -0.902236
22.75, 15.7399, -0.965002
22.775, 15.1679, -1.04605
22.8, 14.5824, -1.09219
22.825, 14.0111, -1.15355
22.85, 13.4734, -1.18308
22.875, 12.9652, -1.22348
22.9, 12.5019, -1.24546
22.925, 12.071, -1.28471
22.95, 11.6883, -1.30414
22.975, 11.3351, -1.33265
23, 11.0075, -1.34044
23.025, 10.6958, -1.35604
23.05, 10.3247, -1.35591
23.075, 9.93934, -1.35272
23.1, 9.53012, -1.34057
23.125, 9.127, -1.29059
23.15, 8.76204, -1.26311
23.175, 8.42542, -1.21632
23.2, 8.1254, -1.17746
23.225, 7.84616, -1.10868
23.25, 7.57172, -1.06382
23.275, 7.30667, -0.96449
23.3, 7.03913, -0.921028
23.325, 6.7797, -0.814032
23.35, 6.53659, -0.741041
23.375, 6.30692, -0.645039
23.4, 6.0882, -0.55121
23.425, 5.87819, -0.397429
23.45, 5.66166, -0.315105
23.475, 5.44929, -0.16094
23.5, 5.24397, -0.054712
23.525, 5.04845, 0.106484
23.55, 4.8818, 0.227924
23.575, 4.73174, 0.395639
23.6, 4.59487, 0.521681
23.625, 4.46599, 0.725062
23.65, 4.32895, 0.844073
23.675, 4.17737, 1.05167
23.7, 4.005, 1.19599
23.725, 3.82878, 1.42149
23.75, 3.74776, 1.58908
23.775, 3.6915, 1.81547
23.8, 3.69448, 1.98165
23.825, 3.74277, 2.22887
23.85, 3.89534, 2.37831
23.875, 4.07114, 2.61352
23.9, 4.34368, 2.76909
23.925, 4.65119, 3.01657
23.95, 5.03595, 3.1306
23.975, 5.44578, 3.36018
24, 5.91182, 3.48111
24.025, 6.38731, 3.67273
24.05, 6.92294, 3.80964
24.075, 7.4724, 4.00343
24.1, 8.12, 4.11017
24.125, 8.78102, 4.26715
24.15, 9.48507, 4.36648
24.175, 10.1844, 4.49776
24.2, 10.8598, 4.58277
24.225, 11.5029, 4.7106
24.25, 12.1348, 4.78282
24.275, 12.7461, 4.89506
24.3, 13.3819, 4.95016
24.325, 14.0232, 5.04296
24.35, 14.7538, 5.0886
24.375, 15.4958, 5.14114
24.4, 16.2766, 5.16185
24.425, 17.0529, 5.17309
24.45, 17.7498, 5.17335
24.475, 18.3958, 5.17361
24.5, 18.9563, 5.17361
24.525, 19.4724, 5.17361
24.55, 19.9667, 5.17361
24.575, 20.4358, 5.17348
24.6, 20.9912, 5.17309
24.625, 21.5617, 5.14484
24.65, 22.1398, 5.10726
24.675, 22.7099, 5.00691
24.7, 23.2427, 4.94274
24.725, 23.7392, 4.81031
24.75, 24.1535, 4.74997
24.775, 24.5279, 4.62904
24.8, 24.845, 4.53982
24.825, 25.1355, 4.40329
24.85, 25.4108, 4.29783
24.875, 25.6729, 4.11478
24.9, 25.9045, 4.01251
24.925, 26.1144, 3.82473
24.95, 26.2749, 3.71057
24.975, 26.4045, 3.5233
25, 26.4614, 3.39189
25.025, 26.488, 3.17496
25.05, 26.471, 3.06029
25.075, 26.4299, 2.84873
25.1, 26.3374, 2.71617
25.125, 26.2269, 2.51918
25.15, 26.046, 2.37652
25.175, 25.8415, 2.19653
25.2, 25.586, 2.05119
25.225, 25.3091, 1.83681
25.25, 24.9616, 1.71908
25.275, 24.5943, 1.53091
25.3, 24.1555, 1.41727
25.325, 23.6974, 1.2525
25.35, 23.1566, 1.1432
25.375, 22.5947, 0.98571
25.4, 21.941, 0.898529
25.425, 21.2705, 0.764306
25.45, 20.5619, 0.694893
25.475, 19.8599, 0.59838
25.5, 19.1792, 0.535743
25.525, 18.5278, 0.453163
25.55, 17.9065, 0.404715
25.575, 17.3143, 0.329806
25.6, 16.7299, 0.273176
25.625, 16.1623, 0.206704
25.65, 15.5881, 0.169888
25.675, 15.029, 0.128087
25.7, 14.4839, 0.100476
25.725, 13.9595, 0.0673673
25.75, 13.4576, 0.0512605
25.775, 12.9781, 0.0407783
25.8, 12.5154, 0.0382217
25.825, 12.0726, 0.0346424
25.85, 11.6499, 0.0345146
25.875, 11.2468, 0.0382217
25.9, 10.8551, 0.0520275
25.925, 10.4783, 0.0865421
25.95, 10.1087, 0.107123
25.975, 9.753, 0.1704
26, 9.40078, 0.202869
26.025, 9.06018, 0.267552
26.05, 8.72811, 0.311909
26.075, 8.40935, 0.402798
26.1, 8.10271, 0.46224
26.125, 7.81251, 0.576521
26.15, 7.55016, 0.630977
26.175, 7.30593, 0.753696
26.2, 7.0747, 0.819146
26.225, 6.85463, 0.942759
26.25, 6.56876, 1.02674
26.275, 6.27106, 1.19126
26.3, 6.04604, 1.29251
26.325, 5.8471, 1.48387
26.35, 5.71421, 1.56249
26.375, 5.61331, 1.72253
26.4, 5.59261, 1.82953
26.425, 5.60899, 1.98369
26.45, 5.69834, 2.09145
26.475, 5.81613, 2.2561
26.5, 5.96889, 2.35479
26.525, 6.13382, 2.51138
26.55, 6.34639, 2.61531
26.575, 6.57523, 2.76717
26.6, 6.83962, 2.87506
26.625, 7.10839, 3.04329
26.65, 7.47007, 3.12894
26.675, 7.85369, 3.2817
26.7, 8.2875, 3.35827
26.725, 8.72917, 3.47702
26.75, 9.19971, 3.55398
26.775, 9.66784, 3.67721
26.8, 10.1143, 3.73128
26.825, 10.5485, 3.84863
26.85, 10.9944, 3.9105
26.875, 11.4275, 4.01238
26.9, 11.9381, 4.06058
26.925, 12.4697, 4.12641
26.95, 13.0585, 4.16399
26.975, 13.6517, 4.20886
27, 14.2503, 4.23059
27.025, 14.8287, 4.2458
27.05, 15.3248, 4.26127
27.075, 15.7788, 4.29323
27.1, 16.1885, 4.30678
27.125, 16.5702, 4.32058
27.15, 16.9992, 4.328
27.175, 17.4403, 4.32941
27.2, 17.9264, 4.32928
27.225, 18.4172, 4.32902
27.25, 18.8983, 4.328
27.275, 19.3627, 4.30665
27.3, 19.7455, 4.2706
27.325, 20.0886, 4.21167
27.35, 20.3939, 4.16642
27.375, 20.6739, 4.09253
27.4, 20.9633, 4.04575
27.425, 21.2454, 3.94706
27.45, 21.5189, 3.88621
27.475, 21.7867, 3.77602
27.5, 22.0207, 3.71096
27.525, 22.2343, 3.57596
27.55, 22.4098, 3.50502
27.575, 22.5685, 3.38498
27.6, 22.6596, 3.30637
27.625, 22.7235, 3.17547
27.65, 22.7612, 3.08522
27.675, 22.7881, 2.95867
27.7, 22.79, 2.85819
27.725, 22.7749, 2.7053
27.75, 22.733, 2.61569
27.775, 22.6755, 2.47687
27.8, 22.5523, 2.38406
27.825, 22.4049, 2.25124
27.85, 22.211, 2.15716
27.875, 22.0023, 2.01054
27.9, 21.7484, 1.93831
27.925, 21.4781, 1.80204
27.95, 21.1416, 1.72637
27.975, 20.7926, 1.59202
28, 20.3977, 1.53845
28.025, 19.9918, 1.4436
28.05, 19.5489, 1.37598
28.075, 19.1034, 1.29033
28.1, 18.6451, 1.23012
28.125, 18.1898, 1.14934
28.15, 17.7078, 1.10562
28.175, 17.2303, 1.04272
28.2, 16.7053, 1.01038
28.225, 16.1755, 0.975867
28.25, 15.6319, 0.959761
28.275, 15.0993, 0.937518
28.3, 14.5879, 0.933811
28.325, 14.1032, 0.923201
28.35, 13.6611, 0.919621
28.375, 13.2472, 0.919494
28.4, 12.8567, 0.920772
28.425, 12.4862, 0.939691
28.45, 12.0922, 0.946466
28.475, 11.6991, 0.980725
28.5, 11.2832, 1.00412
28.525, 10.8692, 1.05921
28.55, 10.484, 1.1037
28.575, 10.118, 1.18411
28.6, 9.78685, 1.23153
28.625, 9.47741, 1.3127
28.65, 9.20793, 1.36818
28.675, 8.96014, 1.45511
28.7, 8.7635, 1.52145
28.725, 8.59214, 1.63164
28.75, 8.47199, 1.69441
28.775, 8.37436, 1.79604
28.8, 8.31698, 1.8597
28.825, 8.2807, 1.95928
28.85, 8.26206, 2.03291
28.875, 8.25026, 2.14144
28.9, 8.27662, 2.20088
28.925, 8.3212, 2.32667
28.95, 8.39944, 2.39173
28.975, 8.48629, 2.49055
29, 8.63146, 2.57057
29.025, 8.79137, 2.67603
29.05, 8.98253, 2.74237
29.075, 9.18473, 2.84566
29.1, 9.42183, 2.91265
29.125, 9.66452, 2.99484
29.15, 9.95083, 3.05735
29.175, 10.2472, 3.15131
29.2, 10.5694, 3.20679
29.225, 10.8972, 3.28118
29.25, 11.2568, 3.32426
29.275, 11.6193, 3.38447
29.3, 12.0018, 3.42397
29.325, 12.3776, 3.47549
29.35, 12.7426, 3.49978
29.375, 13.0995, 3.55002
29.4, 13.4334, 3.57891
29.425, 13.7468, 3.61649
29.45, 14.0786, 3.64717
29.475, 14.4172, 3.67631
29.5, 14.8089, 3.679
29.525, 15.2144, 3.68347
29.55, 15.6205, 3.68846
29.575, 16.0117, 3.68884
29.6, 16.3408, 3.68897
29.625, 16.6339, 3.68897
29.65, 16.867, 3.68884
29.675, 17.0737, 3.68884
29.7, 17.2638, 3.68871
29.725, 17.443, 3.68846
29.75, 17.6991, 3.68833
29.775, 17.976, 3.66136
29.8, 18.2686, 3.63758
29.825, 18.5691, 3.58095
29.85, 18.8333, 3.54554
29.875, 19.0672, 3.48546
29.9, 19.2472, 3.44647
29.925, 19.3987, 3.37105
29.95, 19.5341, 3.32401
29.975, 19.6603, 3.26175
30, 19.7542, 3.20743
30, 19.8335, 3.13661
30.025, 19.9088, 3.10312
30.05, 19.9714, 3.05991
30.075, 20.0084, 3.02514
30.1, 20.0336, 2.98104
30.125, 20.0402, 2.95087
30.15, 20.0412, 2.90101
30.175, 20.0178, 2.87788
30.2, 19.9884, 2.83825
30.225, 19.9269, 2.81716
30.25, 19.8555, 2.78315
30.275, 19.773, 2.76232
30.3, 19.6862, 2.73253
30.325, 19.5856, 2.72013
30.35, 19.4826, 2.69751
30.375, 19.3909, 2.69367
30.4, 19.3078, 2.67769
30.425, 19.2125, 2.66222
30.45, 19.1207, 2.64497
30.475, 19.008, 2.63794
30.5, 18.8873, 2.63039
30.525, 18.7661, 2.62784
30.55, 18.6452, 2.62771
30.575, 18.5185, 2.62745
30.6, 18.3999, 2.62733
30.625, 18.3155, 2.62758
30.65, 18.2469, 2.62796
30.675, 18.1835, 2.62796
30.7, 18.1237, 2.62848
30.725, 18.0405, 2.63027
30.75, 17.9427, 2.64548
30.775, 17.7947, 2.6511
30.8, 17.6347, 2.68562
30.825, 17.4708, 2.71093
30.85, 17.3032, 2.75707
30.875, 17.2157, 2.78596
30.9, 17.1573, 2.81741
30.925, 17.1363, 2.83927
30.95, 17.1376, 2.8757
30.975, 17.1407, 2.90191
31, 17.1354, 2.94435
31.025, 17.1164, 2.96697
31.05, 17.0899, 3.01466
31.075, 17.0737, 3.03703
31.1, 17.067, 3.09327
31.125, 17.0931, 3.12037
31.15, 17.1244, 3.17035
31.175, 17.1889, 3.19682
31.2, 17.2599, 3.24552
31.225, 17.3396, 3.27262
31.25, 17.4237, 3.32043
31.275, 17.5127, 3.34663
31.3, 17.5991, 3.38856
31.325, 17.7138, 3.41937
31.35, 17.8306, 3.44916
31.375, 17.9614, 3.47242
31.4, 18.105, 3.51269
31.425, 18.2406, 3.53634
31.45, 18.3675, 3.56216
31.475, 18.5274, 3.57954
31.5, 18.6916, 3.61112
31.525, 18.8502, 3.62914
31.55, 19.0033, 3.6588
31.575, 19.1484, 3.67427
31.6, 19.2893, 3.67746
31.625, 19.438, 3.6868
31.65, 19.5884, 3.70878
31.675, 19.7108, 3.71658
31.7, 19.8233, 3.73
31.725, 19.9604, 3.73486
31.75, 20.0956, 3.73742
31.775, 20.2777, 3.73908
31.8, 20.4716, 3.73933
31.825, 20.6587, 3.73933
31.85, 20.8421, 3.73933
31.875, 20.9941, 3.73933
31.9, 21.1233, 3.73908
31.925, 21.2028, 3.73895
31.95, 21.2611, 3.7378
31.975, 21.3144, 3.73665
32, 21.3642, 3.72131
32.025, 21.4752, 3.71402
32.05, 21.608, 3.67555
32.075, 21.7724, 3.65675
32.1, 21.9442, 3.61304
32.125, 22.1151, 3.57635
32.15, 22.2679, 3.52637
32.175, 22.3125, 3.49466
32.2, 22.3121, 3.46117
32.225, 22.2743, 3.43688
32.25, 22.2177, 3.40096
32.275, 22.1883, 3.37898
32.3, 22.1697, 3.33935
32.325, 22.1684, 3.31557
32.35, 22.1812, 3.27096
32.375, 22.1823, 3.2468
32.4, 22.1765, 3.19336
32.425, 22.1373, 3.16972
32.45, 22.084, 3.12753
32.475, 22.0074, 3.10056
32.5, 21.9265, 3.05505
32.525, 21.8394, 3.03025
32.55, 21.7527, 2.99638
32.575, 21.6547, 2.97426
32.6, 21.5583, 2.94499
32.625, 21.4646, 2.91853
32.65, 21.368, 2.88657
32.675, 21.2766, 2.86573
32.7, 21.1834, 2.83058
32.725, 21.0775, 2.81473
32.75, 20.9688, 2.79159
32.775, 20.8366, 2.77766
32.8, 20.7005, 2.74723
32.825, 20.5598, 2.72972
32.85, 20.4197, 2.70262
32.875, 20.269, 2.69226
32.9, 20.1185, 2.686
32.925, 19.9618, 2.68178
32.95, 19.806, 2.6759
32.975, 19.6661, 2.67488
33, 19.5291, 2.67373
33.025, 19.3987, 2.67347
33.05, 19.2666, 2.67335
33.075, 19.1012, 2.67347
33.1, 18.9294, 2.67386
33.125, 18.7525, 2.67565
33.15, 18.5795, 2.67884
33.175, 18.4444, 2.69444
33.2, 18.3316, 2.72218
33.225, 18.2453, 2.73049
33.25, 18.1723, 2.75094
33.275, 18.1252, 2.75759
33.3, 18.0889, 2.77369
33.325, 18.0159, 2.78993
33.35, 17.9285, 2.82623
33.375, 17.8114, 2.85729
33.4, 17.6876, 2.90089
33.425, 17.6026, 2.93144
33.45, 17.5353, 2.96902
33.475, 17.5254, 2.9951
33.5, 17.536, 3.03076
33.525, 17.5642, 3.06093
33.55, 17.5992, 3.10069
33.575, 17.6113, 3.11884
33.6, 17.6098, 3.16741
33.625, 17.6104, 3.19733
33.65, 17.6058, 3.24769
33.675, 17.627, 3.27914
33.7, 17.6627, 3.32951
33.725, 17.7354, 3.35661
33.75, 17.8239, 3.39968
33.775, 17.9304, 3.42193
33.8, 18.0407, 3.45478
33.825, 18.1594, 3.47677
33.85, 18.2772, 3.5123
33.875, 18.3925, 3.53186
33.9, 18.506, 3.56996
33.925, 18.6234, 3.5853
33.95, 18.7382, 3.61623
33.975, 18.8736, 3.6432
34, 19.0044, 3.67452
34.025, 19.1343, 3.68066
34.05, 19.2678, 3.69996
34.075, 19.4188, 3.71645
34.1, 19.5688, 3.7199
34.125, 19.7374, 3.72962
34.15, 19.9125, 3.73933
34.175, 20.0723, 3.74573
34.2, 20.2295, 3.74956
34.225, 20.3814, 3.75046
34.25, 20.5242, 3.75122
34.275, 20.6699, 3.75161
34.3, 20.8085, 3.75173
34.325, 20.9613, 3.75186
34.35, 21.1187, 3.75173
34.375, 21.2865, 3.75173
34.4, 21.4552, 3.75122
34.425, 21.622, 3.75084
34.45, 21.7831, 3.74406
34.475, 21.8771, 3.73396
34.5, 21.9448, 3.71185
34.525, 21.9853, 3.6905
34.55, 22.0137, 3.66289
34.575, 22.0413, 3.64908
34.6, 22.0776, 3.62083
34.625, 22.1785, 3.59731
34.65, 22.2999, 3.54605
34.675, 22.4382, 3.51282
34.7, 22.5801, 3.44954
34.725, 22.6251, 3.40608
34.75, 22.6325, 3.35814
34.775, 22.5599, 3.31877
34.8, 22.451, 3.28323
34.825, 22.329, 3.2629
34.85, 22.2094, 3.22379
34.875, 22.16, 3.20436
34.9, 22.1334, 3.15476
34.925, 22.0932, 3.12242
34.95, 22.063, 3.07755
34.975, 21.9815, 3.05007
35, 21.8828, 3.00775
35.025, 21.7811, 2.9772
35.05, 21.6695, 2.94729
35.075, 21.5435, 2.91686
35.1, 21.4155, 2.88593
35.125, 21.2837, 2.86062
35.15, 21.1552, 2.83122
35.175, 21.0319, 2.81549
35.2, 20.9077, 2.78763
35.225, 20.7848, 2.77369
35.25, 20.6648, 2.75196
35.275, 20.5117, 2.73598
35.3, 20.3544, 2.71425
35.325, 20.2038, 2.70927
35.35, 20.0551, 2.703
35.375, 19.9024, 2.69354
35.4, 19.7562, 2.69201
35.425, 19.605, 2.6906
35.45, 19.4529, 2.69009
35.475, 19.3136, 2.68881
35.5, 19.1854, 2.68753
35.525, 19.0711, 2.6869
35.55, 18.967, 2.68626
35.575, 18.8675, 2.68626
35.6, 18.7729, 2.68664
35.625, 18.6598, 2.68715
35.65, 18.5418, 2.69584
35.675, 18.4164, 2.70057
35.7, 18.2881, 2.72358
35.725, 18.1603, 2.74135
35.75, 18.034, 2.77535
35.775, 17.9683, 2.80424
35.8, 17.9259, 2.8385
35.825, 17.9195, 2.8518
35.85, 17.9288, 2.87992
35.875, 17.9097, 2.889
35.9, 17.8728, 2.92249
35.925, 17.8144, 2.94358
35.95, 17.7423, 2.98385
35.975, 17.6705, 3.01184
36, 17.6033, 3.05722
36.025, 17.6062, 3.08982
36.05, 17.6356, 3.12625
36.075, 17.7018, 3.15783
36.1, 17.7834, 3.19068
36.125, 17.8607, 3.20743
36.15, 17.9322, 3.23938
36.175, 17.972, 3.26406
36.2, 17.9977, 3.29857
36.225, 18.0168, 3.32222
36.25, 18.0354, 3.36658
36.275, 18.0794, 3.39483
36.3, 18.1311, 3.43484
36.325, 18.2242, 3.45619
36.35, 18.3254, 3.49057
36.375, 18.4407, 3.51703
36.4, 18.5575, 3.54912
36.425, 18.6739, 3.56791
36.45, 18.7949, 3.58146
36.475, 18.9229, 3.59015
36.5, 19.0547, 3.61853
36.525, 19.1761, 3.62761
36.55, 19.2898, 3.64257
36.575, 19.4252, 3.64896
36.6, 19.5575, 3.6712
36.625, 19.6855, 3.67286
36.65, 19.8105, 3.67427
36.675, 19.9561, 3.6767
36.7, 20.1023, 3.67797
36.725, 20.2397, 3.679
36.75, 20.3744, 3.68028
36.775, 20.5006, 3.68028
36.8, 20.6192, 3.68079
36.825, 20.736, 3.68079
36.85, 20.8472, 3.68079
36.875, 20.9586, 3.68079
36.9, 21.065, 3.68066
36.925, 21.194, 3.68053
36.95, 21.3282, 3.67989
36.975, 21.4624, 3.67516
37, 21.5935, 3.65509
37.025, 21.7117, 3.63707
37.05, 21.8097, 3.60741
37.075, 21.8413, 3.5821
37.1, 21.8466, 3.55692
37.125, 21.8346, 3.54107
37.15, 21.8047, 3.51218
37.175, 21.8456, 3.49569
37.2, 21.9106, 3.44903
37.225, 21.9888, 3.42717
37.25, 22.0761, 3.37898
37.275, 22.1333, 3.35073
37.3, 22.1693, 3.3001
37.325, 22.1381, 3.26879
37.35, 22.0755, 3.23069
37.375, 21.9817, 3.20998
37.4, 21.8767, 3.17675
37.425, 21.7966, 3.15796
37.45, 21.7327, 3.11718
37.475, 21.6835, 3.09647
37.5, 21.6461, 3.05326
37.525, 21.5965, 3.0314
37.55, 21.5473, 2.98768
37.575, 21.4505, 2.96455
37.6, 21.337, 2.93131
37.625, 21.2127, 2.9115
37.65, 21.0816, 2.88542
37.675, 20.952, 2.87468
37.7, 20.8229, 2.85218
37.725, 20.695, 2.83198
37.75, 20.5738, 2.81805
37.775, 20.4425, 2.80361
37.8, 20.3037, 2.79274
37.825, 20.1818, 2.7829
37.85, 20.0605, 2.76999
37.875, 19.9426, 2.76577
37.9, 19.8301, 2.75912
37.925, 19.6993, 2.75874
37.95, 19.5726, 2.75874
37.975, 19.4349, 2.75823
38, 19.2972, 2.75835
38.025, 19.1732, 2.75861
38.05, 19.0541, 2.75886
38.075, 18.9607, 2.76027
38.1, 18.8787, 2.76219
38.125, 18.8037, 2.76347
38.15, 18.7351, 2.76832
38.175, 18.6668, 2.77062
38.2, 18.5918, 2.78724
38.225, 18.4897, 2.7999
38.25, 18.3782, 2.81831
38.275, 18.2749, 2.83377
38.3, 18.1752, 2.85972
38.325, 18.1036, 2.87736
38.35, 18.0493, 2.90255
38.375, 18.0312, 2.92517
38.4, 18.0291, 2.95764
38.425, 18.0459, 2.96966
38.45, 18.0716, 2.9818
38.475, 18.043, 2.99663
38.5, 17.9928, 3.02693
38.525, 17.9078, 3.05326
38.55, 17.816, 3.10606
38.575, 17.766, 3.13264
38.6, 17.7368, 3.17266
38.625, 17.7919, 3.19707
38.65, 17.8738, 3.23453
38.675, 17.9776, 3.24846
38.7, 18.0878, 3.27121
38.725, 18.1644, 3.28476
38.75, 18.2235, 3.30228
38.775, 18.2572, 3.31672
38.8, 18.2848, 3.34727
38.825, 18.3078, 3.37463
38.85, 18.3339, 3.41656
38.875, 18.3991, 3.43778
38.9, 18.4774, 3.46577
38.925, 18.5803, 3.48367
38.95, 18.6871, 3.50655
38.975, 18.7972, 3.52176
39, 18.9116, 3.54171
39.025, 19.0135, 3.54886
39.05, 19.1134, 3.56817
39.075, 19.2191, 3.57916
39.1, 19.3251, 3.59386
39.125, 19.4562, 3.60562
39.15, 19.5901, 3.61189
39.175, 19.7295, 3.61304
39.2, 19.8691, 3.62262
39.225, 19.9877, 3.6262
39.25, 20.0948, 3.62774
39.275, 20.2098, 3.63068
39.3, 20.3197, 3.63106
39.325, 20.432, 3.63119
39.35, 20.5409, 3.63119
39.375, 20.6336, 3.63119
39.4, 20.7205, 3.63119
39.425, 20.8013, 3.63106
39.45, 20.8777, 3.63093
39.475, 20.9718, 3.6308
39.5, 21.073, 3.62889
39.525, 21.2029, 3.62441
39.55, 21.3391, 3.5991
39.575, 21.4881, 3.57916
39.6, 21.6385, 3.53225
39.625, 21.7079, 3.51154
39.65, 21.7458, 3.4884
39.675, 21.7325, 3.46999
39.7, 21.6975, 3.43791
39.725, 21.6785, 3.4218
39.75, 21.6736, 3.39086
39.775, 21.7071, 3.36939
39.8, 21.7555, 3.34063
39.825, 21.8067, 3.31532
39.85, 21.8529, 3.27479
39.875, 21.8395, 3.25076
39.9, 21.7984, 3.21625
39.925, 21.7219, 3.19209
39.95, 21.6302, 3.16307
39.975, 21.5243, 3.14645
40, 21.416, 3.12715
40, 21.3406, 3.11552
40.025, 21.2781, 3.11257
40.05, 21.2338, 3.1127
40.075, 21.191, 3.11309
40.1, 21.1423, 3.1136
40.125, 21.0902, 3.1159
40.15, 21.013, 3.11794
40.175, 20.9332, 3.14696
40.2, 20.8406, 3.16869
40.225, 20.7403, 3.20155
40.25, 20.6689, 3.22852
40.275, 20.6079, 3.27185
40.3, 20.5554, 3.29946
40.325, 20.5092, 3.34919
40.35, 20.479, 3.38754
40.375, 20.4517, 3.42947
40.4, 20.4539, 3.46807
40.425, 20.4698, 3.54286
40.45, 20.4794, 3.5729
40.475, 20.4896, 3.61866
40.5, 20.5506, 3.65266
40.525, 20.6193, 3.70738
40.55, 20.6692, 3.75403
40.575, 20.7232, 3.82127
40.6, 20.7976, 3.86691
40.625, 20.8748, 3.9298
40.65, 20.997, 3.97109
40.675, 21.122, 4.03411
40.7, 21.2844, 4.06518
40.725, 21.4499, 4.11414
40.75, 21.5927, 4.14546
40.775, 21.728, 4.1962
40.8, 21.8369, 4.2334
40.825, 21.9439, 4.28466
40.85, 22.074, 4.31867
40.875, 22.2207, 4.3606
40.9, 22.4366, 4.39319
40.925, 22.6762, 4.42566
40.95, 22.9506, 4.44266
40.975, 23.233, 4.45647
41, 23.483, 4.46964
41.025, 23.7097, 4.48229
41.05, 23.8687, 4.49175
41.075, 24.0093, 4.51924
41.1, 24.1303, 4.52972
41.125, 24.238, 4.55592
41.15, 24.4295, 4.57267
41.175, 24.6482, 4.57497
41.2, 24.9228, 4.5751
41.225, 25.2113, 4.5751
41.25, 25.454, 4.57497
41.275, 25.6675, 4.57497
41.3, 25.8175, 4.57497
41.325, 25.9401, 4.57484
41.35, 26.0436, 4.57471
41.375, 26.1358, 4.57459
41.4, 26.2644, 4.57408
41.425, 26.4039, 4.56871
41.45, 26.5643, 4.5558
41.475, 26.727, 4.52243
41.5, 26.8944, 4.49789
41.525, 27.0502, 4.46401
41.55, 27.1839, 4.4332
41.575, 27.3009, 4.39038
41.6, 27.3979, 4.36264
41.625, 27.4819, 4.30831
41.65, 27.5445, 4.28096
41.675, 27.6012, 4.2311
41.7, 27.633, 4.2063
41.725, 27.655, 4.15504
41.75, 27.6654, 4.12117
41.775, 27.6775, 4.06837
41.8, 27.6937, 4.04166
41.825, 27.7087, 3.98234
41.85, 27.722, 3.95435
41.875, 27.7394, 3.89631
41.9, 27.7218, 3.84825
41.925, 27.6971, 3.79136
41.95, 27.6267, 3.75902
41.975, 27.5329, 3.70546
42, 27.4273, 3.66762
42.025, 27.3244, 3.61738
42.05, 27.2502, 3.58133
42.075, 27.1958, 3.521
42.1, 27.1386, 3.4884
42.125, 27.0824, 3.42423
42.15, 26.9644, 3.38537
42.175, 26.8248, 3.32426
42.2, 26.6048, 3.29831
42.225, 26.3612, 3.2716
42.25, 26.0875, 3.25702
42.275, 25.8063, 3.24041
42.3, 25.5815, 3.22456
42.325, 25.3853, 3.20244
42.35, 25.2155, 3.18748
42.375, 25.0585, 3.17406
42.4, 24.8871, 3.16831
42.425, 24.7068, 3.15617
42.45, 24.4878, 3.14747
42.475, 24.2606, 3.14683
42.5, 24.0111, 3.14683
42.525, 23.761, 3.14811
42.55, 23.5449, 3.14952
42.575, 23.3474, 3.15642
42.6, 23.1726, 3.16601
42.625, 23.0113, 3.18518
42.65, 22.858, 3.19682
42.675, 22.7152, 3.22059
42.7, 22.5734, 3.24232
42.725, 22.4376, 3.28719
42.75, 22.3046, 3.30739
42.775, 22.177, 3.36146
42.8, 22.0836, 3.38141
42.825, 22.001, 3.42436
42.85, 21.9457, 3.44916
42.875, 21.905, 3.49633
42.9, 21.8773, 3.53046
42.925, 21.8522, 3.57558
42.95, 21.8534, 3.60332
42.975, 21.87, 3.65957
43, 21.8825, 3.69204
43.025, 21.897, 3.7378
43.05, 21.9347, 3.77257
43.075, 21.9782, 3.83649
43.1, 22.0135, 3.86525
43.125, 22.0517, 3.91932
43.15, 22.1243, 3.95639
43.175, 22.2042, 4.00318
43.2, 22.3146, 4.03629
43.225, 22.4409, 4.08985
43.25, 22.5752, 4.11951
43.275, 22.7111, 4.15913
43.3, 22.866, 4.18406
43.325, 23.0154, 4.2196
43.35, 23.1332, 4.24056
43.375, 23.2346, 4.27814
43.4, 23.33, 4.30384
43.425, 23.4225, 4.35293
43.45, 23.5497, 4.37798
43.475, 23.6926, 4.3992
43.5, 23.9192, 4.42132
43.525, 24.1677, 4.43384
43.55, 24.4027, 4.44228
43.575, 24.638, 4.44599
43.6, 24.7667, 4.45302
43.625, 24.8555, 4.46874
43.65, 24.9179, 4.48165
43.675, 24.9665, 4.50236
43.7, 25.0505, 4.52128
43.725, 25.152, 4.53841
43.75, 25.3241, 4.54391
43.775, 25.5153, 4.54442
43.8, 25.7183, 4.54442
43.825, 25.9223, 4.54442
43.85, 26.0597, 4.54442
43.875, 26.1692, 4.54429
43.9, 26.2499, 4.54429
43.925, 26.3184, 4.54429
43.95, 26.3966, 4.54429
43.975, 26.4804, 4.54416
44, 26.603, 4.54403
44.025, 26.7353, 4.54378
44.05, 26.8732, 4.54097
44.075, 27.01, 4.51898
44.1, 27.1348, 4.4984
44.125, 27.2538, 4.45673
44.15, 27.3582, 4.43231
44.175, 27.4504, 4.38885
44.2, 27.5374, 4.35714
44.225, 27.6216, 4.31637
44.25, 27.6946, 4.28339
44.275, 27.7646, 4.22944
44.3, 27.83, 4.19595
44.325, 27.8881, 4.13063
44.35, 27.9262, 4.09662
44.375, 27.9556, 4.03207
44.4, 27.9703, 3.99385
44.425, 27.9753, 3.93888
44.45, 27.9597, 3.9036
44.475, 27.9299, 3.82741
44.5, 27.877, 3.80351
44.525, 27.8112, 3.75237
44.55, 27.6951, 3.7153
44.575, 27.5717, 3.66673
44.6, 27.4537, 3.62825
44.625, 27.3449, 3.57072
44.65, 27.2695, 3.53557
44.675, 27.2129, 3.4728
44.7, 27.1453, 3.43446
44.725, 27.0757, 3.37195
44.75, 26.906, 3.33398
44.775, 26.7011, 3.28885
44.8, 26.4321, 3.26981
44.825, 26.1479, 3.2482
44.85, 25.8902, 3.23696
44.875, 25.6471, 3.21829
44.9, 25.464, 3.20691
44.925, 25.3069, 3.18544
44.95, 25.1607, 3.17278
44.975, 25.0215, 3.14888
45, 24.8278, 3.13584
45.025, 24.621, 3.12587
45.05, 24.3617, 3.12331
45.075, 24.0934, 3.12203
45.1, 23.8263, 3.12216
45.125, 23.5717, 3.12408
45.15, 23.3612, 3.13098
45.175, 23.1717, 3.14965
45.2, 23.0004, 3.16166
45.225, 22.8423, 3.18122
45.25, 22.6917, 3.194
45.275, 22.5464, 3.23402
45.3, 22.3984, 3.25843
45.325, 22.2505, 3.29461
45.35, 22.1306, 3.31225
45.375, 22.0263, 3.35405
45.4, 21.9243, 3.37936
45.425, 21.8331, 3.42385
45.45, 21.7581, 3.45529
45.475, 21.691, 3.51499
45.5, 21.6521, 3.55104
45.525, 21.6225, 3.59795
45.55, 21.6323, 3.63272
45.575, 21.6564, 3.67593
45.6, 21.684, 3.70469
45.625, 21.7182, 3.75161
45.65, 21.7327, 3.78407
45.675, 21.7333, 3.84901
45.7, 21.7287, 3.89222
45.725, 21.7282, 3.96099
45.75, 21.7572, 4.00752
45.775, 21.8053, 4.07285
45.8, 21.9308, 4.10519
45.825, 22.0821, 4.14776
45.85, 22.2596, 4.1824
45.875, 22.4448, 4.23225
45.9, 22.5893, 4.25475
45.925, 22.709, 4.29962
45.95, 22.8322, 4.33401
45.975, 22.9427, 4.38949
46, 23.0552, 4.41876
46.025, 23.1859, 4.46158
46.05, 23.4126, 4.4805
46.075, 23.6638, 4.50032
46.1, 23.9496, 4.50863
46.125, 24.2442, 4.52141
46.15, 24.4629, 4.52614
46.175, 24.6431, 4.54531
46.2, 24.767, 4.55758
46.225, 24.8623, 4.5765
46.25, 24.9538, 4.59657
46.275, 25.0393, 4.60463
46.3, 25.2073, 4.61779
46.325, 25.4082, 4.62265
46.35, 25.6221, 4.6238
46.375, 25.8423, 4.6238
46.4, 26.0432, 4.6238
46.425, 26.2274, 4.62367
46.45, 26.3885, 4.62355
46.475, 26.5336, 4.62355
46.5, 26.6712, 4.62329
46.525, 26.8013, 4.61882
46.55, 26.9444, 4.61127
46.575, 27.0879, 4.57612
46.6, 27.2356, 4.55439
46.625, 27.3932, 4.51361
46.65, 27.5234, 4.48894
46.675, 27.6423, 4.44305
46.7, 27.7427, 4.41326
46.725, 27.8305, 4.36226
46.75, 27.9125, 4.33477
46.775, 27.9809, 4.27802
46.8, 28.0369, 4.25168
46.825, 28.0901, 4.19544
46.85, 28.1292, 4.15479
46.875, 28.1657, 4.09522
46.9, 28.1813, 4.06121
46.925, 28.1873, 3.98861
46.95, 28.1725, 3.94591
46.975, 28.1581, 3.88417
47, 28.1039, 3.84032
47.025, 28.0325, 3.77564
47.05, 27.9281, 3.74509
47.075, 27.8039, 3.68846
47.1, 27.6526, 3.65701
47.125, 27.5001, 3.61329
47.15, 27.3365, 3.57379
47.175, 27.1725, 3.52637
47.2, 27.068, 3.49518
47.225, 26.9838, 3.43995
47.25, 26.9146, 3.39879
47.275, 26.8491, 3.3405
47.3, 26.7273, 3.2932
47.325, 26.5824, 3.25012
47.35, 26.3356, 3.22238
47.375, 26.0573, 3.19503
47.4, 25.7713, 3.18135
47.425, 25.4822, 3.17355
47.45, 25.2429, 3.17061
47.475, 25.0285, 3.1669
47.5, 24.8445, 3.15744
47.525, 24.6768, 3.15169
47.55, 24.5222, 3.15029
47.575, 24.3595, 3.14466
47.6, 24.1447, 3.14389
47.625, 23.9226, 3.14389
47.65, 23.68, 3.14479
47.675, 23.4402, 3.14709
47.7, 23.2165, 3.15169
47.725, 23.0042, 3.17202
47.75, 22.808, 3.1894
47.775, 22.6192, 3.2165
47.8, 22.4508, 3.24194
47.825, 22.298, 3.28873
47.85, 22.1478, 3.31289
47.875, 22.0034, 3.3644
47.9, 21.8967, 3.39278
47.925, 21.7986, 3.43918
47.95, 21.7394, 3.4682
47.975, 21.698, 3.51908
48, 21.6581, 3.55193
48.025, 21.6296, 3.60728
48.05, 21.6196, 3.63451
48.075, 21.6196, 3.69204
48.1, 21.6468, 3.72476
48.125, 21.6748, 3.77577
48.15, 21.7281, 3.82127
48.175, 21.7867, 3.87432
48.2, 21.864, 3.91344
48.225, 21.947, 3.97212
48.25, 22.0285, 4.0028
48.275, 22.1081, 4.05469
48.3, 22.2041, 4.09662
48.325, 22.2986, 4.14916
48.35, 22.4447, 4.17805
48.375, 22.6117, 4.22177
48.4, 22.7996, 4.24184
48.425, 22.995, 4.28428
48.45, 23.1795, 4.3087
48.475, 23.3463, 4.33145
48.5, 23.4632, 4.34781
48.525, 23.5675, 4.39332
48.55, 23.6403, 4.42362
48.575, 23.6995, 4.45673
48.6, 23.8453, 4.47616
48.625, 24.0258, 4.49674
48.65, 24.2721, 4.51297
48.675, 24.5346, 4.51719
48.7, 24.8085, 4.51732
48.725, 25.0657, 4.51745
48.75, 25.2058, 4.51745
48.775, 25.3012, 4.51987
48.8, 25.3728, 4.53726
48.825, 25.4314, 4.55196
48.85, 25.5198, 4.56001
48.875, 25.6329, 4.5705
48.9, 25.7872, 4.57139
48.925, 25.9517, 4.57139
48.95, 26.1386, 4.57139
48.975, 26.3249, 4.57101
49, 26.4786, 4.57088
49.025, 26.6138, 4.56794
49.05, 26.7315, 4.5627
49.075, 26.8409, 4.53892
49.1, 26.9552, 4.51783
49.125, 27.0667, 4.48779
49.15, 27.1797, 4.46823
49.175, 27.2909, 4.42656
49.2, 27.3987, 4.40355
49.225, 27.5035, 4.34909
49.25, 27.5851, 4.31752
49.275, 27.6653, 4.26434
49.3, 27.7302, 4.22509
49.325, 27.7862, 4.16476
49.35, 27.8306, 4.12884
49.375, 27.858, 4.06607
49.4, 27.8793, 4.02376
49.425, 27.8934, 3.97263
49.45, 27.8859, 3.92277
49.475, 27.8724, 3.85234
49.5, 27.8424, 3.81744
49.525, 27.8088, 3.77014
49.55, 27.7518, 3.72489
49.575, 27.6868, 3.65727
49.6, 27.6284, 3.61099
49.625, 27.5659, 3.54707
49.65, 27.4247, 3.51588
49.675, 27.2608, 3.46731
49.7, 27.06, 3.44289
49.725, 26.8525, 3.40032
49.75, 26.6676, 3.38435
49.775, 26.5041, 3.34727
49.8, 26.3817, 3.32478
49.825, 26.2738, 3.2941
49.85, 26.1693, 3.25881
49.875, 26.0656, 3.21216
49.9, 25.877, 3.1839
49.925, 25.657, 3.16013
49.95, 25.3867, 3.14428
49.975, 25.1053, 3.1384
50, 24.8314, 3.13814
50, 24.5709, 3.13827
50.025, 24.3621, 3.14313
50.05, 24.1791, 3.16639
50.075, 24.002, 3.18723
50.1, 23.8307, 3.24002
50.125, 23.6372, 3.27722
50.15, 23.4358, 3.3336
50.175, 23.2496, 3.38064
50.2, 23.0747, 3.45146
50.225, 22.9074, 3.51294
50.25, 22.7532, 3.61227
50.275, 22.6409, 3.67107
50.3, 22.5451, 3.76643
50.325, 22.4916, 3.82741
50.35, 22.4585, 3.92916
50.375, 22.4553, 4.00139
50.4, 22.4642, 4.11196
50.425, 22.5116, 4.17511
50.45, 22.5756, 4.28262
50.475, 22.6553, 4.35011
50.5, 22.746, 4.46376
50.525, 22.8689, 4.53163
50.55, 22.9979, 4.63735
50.575, 23.1727, 4.71686
50.6, 23.3545, 4.81887
50.625, 23.5688, 4.89583
50.65, 23.7981, 4.99669
50.675, 24.0627, 5.06303
50.7, 24.3387, 5.17118
50.725, 24.6402, 5.22448
50.75, 24.9475, 5.30924
50.775, 25.2533, 5.36484
50.8, 25.5467, 5.4556
50.825, 25.8507, 5.50469
50.85, 26.1478, 5.59353
50.875, 26.4623, 5.63661
50.9, 26.7788, 5.69503
50.925, 27.137, 5.74578
50.95, 27.5044, 5.80036
50.975, 27.8917, 5.82555
51, 28.2848, 5.874
51.025, 28.6197, 5.89164
51.05, 28.9219, 5.93305
51.075, 29.2064, 5.95415
51.1, 29.466, 6.00311
51.125, 29.7327, 6.02829
51.15, 30.0098, 6.04503
51.175, 30.3722, 6.05168
51.2, 30.7579, 6.05219
51.225, 31.1528, 6.05232
51.25, 31.5446, 6.05219
51.275, 31.8744, 6.05219
51.3, 32.164, 6.05207
51.325, 32.3982, 6.05181
51.35, 32.6045, 6.05155
51.375, 32.7986, 6.05053
51.4, 32.9819, 6.04005
51.425, 33.2577, 6.02791
51.45, 33.5596, 5.96578
51.475, 33.8937, 5.92641
51.5, 34.2324, 5.83948
51.525, 34.514, 5.78835
51.55, 34.7646, 5.69669
51.575, 34.9373, 5.64262
51.6, 35.0814, 5.55851
51.625, 35.1895, 5.50277
51.65, 35.279, 5.41559
51.675, 35.3784, 5.35487
51.7, 35.4801, 5.26526
51.725, 35.5659, 5.19099
51.75, 35.6411, 5.08668
51.775, 35.7022, 5.00372
51.8, 35.7513, 4.87243
51.825, 35.7502, 4.81005
51.85, 35.7363, 4.70664
51.875, 35.6779, 4.6224
51.9, 35.6003, 4.51898
51.925, 35.5114, 4.43857
51.95, 35.4111, 4.32429
51.975, 35.2753, 4.25411
52, 35.129, 4.15044
52.025, 34.9396, 4.07796
52.05, 34.7432, 3.96457
52.075, 34.5588, 3.91434
52.1, 34.3754, 3.80645
52.125, 34.1695, 3.74815
52.15, 33.9634, 3.6496
52.175, 33.6886, 3.59514
52.2, 33.3882, 3.50297
52.225, 33.0378, 3.44839
52.25, 32.6734, 3.37974
52.275, 32.2782, 3.3396
52.3, 31.8829, 3.28885
52.325, 31.5254, 3.25498
52.35, 31.1965, 3.20103
52.375, 30.8773, 3.1793
52.4, 30.5689, 3.13558
52.425, 30.2172, 3.11334
52.45, 29.852, 3.08841
52.475, 29.4177, 3.07538
52.5, 28.9671, 3.07065
52.525, 28.5079, 3.07065
52.55, 28.0531, 3.07307
52.575, 27.6651, 3.07819
52.6, 27.3158, 3.09353
52.625, 26.983, 3.12101
52.65, 26.6688, 3.16384
52.675, 26.3513, 3.19094
52.7, 26.0419, 3.23862
52.725, 25.7175, 3.28131
52.75, 25.3958, 3.3497
52.775, 25.0913, 3.39444
52.8, 24.8044, 3.47843
52.825, 24.5573, 3.54107
52.85, 24.341, 3.62863
52.875, 24.1712, 3.69383
52.9, 24.0263, 3.79507
52.925, 23.9205, 3.84505
52.95, 23.8346, 3.95409
52.975, 23.7738, 4.00701
53, 23.7217, 4.10276
53.025, 23.7108, 4.18406
53.05, 23.7147, 4.28645
53.075, 23.7511, 4.35932
53.1, 23.8027, 4.46491
53.125, 23.8754, 4.54186
53.15, 23.9606, 4.66113
53.175, 24.0903, 4.72338
53.2, 24.2303, 4.82795
53.225, 24.4135, 4.89174
53.25, 24.6074, 4.98966
53.275, 24.8171, 5.05319
53.3, 25.0322, 5.16018
53.325, 25.2691, 5.21208
53.35, 25.5028, 5.30169
53.375, 25.7415, 5.35935
53.4, 25.9807, 5.45126
53.425, 26.2331, 5.51006
53.45, 26.4818, 5.59417
53.475, 26.8014, 5.64262
53.5, 27.1399, 5.70091
53.525, 27.5259, 5.74386
53.55, 27.9185, 5.78528
53.575, 28.3076, 5.81021
53.6, 28.6783, 5.85265
53.625, 28.9653, 5.87732
53.65, 29.2098, 5.91183
53.675, 29.4496, 5.94187
53.7, 29.6764, 5.97882
53.725, 29.999, 5.99761
53.75, 30.3495, 6.02433
53.775, 30.7414, 6.02509
53.8, 31.1425, 6.02509
53.825, 31.5584, 6.02509
53.85, 31.9418, 6.02497
53.875, 32.221, 6.02484
53.9, 32.4532, 6.02471
53.925, 32.6484, 6.02445
53.95, 32.8265, 6.0242
53.975, 33.036, 6.01934
54, 33.2604, 5.98764
54.025, 33.5455, 5.95645
54.05, 33.8517, 5.89867
54.075, 34.1527, 5.84396
54.1, 34.2986, 5.76623
54.125, 34.5902, 5.72827
54.15, 34.8017, 5.62958
54.175, 34.9758, 5.5874
54.2, 35.124, 5.49638
54.225, 35.2544, 5.4455
54.25, 35.3605, 5.35283
54.275, 35.4612, 5.30093
54.3, 35.5543, 5.19904
54.325, 35.6454, 5.12835
54.35, 35.7312, 5.0234
54.375, 35.8121, 4.9444
54.4, 35.8424, 4.83191
54.425, 35.8504, 4.75304
54.45, 35.8284, 4.63249
54.475, 35.7927, 4.5705
54.5, 35.7184, 4.45212
54.525, 35.6332, 4.38079
54.55, 35.5248, 4.27009
54.575, 35.414, 4.19326
54.6, 35.27, 4.07259
54.625, 35.11, 4.00893
54.65, 34.936, 3.90615
54.675, 34.7513, 3.82754
54.7, 34.5525, 3.7277
54.725, 34.3496, 3.65982
54.75, 34.0997, 3.54784
54.775, 33.8364, 3.48533
54.8, 33.5229, 3.39738
54.825, 33.2014, 3.34715
54.85, 32.8196, 3.27134
54.875, 32.4315, 3.22992
54.9, 32.0431, 3.16767
54.925, 31.6704, 3.13814
54.95, 31.3123, 3.08765
54.975, 30.9674, 3.06016
55, 30.6181, 3.01402
55.025, 30.2766, 2.99714
55.05, 29.8434, 2.97643
55.075, 29.3905, 2.97209
55.1, 28.8957, 2.97094
55.125, 28.4011, 2.97119
55.15, 27.9236, 2.97362
55.175, 27.4762, 2.98398
55.2, 27.0976, 3.01031
55.225, 26.753, 3.02654
55.25, 26.4204, 3.06183
55.275, 26.1021, 3.1003
55.3, 25.7759, 3.15974
55.325, 25.4486, 3.19375
55.35, 25.112, 3.27096
55.375, 24.7836, 3.31915
55.4, 24.4704, 3.40774
55.425, 24.1727, 3.46923
55.45, 23.9364, 3.58095
55.475, 23.7253, 3.64691
55.5, 23.5579, 3.75813
55.525, 23.4065, 3.82281
55.55, 23.2866, 3.93453
55.575, 23.1872, 4.00804
55.6, 23.1211, 4.12884
55.625, 23.0713, 4.20554
55.65, 23.0581, 4.33081
55.675, 23.0607, 4.42017
55.7, 23.1071, 4.55183
55.725, 23.1668, 4.62291
55.75, 23.2776, 4.75406
55.775, 23.4109, 4.83242
55.8, 23.5676, 4.95437
55.825, 23.7322, 5.03389
55.85, 23.9466, 5.15788
55.875, 24.1705, 5.23637
55.9, 24.4311, 5.34337
55.925, 24.7003, 5.4161
55.95, 24.9888, 5.51632
55.975, 25.2783, 5.58241
56, 25.5881, 5.67637
56.025, 25.8991, 5.73619
56.05, 26.2429, 5.81711
56.075, 26.5881, 5.87387
56.1, 26.9604, 5.95006
56.125, 27.3363, 5.99071
56.15, 27.739, 6.05513
56.175, 28.1398, 6.07878
56.2, 28.4972, 6.12582
56.225, 28.829, 6.15983
56.25, 29.1538, 6.19
56.275, 29.4595, 6.20482
56.3, 29.774, 6.20521
56.325, 30.1102, 6.20534
56.35, 30.5323, 6.20534
56.375, 30.979, 6.20521
56.4, 31.4389, 6.20521
56.425, 31.8917, 6.20508
56.45, 32.2747, 6.20508
56.475, 32.6105, 6.20508
56.5, 32.8787, 6.2047
56.525, 33.1138, 6.20444
56.55, 33.3254, 6.20048
56.575, 33.5231, 6.19306
56.6, 33.8049, 6.16251
56.625, 34.1117, 6.12225
56.65, 34.4474, 6.05079
56.675, 34.7831, 6.00349
56.7, 35.0857, 5.9158
56.725, 35.3521, 5.85393
56.75, 35.555, 5.77032
56.775, 35.7329, 5.70411
56.8, 35.8532, 5.60402
56.825, 35.9545, 5.54815
56.85, 36.061, 5.44691
56.875, 36.1646, 5.37801
56.9, 36.2662, 5.27421
56.925, 36.3614, 5.19751
56.95, 36.4345, 5.07773
56.975, 36.4935, 5.00346
57, 36.5274, 4.87333
57.025, 36.5455, 4.79714
57.05, 36.5303, 4.66126
57.075, 36.5, 4.58456
57.1, 36.43, 4.44394
57.125, 36.3534, 4.36699
57.15, 36.2301, 4.22369
57.175, 36.0978, 4.15031
57.2, 35.9406, 4.03514
57.225, 35.7806, 3.93811
57.25, 35.5858, 3.81527
57.275, 35.388, 3.73243
57.3, 35.146, 3.61444
57.325, 34.8939, 3.54145
57.35, 34.6057, 3.44213
57.375, 34.3056, 3.37195
57.4, 33.9541, 3.25677
57.425, 33.5946, 3.20321
57.45, 33.201, 3.11807
57.475, 32.8107, 3.06988
57.5, 32.4005, 2.98704
57.525, 31.9943, 2.94985
57.55, 31.583, 2.89616
57.575, 31.1751, 2.87033
57.6, 30.7265, 2.82904
57.625, 30.2632, 2.80412
57.65, 29.7481, 2.78392
57.675, 29.2312, 2.77804
57.7, 28.6837, 2.77497
57.725, 28.1461, 2.77535
57.75, 27.6572, 2.77868
57.775, 27.2042, 2.79236
57.8, 26.7979, 2.81754
57.825, 26.4172, 2.84617
57.85, 26.0302, 2.8982
57.875, 25.6442, 2.93412
57.9, 25.2199, 3.00814
57.925, 24.8014, 3.06362
57.95, 24.3944, 3.1655
57.975, 23.9989, 3.22085
58, 23.6687, 3.34127
58.025, 23.3739, 3.40799
58.05, 23.1462, 3.50885
58.075, 22.9438, 3.59795
58.1, 22.8052, 3.72374
58.125, 22.688, 3.80057
58.15, 22.571, 3.91843
58.175, 22.4602, 4.00995
58.2, 22.388, 4.14009
58.225, 22.3341, 4.23788
58.25, 22.3341, 4.39
58.275, 22.3549, 4.47858
58.3, 22.44, 4.62137
58.325, 22.5427, 4.71584
58.35, 22.6931, 4.85352
58.375, 22.8648, 4.94594
58.4, 23.0546, 5.09243
58.425, 23.2493, 5.17054
58.45, 23.4836, 5.28508
58.475, 23.7194, 5.38159
58.5, 23.9858, 5.51926
58.525, 24.2602, 5.59801
58.55, 24.5728, 5.71919
58.575, 24.8848, 5.7863
58.6, 25.2348, 5.88601
58.625, 25.5966, 5.95261
58.65, 26.0147, 6.06165
58.675, 26.439, 6.10793
58.7, 26.8916, 6.1776
58.725, 27.3334, 6.20649
58.75, 27.7923, 6.25174
58.775, 28.2286, 6.2851
58.8, 28.6221, 6.31131
58.825, 28.987, 6.31144
58.85, 29.3444, 6.31144
58.875, 29.6869, 6.31144
58.9, 30.1009, 6.31156
58.925, 30.5311, 6.31144
58.95, 31.0213, 6.31156
58.975, 31.5148, 6.31144
59, 32.0141, 6.31144
59.025, 32.4994, 6.31131
59.05, 32.8589, 6.31092
59.075, 33.1624, 6.31092
59.1, 33.4161, 6.31041
59.125, 33.6465, 6.30837
59.15, 33.9281, 6.28996
59.175, 34.2282, 6.258
59.2, 34.5844, 6.20291
59.225, 34.9506, 6.14947
59.25, 35.3324, 6.05296
59.275, 35.6945, 6.00132
59.3, 35.9753, 5.90186
59.325, 36.2121, 5.83386
59.35, 36.3741, 5.72456
59.375, 36.5092, 5.66831
59.4, 36.6255, 5.56592
59.425, 36.7339, 5.49306
59.45, 36.8424, 5.37673
59.475, 36.9468, 5.2976
59.5, 37.0492, 5.17476
59.525, 37.1482, 5.07863
59.55, 37.1946, 4.93367
59.575, 37.2195, 4.84559
59.6, 37.1869, 4.70868
59.625, 37.1315, 4.61652
59.65, 37.0438, 4.47386
59.675, 36.9458, 4.38412
59.7, 36.8293, 4.23788
59.725, 36.7088, 4.1576
59.75, 36.5297, 4.00101
59.775, 36.3411, 3.92149
59.8, 36.1353, 3.77807
59.825, 35.9245, 3.69549
59.85, 35.6675, 3.56037
59.875, 35.4052, 3.49083
59.9, 35.0896, 3.36811
59.925, 34.7589, 3.28336
59.95, 34.3805, 3.16818
59.975, 33.9928, 3.11257
60, 33.5414, 3.01478
60, 33.0843, 2.97055
60.025, 32.6186, 2.86062
60.05, 32.1655, 2.79082
60.075, 31.7148, 2.6745
60.1, 31.2879, 2.62119
60.125, 30.8428, 2.51611
60.15, 30.3968, 2.46447
60.175, 29.8636, 2.3769
60.2, 29.3109, 2.33203
60.225, 28.7071, 2.2685
60.25, 28.1032, 2.2547
60.275, 27.491, 2.21788
60.3, 26.902, 2.20267
60.325, 26.3387, 2.17979
60.35, 25.8002, 2.17276
60.375, 25.2839, 2.16125
60.4, 24.7887, 2.15882
60.425, 24.2593, 2.15933
60.45, 23.7344, 2.16074
60.475, 23.1902, 2.18158
60.5, 22.6562, 2.20229
60.525, 22.1374, 2.25764
60.55, 21.6387, 2.29599
60.575, 21.1637, 2.35619
60.6, 20.7148, 2.40541
60.625, 20.3013, 2.49962
60.65, 19.912, 2.54705
60.675, 19.555, 2.6589
60.7, 19.2237, 2.71144
60.725, 18.9422, 2.8091
60.75, 18.6847, 2.88721
60.775, 18.4848, 3.00047
60.8, 18.3113, 3.07256
60.825, 18.1752, 3.20155
60.85, 18.0638, 3.2762
60.875, 17.9779, 3.39649
60.9, 17.9086, 3.47971
60.925, 17.8987, 3.63196
60.95, 17.9104, 3.71147
60.975, 17.9611, 3.8448
61, 18.0283, 3.92661
61.025, 18.1559, 4.05482
61.05, 18.2998, 4.14213
61.075, 18.484, 4.28697
61.1, 18.6807, 4.35216
61.125, 18.9166, 4.48178
61.15, 19.1603, 4.5402
61.175, 19.4426, 4.65435
61.2, 19.7292, 4.7175
61.225, 20.056, 4.82117
61.25, 20.3837, 4.88292
61.275, 20.7429, 4.97534
61.3, 21.1065, 5.03823
61.325, 21.4445, 5.12682
61.35, 21.7639, 5.16977
61.375, 22.0941, 5.25107
61.4, 22.4212, 5.28993
61.425, 22.7599, 5.35781
61.45, 23.1085, 5.39718
61.475, 23.5482, 5.45637
61.5, 24.0084, 5.47542
61.525, 24.5055, 5.49587
61.55, 25.0053, 5.50737
61.575, 25.4313, 5.50891
61.6, 25.8092, 5.5098
61.625, 26.126, 5.52348
61.65, 26.4155, 5.53614
61.675, 26.6836, 5.5447
61.7, 26.9324, 5.54572
61.725, 27.2883, 5.54572
61.75, 27.673, 5.54572
61.775, 28.0933, 5.54521
61.8, 28.5134, 5.53972
61.825, 28.876, 5.49574
61.85, 29.201, 5.46072
61.875, 29.4798, 5.40025
61.9, 29.7337, 5.36216
61.925, 29.9538, 5.28392
61.95, 30.1499, 5.23509
61.975, 30.3718, 5.13807
62, 30.5987, 5.09448
62.025, 30.8158, 4.99234
62.05, 31.0216, 4.9352
62.075, 31.1936, 4.81593
62.1, 31.3513, 4.7455
62.125, 31.4733, 4.60143
62.15, 31.5866, 4.5425
62.175, 31.6653, 4.41467
62.2, 31.7292, 4.32557
62.225, 31.7529, 4.20541
62.25, 31.761, 4.11759
62.275, 31.7336, 3.9826
62.3, 31.6941, 3.90309
62.325, 31.6177, 3.76477
62.35, 31.5273, 3.68104
62.375, 31.3981, 3.54375
62.4, 31.2554, 3.45542
62.425, 31.071, 3.318
62.45, 30.8758, 3.24833
62.475, 30.6109, 3.1159
62.5, 30.3223, 3.05224
62.525, 30.1815, 2.92722
62.55, 29.868, 2.86752
62.575, 29.546, 2.76372
62.6, 29.1873, 2.69929
62.625, 28.8328, 2.61659
62.65, 28.49, 2.55676
62.675, 28.1563, 2.48313
62.7, 27.8062, 2.42995
62.725, 27.4586, 2.3599
62.75, 27.0516, 2.31593
62.775, 26.6285, 2.26262
62.8, 26.1345, 2.23258
62.825, 25.6325, 2.19244
62.85, 25.1109, 2.18017
62.875, 24.5919, 2.16662
62.9, 24.1225, 2.16215
62.925, 23.6827, 2.15742
62.95, 23.2496, 2.1569
62.975, 22.8287, 2.15754
63, 22.4001, 2.16496
63.025, 21.9721, 2.18567
63.05, 21.5066, 2.21021
63.075, 21.043, 2.26134
63.1, 20.573, 2.3103
63.125, 20.1128, 2.38598
63.15, 19.6899, 2.4334
63.175, 19.2896, 2.53171
63.2, 18.9422, 2.59473
63.225, 18.625, 2.70377
63.25, 18.3484, 2.7719
63.275, 18.0945, 2.89858
63.3, 17.8908, 2.95956
63.325, 17.7108, 3.08918
63.35, 17.5746, 3.1646
63.375, 17.4596, 3.30215
63.4, 17.3922, 3.38409
63.425, 17.3421, 3.52496
63.45, 17.3255, 3.60013
63.475, 17.3287, 3.74854
63.5, 17.3761, 3.82728
63.525, 17.4444, 3.97544
63.55, 17.5345, 4.05636
63.575, 17.6373, 4.1792
63.6, 17.7884, 4.29374
63.625, 17.9484, 4.42937
63.65, 18.1528, 4.51527
63.675, 18.3743, 4.63965
63.7, 18.622, 4.72568
63.725, 18.8815, 4.85773
63.75, 19.1797, 4.92919
63.775, 19.4867, 5.05523
63.8, 19.863, 5.13117
63.825, 20.2529, 5.22359
63.85, 20.6665, 5.2861
63.875, 21.08, 5.3674
63.9, 21.5013, 5.43208
63.925, 21.9152, 5.4974
63.95, 22.2984, 5.54342
63.975, 22.6681, 5.6237
64, 23.0448, 5.66422
64.025, 23.4214, 5.72635
64.05, 23.8747, 5.75383
64.075, 24.3443, 5.78196
64.1, 24.872, 5.79909
64.125, 25.3996, 5.81136
64.15, 25.9258, 5.81289
64.175, 26.4265, 5.81302
64.2, 26.8301, 5.81302
64.225, 27.1928, 5.81302
64.25, 27.5201, 5.81289
64.275, 27.8276, 5.81276
64.3, 28.1863, 5.81264
64.325, 28.5606, 5.80612
64.35, 28.9815, 5.78375
64.375, 29.4059, 5.7036
64.4, 29.834, 5.65668
64.425, 30.2368, 5.55595
64.45, 30.5744, 5.49012
64.475, 30.875, 5.3913
64.5, 31.1251, 5.32112
64.525, 31.3647, 5.21963
64.55, 31.5859, 5.14382
64.575, 31.7955, 5.02072
64.6, 32.0119, 4.95028
64.625, 32.2171, 4.80622
64.65, 32.4001, 4.71814
64.675, 32.5719, 4.57344
64.7, 32.6989, 4.47437
64.725, 32.8066, 4.32736
64.75, 32.8614, 4.2141
64.775, 32.9008, 4.02261
64.8, 32.8927, 3.91958
64.825, 32.8692, 3.75749
64.85, 32.8031, 3.64717
64.875, 32.7186, 3.47562
64.9, 32.5913, 3.38396
64.925, 32.4486, 3.21382
64.95, 32.2651, 3.11897
64.975, 32.0668, 2.95253
65, 31.8231, 2.85499
65.025, 31.564, 2.68715
65.05, 31.2461, 2.60521
65.075, 30.9071, 2.47009
65.1, 30.49, 2.37626
65.125, 30.0549, 2.26479
65.15, 29.5838, 2.18209
65.175, 29.1068, 2.08212
65.2, 28.6116, 2.02971
65.225, 28.122, 1.94496
65.25, 27.6049, 1.88718
65.275, 27.0878, 1.82237
65.3, 26.5414, 1.77686
65.325, 25.9894, 1.72803
65.35, 25.3619, 1.70528
65.375, 24.7232, 1.68648
65.4, 24.057, 1.6815
65.425, 23.3988, 1.68201
65.45, 22.7717, 1.68687
65.475, 22.1712, 1.71231
65.5, 21.5916, 1.7288
65.525, 21.0394, 1.76842
65.55, 20.4992, 1.80869
65.575, 19.9774, 1.88667
65.6, 19.4429, 1.93499
65.625, 18.9161, 2.02485
65.65, 18.3924, 2.09235
65.675, 17.8893, 2.20535
65.7, 17.436, 2.29305
65.725, 17.0202, 2.44299
65.75, 16.6543, 2.52468
65.775, 16.3169, 2.67437
65.8, 16.0407, 2.75912
65.825, 15.7983, 2.92326
65.85, 15.624, 3.02335
65.875, 15.4804, 3.18595
65.9, 15.3864, 3.29231
65.925, 15.3098, 3.47868
65.95, 15.2991, 3.58133
65.975, 15.3149, 3.77692
66, 15.3872, 3.88608
66.025, 15.4771, 4.0708
66.05, 15.619, 4.18943
66.075, 15.7781, 4.36315
66.1, 15.9945, 4.4837
66.125, 16.2262, 4.64898
66.15, 16.5368, 4.76391
66.175, 16.872, 4.92804
66.2, 17.2373, 5.0174
66.225, 17.6117, 5.16645
66.25, 18.0194, 5.25491
66.275, 18.4301, 5.3968
66.3, 18.8791, 5.48411
66.325, 19.3284, 5.63175
66.35, 19.816, 5.69388
66.375, 20.3057, 5.79244
66.4, 20.846, 5.85725
66.425, 21.3947, 5.93305
66.45, 21.9661, 5.9902
66.475, 22.5343, 6.06677
66.5, 23.0386, 6.10665
66.525, 23.5121, 6.16622
66.55, 23.9752, 6.18514
66.575, 24.4255, 6.20572
66.6, 24.9599, 6.207
66.625, 25.5023, 6.20713
66.65, 26.1262, 6.207
66.675, 26.7514, 6.207
66.7, 27.3871, 6.207
66.725, 28.0075, 6.20661
66.75, 28.5116, 6.20546
66.775, 28.9564, 6.19536
66.8, 29.34, 6.17057
66.825, 29.6923, 6.11253
66.85, 30.0346, 6.07508
66.875, 30.3758, 6.00924
66.9, 30.8131, 5.96629
66.925, 31.2676, 5.85674
66.95, 31.7188, 5.78042
66.975, 32.1609, 5.65349
67, 32.5337, 5.55927
67.025, 32.8746, 5.41252
67.05, 33.1369, 5.32649
67.075, 33.3698, 5.18204
67.1, 33.563, 5.0877
67.125, 33.7311, 4.92433
67.15, 33.9166, 4.81683
67.175, 34.0918, 4.62444
67.2, 34.2445, 4.53036
67.225, 34.3851, 4.32774
67.25, 34.4472, 4.21551
67.275, 34.4774, 4.01571
67.3, 34.4467, 3.89171
67.325, 34.396, 3.70904
67.35, 34.2893, 3.58223
67.375, 34.1626, 3.4048
67.4, 33.9747, 3.27019
67.425, 33.7646, 3.09839
67.45, 33.5221, 2.96531
67.475, 33.2614, 2.77446
67.5, 32.9574, 2.66798
67.525, 32.6422, 2.48479
67.55, 32.2675, 2.36617
67.575, 31.8844, 2.1964
67.6, 31.4546, 2.10258
67.625, 31.0166, 1.94317
67.65, 30.4794, 1.85982
67.675, 29.9129, 1.73928
67.7, 29.3005, 1.66693
67.725, 28.6821, 1.57144
67.75, 27.9983, 1.50956
67.775, 27.3139, 1.44475
67.8, 26.6297, 1.39592
67.825, 25.9628, 1.35029
67.85, 25.2793, 1.32267
67.875, 24.6059, 1.30082
67.9, 23.8798, 1.28982
67.925, 23.153, 1.28944
67.95, 22.4129, 1.2934
67.975, 21.6916, 1.33213
68, 20.9964, 1.36281
68.025, 20.3352, 1.43568
68.05, 19.7076, 1.47428
68.075, 19.1078, 1.55699
68.1, 18.5036, 1.61119
68.125, 17.9189, 1.71205
68.15, 17.3714, 1.78773
68.175, 16.8515, 1.9176
68.2, 16.3476, 2.00964
68.225, 15.8657, 2.15128
68.25, 15.4181, 2.26671
68.275, 14.9991, 2.44171
68.3, 14.6744, 2.56277
68.325, 14.3912, 2.74634
68.35, 14.172, 2.86126
68.375, 13.9834, 3.04073
68.4, 13.8603, 3.17342
68.425, 13.7767, 3.38371
68.45, 13.761, 3.49326
68.475, 13.7734, 3.70035
68.5, 13.854, 3.82089
68.525, 13.9667, 4.02427
68.55, 14.1538, 4.15261
68.575, 14.3635, 4.37223
68.6, 14.6321, 4.46836
68.625, 14.9194, 4.64489
68.65, 15.279, 4.78091
68.675, 15.6615, 4.94901
68.7, 16.0866, 5.07057
68.725, 16.521, 5.23573
68.75, 16.9887, 5.33557
68.775, 17.4586, 5.49408
68.8, 17.9565, 5.59392
68.825, 18.4543, 5.75665
68.85, 18.9732, 5.83514
68.875, 19.4907, 5.96527
68.9, 20.0343, 6.04222
68.925, 20.5874, 6.15331
68.95, 21.2024, 6.22285
68.975, 21.8269, 6.3209
69, 22.4591, 6.36487
69.025, 23.085, 6.42661
69.05, 23.7001, 6.44949
69.075, 24.281, 6.47327
69.1, 24.8512, 6.47596
69.125, 25.3952, 6.47621
69.15, 25.9382, 6.47634
69.175, 26.4698, 6.47634
69.2, 27.0877, 6.47647
69.225, 27.7249, 6.47634
69.25, 28.3801, 6.47634
69.275, 29.0235, 6.47608
69.3, 29.6176, 6.47429
69.325, 30.1615, 6.44668
69.35, 30.6079, 6.40296
69.375, 31.0068, 6.34493
69.4, 31.3703, 6.30402
69.425, 31.7097, 6.22604
69.45, 32.1225, 6.16788
69.475, 32.5458, 6.02906
69.5, 33.004, 5.9691
69.525, 33.4619, 5.81238
69.55, 33.8863, 5.72047
69.575, 34.2874, 5.55825
69.6, 34.5736, 5.45432
69.625, 34.8228, 5.29223
69.65, 34.9947, 5.1791
69.675, 35.137, 5.01867
69.7, 35.2826, 4.89468
69.725, 35.4178, 4.71929
69.75, 35.5384, 4.5751
69.775, 35.6441, 4.39307
69.8, 35.7065, 4.23634
69.825, 35.7484, 4.02197
69.85, 35.7124, 3.89056
69.875, 35.65, 3.68437
69.9, 35.5231, 3.54529
69.925, 35.3724, 3.32081
69.95, 35.1688, 3.19618
69.975, 34.947, 2.9772
70, 34.6706, 2.84605
70.025, 34.3751, 2.61096
70.05, 34.032, 2.45194
70.075, 33.6829, 2.18758
70.1, 33.2688, 2.06065
70.125, 32.8466, 1.80856
70.15, 32.35, 1.68175
70.175, 31.8334, 1.47492
70.2, 31.2386, 1.31616
70.225, 30.6204, 1.11431
70.25, 29.8807, 0.98929
70.275, 29.1127, 0.819146
70.3, 28.2425, 0.715346
70.325, 27.3609, 0.585214
70.35, 26.519, 0.496498
70.375, 25.7226, 0.3679
70.4, 24.9988, 0.300788
70.425, 24.3209, 0.178581
70.45, 23.6328, 0.109552
70.475, 22.95, 0.0205809
70.5, 22.2089, -0.0386052
70.525, 21.4695, -0.116838
70.55, 20.7441, -0.15327
70.575, 20.0478, -0.21105
70.6, 19.412, -0.234571
70.625, 18.8192, -0.271003
70.65, 18.2623, -0.283786
70.675, 17.7333, -0.31127
70.7, 17.217, -0.320346
70.725, 16.719, -0.32482
70.75, 16.2397, -0.325204
70.775, 15.7819, -0.318045
70.8, 15.3451, -0.303089
70.825, 14.9282, -0.266657
70.85, 14.5093, -0.237639
70.875, 14.0995, -0.191492
70.9, 13.6852, -0.151992
70.925, 13.2824, -0.0595696
70.95, 12.899, -0.0264612
70.975, 12.5349, 0.0733754
71, 12.1962, 0.128982
71.025, 11.8765, 0.248249
71.05, 11.5661, 0.315361
71.075, 11.2676, 0.451246
71.1, 10.9749, 0.53293
71.125, 10.6923, 0.673034
71.15, 10.4142, 0.77939
71.175, 10.1463, 0.933683
71.2, 9.8881, 1.06803
71.225, 9.64103, 1.25595
71.25, 9.40846, 1.36652
71.275, 9.18845, 1.58384
71.3, 8.94697, 1.70975
71.325, 8.68316, 1.92757
71.35, 8.43148, 2.08851
71.375, 8.21164, 2.35965
71.4, 8.04638, 2.50384
71.425, 7.90427, 2.78213
71.45, 7.84266, 2.93655
71.475, 7.81525, 3.2027
71.5, 7.9139, 3.38013
71.525, 8.05812, 3.66391
71.55, 8.30447, 3.79584
71.575, 8.5867, 4.03232
71.6, 8.95978, 4.20272
71.625, 9.36407, 4.42374
71.65, 9.79336, 4.59517
71.675, 10.2223, 4.82974
71.7, 10.6964, 4.96959
71.725, 11.1781, 5.18128
71.75, 11.7697, 5.31703
71.775, 12.3937, 5.53933
71.8, 13.1223, 5.64339
71.825, 13.8757, 5.80535
71.85, 14.6824, 5.88831
71.875, 15.4879, 6.02203
71.9, 16.261, 6.0876
71.925, 17.0022, 6.21428
71.95, 17.6985, 6.27181
71.975, 18.3575, 6.37446
72, 19.0615, 6.43415
72.025, 19.759, 6.4973
72.05, 20.5236, 6.52325
72.075, 21.2978, 6.5501
72.1, 22.0894, 6.55585
72.125, 22.8771, 6.55598
72.15, 23.6282, 6.55598
72.175, 24.3465, 6.55598
72.2, 25.0454, 6.55585
72.225, 25.7133, 6.55534
72.25, 26.3618, 6.55253
72.275, 26.9889, 6.51328
72.3, 27.6157, 6.45461
72.325, 28.2252, 6.35452
72.35, 28.8251, 6.28191
72.375, 29.4084, 6.13746
72.4, 29.971, 6.06178
72.425, 30.5039, 5.89087
72.45, 31.0187, 5.79474
72.475, 31.5062, 5.59762
72.5, 31.954, 5.48066
72.525, 32.3704, 5.27216
72.55, 32.7289, 5.13359
72.575, 33.0534, 4.91053
72.6, 33.3187, 4.75355
72.625, 33.5539, 4.5278
72.65, 33.7575, 4.35919
72.675, 33.9398, 4.08831
72.7, 34.0722, 3.93377
72.725, 34.1823, 3.65548
72.75, 34.2372, 3.47677
72.775, 34.2624, 3.19464
72.8, 34.1575, 3.00034
72.825, 34.0038, 2.69802
72.85, 33.7576, 2.53746
72.875, 33.483, 2.29394
72.9, 33.129, 2.09912
72.925, 32.7566, 1.86404
72.95, 32.3613, 1.6636
72.975, 31.9607, 1.37445
73, 31.4907, 1.23153
73.025, 31.0053, 0.974717
73.05, 30.3389, 0.807513
73.075, 29.6145, 0.61372
73.1, 28.7428, 0.475406
73.125, 27.8436, 0.298104
73.15, 26.9532, 0.201974
73.175, 26.102, 0.0455081
73.2, 25.3309, -0.0503657
73.225, 24.6095, -0.197117
73.25, 23.8822, -0.295291
73.275, 23.1665, -0.427214
73.3, 22.4303, -0.497649
73.325, 21.7128, -0.590966
73.35, 21.0402, -0.658333
73.375, 20.4052, -0.754079
73.4, 19.7954, -0.80355
73.425, 19.2096, -0.880121
73.45, 18.5891, -0.923584
73.475, 17.973, -0.970499
73.5, 17.3631, -0.99811
73.525, 16.7757, -1.03147
73.55, 16.2346, -1.04387
73.575, 15.7293, -1.05231
73.6, 15.2595, -1.05257
73.625, 14.8146, -1.05206
73.65, 14.3781, -1.05065
73.675, 13.9581, -1.02572
73.7, 13.552, -1.01422
73.725, 13.1633, -0.966791
73.75, 12.7908, -0.931638
73.775, 12.4361, -0.871301
73.8, 12.0947, -0.82183
73.825, 11.7691, -0.742063
73.85, 11.4557, -0.688502
73.875, 11.1554, -0.584191
73.9, 10.8645, -0.512989
73.925, 10.5859, -0.401647
73.95, 10.3017, -0.311142
73.975, 10.0229, -0.154549
74, 9.7437, -0.0602087
74.025, 9.4727, 0.0967686
74.05, 9.21052, 0.213223
74.075, 8.96531, 0.387202
74.1, 8.75664, 0.520275
74.125, 8.56708, 0.727746
74.15, 8.39386, 0.853277
74.175, 8.23163, 1.07711
74.2, 8.06383, 1.19893
74.225, 7.89646, 1.42801
74.25, 7.71597, 1.58217
74.275, 7.53509, 1.85228
74.3, 7.23178, 1.98766
74.325, 6.91559, 2.2717
74.35, 6.77586, 2.47853
74.375, 6.70184, 2.74378
74.4, 6.69713, 2.96148
74.425, 6.71557, 3.2537
74.45, 6.84587, 3.44609
74.475, 7.02416, 3.72323
74.5, 7.25317, 3.9036
74.525, 7.50035, 4.16041
74.55, 7.84621, 4.3427
74.575, 8.21759, 4.60782
74.6, 8.69521, 4.75048
74.625, 9.20788, 4.98966
74.65, 9.81911, 5.13475
74.675, 10.4512, 5.37763
74.7, 11.1493, 5.49025
74.725, 11.8494, 5.6889
74.75, 12.5755, 5.82107
74.775, 13.2894, 5.98815
74.8, 14.0404, 6.10767
74.825, 14.78, 6.25685
74.85, 15.5677, 6.34672
74.875, 16.3567, 6.47787
74.9, 17.1904, 6.56787
74.925, 18.0243, 6.68061
74.95, 18.8861, 6.74389
74.975, 19.7307, 6.79553
75, 20.5552, 6.82327
75.025, 21.3648, 6.82826
75.05, 22.1848, 6.82826
75.075, 22.9757, 6.82826
75.1, 23.766, 6.82826
75.125, 24.5422, 6.82813
75.15, 25.3061, 6.82813
75.175, 26.0442, 6.82775
75.2, 26.7794, 6.82737
75.225, 27.4909, 6.80308
75.25, 28.2047, 6.76179
75.275, 28.8967, 6.66489
75.3, 29.5781, 6.5887
75.325, 30.237, 6.45627
75.35, 30.8733, 6.35694
75.375, 31.4696, 6.19511
75.4, 31.9764, 6.06881
75.425, 32.4435, 5.87553
75.45, 32.8638, 5.76304
75.475, 33.2637, 5.56132
75.5, 33.6825, 5.42352
75.525, 34.0922, 5.19291
75.55, 34.4903, 5.03248
75.575, 34.8716, 4.78142
75.6, 35.1885, 4.57446
75.625, 35.4628, 4.27354
75.65, 35.5691, 4.10046
75.675, 35.6153, 3.82357
75.7, 35.5656, 3.64538
75.725, 35.4721, 3.36031
75.75, 35.364, 3.16409
75.775, 35.251, 2.85308
75.8, 35.117, 2.6814
75.825, 34.9783, 2.39109
75.85, 34.7431, 2.16151
75.875, 34.4646, 1.89395
75.9, 34.077, 1.66105
75.925, 33.6528, 1.36192
75.95, 33.1053, 1.18487
75.975, 32.5246, 0.909523
76, 31.801, 0.730558
76.025, 31.0346, 0.504168
76.05, 30.1253, 0.33722
76.075, 29.1916, 0.128343
76.1, 28.2719, 0.0100987
76.125, 27.3906, -0.164519
76.15, 26.5851, -0.277651
76.175, 25.8286, -0.447795
76.2, 25.043, -0.571152
76.225, 24.2669, -0.737333
76.25, 23.5082, -0.817484
76.275, 22.7802, -0.956821
76.3, 22.0821, -1.02917
76.325, 21.4144, -1.14997
76.35, 20.7375, -1.2199
76.375, 20.0743, -1.31091
76.4, 19.4103, -1.37905
76.425, 18.7673, -1.43964
76.45, 18.1572, -1.49001
76.475, 17.5789, -1.5414
76.5, 17.041, -1.57527
76.525, 16.5314, -1.62781
76.55, 16.0277, -1.64903
76.575, 15.5399, -1.67984
76.6, 15.0685, -1.68994
76.625, 14.6183, -1.6907
76.65, 14.2104, -1.69019
76.675, 13.8326, -1.68265
76.7, 13.4965, -1.6746
76.725, 13.1841, -1.65223
76.75, 12.874, -1.63714
76.775, 12.573, -1.58767
76.8, 12.2287, -1.55367
76.825, 11.8792, -1.48055
76.85, 11.5254, -1.43645
76.875, 11.1808, -1.34658
76.9, 10.8522, -1.2709
76.925, 10.5402, -1.15087
76.95, 10.2502, -1.08567
76.975, 9.97734, -0.948639
77, 9.72608, -0.863376
77.025, 9.48972, -0.709594
77.05, 9.25534, -0.603621
77.075, 9.02779, -0.444982
77.1, 8.80351, -0.326482
77.125, 8.58703, -0.122718
77.15, 8.37903, -0.0135502
77.175, 8.18057, 0.200696
77.2, 7.98885, 0.338371
77.225, 7.80478, 0.565272
77.25, 7.62578, 0.725189
77.275, 7.45394, 0.988651
77.3, 7.29587, 1.14269
77.325, 7.14768, 1.3995
77.35, 7.00463, 1.57476
77.375, 6.86637, 1.85701
77.4, 6.61646, 2.03559
77.425, 6.34267, 2.35236
77.45, 6.21567, 2.57159
77.475, 6.15082, 2.87992
77.5, 6.15273, 3.09174
77.525, 6.17479, 3.38281
77.55, 6.3547, 3.5876
77.575, 6.60026, 3.87445
77.6, 6.93045, 4.04549
77.625, 7.28628, 4.31585
77.65, 7.75667, 4.48242
77.675, 8.25631, 4.71431
77.7, 8.81136, 4.87934
77.725, 9.3765, 5.12452
77.75, 10.0036, 5.24928
77.775, 10.6393, 5.47107
77.8, 11.3617, 5.59328
77.825, 12.1052, 5.81877
77.85, 12.9121, 5.91056
77.875, 13.7218, 6.07239
77.9, 14.5769, 6.17031
77.925, 15.4283, 6.29546
77.95, 16.2221, 6.38711
77.975, 16.9736, 6.54204
78, 17.7177, 6.61593
78.025, 18.4418, 6.74632
78.05, 19.207, 6.81356
78.075, 19.9846, 6.9125
78.1, 20.8791, 6.95405
78.125, 21.7857, 6.96926
78.15, 22.7238, 6.96926
78.175, 23.6525, 6.96926
78.2, 24.5045, 6.96926
78.225, 25.3134, 6.96926
78.25, 26.0426, 6.96926
78.275, 26.723, 6.96913
78.3, 27.3929, 6.96887
78.325, 28.0453, 6.9676
78.35, 28.7455, 6.9474
78.375, 29.4383, 6.86968
78.4, 30.1364, 6.79592
78.425, 30.8167, 6.66246
78.45, 31.4702, 6.5694
78.475, 32.1031, 6.38379
78.5, 32.6641, 6.2897
78.525, 33.1866, 6.08632
78.55, 33.6591, 5.97792
78.575, 34.1052, 5.76419
78.6, 34.5275, 5.63431
78.625, 34.9288, 5.38287
78.65, 35.277, 5.23177
78.675, 35.5904, 4.9692
78.7, 35.8564, 4.80123
78.725, 36.0902, 4.52754
78.75, 36.2597, 4.33963
78.775, 36.3984, 4.06019
78.8, 36.4679, 3.85489
78.825, 36.5048, 3.52522
78.85, 36.4563, 3.34242
78.875, 36.375, 3.01453
78.9, 36.221, 2.81677
78.925, 36.0396, 2.50269
78.95, 35.7592, 2.29215
78.975, 35.4517, 1.95391
79, 35.0979, 1.78274
79.025, 34.7346, 1.46035
79.05, 34.2636, 1.2732
79.075, 33.7605, 0.978552
79.1, 33.0868, 0.796136
79.125, 32.3569, 0.536254
79.15, 31.4315, 0.371096
79.175, 30.4619, 0.156083
79.2, 29.4805, 0.0163625
79.225, 28.5356, -0.16273
79.25, 27.69, -0.293757
79.275, 26.9048, -0.497777
79.3, 26.1085, -0.614231
79.325, 25.3232, -0.784887
79.35, 24.5261, -0.894055
79.375, 23.7491, -1.03953
79.4, 22.9956, -1.13975
79.425, 22.2697, -1.29251
79.45, 21.5254, -1.36141
79.475, 20.7941, -1.48298
79.5, 20.0741, -1.54408
79.525, 19.3814, -1.63906
79.55, 18.7338, -1.6737
79.575, 18.1237, -1.75692
79.6, 17.5607, -1.79859
79.625, 17.0316, -1.84998
79.65, 16.522, -1.88271
79.675, 16.0374, -1.93051
79.7, 15.5819, -1.95148
79.725, 15.149, -1.98152
79.75, 14.7087, -1.99315
79.775, 14.2765, -1.99264
79.8, 13.839, -1.99123
79.825, 13.4129, -1.9681
79.85, 13.0029, -1.95046
79.875, 12.6124, -1.90929
79.9, 12.2506, -1.88207
79.925, 11.9101, -1.82774
79.95, 11.5818, -1.78325
79.975, 11.2666, -1.69415
80, 10.9553, -1.64302
80.025, 10.6552, -1.57578
80.05, 10.3697, -1.53564
80.075, 10.0991, -1.45677
80.1, 9.84763, -1.40858
80.125, 9.61242, -1.32191
80.15, 9.39125, -1.25991
80.175, 9.1811, -1.15291
80.2, 8.9741, -1.08478
80.225, 8.7749, -0.981236
80.25, 8.57073, -0.903131
80.275, 8.36913, -0.760471
80.3, 8.15925, -0.681087
80.325, 7.95212, -0.528073
80.35, 7.74236, -0.437312
80.375, 7.5385, -0.275094
80.4, 7.36539, -0.162346
80.425, 7.20906, 0.0337476
80.45, 7.07039, 0.133328
80.475, 6.94234, 0.337859
80.5, 6.80535, 0.448689
80.525, 6.66632, 0.661018
80.55, 6.51449, 0.793196
80.575, 6.36332, 1.04439
80.6, 6.21487, 1.15317
80.625, 6.07185, 1.41292
80.65, 5.93274, 1.54216
80.675, 5.79505, 1.7954
80.7, 5.56198, 1.93448
80.725, 5.31133, 2.22184
80.75, 5.22189, 2.39416
80.775, 5.1922, 2.66619
80.8, 5.24154, 2.83812
80.825, 5.31904, 3.08778
80.85, 5.51407, 3.27965
80.875, 5.74973, 3.53365
80.9, 6.0462, 3.68539
80.925, 6.36763, 3.93735
80.95, 6.78985, 4.0809
80.975, 7.24253, 4.30358
81, 7.73525, 4.44484
81.025, 8.24844, 4.67826
81.05, 8.84604, 4.78423
81.075, 9.4667, 4.98467
81.1, 10.1489, 5.08374
81.125, 10.8396, 5.21771
81.15, 11.5744, 5.32483
81.175, 12.3063, 5.45535
81.2, 13.0653, 5.52885
81.225, 13.8186, 5.6292
81.25, 14.5879, 5.68787
81.275, 15.3519, 5.76713
81.3, 16.1478, 5.80011
81.325, 16.9343, 5.83731
81.35, 17.7329, 5.85265
81.375, 18.5127, 5.86377
81.4, 19.2643, 5.86454
81.425, 19.9842, 5.86466
81.45, 20.6657, 5.86454
81.475, 21.3189, 5.86428
81.5, 21.9452, 5.86326
81.525, 22.5438, 5.83066
81.55, 23.196, 5.79129
81.575, 23.8523, 5.68838
81.6, 24.5172, 5.61053
81.625, 25.1695, 5.46698
81.65, 25.7931, 5.36024
81.675, 26.3725, 5.18
81.7, 26.8446, 5.07709
81.725, 27.2626, 4.88573
81.75, 27.608, 4.77643
81.775, 27.91, 4.56666
81.8, 28.2221, 4.43602
81.825, 28.5309, 4.17946
81.85, 28.8379, 4.05457
81.875, 29.1367, 3.82383
81.9, 29.3897, 3.64282
81.925, 29.6093, 3.39355
81.95, 29.6942, 3.18927
81.975, 29.7222, 2.91239
82, 29.6799, 2.74506
82.025, 29.6089, 2.47265
82.05, 29.4541, 2.28717
82.075, 29.2683, 1.9681
82.1, 29.0144, 1.82173
82.125, 28.7408, 1.52797
82.15, 28.3805, 1.37138
82.175, 27.9923, 1.0968
82.2, 27.5007, 0.939691
82.225, 26.9808, 0.682749
82.25, 26.3467, 0.519508
82.275, 25.6807, 0.285448
82.3, 24.916, 0.159023
82.325, 24.1377, -0.0223706
82.35, 23.3877, -0.158128
82.375, 22.676, -0.361508
82.4, 21.9984, -0.470549
82.425, 21.3447, -0.649385
82.45, 20.6798, -0.756125
82.475, 20.0344, -0.911696
82.5, 19.4401, -1.01601
82.525, 18.883, -1.17938
82.55, 18.3353, -1.26221
82.575, 17.7999, -1.41842
82.6, 17.2191, -1.50701
82.625, 16.6397, -1.63113
82.65, 16.0746, -1.69965
82.675, 15.5348, -1.81521
82.7, 15.0664, -1.87273
82.725, 14.6406, -1.96976
82.75, 14.2607, -2.03406
82.775, 13.9085, -2.12265
82.8, 13.5531, -2.19142
82.825, 13.1938, -2.26607
82.85, 12.7672, -2.30928
82.875, 12.3308, -2.36732
82.9, 11.9084, -2.398
82.925, 11.5068, -2.42893
82.95, 11.1528, -2.44964
82.975, 10.8282, -2.48351
83, 10.529, -2.50154
83.025, 10.2471, -2.52314
83.05, 9.97643, -2.53593
83.075, 9.71847, -2.53874
83.1, 9.47212, -2.54027
83.125, 9.23741, -2.54129
83.15, 9.01122, -2.54117
83.175, 8.79436, -2.52391
83.2, 8.57719, -2.51266
83.225, 8.36454, -2.48275
83.25, 8.146, -2.45232
83.275, 7.93158, -2.38751
83.3, 7.72201, -2.35504
83.325, 7.52096, -2.28742
83.35, 7.34332, -2.23539
83.375, 7.17989, -2.15908
83.4, 7.02994, -2.10258
83.425, 6.88862, -2.00977
83.45, 6.75077, -1.9525
83.475, 6.61782, -1.8533
83.5, 6.48928, -1.77891
83.525, 6.36641, -1.66424
83.55, 6.24879, -1.57182
83.575, 6.13631, -1.43018
83.6, 6.02882, -1.34901
83.625, 5.92609, -1.18756
83.65, 5.82861, -1.09181
83.675, 5.73564, -0.932277
83.7, 5.64672, -0.829372
83.725, 5.55944, -0.635324
83.75, 5.46236, -0.536638
83.775, 5.36494, -0.34195
83.8, 5.26762, -0.202741
83.825, 5.1736, -0.00677508
83.85, 5.0963, 0.165286
83.875, 5.02967, 0.391549
83.9, 4.98121, 0.532419
83.925, 4.9408, 0.758298
83.95, 4.90639, 0.907477
83.975, 4.87523, 1.13336
84, 4.80972, 1.298
84.025, 4.73192, 1.563
84.05, 4.58839, 1.71141
84.075, 4.41478, 1.9952
84.1, 4.31571, 2.17723
84.125, 4.26822, 2.46677
84.15, 4.32846, 2.65315
84.175, 4.43138, 2.97183
84.2, 4.5881, 3.11603
84.225, 4.77006, 3.42525
84.25, 5.05901, 3.58606
84.275, 5.3739, 3.85183
84.3, 5.76169, 4.01443
84.325, 6.16793, 4.26511
84.35, 6.65642, 4.42963
84.375, 7.17085, 4.6564
84.4, 7.77275, 4.81836
84.425, 8.39355, 5.02864
84.45, 9.08869, 5.17744
84.475, 9.79418, 5.37788
84.5, 10.5358, 5.48794
84.525, 11.2743, 5.654
84.55, 12.0464, 5.75409
84.575, 12.8143, 5.8901
84.6, 13.6078, 5.95875
84.625, 14.3977, 6.06625
84.65, 15.245, 6.13273
84.675, 16.1024, 6.17824
84.7, 16.9468, 6.17862
84.725, 17.764, 6.17862
84.75, 18.5995, 6.17862
84.775, 19.4111, 6.17862
84.8, 20.2301, 6.17862
84.825, 21.0183, 6.17849
84.85, 21.7981, 6.17836
84.875, 22.5502, 6.17696
84.9, 23.2643, 6.15229
84.925, 23.9452, 6.0738
84.95, 24.598, 6.01666
84.975, 25.2241, 5.90378
85, 25.8668, 5.81954
85.025, 26.4958, 5.64594
85.05, 27.1078, 5.558
85.075, 27.7081, 5.37405
85.1, 28.2694, 5.25797
85.125, 28.8019, 5.04066
85.15, 29.2199, 4.89953
85.175, 29.5882, 4.6711
85.2, 29.8878, 4.51617
85.225, 30.1495, 4.28172
85.25, 30.3629, 4.10928
85.275, 30.563, 3.82639
85.3, 30.7784, 3.67363
85.325, 30.9914, 3.36376
85.35, 31.1586, 3.18045
85.375, 31.3063, 2.85793
85.4, 31.314, 2.66095
85.425, 31.2608, 2.31657
85.45, 31.0691, 2.14272
85.475, 30.8292, 1.86596
85.5, 30.4772, 1.64634
85.525, 30.0871, 1.34428
85.55, 29.6291, 1.16749
85.575, 29.1521, 0.888431
85.6, 28.5444, 0.704225
85.625, 27.898, 0.452524
85.65, 27.1305, 0.285704
85.675, 26.339, 0.0368155
85.7, 25.5257, -0.0852638
85.725, 24.7339, -0.308841
85.75, 23.9935, -0.439869
85.775, 23.2938, -0.645295
85.8, 22.5861, -0.76878
85.825, 21.895, -0.9604
85.85, 21.2353, -1.08695
85.875, 20.6077, -1.27819
85.9, 19.9888, -1.38045
85.925, 19.3877, -1.53436
85.95, 18.7598, -1.65389
85.975, 18.1389, -1.81125
86, 17.5284, -1.90341
86.025, 16.9432, -2.04607
86.05, 16.4183, -2.1339
86.075, 15.9369, -2.26735
86.1, 15.5201, -2.35607
86.125, 15.1355, -2.49489
86.15, 14.6912, -2.56788
86.175, 14.2341, -2.68165
86.2, 13.7519, -2.73854
86.225, 13.2806, -2.83198
86.25, 12.8762, -2.87941
86.275, 12.5115, -2.96288
86.3, 12.1744, -3.00468
86.325, 11.8517, -3.06553
86.35, 11.4876, -3.1113
86.375, 11.1177, -3.14696
86.4, 10.7444, -3.17432
86.425, 10.3835, -3.20423
86.45, 10.0941, -3.21714
86.475, 9.84078, -3.23069
86.5, 9.61743, -3.24181
86.525, 9.40916, -3.24808
86.55, 9.1714, -3.24935
86.575, 8.92573, -3.24795
86.6, 8.65865, -3.24437
86.625, 8.394, -3.22021
86.65, 8.14397, -3.19094
86.675, 7.90711, -3.15348
86.7, 7.69367, -3.12638
86.725, 7.49487, -3.06221
86.75, 7.30661, -3.02757
86.775, 7.12815, -2.95445
86.8, 6.96622, -2.91495
86.825, 6.88953, -2.81792
86.85, 6.74397, -2.77216
86.875, 6.61726, -2.68536
86.9, 6.5007, -2.62234
86.925, 6.39032, -2.53337
86.95, 6.28544, -2.45923
86.975, 6.17356, -2.34533
87, 6.06132, -2.26173
87.025, 5.94514, -2.12865
87.05, 5.831, -2.03214
87.075, 5.71815, -1.8928
87.1, 5.60984, -1.79284
87.125, 5.51392, -1.63944
87.15, 5.42533, -1.52414
87.175, 5.34265, -1.34543
87.2, 5.26448, -1.23473
87.225, 5.18352, -1.04643
87.25, 5.10323, -0.924863
87.275, 5.02172, -0.718031
87.3, 4.94263, -0.58074
87.325, 4.86739, -0.348725
87.35, 4.79619, -0.229714
87.375, 4.73041, 0.0253107
87.4, 4.66845, 0.160045
87.425, 4.60878, 0.420694
87.45, 4.55177, 0.571408
87.475, 4.49424, 0.868617
87.5, 4.43733, 1.00143
87.525, 4.37733, 1.2856
87.55, 4.31771, 1.4459
87.575, 4.25451, 1.70681
87.6, 4.19051, 1.90878
87.625, 4.0383, 2.16982
87.65, 3.86084, 2.41551
87.675, 3.83359, 2.75541
87.7, 3.86394, 2.94946
87.725, 3.94883, 3.24808
87.75, 4.04949, 3.4411
87.775, 4.228, 3.74675
87.8, 4.43714, 3.89465
87.825, 4.75148, 4.17025
87.85, 5.09504, 4.32046
87.875, 5.61588, 4.57101
87.9, 6.19645, 4.72262
87.925, 6.88498, 4.97611
87.95, 7.59652, 5.09243
87.975, 8.3809, 5.29671
88, 9.15633, 5.43732
88.025, 9.91343, 5.62536
88.05, 10.6427, 5.76406
88.075, 11.3834, 5.94136
88.1, 12.106, 6.04082
88.125, 12.8976, 6.18961
88.15, 13.6991, 6.27168
88.175, 14.5828, 6.38277
88.2, 15.4708, 6.44758
88.225, 16.3974, 6.51226
88.25, 17.3102, 6.53437
88.275, 18.1744, 6.53578
88.3, 18.9924, 6.53578
88.325, 19.8049, 6.53591
88.35, 20.5931, 6.53591
88.375, 21.4106, 6.53591
88.4, 22.2121, 6.53565
88.425, 23.0084, 6.53527
88.45, 23.7825, 6.53207
88.475, 24.5421, 6.47263
88.5, 25.2757, 6.41549
88.525, 25.9811, 6.28702
88.55, 26.6552, 6.20086
88.575, 27.3093, 6.05283
88.6, 27.9473, 5.94379
88.625, 28.5662, 5.76355
88.65, 29.163, 5.62843
88.675, 29.7347, 5.42991
88.7, 30.273, 5.2558
88.725, 30.775, 4.97917
88.75, 31.2377, 4.83818
88.775, 31.6466, 4.53406
88.8, 32.0275, 4.38271
88.825, 32.354, 4.06185
88.85, 32.6517, 3.88698
88.875, 32.8816, 3.58606
88.9, 33.0701, 3.35175
88.925, 33.1776, 3.00072
88.95, 33.25, 2.78277
88.975, 33.2337, 2.43085
89, 33.1819, 2.19858
89.025, 33.04, 1.80792
89.05, 32.869, 1.61119
89.075, 32.6179, 1.23537
89.1, 32.34, 1.00872
89.125, 31.9448, 0.638264
89.15, 31.5131, 0.415453
89.175, 30.8658, 0.0704353
89.2, 30.1456, -0.137163
89.225, 29.2357, -0.468375
89.25, 28.2825, -0.623052
89.275, 27.3413, -0.866699
89.3, 26.4442, -1.04643
89.325, 25.6419, -1.27269
89.35, 24.8957, -1.46418
89.375, 24.2021, -1.71052
89.4, 23.5456, -1.88513
89.425, 22.8217, -2.1385
89.45, 22.0828, -2.29944
89.475, 21.2708, -2.5473
89.5, 20.4674, -2.66644
89.525, 19.8016, -2.87289
89.55, 19.2123, -3.0043
89.575, 18.6509, -3.20794
89.6, 18.1028, -3.34306
89.625, 17.4753, -3.55474
89.65, 16.8442, -3.65445
89.675, 16.2718, -3.83725
89.7, 15.7426, -3.93236
89.725, 15.2705, -4.09586
89.75, 14.8303, -4.187
89.775, 14.3845, -4.34538
89.8, 13.9476, -4.44279
89.825, 13.4881, -4.58034
89.85, 13.033, -4.66931
89.875, 12.5947, -4.78538
89.9, 12.1802, -4.8585
89.925, 11.8598, -4.97189
89.95, 11.5859, -5.04245
89.975, 11.3643, -5.14523
