20, 1, 0.0770899
20.025, 1, 0.0770899
20.05, 1, 0.12295
20.075, 1, 0.12295
20.1, 1, 0.190693
20.125, 1, 0.597421
20.15, 1, 0.597421
20.175, 1, 0.559156
20.2, 1, 0.559156
20.225, 1, 0.540532
20.25, 1, 0.540532
20.275, 1, 0.540532
20.3, 1, 0.524608
20.325, 1, 0.50993
20.35, 1, 0.496129
20.375, 1, 0.496129
20.4, 1, 0.496129
20.425, 1, 0.48393
20.45, 1, 0.48393
20.475, 1, 0.48393
20.5, 1, 0.48393
20.525, 1, 0.474877
20.55, 1, 0.468097
20.575, 1, 0.468097
20.6, 1, 0.468097
20.625, 1, 0.468097
20.65, 1, 0.468097
20.675, 1, 0.468097
20.7, 1, 0.467856
20.725, 1, 0.47085
20.75, 1, 0.47085
20.775, 1, 0.47085
20.8, 1, 0.47085
20.825, 1, 0.476669
20.85, 1, 0.476669
20.875, 1, 0.476669
20.9, 1, 0.476669
20.925, 1, 0.482319
20.95, 1, 0.482319
20.975, 1, 0.486196
21, 1, 0.487315
21.025, 1, 0.487506
21.05, 1, 0.487506
21.075, 1, 0.487506
21.1, 1, 0.487506
21.125, 1, 0.487506
21.15, 1, 0.487506
21.175, 1, 0.472892
21.2, 1, 0.472892
21.225, 1, 0.461769
21.25, 1, 0.461769
21.275, 1, 0.461769
21.3, 1, 0.450982
21.325, 1, 0.442446
21.35, 1, 0.442446
21.375, 1, 0.442446
21.4, 1, 0.433463
21.425, 1, 0.433463
21.45, 1, 0.433463
21.475, 1, 0.433463
21.5, 1, 0.433463
21.525, 1, 0.433463
21.55, 1, 0.433463
21.575, 1, 0.433463
21.6, 1, 0.433463
21.625, 1, 0.433463
21.65, 1, 0.433463
21.675, 1, 0.433463
21.7, 1, 0.420889
21.725, 1, 0.420889
21.75, 1, 0.411897
21.775, 1, 0.403493
21.8, 1, 0.395659
21.825, 1, 0.395659
21.85, 1, 0.395659
21.875, 1, 0.389015
21.9, 1, 0.389015
21.925, 1, 0.383542
21.95, 1, 0.378957
21.975, 1, 0.374862
22, 1, 0.371056
22.025, 1, 0.371056
22.05, 1, 0.367441
22.075, 1, 0.363997
22.1, 1, 0.363997
22.125, 1, 0.363997
22.15, 1, 0.363997
22.175, 1, 0.360508
22.2, 1, 0.360508
22.225, 1, 0.360508
22.25, 1, 0.360508
22.275, 1, 0.360508
22.3, 1, 0.360508
22.325, 1, 0.360508
22.35, 1, 0.360508
22.375, 1, 0.360508
22.4, 1, 0.360508
22.425, 1, 0.360508
22.45, 1, 0.360508
22.475, 1, 0.360508
22.5, 1, 0.356498
22.525, 1, 0.356498
22.55, 1, 0.352073
22.575, 1, 0.352073
22.6, 1, 0.352073
22.625, 1, 0.352073
22.65, 1, 0.352073
22.675, 1, 0.352073
22.7, 1, 0.345626
22.725, 1, 0.345626
22.75, 1, 0.337763
22.775, 1, 0.329186
22.8, 1, 0.329186
22.825, 1, 0.320452
22.85, 1, 0.320452
22.875, 1, 0.320452
22.9, 1, 0.320452
22.925, 1, 0.312109
22.95, 1, 0.304127
22.975, 1, 0.296529
23, 1, 0.289321
23.025, 1, 0.289321
23.05, 1, 0.28245
23.075, 1, 0.28245
23.1, 1, 0.28245
23.125, 1, 0.275969
23.15, 1, 0.269931
23.175, 1, 0.269931
23.2, 1, 0.269931
23.225, 1, 0.26436
23.25, 1, 0.26436
23.275, 1, 0.26436
23.3, 1, 0.26436
23.325, 1, 0.26436
23.35, 1, 0.258949
23.375, 1, 0.258949
23.4, 1, 0.25388
23.425, 1, 0.25388
23.45, 1, 0.25388
23.475, 1, 0.249132
23.5, 1, 0.244851
23.525, 1, 0.240892
23.55, 1, 0.237166
23.575, 1, 0.237166
23.6, 1, 0.237166
23.625, 1, 0.237166
23.65, 1, 0.233563
23.675, 1, 0.230139
23.7, 1, 0.230139
23.725, 1, 0.230139
23.75, 1, 0.230139
23.775, 1, 0.230139
23.8, 1, 0.230139
23.825, 1, 0.230139
23.85, 1, 0.226831
23.875, 1, 0.226831
23.9, 1, 0.226831
23.925, 1, 0.226831
23.95, 1, 0.226831
23.975, 1, 0.226831
24, 1, 0.223547
24.025, 1, 0.223547
24.05, 1, 0.220259
24.075, 1, 0.220259
24.1, 1, 0.220259
24.125, 1, 0.220259
24.15, 1, 0.216968
24.175, 1, 0.213725
24.2, 1, 0.213725
24.225, 1, 0.213725
24.25, 1, 0.213725
24.275, 1, 0.210615
24.3, 1, 0.210615
24.325, 1, 0.210615
24.35, 1, 0.210615
24.375, 1, 0.210615
24.4, 1, 0.207638
24.425, 1, 0.204896
24.45, 1, 0.204896
24.475, 1, 0.204896
24.5, 1, 0.204896
24.525, 1, 0.204896
24.55, 1, 0.204896
24.575, 1, 0.204896
24.6, 1, 0.204896
24.625, 1, 0.204896
24.65, 1, 0.202276
24.675, 1, 0.199891
24.7, 1, 0.197743
24.725, 1, 0.195808
24.75, 1, 0.195808
24.775, 1, 0.194014
24.8, 1, 0.194014
24.825, 1, 0.192308
24.85, 1, 0.192308
24.875, 1, 0.192308
24.9, 1, 0.192308
24.925, 1, 0.190626
24.95, 1, 0.190626
24.975, 1, 0.190626
25, 1, 0.190626
25.025, 1, 0.188899
25.05, 1, 0.188899
25.075, 1, 0.188899
25.1, 1, 0.188899
25.125, 1, 0.187149
25.15, 1, 0.187149
25.175, 1, 0.185382
25.2, 1, 0.183605
25.225, 1, 0.181825
25.25, 1, 0.180049
25.275, 1, 0.17828
25.3, 1, 0.176519
25.325, 1, 0.176519
25.35, 1, 0.176519
25.375, 1, 0.174806
25.4, 1, 0.17317
25.425, 1, 0.17317
25.45, 1, 0.17317
25.475, 1, 0.171599
25.5, 1, 0.171599
25.525, 1, 0.170108
25.55, 1, 0.170108
25.575, 1, 0.170108
25.6, 1, 0.168687
25.625, 1, 0.168687
25.65, 1, 0.167349
25.675, 1, 0.167349
25.7, 1, 0.167349
25.725, 1, 0.166079
25.75, 1, 0.164944
25.775, 1, 0.163933
25.8, 1, 0.163933
25.825, 1, 0.163933
25.85, 1, 0.163933
25.875, 1, 0.163933
25.9, 1, 0.163933
25.925, 1, 0.162996
25.95, 1, 0.162117
25.975, 1, 0.162117
26, 1, 0.162117
26.025, 1, 0.161202
26.05, 1, 0.160287
26.075, 1, 0.160287
26.1, 1, 0.159281
26.125, 1, 0.158254
26.15, 1, 0.158254
26.175, 1, 0.158254
26.2, 1, 0.157267
26.225, 1, 0.156293
26.25, 1, 0.155323
26.275, 1, 0.155323
26.3, 1, 0.154326
26.325, 1, 0.154326
26.35, 1, 0.154326
26.375, 1, 0.154326
26.4, 1, 0.154326
26.425, 1, 0.154326
26.45, 1, 0.154326
26.475, 1, 0.153376
26.5, 1, 0.153376
26.525, 1, 0.153376
26.55, 1, 0.153376
26.575, 1, 0.153376
26.6, 1, 0.153376
26.625, 1, 0.152437
26.65, 1, 0.152437
26.675, 1, 0.15155
26.7, 1, 0.150739
26.725, 1, 0.150739
26.75, 1, 0.150739
26.775, 1, 0.149961
26.8, 1, 0.149961
26.825, 1, 0.149961
26.85, 1, 0.149961
26.875, 1, 0.149961
26.9, 1, 0.149208
26.925, 1, 0.148555
26.95, 1, 0.147997
26.975, 1, 0.147525
27, 1, 0.147525
27.025, 1, 0.147525
27.05, 1, 0.14708
27.075, 1, 0.14672
27.1, 1, 0.14672
27.125, 1, 0.146375
27.15, 1, 0.146375
27.175, 1, 0.146375
27.2, 1, 0.146375
27.225, 1, 0.146375
27.25, 1, 0.146051
27.275, 1, 0.145737
27.3, 1, 0.145737
27.325, 1, 0.145347
27.35, 1, 0.145347
27.375, 1, 0.144867
27.4, 1, 0.144339
27.425, 1, 0.14379
27.45, 1, 0.14379
27.475, 1, 0.14379
27.5, 1, 0.14379
27.525, 1, 0.143226
27.55, 1, 0.142593
27.575, 1, 0.141847
27.6, 1, 0.141847
27.625, 1, 0.141847
27.65, 1, 0.141847
27.675, 1, 0.141847
27.7, 1, 0.141847
27.725, 1, 0.141163
27.75, 1, 0.140553
27.775, 1, 0.140553
27.8, 1, 0.140553
27.825, 1, 0.139954
27.85, 1, 0.139954
27.875, 1, 0.139954
27.9, 1, 0.139954
27.925, 1, 0.139374
27.95, 1, 0.139374
27.975, 1, 0.139374
28, 1, 0.139374
28.025, 1, 0.138813
28.05, 1, 0.138813
28.075, 1, 0.138813
28.1, 1, 0.138813
28.125, 1, 0.138813
28.15, 1, 0.138269
28.175, 1, 0.137798
28.2, 1, 0.137385
28.225, 1, 0.137023
28.25, 1, 0.137023
28.275, 1, 0.137023
28.3, 1, 0.137023
28.325, 1, 0.136608
28.35, 1, 0.136608
28.375, 1, 0.136608
28.4, 1, 0.1361
28.425, 1, 0.1361
28.45, 1, 0.135569
28.475, 1, 0.135015
28.5, 1, 0.135015
28.525, 1, 0.134431
28.55, 1, 0.133807
28.575, 1, 0.133119
28.6, 1, 0.133119
28.625, 1, 0.133119
28.65, 1, 0.13228
28.675, 1, 0.13228
28.7, 1, 0.131451
28.725, 1, 0.131451
28.75, 1, 0.130709
28.775, 1, 0.130709
28.8, 1, 0.130709
28.825, 1, 0.130709
28.85, 1, 0.130709
28.875, 1, 0.129945
28.9, 1, 0.129166
28.925, 1, 0.129166
28.95, 1, 0.128431
28.975, 1, 0.127794
29, 1, 0.127794
29.025, 1, 0.127226
29.05, 1, 0.127226
29.075, 1, 0.126715
29.1, 1, 0.126307
29.125, 1, 0.126307
29.15, 1, 0.125932
29.175, 1, 0.125932
29.2, 1, 0.125932
29.225, 1, 0.125569
29.25, 1, 0.125569
29.275, 1, 0.125228
29.3, 1, 0.125228
29.325, 1, 0.125228
29.35, 1, 0.125228
29.375, 1, 0.125228
29.4, 1, 0.125228
29.425, 1, 0.125228
29.45, 1, 0.124957
29.475, 1, 0.124681
29.5, 1, 0.124391
29.525, 1, 0.124391
29.55, 1, 0.124069
29.575, 1, 0.123704
29.6, 1, 0.123263
29.625, 1, 0.122736
29.65, 1, 0.122736
29.675, 1, 0.122736
29.7, 1, 0.122736
29.725, 1, 0.122233
29.75, 1, 0.122233
29.775, 1, 0.121782
29.8, 1, 0.121409
29.825, 1, 0.121076
29.85, 1, 0.120746
29.875, 1, 0.120746
29.9, 1, 0.120327
29.925, 1, 0.119837
29.95, 1, 0.119837
29.975, 1, 0.119837
30, 1, 0.119837
30, 1, 0.119837
30.025, 1, 0.119394
30.05, 1, 0.119394
30.075, 1, 0.118925
30.1, 1, 0.118925
30.125, 1, 0.118273
30.15, 1, 0.118273
30.175, 1, 0.118273
30.2, 1, 0.118273
30.225, 1, 0.118273
30.25, 1, 0.118273
30.275, 1, 0.117668
30.3, 1, 0.117668
30.325, 1, 0.117668
30.35, 1, 0.117668
30.375, 1, 0.117668
30.4, 1, 0.117668
30.425, 1, 0.117668
30.45, 1, 0.117178
30.475, 1, 0.117178
30.5, 1, 0.116878
30.525, 1, 0.116878
30.55, 1, 0.116878
30.575, 1, 0.11663
30.6, 1, 0.116645
30.625, 1, 0.116843
30.65, 1, 0.116843
30.675, 1, 0.117122
30.7, 1, 0.117585
30.725, 1, 0.117585
30.75, 1, 0.117585
30.775, 1, 0.117585
30.8, 1, 0.117585
30.825, 1, 0.117585
30.85, 1, 0.118113
30.875, 1, 0.118113
30.9, 1, 0.118683
30.925, 1, 0.119383
30.95, 1, 0.119383
30.975, 1, 0.119383
31, 1, 0.119383
31.025, 1, 0.120048
31.05, 1, 0.120048
31.075, 1, 0.120048
31.1, 1, 0.120615
31.125, 1, 0.120615
31.15, 1, 0.120978
31.175, 1, 0.121103
31.2, 1, 0.121103
31.225, 1, 0.121103
31.25, 1, 0.121078
31.275, 1, 0.120977
31.3, 1, 0.120977
31.325, 1, 0.120977
31.35, 1, 0.120977
31.375, 1, 0.120798
31.4, 1, 0.120798
31.425, 1, 0.120798
31.45, 1, 0.120798
31.475, 1, 0.120798
31.5, 1, 0.120798
31.525, 1, 0.120798
31.55, 1, 0.120798
31.575, 1, 0.120908
31.6, 1, 0.120908
31.625, 1, 0.120908
31.65, 1, 0.120908
31.675, 1, 0.120908
31.7, 1, 0.120908
31.725, 1, 0.120908
31.75, 1, 0.120908
31.775, 1, 0.120908
31.8, 1, 0.120964
31.825, 1, 0.120964
31.85, 1, 0.120964
31.875, 1, 0.121089
31.9, 1, 0.121346
31.925, 1, 0.121692
31.95, 1, 0.121692
31.975, 1, 0.121692
32, 1, 0.122045
32.025, 1, 0.122045
32.05, 1, 0.122045
32.075, 1, 0.122045
32.1, 1, 0.122045
32.125, 1, 0.122381
32.15, 1, 0.122802
32.175, 1, 0.123287
32.2, 1, 0.123287
32.225, 1, 0.123287
32.25, 1, 0.123287
32.275, 1, 0.123709
32.3, 1, 0.12413
32.325, 1, 0.12413
32.35, 1, 0.12413
32.375, 1, 0.124479
32.4, 1, 0.12476
32.425, 1, 0.12476
32.45, 1, 0.124857
32.475, 1, 0.124857
32.5, 1, 0.124772
32.525, 1, 0.124575
32.55, 1, 0.124575
32.575, 1, 0.124575
32.6, 1, 0.124575
32.625, 1, 0.124575
32.65, 1, 0.124351
32.675, 1, 0.124351
32.7, 1, 0.123946
32.725, 1, 0.123302
32.75, 1, 0.122517
32.775, 1, 0.122517
32.8, 1, 0.121799
32.825, 1, 0.121238
32.85, 1, 0.120797
32.875, 1, 0.120797
32.9, 1, 0.1204
32.925, 1, 0.1204
32.95, 1, 0.120018
32.975, 1, 0.120018
33, 1, 0.120018
33.025, 1, 0.119639
33.05, 1, 0.119639
33.075, 1, 0.119639
33.1, 1, 0.119639
33.125, 1, 0.119639
33.15, 1, 0.119639
33.175, 1, 0.119362
33.2, 1, 0.119181
33.225, 1, 0.119086
33.25, 1, 0.119059
33.275, 1, 0.119059
33.3, 1, 0.119038
33.325, 1, 0.119059
33.35, 1, 0.119059
33.375, 1, 0.119068
33.4, 1, 0.119068
33.425, 1, 0.119036
33.45, 1, 0.119036
33.475, 1, 0.118885
33.5, 1, 0.118885
33.525, 1, 0.118885
33.55, 1, 0.118646
33.575, 1, 0.118646
33.6, 1, 0.118646
33.625, 1, 0.118646
33.65, 1, 0.118386
33.675, 1, 0.118036
33.7, 1, 0.117562
33.725, 1, 0.117562
33.75, 1, 0.116904
33.775, 1, 0.116057
33.8, 1, 0.116057
33.825, 1, 0.115274
33.85, 1, 0.11461
33.875, 1, 0.11461
33.9, 1, 0.11461
33.925, 1, 0.113984
33.95, 1, 0.113984
33.975, 1, 0.113984
34, 1, 0.113984
34.025, 1, 0.113278
34.05, 1, 0.11263
34.075, 1, 0.11263
34.1, 1, 0.11263
34.125, 1, 0.11263
34.15, 1, 0.11263
34.175, 1, 0.11263
34.2, 1, 0.11263
34.225, 1, 0.11263
34.25, 1, 0.11263
34.275, 1, 0.11263
34.3, 1, 0.11263
34.325, 1, 0.11263
34.35, 1, 0.11239
34.375, 1, 0.11239
34.4, 1, 0.11239
34.425, 1, 0.11239
34.45, 1, 0.11216
34.475, 1, 0.112032
34.5, 1, 0.112032
34.525, 1, 0.11193
34.55, 1, 0.111876
34.575, 1, 0.111851
34.6, 1, 0.111851
34.625, 1, 0.111825
34.65, 1, 0.111825
34.675, 1, 0.111825
34.7, 1, 0.111825
34.725, 1, 0.111796
34.75, 1, 0.111766
34.775, 1, 0.111733
34.8, 1, 0.111733
34.825, 1, 0.111733
34.85, 1, 0.111733
34.875, 1, 0.111733
34.9, 1, 0.111696
34.925, 1, 0.111696
34.95, 1, 0.111696
34.975, 1, 0.111696
35, 1, 0.111696
35.025, 1, 0.111696
35.05, 1, 0.111696
35.075, 1, 0.111567
35.1, 1, 0.111412
35.125, 1, 0.111412
35.15, 1, 0.111299
35.175, 1, 0.111253
35.2, 1, 0.111235
35.225, 1, 0.111217
35.25, 1, 0.111164
35.275, 1, 0.111164
35.3, 1, 0.111007
35.325, 1, 0.111007
35.35, 1, 0.111007
35.375, 1, 0.11083
35.4, 1, 0.110662
35.425, 1, 0.110662
35.45, 1, 0.110662
35.475, 1, 0.110662
35.5, 1, 0.1105
35.525, 1, 0.1105
35.55, 1, 0.1105
35.575, 1, 0.1105
35.6, 1, 0.1105
35.625, 1, 0.1105
35.65, 1, 0.110373
35.675, 1, 0.110271
35.7, 1, 0.110189
35.725, 1, 0.110119
35.75, 1, 0.110056
35.775, 1, 0.109996
35.8, 1, 0.109996
35.825, 1, 0.109927
35.85, 1, 0.10985
35.875, 1, 0.10985
35.9, 1, 0.109736
35.925, 1, 0.109736
35.95, 1, 0.109565
35.975, 1, 0.109342
36, 1, 0.109342
36.025, 1, 0.109057
36.05, 1, 0.109057
36.075, 1, 0.109057
36.1, 1, 0.109057
36.125, 1, 0.108827
36.15, 1, 0.108586
36.175, 1, 0.108586
36.2, 1, 0.108353
36.225, 1, 0.108139
36.25, 1, 0.108139
36.275, 1, 0.108139
36.3, 1, 0.108139
36.325, 1, 0.108139
36.35, 1, 0.108139
36.375, 1, 0.107882
36.4, 1, 0.107882
36.425, 1, 0.107882
36.45, 1, 0.107882
36.475, 1, 0.107712
36.5, 1, 0.107674
36.525, 1, 0.107703
36.55, 1, 0.107703
36.575, 1, 0.107703
36.6, 1, 0.107703
36.625, 1, 0.107703
36.65, 1, 0.107703
36.675, 1, 0.107748
36.7, 1, 0.107748
36.725, 1, 0.107748
36.75, 1, 0.107798
36.775, 1, 0.107915
36.8, 1, 0.107915
36.825, 1, 0.108033
36.85, 1, 0.108172
36.875, 1, 0.108324
36.9, 1, 0.108324
36.925, 1, 0.108491
36.95, 1, 0.108686
36.975, 1, 0.108686
37, 1, 0.108862
37.025, 1, 0.108862
37.05, 1, 0.108862
37.075, 1, 0.108862
37.1, 1, 0.108985
37.125, 1, 0.109065
37.15, 1, 0.109065
37.175, 1, 0.109065
37.2, 1, 0.10913
37.225, 1, 0.10913
37.25, 1, 0.109171
37.275, 1, 0.109187
37.3, 1, 0.10918
37.325, 1, 0.10918
37.35, 1, 0.10918
37.375, 1, 0.109128
37.4, 1, 0.109128
37.425, 1, 0.109128
37.45, 1, 0.109087
37.475, 1, 0.109087
37.5, 1, 0.109068
37.525, 1, 0.109068
37.55, 1, 0.109029
37.575, 1, 0.109029
37.6, 1, 0.109029
37.625, 1, 0.109029
37.65, 1, 0.109029
37.675, 1, 0.108991
37.7, 1, 0.108991
37.725, 1, 0.10903
37.75, 1, 0.109147
37.775, 1, 0.109325
37.8, 1, 0.109325
37.825, 1, 0.109325
37.85, 1, 0.109494
37.875, 1, 0.109534
37.9, 1, 0.109474
37.925, 1, 0.109474
37.95, 1, 0.109474
37.975, 1, 0.109474
38, 1, 0.109446
38.025, 1, 0.109446
38.05, 1, 0.109446
38.075, 1, 0.109429
38.1, 1, 0.109429
38.125, 1, 0.109408
38.15, 1, 0.109408
38.175, 1, 0.109408
38.2, 1, 0.109388
38.225, 1, 0.109388
38.25, 1, 0.109388
38.275, 1, 0.109388
38.3, 1, 0.109388
38.325, 1, 0.109388
38.35, 1, 0.10936
38.375, 1, 0.10936
38.4, 1, 0.10936
38.425, 1, 0.10936
38.45, 1, 0.109297
38.475, 1, 0.109171
38.5, 1, 0.109171
38.525, 1, 0.109171
38.55, 1, 0.109013
38.575, 1, 0.108806
38.6, 1, 0.108806
38.625, 1, 0.108806
38.65, 1, 0.108806
38.675, 1, 0.108806
38.7, 1, 0.108588
38.725, 1, 0.108588
38.75, 1, 0.108588
38.775, 1, 0.108588
38.8, 1, 0.108588
38.825, 1, 0.108338
38.85, 1, 0.108338
38.875, 1, 0.108004
38.9, 1, 0.108004
38.925, 1, 0.107586
38.95, 1, 0.107218
38.975, 1, 0.107218
39, 1, 0.107218
39.025, 1, 0.106935
39.05, 1, 0.10681
39.075, 1, 0.10681
39.1, 1, 0.10681
39.125, 1, 0.10681
39.15, 1, 0.106721
39.175, 1, 0.106585
39.2, 1, 0.106585
39.225, 1, 0.106585
39.25, 1, 0.106505
39.275, 1, 0.106514
39.3, 1, 0.106514
39.325, 1, 0.106514
39.35, 1, 0.106458
39.375, 1, 0.106458
39.4, 1, 0.106458
39.425, 1, 0.106458
39.45, 1, 0.106458
39.475, 1, 0.106466
39.5, 1, 0.106466
39.525, 1, 0.106394
39.55, 1, 0.106221
39.575, 1, 0.106221
39.6, 1, 0.105943
39.625, 1, 0.105584
39.65, 1, 0.105584
39.675, 1, 0.105192
39.7, 1, 0.105192
39.725, 1, 0.10479
39.75, 1, 0.10479
39.775, 1, 0.104385
39.8, 1, 0.104385
39.825, 1, 0.104385
39.85, 1, 0.103939
39.875, 1, 0.103939
39.9, 1, 0.103939
39.925, 1, 0.103483
39.95, 1, 0.103483
39.975, 1, 0.103483
40, 1, 0.103483
40, 1, 0.103483
40.025, 1, 0.102991
40.05, 1, 0.102991
40.075, 1, 0.102485
40.1, 1, 0.102014
40.125, 1, 0.101612
40.15, 1, 0.101279
40.175, 1, 0.101279
40.2, 1, 0.101279
40.225, 1, 0.101279
40.25, 1, 0.10093
40.275, 1, 0.10093
40.3, 1, 0.100753
40.325, 1, 0.100753
40.35, 1, 0.100753
40.375, 1, 0.100509
40.4, 1, 0.100509
40.425, 1, 0.10022
40.45, 1, 0.10022
40.475, 1, 0.10022
40.5, 1, 0.100038
40.525, 1, 0.100038
40.55, 1, 0.100038
40.575, 1, 0.100038
40.6, 1, 0.100038
40.625, 1, 0.100038
40.65, 1, 0.100038
40.675, 1, 0.100911
40.7, 1, 0.100911
40.725, 1, 0.100911
40.75, 1, 0.101874
40.775, 1, 0.101874
40.8, 1, 0.101874
40.825, 1, 0.101874
40.85, 1, 0.10287
40.875, 1, 0.104291
40.9, 1, 0.104291
40.925, 1, 0.104291
40.95, 1, 0.105665
40.975, 1, 0.107068
41, 1, 0.108556
41.025, 1, 0.108556
41.05, 1, 0.108556
41.075, 1, 0.109873
41.1, 1, 0.109873
41.125, 1, 0.110966
41.15, 1, 0.110966
41.175, 1, 0.111876
41.2, 1, 0.112724
41.225, 1, 0.112724
41.25, 1, 0.112724
41.275, 1, 0.112724
41.3, 1, 0.112724
41.325, 1, 0.113273
41.35, 1, 0.113273
41.375, 1, 0.113451
41.4, 1, 0.113316
41.425, 1, 0.112914
41.45, 1, 0.112317
41.475, 1, 0.112317
41.5, 1, 0.112317
41.525, 1, 0.111682
41.55, 1, 0.111682
41.575, 1, 0.111682
41.6, 1, 0.111682
41.625, 1, 0.111682
41.65, 1, 0.111682
41.675, 1, 0.110993
41.7, 1, 0.110993
41.725, 1, 0.110993
41.75, 1, 0.110993
41.775, 1, 0.110993
41.8, 1, 0.110993
41.825, 1, 0.110993
41.85, 1, 0.110462
41.875, 1, 0.110304
41.9, 1, 0.110304
41.925, 1, 0.110304
41.95, 1, 0.110304
41.975, 1, 0.110304
42, 1, 0.110187
42.025, 1, 0.110187
42.05, 1, 0.110244
42.075, 1, 0.110594
42.1, 1, 0.110594
42.125, 1, 0.110594
42.15, 1, 0.110825
42.175, 1, 0.110825
42.2, 1, 0.110825
42.225, 1, 0.111045
42.25, 1, 0.111045
42.275, 1, 0.111045
42.3, 1, 0.111045
42.325, 1, 0.111177
42.35, 1, 0.111177
42.375, 1, 0.111177
42.4, 1, 0.111072
42.425, 1, 0.11081
42.45, 1, 0.11081
42.475, 1, 0.110428
42.5, 1, 0.110428
42.525, 1, 0.110428
42.55, 1, 0.109956
42.575, 1, 0.109956
42.6, 1, 0.109956
42.625, 1, 0.109331
42.65, 1, 0.109331
42.675, 1, 0.109331
42.7, 1, 0.108609
42.725, 1, 0.107824
42.75, 1, 0.107824
42.775, 1, 0.107824
42.8, 1, 0.107019
42.825, 1, 0.107019
42.85, 1, 0.107019
42.875, 1, 0.107019
42.9, 1, 0.106183
42.925, 1, 0.106183
42.95, 1, 0.106183
42.975, 1, 0.106183
43, 1, 0.106183
43.025, 1, 0.105326
43.05, 1, 0.104663
43.075, 1, 0.104225
43.1, 1, 0.104225
43.125, 1, 0.104225
43.15, 1, 0.103799
43.175, 1, 0.103799
43.2, 1, 0.103398
43.225, 1, 0.103398
43.25, 1, 0.102974
43.275, 1, 0.102974
43.3, 1, 0.102974
43.325, 1, 0.102974
43.35, 1, 0.102974
43.375, 1, 0.102974
43.4, 1, 0.102461
43.425, 1, 0.102461
43.45, 1, 0.102461
43.475, 1, 0.10206
43.5, 1, 0.10206
43.525, 1, 0.101671
43.55, 1, 0.101295
43.575, 1, 0.100932
43.6, 1, 0.100932
43.625, 1, 0.100932
43.65, 1, 0.100932
43.675, 1, 0.100932
43.7, 1, 0.100932
43.725, 1, 0.100526
43.75, 1, 0.100526
43.775, 1, 0.100065
43.8, 1, 0.100065
43.825, 1, 0.100065
43.85, 1, 0.100065
43.875, 1, 0.100065
43.9, 1, 0.100065
43.925, 1, 0.100065
43.95, 1, 0.0995395
43.975, 1, 0.0989085
44, 1, 0.0982448
44.025, 1, 0.0982448
44.05, 1, 0.0975516
44.075, 1, 0.0968787
44.1, 1, 0.096249
44.125, 1, 0.096249
44.15, 1, 0.0956235
44.175, 1, 0.0956235
44.2, 1, 0.0956235
44.225, 1, 0.0949885
44.25, 1, 0.0949885
44.275, 1, 0.0949885
44.3, 1, 0.0949885
44.325, 1, 0.0943431
44.35, 1, 0.0943431
44.375, 1, 0.0937924
44.4, 1, 0.0937924
44.425, 1, 0.0933125
44.45, 1, 0.0929559
44.475, 1, 0.0926881
44.5, 1, 0.0926881
44.525, 1, 0.0926881
44.55, 1, 0.0924234
44.575, 1, 0.0924234
44.6, 1, 0.0924234
44.625, 1, 0.0924234
44.65, 1, 0.0921025
44.675, 1, 0.0918507
44.7, 1, 0.0916091
44.725, 1, 0.0916091
44.75, 1, 0.0913294
44.775, 1, 0.0913294
44.8, 1, 0.0913294
44.825, 1, 0.0910947
44.85, 1, 0.0910947
44.875, 1, 0.0910947
44.9, 1, 0.0907881
44.925, 1, 0.0903698
44.95, 1, 0.0903698
44.975, 1, 0.0903698
45, 1, 0.0899767
45.025, 1, 0.0899767
45.05, 1, 0.0895999
45.075, 1, 0.0895999
45.1, 1, 0.0895999
45.125, 1, 0.0895999
45.15, 1, 0.0895999
45.175, 1, 0.0891904
45.2, 1, 0.0891904
45.225, 1, 0.0891904
45.25, 1, 0.0887642
45.275, 1, 0.0887642
45.3, 1, 0.0887642
45.325, 1, 0.0883727
45.35, 1, 0.0883727
45.375, 1, 0.0883727
45.4, 1, 0.0879933
45.425, 1, 0.0879933
45.45, 1, 0.0879933
45.475, 1, 0.0879933
45.5, 1, 0.0876076
45.525, 1, 0.087357
45.55, 1, 0.087357
45.575, 1, 0.087357
45.6, 1, 0.087357
45.625, 1, 0.087357
45.65, 1, 0.0871357
45.675, 1, 0.0870795
45.7, 1, 0.0871488
45.725, 1, 0.0871488
45.75, 1, 0.0871488
45.775, 1, 0.0871488
45.8, 1, 0.087287
45.825, 1, 0.087439
45.85, 1, 0.0876082
45.875, 1, 0.0876082
45.9, 1, 0.0876082
45.925, 1, 0.0877078
45.95, 1, 0.0877078
45.975, 1, 0.0876108
46, 1, 0.0873526
46.025, 1, 0.0873526
46.05, 1, 0.0873526
46.075, 1, 0.0872144
46.1, 1, 0.08709
46.125, 1, 0.08709
46.15, 1, 0.08709
46.175, 1, 0.0869288
46.2, 1, 0.0869288
46.225, 1, 0.0865968
46.25, 1, 0.0865968
46.275, 1, 0.0865968
46.3, 1, 0.0865968
46.325, 1, 0.0863819
46.35, 1, 0.0863819
46.375, 1, 0.0861806
46.4, 1, 0.0859876
46.425, 1, 0.0859876
46.45, 1, 0.0857594
46.475, 1, 0.0857594
46.5, 1, 0.0857594
46.525, 1, 0.0857594
46.55, 1, 0.0855074
46.575, 1, 0.0855074
46.6, 1, 0.0852691
46.625, 1, 0.0851234
46.65, 1, 0.0851234
46.675, 1, 0.0851234
46.7, 1, 0.084977
46.725, 1, 0.084977
46.75, 1, 0.0848456
46.775, 1, 0.084763
46.8, 1, 0.084763
46.825, 1, 0.084763
46.85, 1, 0.0846785
46.875, 1, 0.0846232
46.9, 1, 0.0846232
46.925, 1, 0.0845896
46.95, 1, 0.0845896
46.975, 1, 0.0845497
47, 1, 0.0845333
47.025, 1, 0.0845333
47.05, 1, 0.0844885
47.075, 1, 0.0844885
47.1, 1, 0.0844526
47.125, 1, 0.0844164
47.15, 1, 0.0844164
47.175, 1, 0.0844164
47.2, 1, 0.0843342
47.225, 1, 0.0841656
47.25, 1, 0.0841656
47.275, 1, 0.0838046
47.3, 1, 0.0838046
47.325, 1, 0.0838046
47.35, 1, 0.0838046
47.375, 1, 0.0837403
47.4, 1, 0.083768
47.425, 1, 0.083768
47.45, 1, 0.083761
47.475, 1, 0.083761
47.5, 1, 0.083583
47.525, 1, 0.083583
47.55, 1, 0.083325
47.575, 1, 0.083325
47.6, 1, 0.083325
47.625, 1, 0.0832317
47.65, 1, 0.0832315
47.675, 1, 0.0832707
47.7, 1, 0.0832707
47.725, 1, 0.0832707
47.75, 1, 0.0832299
47.775, 1, 0.0832299
47.8, 1, 0.083104
47.825, 1, 0.0830057
47.85, 1, 0.082993
47.875, 1, 0.0830399
47.9, 1, 0.0831597
47.925, 1, 0.0833547
47.95, 1, 0.0836081
47.975, 1, 0.0836081
48, 1, 0.0836081
48.025, 1, 0.0838538
48.05, 1, 0.0841483
48.075, 1, 0.0841483
48.1, 1, 0.0841483
48.125, 1, 0.0844389
48.15, 1, 0.0847572
48.175, 1, 0.0850972
48.2, 1, 0.0850972
48.225, 1, 0.0850972
48.25, 1, 0.0850972
48.275, 1, 0.0850972
48.3, 1, 0.0854657
48.325, 1, 0.0854657
48.35, 1, 0.0857847
48.375, 1, 0.0857847
48.4, 1, 0.086083
48.425, 1, 0.086083
48.45, 1, 0.086083
48.475, 1, 0.0863194
48.5, 1, 0.0863194
48.525, 1, 0.0863302
48.55, 1, 0.0863302
48.575, 1, 0.0863302
48.6, 1, 0.0865158
48.625, 1, 0.0865158
48.65, 1, 0.0867509
48.675, 1, 0.0867509
48.7, 1, 0.0867509
48.725, 1, 0.0867509
48.75, 1, 0.0869348
48.775, 1, 0.0869348
48.8, 1, 0.0869713
48.825, 1, 0.0869713
48.85, 1, 0.0869713
48.875, 1, 0.0869713
48.9, 1, 0.0871787
48.925, 1, 0.0874514
48.95, 1, 0.0874514
48.975, 1, 0.0874514
49, 1, 0.0876963
49.025, 1, 0.087974
49.05, 1, 0.0882615
49.075, 1, 0.0885647
49.1, 1, 0.0889263
49.125, 1, 0.0893567
49.15, 1, 0.0898312
49.175, 1, 0.0898312
49.2, 1, 0.0903663
49.225, 1, 0.0903663
49.25, 1, 0.0903663
49.275, 1, 0.0908959
49.3, 1, 0.0908959
49.325, 1, 0.0908959
49.35, 1, 0.0908959
49.375, 1, 0.0914497
49.4, 1, 0.0920157
49.425, 1, 0.0920157
49.45, 1, 0.0920157
49.475, 1, 0.0920157
49.5, 1, 0.0920157
49.525, 1, 0.0925973
49.55, 1, 0.0931529
49.575, 1, 0.0931529
49.6, 1, 0.0931529
49.625, 1, 0.0931529
49.65, 1, 0.0931529
49.675, 1, 0.0938025
49.7, 1, 0.0938025
49.725, 1, 0.0943962
49.75, 1, 0.094936
49.775, 1, 0.094936
49.8, 1, 0.094936
49.825, 1, 0.094936
49.85, 1, 0.0952596
49.875, 1, 0.0952596
49.9, 1, 0.0955163
49.925, 1, 0.0955163
49.95, 1, 0.0958037
49.975, 1, 0.0961968
50, 1, 0.0961968
50, 1, 0.096543
50.025, 1, 0.0967437
50.05, 1, 0.0967793
50.075, 1, 0.096567
50.1, 1, 0.096567
50.125, 1, 0.0960158
50.15, 1, 0.09539
50.175, 1, 0.09539
50.2, 1, 0.09539
50.225, 1, 0.0947713
50.25, 1, 0.0947713
50.275, 1, 0.0947713
50.3, 1, 0.0940699
50.325, 1, 0.0934379
50.35, 1, 0.0934379
50.375, 1, 0.0934379
50.4, 1, 0.0928363
50.425, 1, 0.0924072
50.45, 1, 0.0921612
50.475, 1, 0.0920855
50.5, 1, 0.0920855
50.525, 1, 0.0920855
50.55, 1, 0.0920133
50.575, 1, 0.0920495
50.6, 1, 0.0920495
50.625, 1, 0.0920876
50.65, 1, 0.0920876
50.675, 1, 0.092134
50.7, 1, 0.0923109
50.725, 1, 0.0923109
50.75, 1, 0.0924912
50.775, 1, 0.0927982
50.8, 1, 0.0927982
50.825, 1, 0.0927982
50.85, 1, 0.0927982
50.875, 1, 0.0927982
50.9, 1, 0.0934306
50.925, 1, 0.0941214
50.95, 1, 0.0941214
50.975, 1, 0.0941214
51, 1, 0.0941214
51.025, 1, 0.0941214
51.05, 1, 0.0941214
51.075, 1, 0.0941214
51.1, 1, 0.0947856
51.125, 1, 0.0947856
51.15, 1, 0.0947856
51.175, 1, 0.0947856
51.2, 1, 0.0954324
51.225, 1, 0.0954324
51.25, 1, 0.0954324
51.275, 1, 0.0954324
51.3, 1, 0.0959571
51.325, 1, 0.0959571
51.35, 1, 0.096283
51.375, 1, 0.09637
51.4, 1, 0.0961745
51.425, 1, 0.0961745
51.45, 1, 0.0961745
51.475, 1, 0.0961745
51.5, 1, 0.0961745
51.525, 1, 0.0961745
51.55, 1, 0.0961745
51.575, 1, 0.0961745
51.6, 1, 0.0961745
51.625, 1, 0.0961745
51.65, 1, 0.0961182
51.675, 1, 0.0961182
51.7, 1, 0.0961182
51.725, 1, 0.0961182
51.75, 1, 0.0959783
51.775, 1, 0.0959783
51.8, 1, 0.0957861
51.825, 1, 0.0957861
51.85, 1, 0.0955711
51.875, 1, 0.0954059
51.9, 1, 0.0954059
51.925, 1, 0.0954059
51.95, 1, 0.0954059
51.975, 1, 0.0954059
52, 1, 0.0954059
52.025, 1, 0.0952298
52.05, 1, 0.0952298
52.075, 1, 0.0952298
52.1, 1, 0.0952298
52.125, 1, 0.0952298
52.15, 1, 0.0952298
52.175, 1, 0.0950702
52.2, 1, 0.0950377
52.225, 1, 0.0950377
52.25, 1, 0.0950377
52.275, 1, 0.0950147
52.3, 1, 0.0950663
52.325, 1, 0.0950663
52.35, 1, 0.0951794
52.375, 1, 0.0951794
52.4, 1, 0.0951794
52.425, 1, 0.0951794
52.45, 1, 0.0951794
52.475, 1, 0.0951794
52.5, 1, 0.0954359
52.525, 1, 0.0954359
52.55, 1, 0.0956633
52.575, 1, 0.0958638
52.6, 1, 0.0960216
52.625, 1, 0.0961122
52.65, 1, 0.0961122
52.675, 1, 0.0961122
52.7, 1, 0.0961122
52.725, 1, 0.0961477
52.75, 1, 0.0961477
52.775, 1, 0.0961353
52.8, 1, 0.0961353
52.825, 1, 0.0960916
52.85, 1, 0.0959919
52.875, 1, 0.0959919
52.9, 1, 0.0959919
52.925, 1, 0.0959919
52.95, 1, 0.0959919
52.975, 1, 0.0958043
53, 1, 0.0956094
53.025, 1, 0.0956094
53.05, 1, 0.0956094
53.075, 1, 0.0956094
53.1, 1, 0.0956094
53.125, 1, 0.0956094
53.15, 1, 0.0956094
53.175, 1, 0.0954019
53.2, 1, 0.0954019
53.225, 1, 0.0952343
53.25, 1, 0.0952343
53.275, 1, 0.0950993
53.3, 1, 0.0950993
53.325, 1, 0.0950993
53.35, 1, 0.094983
53.375, 1, 0.094983
53.4, 1, 0.0949235
53.425, 1, 0.0949659
53.45, 1, 0.0949659
53.475, 1, 0.0949659
53.5, 1, 0.0949659
53.525, 1, 0.0949659
53.55, 1, 0.0950437
53.575, 1, 0.0950437
53.6, 1, 0.0950437
53.625, 1, 0.0951069
53.65, 1, 0.0952137
53.675, 1, 0.0952137
53.7, 1, 0.0952137
53.725, 1, 0.0951144
53.75, 1, 0.0949398
53.775, 1, 0.0947232
53.8, 1, 0.0947232
53.825, 1, 0.0947232
53.85, 1, 0.0947232
53.875, 1, 0.0947232
53.9, 1, 0.0947232
53.925, 1, 0.0947232
53.95, 1, 0.0943576
53.975, 1, 0.0943576
54, 1, 0.0943576
54.025, 1, 0.0943576
54.05, 1, 0.0943576
54.075, 1, 0.0941463
54.1, 1, 0.0941463
54.125, 1, 0.0941463
54.15, 1, 0.0941463
54.175, 1, 0.0938039
54.2, 1, 0.0933837
54.225, 1, 0.0929049
54.25, 1, 0.0929049
54.275, 1, 0.0923856
54.3, 1, 0.0923856
54.325, 1, 0.0923856
54.35, 1, 0.0923856
54.375, 1, 0.0923856
54.4, 1, 0.0918551
54.425, 1, 0.0914316
54.45, 1, 0.0914316
54.475, 1, 0.0910785
54.5, 1, 0.0910785
54.525, 1, 0.0910785
54.55, 1, 0.0907659
54.575, 1, 0.0907659
54.6, 1, 0.090537
54.625, 1, 0.0904796
54.65, 1, 0.0904796
54.675, 1, 0.0904796
54.7, 1, 0.0904796
54.725, 1, 0.0903805
54.75, 1, 0.0904477
54.775, 1, 0.0906567
54.8, 1, 0.0906567
54.825, 1, 0.0906567
54.85, 1, 0.0906567
54.875, 1, 0.0908791
54.9, 1, 0.0908791
54.925, 1, 0.0908791
54.95, 1, 0.0908791
54.975, 1, 0.0908791
55, 1, 0.0908791
55.025, 1, 0.0908791
55.05, 1, 0.0908791
55.075, 1, 0.0908791
55.1, 1, 0.0908791
55.125, 1, 0.0918705
55.15, 1, 0.0927034
55.175, 1, 0.0933693
55.2, 1, 0.0933693
55.225, 1, 0.0937868
55.25, 1, 0.0937868
55.275, 1, 0.0937868
55.3, 1, 0.0937868
55.325, 1, 0.0937868
55.35, 1, 0.0937868
55.375, 1, 0.094139
55.4, 1, 0.094139
55.425, 1, 0.094139
55.45, 1, 0.094139
55.475, 1, 0.094139
55.5, 1, 0.0943179
55.525, 1, 0.0943179
55.55, 1, 0.0943179
55.575, 1, 0.0944494
55.6, 1, 0.0946496
55.625, 1, 0.0948837
55.65, 1, 0.0951474
55.675, 1, 0.0954379
55.7, 1, 0.0954379
55.725, 1, 0.0957149
55.75, 1, 0.0960046
55.775, 1, 0.0960046
55.8, 1, 0.0960046
55.825, 1, 0.0960046
55.85, 1, 0.0960046
55.875, 1, 0.0960046
55.9, 1, 0.0962842
55.925, 1, 0.0962842
55.95, 1, 0.0962842
55.975, 1, 0.0962842
56, 1, 0.0962842
56.025, 1, 0.0965536
56.05, 1, 0.0968705
56.075, 1, 0.0972272
56.1, 1, 0.0972272
56.125, 1, 0.0972272
56.15, 1, 0.0972272
56.175, 1, 0.0975564
56.2, 1, 0.0975564
56.225, 1, 0.0975564
56.25, 1, 0.097803
56.275, 1, 0.097803
56.3, 1, 0.097803
56.325, 1, 0.097973
56.35, 1, 0.097973
56.375, 1, 0.0980958
56.4, 1, 0.0980958
56.425, 1, 0.0980958
56.45, 1, 0.0980958
56.475, 1, 0.0980958
56.5, 1, 0.0980958
56.525, 1, 0.0980958
56.55, 1, 0.0980958
56.575, 1, 0.0981262
56.6, 1, 0.0979407
56.625, 1, 0.0979407
56.65, 1, 0.0979407
56.675, 1, 0.0979407
56.7, 1, 0.0979407
56.725, 1, 0.0979407
56.75, 1, 0.0979407
56.775, 1, 0.0979407
56.8, 1, 0.0979407
56.825, 1, 0.0975857
56.85, 1, 0.0972276
56.875, 1, 0.0969349
56.9, 1, 0.0969349
56.925, 1, 0.0969349
56.95, 1, 0.0969349
56.975, 1, 0.0966585
57, 1, 0.0966585
57.025, 1, 0.0966585
57.05, 1, 0.0964034
57.075, 1, 0.0962675
57.1, 1, 0.0962493
57.125, 1, 0.0962493
57.15, 1, 0.096294
57.175, 1, 0.0964619
57.2, 1, 0.0964619
57.225, 1, 0.0964619
57.25, 1, 0.0964619
57.275, 1, 0.0964619
57.3, 1, 0.0964619
57.325, 1, 0.0964619
57.35, 1, 0.0964619
57.375, 1, 0.0964619
57.4, 1, 0.096809
57.425, 1, 0.096809
57.45, 1, 0.0971649
57.475, 1, 0.0975588
57.5, 1, 0.0975588
57.525, 1, 0.0978998
57.55, 1, 0.0978998
57.575, 1, 0.0978998
57.6, 1, 0.0978998
57.625, 1, 0.0982064
57.65, 1, 0.0982064
57.675, 1, 0.09846
57.7, 1, 0.0986812
57.725, 1, 0.0988573
57.75, 1, 0.0989261
57.775, 1, 0.0989261
57.8, 1, 0.0989261
57.825, 1, 0.0989261
57.85, 1, 0.0988488
57.875, 1, 0.0988488
57.9, 1, 0.0988488
57.925, 1, 0.0988488
57.95, 1, 0.0988488
57.975, 1, 0.0988488
58, 1, 0.0988488
58.025, 1, 0.0986601
58.05, 1, 0.0984083
58.075, 1, 0.0984083
58.1, 1, 0.0980672
58.125, 1, 0.0980672
58.15, 1, 0.0977894
58.175, 1, 0.0975675
58.2, 1, 0.0974373
58.225, 1, 0.0974176
58.25, 1, 0.0974749
58.275, 1, 0.0975816
58.3, 1, 0.0975816
58.325, 1, 0.0975816
58.35, 1, 0.0976833
58.375, 1, 0.0978455
58.4, 1, 0.0978455
58.425, 1, 0.0978455
58.45, 1, 0.0980073
58.475, 1, 0.0982205
58.5, 1, 0.0982205
58.525, 1, 0.098449
58.55, 1, 0.098449
58.575, 1, 0.0986819
58.6, 1, 0.0986819
58.625, 1, 0.0989078
58.65, 1, 0.0991599
58.675, 1, 0.0991599
58.7, 1, 0.0991599
58.725, 1, 0.0993627
58.75, 1, 0.0993627
58.775, 1, 0.0993627
58.8, 1, 0.0994281
58.825, 1, 0.0994281
58.85, 1, 0.0992939
58.875, 1, 0.0990246
58.9, 1, 0.0986693
58.925, 1, 0.0982246
58.95, 1, 0.0982246
58.975, 1, 0.0978042
59, 1, 0.0973584
59.025, 1, 0.0973584
59.05, 1, 0.0973584
59.075, 1, 0.09669
59.1, 1, 0.09669
59.125, 1, 0.0958426
59.15, 1, 0.0958426
59.175, 1, 0.0950222
59.2, 1, 0.0950222
59.225, 1, 0.0950222
59.25, 1, 0.0950222
59.275, 1, 0.0950222
59.3, 1, 0.0942197
59.325, 1, 0.0942197
59.35, 1, 0.0934431
59.375, 1, 0.0927208
59.4, 1, 0.0927208
59.425, 1, 0.0927208
59.45, 1, 0.0927208
59.475, 1, 0.0927208
59.5, 1, 0.0927208
59.525, 1, 0.0927208
59.55, 1, 0.0927208
59.575, 1, 0.0927208
59.6, 1, 0.0920631
59.625, 1, 0.0920631
59.65, 1, 0.0920631
59.675, 1, 0.0915132
59.7, 1, 0.0913055
59.725, 1, 0.0913055
59.75, 1, 0.0912206
59.775, 1, 0.0913857
59.8, 1, 0.0913857
59.825, 1, 0.0913857
59.85, 1, 0.0913857
59.875, 1, 0.0913857
59.9, 1, 0.0915559
59.925, 1, 0.0915559
59.95, 1, 0.0917354
59.975, 1, 0.092042
60, 1, 0.0924444
60, 1, 0.0924444
60.025, 1, 0.0924444
60.05, 1, 0.0924444
60.075, 1, 0.0924444
60.1, 1, 0.0927362
60.125, 1, 0.0929882
60.15, 1, 0.0931952
60.175, 1, 0.0931952
60.2, 1, 0.0933425
60.225, 1, 0.0933425
60.25, 1, 0.0933425
60.275, 1, 0.0933425
60.3, 1, 0.0933425
60.325, 1, 0.0933425
60.35, 1, 0.0933425
60.375, 1, 0.0934973
60.4, 1, 0.0934652
60.425, 1, 0.0934652
60.45, 1, 0.0934195
60.475, 1, 0.0933242
60.5, 1, 0.0933242
60.525, 1, 0.0933242
60.55, 1, 0.0932329
60.575, 1, 0.0932329
60.6, 1, 0.0932329
60.625, 1, 0.0931245
60.65, 1, 0.0930131
60.675, 1, 0.0929098
60.7, 1, 0.0929098
60.725, 1, 0.0929098
60.75, 1, 0.0929098
60.775, 1, 0.0929098
60.8, 1, 0.092813
60.825, 1, 0.0927525
60.85, 1, 0.0927525
60.875, 1, 0.0927525
60.9, 1, 0.0927525
60.925, 1, 0.0926941
60.95, 1, 0.0926941
60.975, 1, 0.0926432
61, 1, 0.0926066
61.025, 1, 0.092587
61.05, 1, 0.092587
61.075, 1, 0.0925553
61.1, 1, 0.0925108
61.125, 1, 0.0924315
61.15, 1, 0.0924315
61.175, 1, 0.0923061
61.2, 1, 0.0923061
61.225, 1, 0.0921593
61.25, 1, 0.0921593
61.275, 1, 0.0920296
61.3, 1, 0.0920296
61.325, 1, 0.0920296
61.35, 1, 0.0920296
61.375, 1, 0.0920296
61.4, 1, 0.0920296
61.425, 1, 0.0917004
61.45, 1, 0.0911743
61.475, 1, 0.0906272
61.5, 1, 0.0906272
61.525, 1, 0.0906272
61.55, 1, 0.0906272
61.575, 1, 0.0906272
61.6, 1, 0.0906272
61.625, 1, 0.0906272
61.65, 1, 0.0906272
61.675, 1, 0.0899511
61.7, 1, 0.0899511
61.725, 1, 0.0894389
61.75, 1, 0.0890704
61.775, 1, 0.0890704
61.8, 1, 0.0890704
61.825, 1, 0.0887457
61.85, 1, 0.0887457
61.875, 1, 0.0887457
61.9, 1, 0.0884056
61.925, 1, 0.0881978
61.95, 1, 0.0881978
61.975, 1, 0.0880162
62, 1, 0.0879622
62.025, 1, 0.0879622
62.05, 1, 0.0879622
62.075, 1, 0.0879622
62.1, 1, 0.0879622
62.125, 1, 0.0879622
62.15, 1, 0.0880585
62.175, 1, 0.0882347
62.2, 1, 0.0882347
62.225, 1, 0.0882347
62.25, 1, 0.0882347
62.275, 1, 0.0882347
62.3, 1, 0.0884106
62.325, 1, 0.0884106
62.35, 1, 0.0884106
62.375, 1, 0.0884106
62.4, 1, 0.0884166
62.425, 1, 0.0882516
62.45, 1, 0.0882516
62.475, 1, 0.0880581
62.5, 1, 0.0880581
62.525, 1, 0.0880581
62.55, 1, 0.0879602
62.575, 1, 0.0879602
62.6, 1, 0.0879602
62.625, 1, 0.0876341
62.65, 1, 0.0876341
62.675, 1, 0.0876341
62.7, 1, 0.0870745
62.725, 1, 0.0862724
62.75, 1, 0.0862724
62.775, 1, 0.0857026
62.8, 1, 0.0857026
62.825, 1, 0.0857026
62.85, 1, 0.0857026
62.875, 1, 0.0851273
62.9, 1, 0.0851273
62.925, 1, 0.0845477
62.95, 1, 0.0840068
62.975, 1, 0.0835523
63, 1, 0.0832165
63.025, 1, 0.082972
63.05, 1, 0.0828464
63.075, 1, 0.0828464
63.1, 1, 0.0827666
63.125, 1, 0.0827666
63.15, 1, 0.0827666
63.175, 1, 0.0827666
63.2, 1, 0.0827666
63.225, 1, 0.0827666
63.25, 1, 0.0827862
63.275, 1, 0.082903
63.3, 1, 0.082903
63.325, 1, 0.082903
63.35, 1, 0.0830001
63.375, 1, 0.0831519
63.4, 1, 0.0831519
63.425, 1, 0.0831519
63.45, 1, 0.0831519
63.475, 1, 0.0831519
63.5, 1, 0.0831519
63.525, 1, 0.0831519
63.55, 1, 0.0835436
63.575, 1, 0.0838919
63.6, 1, 0.0838919
63.625, 1, 0.0841653
63.65, 1, 0.0841653
63.675, 1, 0.0842635
63.7, 1, 0.0842635
63.725, 1, 0.0841892
63.75, 1, 0.0841892
63.775, 1, 0.0840211
63.8, 1, 0.0840211
63.825, 1, 0.0839772
63.85, 1, 0.0839772
63.875, 1, 0.0839063
63.9, 1, 0.0839063
63.925, 1, 0.0839063
63.95, 1, 0.0839063
63.975, 1, 0.0839063
64, 1, 0.0839063
64.025, 1, 0.0839063
64.05, 1, 0.0839063
64.075, 1, 0.0839063
64.1, 1, 0.0838694
64.125, 1, 0.0839925
64.15, 1, 0.0839925
64.175, 1, 0.0839925
64.2, 1, 0.0840403
64.225, 1, 0.0840403
64.25, 1, 0.0840972
64.275, 1, 0.0840972
64.3, 1, 0.0841782
64.325, 1, 0.0841782
64.35, 1, 0.0841782
64.375, 1, 0.0842734
64.4, 1, 0.0842734
64.425, 1, 0.0842734
64.45, 1, 0.084369
64.475, 1, 0.084369
64.5, 1, 0.084369
64.525, 1, 0.0844638
64.55, 1, 0.0844638
64.575, 1, 0.0844638
64.6, 1, 0.0844638
64.625, 1, 0.0845608
64.65, 1, 0.0845608
64.675, 1, 0.0845608
64.7, 1, 0.0845608
64.725, 1, 0.0846265
64.75, 1, 0.0846966
64.775, 1, 0.0847528
64.8, 1, 0.0847911
64.825, 1, 0.0847911
64.85, 1, 0.0847911
64.875, 1, 0.0847911
64.9, 1, 0.0848312
64.925, 1, 0.0848312
64.95, 1, 0.0848312
64.975, 1, 0.0846918
65, 1, 0.0846918
65.025, 1, 0.0846918
65.05, 1, 0.0846918
65.075, 1, 0.0847271
65.1, 1, 0.0847271
65.125, 1, 0.0847271
65.15, 1, 0.0847271
65.175, 1, 0.0847271
65.2, 1, 0.0847271
65.225, 1, 0.0845948
65.25, 1, 0.0843352
65.275, 1, 0.0843352
65.3, 1, 0.0843352
65.325, 1, 0.0840639
65.35, 1, 0.0838902
65.375, 1, 0.0838902
65.4, 1, 0.0838418
65.425, 1, 0.0839726
65.45, 1, 0.0841982
65.475, 1, 0.0841982
65.5, 1, 0.0844145
65.525, 1, 0.084649
65.55, 1, 0.084649
65.575, 1, 0.084649
65.6, 1, 0.084884
65.625, 1, 0.084884
65.65, 1, 0.0851426
65.675, 1, 0.0854836
65.7, 1, 0.0854836
65.725, 1, 0.0854836
65.75, 1, 0.0858131
65.775, 1, 0.0858131
65.8, 1, 0.0861358
65.825, 1, 0.0861358
65.85, 1, 0.0861358
65.875, 1, 0.0864064
65.9, 1, 0.0866751
65.925, 1, 0.0866751
65.95, 1, 0.0866751
65.975, 1, 0.0868468
66, 1, 0.0868468
66.025, 1, 0.0868468
66.05, 1, 0.0868468
66.075, 1, 0.0868468
66.1, 1, 0.0868468
66.125, 1, 0.0868468
66.15, 1, 0.0868468
66.175, 1, 0.0868468
66.2, 1, 0.0868468
66.225, 1, 0.0868468
66.25, 1, 0.0868468
66.275, 1, 0.0868468
66.3, 1, 0.087507
66.325, 1, 0.087507
66.35, 1, 0.087507
66.375, 1, 0.0880583
66.4, 1, 0.0880583
66.425, 1, 0.0885151
66.45, 1, 0.0888948
66.475, 1, 0.0888948
66.5, 1, 0.0888948
66.525, 1, 0.0888948
66.55, 1, 0.089085
66.575, 1, 0.089181
66.6, 1, 0.0892878
66.625, 1, 0.0892878
66.65, 1, 0.0892878
66.675, 1, 0.0894637
66.7, 1, 0.089797
66.725, 1, 0.0902542
66.75, 1, 0.0902542
66.775, 1, 0.0902542
66.8, 1, 0.0902542
66.825, 1, 0.0902542
66.85, 1, 0.0902542
66.875, 1, 0.0907501
66.9, 1, 0.0913285
66.925, 1, 0.0919892
66.95, 1, 0.0927239
66.975, 1, 0.0927239
67, 1, 0.0927239
67.025, 1, 0.0934239
67.05, 1, 0.0941648
67.075, 1, 0.0941648
67.1, 1, 0.0941648
67.125, 1, 0.0948226
67.15, 1, 0.0954498
67.175, 1, 0.0960278
67.2, 1, 0.0965433
67.225, 1, 0.0965433
67.25, 1, 0.0969573
67.275, 1, 0.0972644
67.3, 1, 0.0972644
67.325, 1, 0.0972644
67.35, 1, 0.097479
67.375, 1, 0.0975586
67.4, 1, 0.0975586
67.425, 1, 0.0975586
67.45, 1, 0.097557
67.475, 1, 0.0974452
67.5, 1, 0.0972494
67.525, 1, 0.0969933
67.55, 1, 0.0966767
67.575, 1, 0.0963087
67.6, 1, 0.0963087
67.625, 1, 0.0959716
67.65, 1, 0.095697
67.675, 1, 0.0955033
67.7, 1, 0.0955033
67.725, 1, 0.0955033
67.75, 1, 0.0955033
67.775, 1, 0.0952626
67.8, 1, 0.0950422
67.825, 1, 0.0950422
67.85, 1, 0.0947834
67.875, 1, 0.0947834
67.9, 1, 0.0947834
67.925, 1, 0.0947834
67.95, 1, 0.0947834
67.975, 1, 0.0947834
68, 1, 0.0947834
68.025, 1, 0.0947834
68.05, 1, 0.0947119
68.075, 1, 0.0947119
68.1, 1, 0.0947119
68.125, 1, 0.0946518
68.15, 1, 0.0947226
68.175, 1, 0.0947226
68.2, 1, 0.0948641
68.225, 1, 0.0951271
68.25, 1, 0.0954905
68.275, 1, 0.0954905
68.3, 1, 0.0958412
68.325, 1, 0.0962282
68.35, 1, 0.0962282
68.375, 1, 0.0962282
68.4, 1, 0.0965185
68.425, 1, 0.0967618
68.45, 1, 0.0969344
68.475, 1, 0.0969344
68.5, 1, 0.0969479
68.525, 1, 0.0969479
68.55, 1, 0.0969479
68.575, 1, 0.0969479
68.6, 1, 0.0969479
68.625, 1, 0.0968538
68.65, 1, 0.0968538
68.675, 1, 0.096572
68.7, 1, 0.0961283
68.725, 1, 0.0961283
68.75, 1, 0.0961283
68.775, 1, 0.0961283
68.8, 1, 0.0955168
68.825, 1, 0.0947453
68.85, 1, 0.0947453
68.875, 1, 0.0947453
68.9, 1, 0.0947453
68.925, 1, 0.0939876
68.95, 1, 0.0933434
68.975, 1, 0.0933434
69, 1, 0.0933434
69.025, 1, 0.0933434
69.05, 1, 0.0933434
69.075, 1, 0.0926922
69.1, 1, 0.0926922
69.125, 1, 0.0926922
69.15, 1, 0.0926922
69.175, 1, 0.0920634
69.2, 1, 0.0920634
69.225, 1, 0.0920634
69.25, 1, 0.0920634
69.275, 1, 0.0920634
69.3, 1, 0.0920634
69.325, 1, 0.0915853
69.35, 1, 0.0915853
69.375, 1, 0.0915853
69.4, 1, 0.0911279
69.425, 1, 0.0908073
69.45, 1, 0.0905941
69.475, 1, 0.0905941
69.5, 1, 0.0905941
69.525, 1, 0.0903559
69.55, 1, 0.0901457
69.575, 1, 0.0901457
69.6, 1, 0.0901457
69.625, 1, 0.0901457
69.65, 1, 0.0901457
69.675, 1, 0.0901457
69.7, 1, 0.0901457
69.725, 1, 0.0901457
69.75, 1, 0.0901457
69.775, 1, 0.0902763
69.8, 1, 0.0902763
69.825, 1, 0.0902763
69.85, 1, 0.0902763
69.875, 1, 0.0902911
69.9, 1, 0.0901728
69.925, 1, 0.0901728
69.95, 1, 0.0899831
69.975, 1, 0.0899831
70, 1, 0.0899831
70.025, 1, 0.0899831
70.05, 1, 0.0897848
70.075, 1, 0.0897848
70.1, 1, 0.0897848
70.125, 1, 0.0897848
70.15, 1, 0.0897848
70.175, 1, 0.089563
70.2, 1, 0.0894491
70.225, 1, 0.0894491
70.25, 1, 0.0894491
70.275, 1, 0.0894491
70.3, 1, 0.0894491
70.325, 1, 0.0893077
70.35, 1, 0.0893077
70.375, 1, 0.0891598
70.4, 1, 0.0891598
70.425, 1, 0.0891598
70.45, 1, 0.0889892
70.475, 1, 0.0887577
70.5, 1, 0.0884196
70.525, 1, 0.0879191
70.55, 1, 0.0872027
70.575, 1, 0.0872027
70.6, 1, 0.0872027
70.625, 1, 0.0872027
70.65, 1, 0.0865926
70.675, 1, 0.0859605
70.7, 1, 0.0859605
70.725, 1, 0.0853386
70.75, 1, 0.0853386
70.775, 1, 0.0853386
70.8, 1, 0.0846789
70.825, 1, 0.0846789
70.85, 1, 0.0846789
70.875, 1, 0.0841313
70.9, 1, 0.0841313
70.925, 1, 0.0837342
70.95, 1, 0.0837342
70.975, 1, 0.0837342
71, 1, 0.0837342
71.025, 1, 0.0833419
71.05, 1, 0.0832825
71.075, 1, 0.0832825
71.1, 1, 0.0833551
71.125, 1, 0.0833551
71.15, 1, 0.0835329
71.175, 1, 0.0835329
71.2, 1, 0.0837952
71.225, 1, 0.0837952
71.25, 1, 0.0837952
71.275, 1, 0.0840343
71.3, 1, 0.0846116
71.325, 1, 0.0854885
71.35, 1, 0.0865586
71.375, 1, 0.0865586
71.4, 1, 0.0875588
71.425, 1, 0.088674
71.45, 1, 0.0898626
71.475, 1, 0.0898626
71.5, 1, 0.0908528
71.525, 1, 0.0908528
71.55, 1, 0.091477
71.575, 1, 0.0917836
71.6, 1, 0.0917836
71.625, 1, 0.0917836
71.65, 1, 0.0917836
71.675, 1, 0.0927185
71.7, 1, 0.0931863
71.725, 1, 0.0932011
71.75, 1, 0.0932011
71.775, 1, 0.0932011
71.8, 1, 0.0930672
71.825, 1, 0.0930672
71.85, 1, 0.0930672
71.875, 1, 0.0930672
71.9, 1, 0.0930672
71.925, 1, 0.0930672
71.95, 1, 0.0933003
71.975, 1, 0.0934817
72, 1, 0.0936651
72.025, 1, 0.0936651
72.05, 1, 0.0936651
72.075, 1, 0.0937833
72.1, 1, 0.0939772
72.125, 1, 0.0942449
72.15, 1, 0.0945721
72.175, 1, 0.0949437
72.2, 1, 0.095362
72.225, 1, 0.0958273
72.25, 1, 0.0958273
72.275, 1, 0.0958273
72.3, 1, 0.096296
72.325, 1, 0.0968366
72.35, 1, 0.0968366
72.375, 1, 0.0973378
72.4, 1, 0.0973378
72.425, 1, 0.0973378
72.45, 1, 0.0973378
72.475, 1, 0.0973378
72.5, 1, 0.0973378
72.525, 1, 0.0973378
72.55, 1, 0.0973378
72.575, 1, 0.0983983
72.6, 1, 0.0983983
72.625, 1, 0.0993011
72.65, 1, 0.100098
72.675, 1, 0.100098
72.7, 1, 0.100098
72.725, 1, 0.100098
72.75, 1, 0.100098
72.775, 1, 0.100098
72.8, 1, 0.100098
72.825, 1, 0.100098
72.85, 1, 0.100098
72.875, 1, 0.100098
72.9, 1, 0.100098
72.925, 1, 0.100098
72.95, 1, 0.101408
72.975, 1, 0.101408
73, 1, 0.101408
73.025, 1, 0.101408
73.05, 1, 0.101408
73.075, 1, 0.101408
73.1, 1, 0.102263
73.125, 1, 0.102263
73.15, 1, 0.102822
73.175, 1, 0.103203
73.2, 1, 0.103203
73.225, 1, 0.103203
73.25, 1, 0.103481
73.275, 1, 0.10373
73.3, 1, 0.103969
73.325, 1, 0.104217
73.35, 1, 0.104485
73.375, 1, 0.104782
73.4, 1, 0.104782
73.425, 1, 0.104782
73.45, 1, 0.104782
73.475, 1, 0.104782
73.5, 1, 0.104782
73.525, 1, 0.105065
73.55, 1, 0.105425
73.575, 1, 0.105425
73.6, 1, 0.105824
73.625, 1, 0.105824
73.65, 1, 0.106246
73.675, 1, 0.106732
73.7, 1, 0.106732
73.725, 1, 0.107213
73.75, 1, 0.107213
73.775, 1, 0.107679
73.8, 1, 0.107679
73.825, 1, 0.107679
73.85, 1, 0.107679
73.875, 1, 0.107679
73.9, 1, 0.108055
73.925, 1, 0.108055
73.95, 1, 0.108322
73.975, 1, 0.108491
74, 1, 0.108491
74.025, 1, 0.108491
74.05, 1, 0.108491
74.075, 1, 0.108491
74.1, 1, 0.108491
74.125, 1, 0.108589
74.15, 1, 0.108589
74.175, 1, 0.108589
74.2, 1, 0.108589
74.225, 1, 0.108589
74.25, 1, 0.108589
74.275, 1, 0.108665
74.3, 1, 0.108665
74.325, 1, 0.108665
74.35, 1, 0.108697
74.375, 1, 0.108739
74.4, 1, 0.108794
74.425, 1, 0.108794
74.45, 1, 0.108794
74.475, 1, 0.108794
74.5, 1, 0.108794
74.525, 1, 0.108794
74.55, 1, 0.108814
74.575, 1, 0.108944
74.6, 1, 0.108944
74.625, 1, 0.109118
74.65, 1, 0.109118
74.675, 1, 0.109118
74.7, 1, 0.109302
74.725, 1, 0.109302
74.75, 1, 0.109535
74.775, 1, 0.109535
74.8, 1, 0.109804
74.825, 1, 0.110159
74.85, 1, 0.110159
74.875, 1, 0.110159
74.9, 1, 0.110472
74.925, 1, 0.110472
74.95, 1, 0.110472
74.975, 1, 0.110472
75, 1, 0.110774
75.025, 1, 0.110774
75.05, 1, 0.111041
75.075, 1, 0.11128
75.1, 1, 0.11128
75.125, 1, 0.11128
75.15, 1, 0.11128
75.175, 1, 0.11128
75.2, 1, 0.111331
75.225, 1, 0.111185
75.25, 1, 0.110873
75.275, 1, 0.110873
75.3, 1, 0.110489
75.325, 1, 0.110489
75.35, 1, 0.110041
75.375, 1, 0.110041
75.4, 1, 0.110041
75.425, 1, 0.109467
75.45, 1, 0.109467
75.475, 1, 0.109467
75.5, 1, 0.109467
75.525, 1, 0.109467
75.55, 1, 0.109467
75.575, 1, 0.109467
75.6, 1, 0.109467
75.625, 1, 0.108866
75.65, 1, 0.108453
75.675, 1, 0.108195
75.7, 1, 0.108195
75.725, 1, 0.108195
75.75, 1, 0.108195
75.775, 1, 0.108195
75.8, 1, 0.107974
75.825, 1, 0.107939
75.85, 1, 0.108076
75.875, 1, 0.10837
75.9, 1, 0.10837
75.925, 1, 0.108681
75.95, 1, 0.108681
75.975, 1, 0.108681
76, 1, 0.108949
76.025, 1, 0.108949
76.05, 1, 0.109186
76.075, 1, 0.109186
76.1, 1, 0.10936
76.125, 1, 0.109502
76.15, 1, 0.109502
76.175, 1, 0.109434
76.2, 1, 0.109159
76.225, 1, 0.108607
76.25, 1, 0.107815
76.275, 1, 0.106859
76.3, 1, 0.105801
76.325, 1, 0.105801
76.35, 1, 0.105801
76.375, 1, 0.104834
76.4, 1, 0.103784
76.425, 1, 0.103784
76.45, 1, 0.103784
76.475, 1, 0.102662
76.5, 1, 0.102662
76.525, 1, 0.101652
76.55, 1, 0.101652
76.575, 1, 0.101652
76.6, 1, 0.100788
76.625, 1, 0.100788
76.65, 1, 0.100788
76.675, 1, 0.0999385
76.7, 1, 0.0992885
76.725, 1, 0.0992885
76.75, 1, 0.0987345
76.775, 1, 0.0983766
76.8, 1, 0.0983766
76.825, 1, 0.0983766
76.85, 1, 0.0983766
76.875, 1, 0.0983766
76.9, 1, 0.0983766
76.925, 1, 0.0982669
76.95, 1, 0.0984313
76.975, 1, 0.0988251
77, 1, 0.099403
77.025, 1, 0.099403
77.05, 1, 0.0999935
77.075, 1, 0.100709
77.1, 1, 0.100709
77.125, 1, 0.100709
77.15, 1, 0.101335
77.175, 1, 0.101335
77.2, 1, 0.101842
77.225, 1, 0.101842
77.25, 1, 0.101842
77.275, 1, 0.102153
77.3, 1, 0.102153
77.325, 1, 0.102276
77.35, 1, 0.102242
77.375, 1, 0.10204
77.4, 1, 0.10204
77.425, 1, 0.10204
77.45, 1, 0.101578
77.475, 1, 0.101578
77.5, 1, 0.101578
77.525, 1, 0.101578
77.55, 1, 0.101578
77.575, 1, 0.101578
77.6, 1, 0.101813
77.625, 1, 0.101813
77.65, 1, 0.101813
77.675, 1, 0.101845
77.7, 1, 0.101845
77.725, 1, 0.101845
77.75, 1, 0.101845
77.775, 1, 0.101845
77.8, 1, 0.101845
77.825, 1, 0.10171
77.85, 1, 0.10171
77.875, 1, 0.101587
77.9, 1, 0.101554
77.925, 1, 0.101554
77.95, 1, 0.101554
77.975, 1, 0.101554
78, 1, 0.101499
78.025, 1, 0.101576
78.05, 1, 0.101576
78.075, 1, 0.101693
78.1, 1, 0.101693
78.125, 1, 0.101827
78.15, 1, 0.101827
78.175, 1, 0.101827
78.2, 1, 0.101827
78.225, 1, 0.101827
78.25, 1, 0.102144
78.275, 1, 0.102144
78.3, 1, 0.102144
78.325, 1, 0.102144
78.35, 1, 0.102436
78.375, 1, 0.102436
78.4, 1, 0.10268
78.425, 1, 0.102948
78.45, 1, 0.103196
78.475, 1, 0.103196
78.5, 1, 0.103295
78.525, 1, 0.103295
78.55, 1, 0.103229
78.575, 1, 0.103229
78.6, 1, 0.103007
78.625, 1, 0.103007
78.65, 1, 0.103007
78.675, 1, 0.103007
78.7, 1, 0.103007
78.725, 1, 0.102662
78.75, 1, 0.102662
78.775, 1, 0.102662
78.8, 1, 0.102052
78.825, 1, 0.101261
78.85, 1, 0.101261
78.875, 1, 0.100589
78.9, 1, 0.100589
78.925, 1, 0.100589
78.95, 1, 0.100589
78.975, 1, 0.0998487
79, 1, 0.0998487
79.025, 1, 0.09911
79.05, 1, 0.0984375
79.075, 1, 0.0978179
79.1, 1, 0.0978179
79.125, 1, 0.0978179
79.15, 1, 0.0978179
79.175, 1, 0.0978179
79.2, 1, 0.0978179
79.225, 1, 0.0973026
79.25, 1, 0.0973026
79.275, 1, 0.0968879
79.3, 1, 0.0968879
79.325, 1, 0.0968879
79.35, 1, 0.0968879
79.375, 1, 0.0964945
79.4, 1, 0.0962991
79.425, 1, 0.0962671
79.45, 1, 0.0963586
79.475, 1, 0.0963586
79.5, 1, 0.0963903
79.525, 1, 0.0964569
79.55, 1, 0.0965067
79.575, 1, 0.0965067
79.6, 1, 0.0963913
79.625, 1, 0.0963913
79.65, 1, 0.0960026
79.675, 1, 0.0960026
79.7, 1, 0.0953717
79.725, 1, 0.0944747
79.75, 1, 0.0932615
79.775, 1, 0.0932615
79.8, 1, 0.0919691
79.825, 1, 0.0905482
79.85, 1, 0.0891174
79.875, 1, 0.0877393
79.9, 1, 0.0864667
79.925, 1, 0.0864667
79.95, 1, 0.0864667
79.975, 1, 0.0864667
80, 1, 0.0864667
80.025, 1, 0.0864667
80.05, 1, 0.0864667
80.075, 1, 0.0864667
80.1, 1, 0.0853443
80.125, 1, 0.0853443
80.15, 1, 0.0845853
80.175, 1, 0.0845853
80.2, 1, 0.0845853
80.225, 1, 0.0845853
80.25, 1, 0.0845853
80.275, 1, 0.0845853
80.3, 1, 0.0839657
80.325, 1, 0.0839657
80.35, 1, 0.0839657
80.375, 1, 0.0839657
80.4, 1, 0.083389
80.425, 1, 0.0837823
80.45, 1, 0.0837823
80.475, 1, 0.0837823
80.5, 1, 0.0837823
80.525, 1, 0.0841677
80.55, 1, 0.0852344
80.575, 1, 0.0867815
80.6, 1, 0.0867815
80.625, 1, 0.0883427
80.65, 1, 0.0901074
80.675, 1, 0.0919862
80.7, 1, 0.093941
80.725, 1, 0.095942
80.75, 1, 0.095942
80.775, 1, 0.0978866
80.8, 1, 0.0999029
80.825, 1, 0.0999029
80.85, 1, 0.0999029
80.875, 1, 0.101786
80.9, 1, 0.101786
80.925, 1, 0.103554
80.95, 1, 0.105354
80.975, 1, 0.10716
81, 1, 0.10716
81.025, 1, 0.10716
81.05, 1, 0.10716
81.075, 1, 0.108625
81.1, 1, 0.108625
81.125, 1, 0.108625
81.15, 1, 0.109675
81.175, 1, 0.109675
81.2, 1, 0.110328
81.225, 1, 0.110328
81.25, 1, 0.110602
81.275, 1, 0.110602
81.3, 1, 0.110602
81.325, 1, 0.110602
81.35, 1, 0.110483
81.375, 1, 0.110483
81.4, 1, 0.110483
81.425, 1, 0.110111
81.45, 1, 0.110111
81.475, 1, 0.10954
81.5, 1, 0.10954
81.525, 1, 0.108813
81.55, 1, 0.108813
81.575, 1, 0.108813
81.6, 1, 0.108813
81.625, 1, 0.107852
81.65, 1, 0.106859
81.675, 1, 0.105885
81.7, 1, 0.105885
81.725, 1, 0.104957
81.75, 1, 0.104957
81.775, 1, 0.104068
81.8, 1, 0.103299
81.825, 1, 0.103299
81.85, 1, 0.102562
81.875, 1, 0.101935
81.9, 1, 0.101401
81.925, 1, 0.100951
81.95, 1, 0.100951
81.975, 1, 0.100512
82, 1, 0.100146
82.025, 1, 0.0998408
82.05, 1, 0.099582
82.075, 1, 0.099582
82.1, 1, 0.0993002
82.125, 1, 0.0993002
82.15, 1, 0.0989864
82.175, 1, 0.0986608
82.2, 1, 0.098304
82.225, 1, 0.0978932
82.25, 1, 0.0978932
82.275, 1, 0.0978932
82.3, 1, 0.0976676
82.325, 1, 0.0973169
82.35, 1, 0.0973169
82.375, 1, 0.0968647
82.4, 1, 0.0962593
82.425, 1, 0.0962593
82.45, 1, 0.0962593
82.475, 1, 0.0959564
82.5, 1, 0.095633
82.525, 1, 0.095633
82.55, 1, 0.0953042
82.575, 1, 0.094932
82.6, 1, 0.094932
82.625, 1, 0.094932
82.65, 1, 0.0945288
82.675, 1, 0.0945288
82.7, 1, 0.0945288
82.725, 1, 0.0945288
82.75, 1, 0.0945288
82.775, 1, 0.0941427
82.8, 1, 0.093894
82.825, 1, 0.0937676
82.85, 1, 0.0937442
82.875, 1, 0.0938107
82.9, 1, 0.0939585
82.925, 1, 0.0941802
82.95, 1, 0.0944614
82.975, 1, 0.0944614
83, 1, 0.0944614
83.025, 1, 0.0948498
83.05, 1, 0.0948498
83.075, 1, 0.0952196
83.1, 1, 0.0956764
83.125, 1, 0.0956764
83.15, 1, 0.0956764
83.175, 1, 0.0956764
83.2, 1, 0.0964796
83.225, 1, 0.0973389
83.25, 1, 0.0973389
83.275, 1, 0.0981404
83.3, 1, 0.0981404
83.325, 1, 0.0981404
83.35, 1, 0.0981404
83.375, 1, 0.0989167
83.4, 1, 0.0989167
83.425, 1, 0.0995435
83.45, 1, 0.0995435
83.475, 1, 0.0995435
83.5, 1, 0.100094
83.525, 1, 0.100094
83.55, 1, 0.100094
83.575, 1, 0.100094
83.6, 1, 0.100094
83.625, 1, 0.100094
83.65, 1, 0.100701
83.675, 1, 0.100701
83.7, 1, 0.100701
83.725, 1, 0.101106
83.75, 1, 0.10132
83.775, 1, 0.10132
83.8, 1, 0.10132
83.825, 1, 0.10132
83.85, 1, 0.10132
83.875, 1, 0.10132
83.9, 1, 0.101229
83.925, 1, 0.10096
83.95, 1, 0.10096
83.975, 1, 0.10096
84, 1, 0.100606
84.025, 1, 0.100606
84.05, 1, 0.100606
84.075, 1, 0.100217
84.1, 1, 0.100217
84.125, 1, 0.0998473
84.15, 1, 0.0998473
84.175, 1, 0.0998473
84.2, 1, 0.0994692
84.225, 1, 0.0992081
84.25, 1, 0.0992081
84.275, 1, 0.0992081
84.3, 1, 0.0992081
84.325, 1, 0.0992081
84.35, 1, 0.0991019
84.375, 1, 0.0991019
84.4, 1, 0.0991019
84.425, 1, 0.0991019
84.45, 1, 0.0990304
84.475, 1, 0.0990304
84.5, 1, 0.0990304
84.525, 1, 0.0990304
84.55, 1, 0.098964
84.575, 1, 0.098964
84.6, 1, 0.0988777
84.625, 1, 0.0988168
84.65, 1, 0.0988168
84.675, 1, 0.0986887
84.7, 1, 0.0985209
84.725, 1, 0.0982887
84.75, 1, 0.0982887
84.775, 1, 0.0982887
84.8, 1, 0.0982887
84.825, 1, 0.0982887
84.85, 1, 0.0982887
84.875, 1, 0.0981706
84.9, 1, 0.0979637
84.925, 1, 0.0976622
84.95, 1, 0.0972679
84.975, 1, 0.0972679
85, 1, 0.0972679
85.025, 1, 0.0972679
85.05, 1, 0.0972679
85.075, 1, 0.0969369
85.1, 1, 0.0969369
85.125, 1, 0.0969369
85.15, 1, 0.0969369
85.175, 1, 0.0966026
85.2, 1, 0.0966026
85.225, 1, 0.0966026
85.25, 1, 0.0966026
85.275, 1, 0.096276
85.3, 1, 0.096276
85.325, 1, 0.096276
85.35, 1, 0.0959725
85.375, 1, 0.0959725
85.4, 1, 0.0957188
85.425, 1, 0.0957188
85.45, 1, 0.0957188
85.475, 1, 0.0954617
85.5, 1, 0.0953707
85.525, 1, 0.0954388
85.55, 1, 0.0956333
85.575, 1, 0.0956333
85.6, 1, 0.0956333
85.625, 1, 0.0956333
85.65, 1, 0.0958874
85.675, 1, 0.0961437
85.7, 1, 0.0963548
85.725, 1, 0.0964732
85.75, 1, 0.0964732
85.775, 1, 0.0964732
85.8, 1, 0.0965586
85.825, 1, 0.0965586
85.85, 1, 0.0965586
85.875, 1, 0.0965586
85.9, 1, 0.0965586
85.925, 1, 0.0965586
85.95, 1, 0.0968799
85.975, 1, 0.0969367
86, 1, 0.0969367
86.025, 1, 0.0968579
86.05, 1, 0.0968579
86.075, 1, 0.0968579
86.1, 1, 0.0967786
86.125, 1, 0.0967786
86.15, 1, 0.0966715
86.175, 1, 0.0965633
86.2, 1, 0.0964089
86.225, 1, 0.0964089
86.25, 1, 0.0961738
86.275, 1, 0.0961738
86.3, 1, 0.0961738
86.325, 1, 0.0959727
86.35, 1, 0.0959012
86.375, 1, 0.0959012
86.4, 1, 0.0958754
86.425, 1, 0.0958754
86.45, 1, 0.0958754
86.475, 1, 0.0958754
86.5, 1, 0.0958828
86.525, 1, 0.0958828
86.55, 1, 0.0958828
86.575, 1, 0.0958828
86.6, 1, 0.0958905
86.625, 1, 0.0958905
86.65, 1, 0.0958905
86.675, 1, 0.0958905
86.7, 1, 0.0959259
86.725, 1, 0.0959259
86.75, 1, 0.095968
86.775, 1, 0.095968
86.8, 1, 0.095968
86.825, 1, 0.095968
86.85, 1, 0.0959566
86.875, 1, 0.0959552
86.9, 1, 0.0959187
86.925, 1, 0.0959187
86.95, 1, 0.0957298
86.975, 1, 0.0957298
87, 1, 0.0957298
87.025, 1, 0.0954388
87.05, 1, 0.0954388
87.075, 1, 0.0954388
87.1, 1, 0.0954388
87.125, 1, 0.0954388
87.15, 1, 0.0954388
87.175, 1, 0.0953246
87.2, 1, 0.0949754
87.225, 1, 0.0949754
87.25, 1, 0.0949754
87.275, 1, 0.0949754
87.3, 1, 0.0949754
87.325, 1, 0.0949754
87.35, 1, 0.0946197
87.375, 1, 0.0942632
87.4, 1, 0.0942632
87.425, 1, 0.0942632
87.45, 1, 0.0942632
87.475, 1, 0.0938309
87.5, 1, 0.0934557
87.525, 1, 0.0934557
87.55, 1, 0.0934557
87.575, 1, 0.0930769
87.6, 1, 0.0928856
87.625, 1, 0.0928888
87.65, 1, 0.0928888
87.675, 1, 0.0928888
87.7, 1, 0.0928932
87.725, 1, 0.0928932
87.75, 1, 0.0928932
87.775, 1, 0.0929112
87.8, 1, 0.0929112
87.825, 1, 0.0929398
87.85, 1, 0.0930651
87.875, 1, 0.0932675
87.9, 1, 0.0932675
87.925, 1, 0.0932675
87.95, 1, 0.0934389
87.975, 1, 0.0934389
88, 1, 0.0935435
88.025, 1, 0.0936174
88.05, 1, 0.0936174
88.075, 1, 0.0936174
88.1, 1, 0.0936407
88.125, 1, 0.0935564
88.15, 1, 0.0933592
88.175, 1, 0.0930556
88.2, 1, 0.0930556
88.225, 1, 0.0930556
88.25, 1, 0.0930556
88.275, 1, 0.0930556
88.3, 1, 0.0930556
88.325, 1, 0.0930556
88.35, 1, 0.0930649
88.375, 1, 0.0930649
88.4, 1, 0.0930121
88.425, 1, 0.0929234
88.45, 1, 0.0929234
88.475, 1, 0.0928136
88.5, 1, 0.0927088
88.525, 1, 0.0926144
88.55, 1, 0.0926144
88.575, 1, 0.0925061
88.6, 1, 0.0925061
88.625, 1, 0.0925061
88.65, 1, 0.0924155
88.675, 1, 0.0924503
88.7, 1, 0.0924503
88.725, 1, 0.0925233
88.75, 1, 0.0925233
88.775, 1, 0.0925787
88.8, 1, 0.0925787
88.825, 1, 0.0925787
88.85, 1, 0.0925787
88.875, 1, 0.0925787
88.9, 1, 0.0925787
88.925, 1, 0.0925787
88.95, 1, 0.0927744
88.975, 1, 0.0927744
89, 1, 0.0927744
89.025, 1, 0.0927744
89.05, 1, 0.0930317
89.075, 1, 0.0933326
89.1, 1, 0.0933326
89.125, 1, 0.0933326
89.15, 1, 0.0936076
89.175, 1, 0.0936076
89.2, 1, 0.0936076
89.225, 1, 0.0936076
89.25, 1, 0.0936076
89.275, 1, 0.0936076
89.3, 1, 0.0936076
89.325, 1, 0.0936076
89.35, 1, 0.0936076
89.375, 1, 0.0941872
89.4, 1, 0.0946386
89.425, 1, 0.0949517
89.45, 1, 0.0949517
89.475, 1, 0.0951278
89.5, 1, 0.0951278
89.525, 1, 0.0951278
89.55, 1, 0.0951953
89.575, 1, 0.0951953
89.6, 1, 0.0951747
89.625, 1, 0.0951747
89.65, 1, 0.0951053
89.675, 1, 0.0951053
89.7, 1, 0.0950025
89.725, 1, 0.0950025
89.75, 1, 0.0950025
89.775, 1, 0.0950025
89.8, 1, 0.0948451
89.825, 1, 0.0947193
89.85, 1, 0.0947193
89.875, 1, 0.0945788
89.9, 1, 0.0945141
89.925, 1, 0.0945141
89.95, 1, 0.0944945
89.975, 1, 0.0944945
