20, 0, 0, 0, 0
20.025, 1, 1, 0, 0
20.05, 1, 1, -0.0308484, -2.80702e-06
20.075, 1, 1, -0.0308484, -2.80702e-06
20.1, 1, 1, -0.0558609, -6.50139e-05
20.125, 1, 1, -0.0982327, 9.96921e-05
20.15, 1, 1, -0.0982327, 9.96921e-05
20.175, 1, 1, -0.131297, 0.000161061
20.2, 1, 1, -0.131297, 0.000161061
20.225, 1, 1, -0.131297, 0.000161061
20.25, 1, 1, -0.16287, 0.000215703
20.275, 1, 1, -0.193264, 0.00026704
20.3, 1, 1, -0.193264, 0.00026704
20.325, 1, 1, -0.222592, 0.000315991
20.35, 1, 1, -0.250944, 0.000363357
20.375, 1, 1, -0.278373, 0.00040941
20.4, 1, 1, -0.278373, 0.00040941
20.425, 1, 1, -0.278373, 0.00040941
20.45, 1, 1, -0.278373, 0.00040941
20.475, 1, 1, -0.278373, 0.00040941
20.5, 1, 1, -0.278373, 0.00040941
20.525, 1, 1, -0.278373, 0.00040941
20.55, 1, 1, -0.278373, 0.00040941
20.575, 1, 1, -0.278373, 0.00040941
20.6, 1, 1, -0.304846, 0.000453773
20.625, 1, 1, -0.330438, 0.000496671
20.65, 1, 1, -0.330438, 0.000496671
20.675, 1, 1, -0.355191, 0.000538217
20.7, 1, 1, -0.355191, 0.000538217
20.725, 1, 1, -0.355191, 0.000538217
20.75, 1, 1, -0.355191, 0.000538217
20.775, 1, 1, -0.379278, 0.000578238
20.8, 1, 1, -0.402538, 0.000617006
20.825, 1, 1, -0.402538, 0.000617006
20.85, 1, 1, -0.402538, 0.000617006
20.875, 1, 1, -0.427496, 0.000650484
20.9, 1, 1, -0.454329, 0.000678325
20.925, 1, 1, -0.481964, 0.000702825
20.95, 1, 1, -0.481964, 0.000702825
20.975, 1, 1, -0.507916, 0.000726535
21, 1, 1, -0.532106, 0.000753198
21.025, 1, 1, -0.532106, 0.000753198
21.05, 1, 1, -0.532106, 0.000753198
21.075, 1, 1, -0.532106, 0.000753198
21.1, 1, 1, -0.552159, 0.000757226
21.125, 1, 1, -0.552159, 0.000757226
21.15, 1, 1, -0.552159, 0.000757226
21.175, 1, 1, -0.570336, 0.000802001
21.2, 1, 1, -0.587614, 0.000923883
21.225, 1, 1, -0.604112, 0.0010872
21.25, 1, 1, -0.604112, 0.0010872
21.275, 1, 1, -0.604112, 0.0010872
21.3, 1, 1, -0.619341, 0.00111833
21.325, 1, 1, -0.619341, 0.00111833
21.35, 1, 1, -0.619341, 0.00111833
21.375, 1, 1, -0.633552, 0.00113048
21.4, 1, 1, -0.633552, 0.00113048
21.425, 1, 1, -0.633552, 0.00113048
21.45, 1, 1, -0.646951, 0.00120442
21.475, 1, 1, -0.659975, 0.00150224
21.5, 1, 1, -0.67258, 0.00185229
21.525, 1, 1, -0.684765, 0.00220542
21.55, 1, 1, -0.69654, 0.00256382
21.575, 1, 1, -0.707912, 0.00292326
21.6, 1, 1, -0.707912, 0.00292326
21.625, 1, 1, -0.707912, 0.00292326
21.65, 1, 1, -0.718458, 0.00293654
21.675, 1, 1, -0.718458, 0.00293654
21.7, 1, 1, -0.728527, 0.0029257
21.725, 1, 1, -0.738307, 0.00302494
21.75, 1, 1, -0.738307, 0.00302494
21.775, 1, 1, -0.738307, 0.00302494
21.8, 1, 1, -0.738307, 0.00302494
21.825, 1, 1, -0.747712, 0.00308012
21.85, 1, 1, -0.75681, 0.00314427
21.875, 1, 1, -0.76562, 0.00323146
21.9, 1, 1, -0.76562, 0.00323146
21.925, 1, 1, -0.76562, 0.00323146
21.95, 1, 1, -0.76562, 0.00323146
21.975, 1, 1, -0.773659, 0.00291582
22, 1, 1, -0.781647, 0.00288842
22.025, 1, 1, -0.781647, 0.00288842
22.05, 1, 1, -0.789395, 0.00291572
22.075, 1, 1, -0.796937, 0.00300916
22.1, 1, 1, -0.796937, 0.00300916
22.125, 1, 1, -0.796937, 0.00300916
22.15, 1, 1, -0.796937, 0.00300916
22.175, 1, 1, -0.804016, 0.00292941
22.2, 1, 1, -0.811171, 0.00322102
22.225, 1, 1, -0.818371, 0.00383747
22.25, 1, 1, -0.818371, 0.00383747
22.275, 1, 1, -0.825545, 0.00468545
22.3, 1, 1, -0.832673, 0.00572822
22.325, 1, 1, -0.839792, 0.00699488
22.35, 1, 1, -0.839792, 0.00699488
22.375, 1, 1, -0.839792, 0.00699488
22.4, 1, 1, -0.848041, 0.00962643
22.425, 1, 1, -0.856027, 0.0122092
22.45, 1, 1, -0.863883, 0.0148644
22.475, 1, 1, -0.863883, 0.0148644
22.5, 1, 1, -0.863883, 0.0148644
22.525, 1, 1, -0.863883, 0.0148644
22.55, 1, 1, -0.870645, 0.0165914
22.575, 1, 1, -0.877003, 0.0180856
22.6, 1, 1, -0.877003, 0.0180856
22.625, 1, 1, -0.877003, 0.0180856
22.65, 1, 1, -0.877003, 0.0180856
22.675, 1, 1, -0.877003, 0.0180856
22.7, 1, 1, -0.877003, 0.0180856
22.725, 1, 1, -0.877003, 0.0180856
22.75, 1, 1, -0.877003, 0.0180856
22.775, 1, 1, -0.877003, 0.0180856
22.8, 1, 1, -0.877003, 0.0180856
22.825, 1, 1, -0.881583, 0.0179576
22.85, 1, 1, -0.885976, 0.0178008
22.875, 1, 1, -0.885976, 0.0178008
22.9, 1, 1, -0.885976, 0.0178008
22.925, 1, 1, -0.885976, 0.0178008
22.95, 1, 1, -0.890185, 0.0176098
22.975, 1, 1, -0.890185, 0.0176098
23, 1, 1, -0.894323, 0.017495
23.025, 1, 1, -0.894323, 0.017495
23.05, 1, 1, -0.898341, 0.0174008
23.075, 1, 1, -0.902177, 0.0172626
23.1, 1, 1, -0.902177, 0.0172626
23.125, 1, 1, -0.905853, 0.0170984
23.15, 1, 1, -0.90932, 0.0168562
23.175, 1, 1, -0.90932, 0.0168562
23.2, 1, 1, -0.912667, 0.0166187
23.225, 1, 1, -0.915843, 0.0163329
23.25, 1, 1, -0.915843, 0.0163329
23.275, 1, 1, -0.915843, 0.0163329
23.3, 1, 1, -0.919017, 0.0161686
23.325, 1, 1, -0.922004, 0.0159393
23.35, 1, 1, -0.922004, 0.0159393
23.375, 1, 1, -0.924972, 0.015817
23.4, 1, 1, -0.924972, 0.015817
23.425, 1, 1, -0.927985, 0.0158704
23.45, 1, 1, -0.930887, 0.0159591
23.475, 1, 1, -0.933755, 0.0161754
23.5, 1, 1, -0.936673, 0.0166022
23.525, 1, 1, -0.936673, 0.0166022
23.55, 1, 1, -0.936673, 0.0166022
23.575, 1, 1, -0.936673, 0.0166022
23.6, 1, 1, -0.936673, 0.0166022
23.625, 1, 1, -0.936673, 0.0166022
23.65, 1, 1, -0.940724, 0.0182938
23.675, 1, 1, -0.944447, 0.0198281
23.7, 1, 1, -0.947951, 0.0212762
23.725, 1, 1, -0.951309, 0.0226852
23.75, 1, 1, -0.954556, 0.0240616
23.775, 1, 1, -0.954556, 0.0240616
23.8, 1, 1, -0.957648, 0.0253395
23.825, 1, 1, -0.957648, 0.0253395
23.85, 1, 1, -0.957648, 0.0253395
23.875, 1, 1, -0.960526, 0.0264401
23.9, 1, 1, -0.963612, 0.0277795
23.925, 1, 1, -0.966929, 0.0293805
23.95, 1, 1, -0.966929, 0.0293805
23.975, 1, 1, -0.966929, 0.0293805
24, 1, 1, -0.966929, 0.0293805
24.025, 1, 1, -0.971674, 0.0324015
24.05, 1, 1, -0.971674, 0.0324015
24.075, 1, 1, -0.977223, 0.0362399
24.1, 1, 1, -0.977223, 0.0362399
24.125, 1, 1, -0.983803, 0.0411136
24.15, 1, 1, -0.983803, 0.0411136
24.175, 1, 1, -0.9913, 0.0469173
24.2, 1, 1, -0.9913, 0.0469173
24.225, 1, 1, -0.9913, 0.0469173
24.25, 1, 1, -0.998572, 0.0525509
24.275, 1, 1, -0.998572, 0.0525509
24.3, 1, 1, -0.998572, 0.0525509
24.325, 1, 1, -0.998572, 0.0525509
24.35, 1, 1, -0.998572, 0.0525509
24.375, 1, 1, -0.998572, 0.0525509
24.4, 1, 1, -1.00417, 0.0566122
24.425, 1, 1, -1.00909, 0.0599626
24.45, 1, 1, -1.01358, 0.0628588
24.475, 1, 1, -1.01358, 0.0628588
24.5, 1, 1, -1.01358, 0.0628588
24.525, 1, 1, -1.01358, 0.0628588
24.55, 1, 1, -1.01743, 0.065196
24.575, 1, 1, -1.01743, 0.065196
24.6, 1, 1, -1.02124, 0.0674629
24.625, 1, 1, -1.02124, 0.0674629
24.65, 1, 1, -1.02124, 0.0674629
24.675, 1, 1, -1.02124, 0.0674629
24.7, 1, 1, -1.0253, 0.0700106
24.725, 1, 1, -1.02871, 0.0718078
24.75, 1, 1, -1.02871, 0.0718078
24.775, 1, 1, -1.03208, 0.0735817
24.8, 1, 1, -1.03514, 0.0750468
24.825, 1, 1, -1.03802, 0.0763541
24.85, 1, 1, -1.03802, 0.0763541
24.875, 1, 1, -1.04082, 0.0776301
24.9, 1, 1, -1.04349, 0.0788158
24.925, 1, 1, -1.04349, 0.0788158
24.95, 1, 1, -1.04349, 0.0788158
24.975, 1, 1, -1.04579, 0.0797065
25, 1, 1, -1.04579, 0.0797065
25.025, 1, 1, -1.04579, 0.0797065
25.05, 1, 1, -1.04579, 0.0797065
25.075, 1, 1, -1.04579, 0.0797065
25.1, 1, 1, -1.04579, 0.0797065
25.125, 1, 1, -1.04729, 0.0798666
25.15, 1, 1, -1.04882, 0.0801277
25.175, 1, 1, -1.05039, 0.0804793
25.2, 1, 1, -1.05197, 0.0808973
25.225, 1, 1, -1.05356, 0.0813684
25.25, 1, 1, -1.05356, 0.0813684
25.275, 1, 1, -1.05356, 0.0813684
25.3, 1, 1, -1.05356, 0.0813684
25.325, 1, 1, -1.05544, 0.0821887
25.35, 1, 1, -1.05544, 0.0821887
25.375, 1, 1, -1.05544, 0.0821887
25.4, 1, 1, -1.05544, 0.0821887
25.425, 1, 1, -1.05829, 0.0840394
25.45, 1, 1, -1.05829, 0.0840394
25.475, 1, 1, -1.06157, 0.0863866
25.5, 1, 1, -1.06452, 0.0884544
25.525, 1, 1, -1.06452, 0.0884544
25.55, 1, 1, -1.06452, 0.0884544
25.575, 1, 1, -1.06734, 0.0904198
25.6, 1, 1, -1.06734, 0.0904198
25.625, 1, 1, -1.06734, 0.0904198
25.65, 1, 1, -1.06734, 0.0904198
25.675, 1, 1, -1.06734, 0.0904198
25.7, 1, 1, -1.06734, 0.0904198
25.725, 1, 1, -1.06734, 0.0904198
25.75, 1, 1, -1.06734, 0.0904198
25.775, 1, 1, -1.06754, 0.0897663
25.8, 1, 1, -1.06751, 0.0889128
25.825, 1, 1, -1.06727, 0.0878958
25.85, 1, 1, -1.0669, 0.086769
25.875, 1, 1, -1.0669, 0.086769
25.9, 1, 1, -1.0669, 0.086769
25.925, 1, 1, -1.0669, 0.086769
25.95, 1, 1, -1.06667, 0.0858139
25.975, 1, 1, -1.06632, 0.0847649
26, 1, 1, -1.06632, 0.0847649
26.025, 1, 1, -1.06632, 0.0847649
26.05, 1, 1, -1.06619, 0.0839726
26.075, 1, 1, -1.06596, 0.0831107
26.1, 1, 1, -1.06566, 0.0822118
26.125, 1, 1, -1.06566, 0.0822118
26.15, 1, 1, -1.06566, 0.0822118
26.175, 1, 1, -1.06566, 0.0822118
26.2, 1, 1, -1.06596, 0.0819407
26.225, 1, 1, -1.06596, 0.0819407
26.25, 1, 1, -1.06689, 0.0823587
26.275, 1, 1, -1.06689, 0.0823587
26.3, 1, 1, -1.06689, 0.0823587
26.325, 1, 1, -1.06902, 0.0840369
26.35, 1, 1, -1.06902, 0.0840369
26.375, 1, 1, -1.07165, 0.0862477
26.4, 1, 1, -1.07165, 0.0862477
26.425, 1, 1, -1.07165, 0.0862477
26.45, 1, 1, -1.07165, 0.0862477
26.475, 1, 1, -1.07428, 0.0884896
26.5, 1, 1, -1.07428, 0.0884896
26.525, 1, 1, -1.07688, 0.0907234
26.55, 1, 1, -1.07688, 0.0907234
26.575, 1, 1, -1.07688, 0.0907234
26.6, 1, 1, -1.0794, 0.0928965
26.625, 1, 1, -1.08184, 0.0950057
26.65, 1, 1, -1.0842, 0.0970383
26.675, 1, 1, -1.0842, 0.0970383
26.7, 1, 1, -1.0842, 0.0970383
26.725, 1, 1, -1.08655, 0.0990717
26.75, 1, 1, -1.08882, 0.101029
26.775, 1, 1, -1.09103, 0.102921
26.8, 1, 1, -1.09317, 0.104756
26.825, 1, 1, -1.09525, 0.106529
26.85, 1, 1, -1.09525, 0.106529
26.875, 1, 1, -1.09525, 0.106529
26.9, 1, 1, -1.09525, 0.106529
26.925, 1, 1, -1.09525, 0.106529
26.95, 1, 1, -1.09525, 0.106529
26.975, 1, 1, -1.09659, 0.107601
27, 1, 1, -1.09782, 0.108541
27.025, 1, 1, -1.09897, 0.1094
27.05, 1, 1, -1.10008, 0.110218
27.075, 1, 1, -1.10115, 0.110991
27.1, 1, 1, -1.10216, 0.11172
27.125, 1, 1, -1.10313, 0.112411
27.15, 1, 1, -1.10406, 0.113061
27.175, 1, 1, -1.10498, 0.1137
27.2, 1, 1, -1.10595, 0.114393
27.225, 1, 1, -1.10595, 0.114393
27.25, 1, 1, -1.10736, 0.115509
27.275, 1, 1, -1.10895, 0.116787
27.3, 1, 1, -1.10895, 0.116787
27.325, 1, 1, -1.10895, 0.116787
27.35, 1, 1, -1.10895, 0.116787
27.375, 1, 1, -1.10955, 0.117118
27.4, 1, 1, -1.10955, 0.117118
27.425, 1, 1, -1.10955, 0.117118
27.45, 1, 1, -1.10955, 0.117118
27.475, 1, 1, -1.11031, 0.117609
27.5, 1, 1, -1.11031, 0.117609
27.525, 1, 1, -1.11031, 0.117609
27.55, 1, 1, -1.11126, 0.118283
27.575, 1, 1, -1.11126, 0.118283
27.6, 1, 1, -1.11126, 0.118283
27.625, 1, 1, -1.11126, 0.118283
27.65, 1, 1, -1.11126, 0.118283
27.675, 1, 1, -1.11216, 0.118916
27.7, 1, 1, -1.11288, 0.119345
27.725, 1, 1, -1.11288, 0.119345
27.75, 1, 1, -1.11288, 0.119345
27.775, 1, 1, -1.11357, 0.119753
27.8, 1, 1, -1.11419, 0.120072
27.825, 1, 1, -1.11419, 0.120072
27.85, 1, 1, -1.11419, 0.120072
27.875, 1, 1, -1.11419, 0.120072
27.9, 1, 1, -1.11419, 0.120072
27.925, 1, 1, -1.11419, 0.120072
27.95, 1, 1, -1.11419, 0.120072
27.975, 1, 1, -1.11419, 0.120072
28, 1, 1, -1.11419, 0.120072
28.025, 1, 1, -1.11419, 0.120072
28.05, 1, 1, -1.11419, 0.120072
28.075, 1, 1, -1.11476, 0.120362
28.1, 1, 1, -1.11533, 0.120678
28.125, 1, 1, -1.11533, 0.120678
28.15, 1, 1, -1.11602, 0.121124
28.175, 1, 1, -1.11667, 0.121558
28.2, 1, 1, -1.11729, 0.121989
28.225, 1, 1, -1.11729, 0.121989
28.25, 1, 1, -1.11812, 0.122632
28.275, 1, 1, -1.11812, 0.122632
28.3, 1, 1, -1.11912, 0.123467
28.325, 1, 1, -1.11912, 0.123467
28.35, 1, 1, -1.11912, 0.123467
28.375, 1, 1, -1.12005, 0.124234
28.4, 1, 1, -1.12005, 0.124234
28.425, 1, 1, -1.12005, 0.124234
28.45, 1, 1, -1.12103, 0.125056
28.475, 1, 1, -1.12103, 0.125056
28.5, 1, 1, -1.12103, 0.125056
28.525, 1, 1, -1.12226, 0.12614
28.55, 1, 1, -1.12346, 0.127218
28.575, 1, 1, -1.12346, 0.127218
28.6, 1, 1, -1.12346, 0.127218
28.625, 1, 1, -1.12346, 0.127218
28.65, 1, 1, -1.12465, 0.128275
28.675, 1, 1, -1.12465, 0.128275
28.7, 1, 1, -1.12465, 0.128275
28.725, 1, 1, -1.12465, 0.128275
28.75, 1, 1, -1.12465, 0.128275
28.775, 1, 1, -1.12465, 0.128275
28.8, 1, 1, -1.12465, 0.128275
28.825, 1, 1, -1.12465, 0.128275
28.85, 1, 1, -1.12495, 0.12845
28.875, 1, 1, -1.12531, 0.128706
28.9, 1, 1, -1.12574, 0.129044
28.925, 1, 1, -1.12623, 0.129454
28.95, 1, 1, -1.12679, 0.129947
28.975, 1, 1, -1.12679, 0.129947
29, 1, 1, -1.12679, 0.129947
29.025, 1, 1, -1.12679, 0.129947
29.05, 1, 1, -1.12679, 0.129947
29.075, 1, 1, -1.12679, 0.129947
29.1, 1, 1, -1.12739, 0.13048
29.125, 1, 1, -1.12739, 0.13048
29.15, 1, 1, -1.12739, 0.13048
29.175, 1, 1, -1.12739, 0.13048
29.2, 1, 1, -1.12789, 0.130931
29.225, 1, 1, -1.12837, 0.131353
29.25, 1, 1, -1.12837, 0.131353
29.275, 1, 1, -1.12884, 0.131768
29.3, 1, 1, -1.12884, 0.131768
29.325, 1, 1, -1.12884, 0.131768
29.35, 1, 1, -1.12924, 0.132118
29.375, 1, 1, -1.12924, 0.132118
29.4, 1, 1, -1.12963, 0.132465
29.425, 1, 1, -1.12963, 0.132465
29.45, 1, 1, -1.13002, 0.132808
29.475, 1, 1, -1.13002, 0.132808
29.5, 1, 1, -1.13002, 0.132808
29.525, 1, 1, -1.13002, 0.132808
29.55, 1, 1, -1.13045, 0.133193
29.575, 1, 1, -1.13045, 0.133193
29.6, 1, 1, -1.13045, 0.133193
29.625, 1, 1, -1.13045, 0.133193
29.65, 1, 1, -1.13051, 0.13321
29.675, 1, 1, -1.13051, 0.133165
29.7, 1, 1, -1.13051, 0.133165
29.725, 1, 1, -1.13051, 0.133165
29.75, 1, 1, -1.13057, 0.133189
29.775, 1, 1, -1.13057, 0.133189
29.8, 1, 1, -1.13057, 0.133189
29.825, 1, 1, -1.13098, 0.133543
29.85, 1, 1, -1.13098, 0.133543
29.875, 1, 1, -1.13161, 0.134112
29.9, 1, 1, -1.13224, 0.13466
29.925, 1, 1, -1.13224, 0.13466
29.95, 1, 1, -1.13298, 0.135314
29.975, 1, 1, -1.13298, 0.135314
30, 1, 1, -1.13382, 0.136071
30, 1, 1, -1.13466, 0.13681
30.025, 1, 1, -1.13549, 0.137536
30.05, 1, 1, -1.13549, 0.137536
30.075, 1, 1, -1.13636, 0.138301
30.1, 1, 1, -1.13722, 0.139052
30.125, 1, 1, -1.13722, 0.139052
30.15, 1, 1, -1.13722, 0.139052
30.175, 1, 1, -1.13722, 0.139052
30.2, 1, 1, -1.13797, 0.139704
30.225, 1, 1, -1.13797, 0.139704
30.25, 1, 1, -1.13797, 0.139704
30.275, 1, 1, -1.13868, 0.14032
30.3, 1, 1, -1.13938, 0.140919
30.325, 1, 1, -1.14005, 0.141503
30.35, 1, 1, -1.14005, 0.141503
30.375, 1, 1, -1.1407, 0.142075
30.4, 1, 1, -1.14134, 0.142631
30.425, 1, 1, -1.14134, 0.142631
30.45, 1, 1, -1.14134, 0.142631
30.475, 1, 1, -1.14134, 0.142631
30.5, 1, 1, -1.14134, 0.142631
30.525, 1, 1, -1.14134, 0.142631
30.55, 1, 1, -1.142, 0.14322
30.575, 1, 1, -1.14268, 0.143826
30.6, 1, 1, -1.14268, 0.143826
30.625, 1, 1, -1.14268, 0.143826
30.65, 1, 1, -1.14268, 0.143826
30.675, 1, 1, -1.14268, 0.143826
30.7, 1, 1, -1.14268, 0.143826
30.725, 1, 1, -1.14268, 0.143826
30.75, 1, 1, -1.14268, 0.143826
30.775, 1, 1, -1.14268, 0.143826
30.8, 1, 1, -1.14371, 0.144798
30.825, 1, 1, -1.14496, 0.145998
30.85, 1, 1, -1.14496, 0.145998
30.875, 1, 1, -1.14496, 0.145998
30.9, 1, 1, -1.14622, 0.147213
30.925, 1, 1, -1.14622, 0.147213
30.95, 1, 1, -1.14748, 0.148433
30.975, 1, 1, -1.14748, 0.148433
31, 1, 1, -1.14748, 0.148433
31.025, 1, 1, -1.14879, 0.149706
31.05, 1, 1, -1.15018, 0.151063
31.075, 1, 1, -1.15165, 0.152511
31.1, 1, 1, -1.15165, 0.152511
31.125, 1, 1, -1.15317, 0.154006
31.15, 1, 1, -1.15471, 0.155521
31.175, 1, 1, -1.15624, 0.157026
31.2, 1, 1, -1.15773, 0.158498
31.225, 1, 1, -1.15773, 0.158498
31.25, 1, 1, -1.15773, 0.158498
31.275, 1, 1, -1.15773, 0.158498
31.3, 1, 1, -1.15773, 0.158498
31.325, 1, 1, -1.15773, 0.158498
31.35, 1, 1, -1.15773, 0.158498
31.375, 1, 1, -1.15889, 0.15964
31.4, 1, 1, -1.15889, 0.15964
31.425, 1, 1, -1.15889, 0.15964
31.45, 1, 1, -1.15889, 0.15964
31.475, 1, 1, -1.15889, 0.15964
31.5, 1, 1, -1.15889, 0.15964
31.525, 1, 1, -1.15889, 0.15964
31.55, 1, 1, -1.15889, 0.15964
31.575, 1, 1, -1.1587, 0.15944
31.6, 1, 1, -1.1587, 0.15944
31.625, 1, 1, -1.1587, 0.15944
31.65, 1, 1, -1.1587, 0.15944
31.675, 1, 1, -1.15841, 0.159151
31.7, 1, 1, -1.15806, 0.158788
31.725, 1, 1, -1.15806, 0.158788
31.75, 1, 1, -1.15806, 0.158788
31.775, 1, 1, -1.15806, 0.158788
31.8, 1, 1, -1.15806, 0.158788
31.825, 1, 1, -1.15806, 0.158788
31.85, 1, 1, -1.15806, 0.158788
31.875, 1, 1, -1.15716, 0.157889
31.9, 1, 1, -1.15618, 0.156895
31.925, 1, 1, -1.15618, 0.156895
31.95, 1, 1, -1.15618, 0.156895
31.975, 1, 1, -1.15522, 0.155927
32, 1, 1, -1.15423, 0.154927
32.025, 1, 1, -1.15316, 0.153842
32.05, 1, 1, -1.15316, 0.153842
32.075, 1, 1, -1.15316, 0.153842
32.1, 1, 1, -1.15251, 0.15317
32.125, 1, 1, -1.15251, 0.15317
32.15, 1, 1, -1.15251, 0.15317
32.175, 1, 1, -1.15251, 0.15317
32.2, 1, 1, -1.15251, 0.15317
32.225, 1, 1, -1.15251, 0.15317
32.25, 1, 1, -1.15114, 0.151791
32.275, 1, 1, -1.15114, 0.151791
32.3, 1, 1, -1.15114, 0.151791
32.325, 1, 1, -1.14983, 0.150457
32.35, 1, 1, -1.14983, 0.150457
32.375, 1, 1, -1.14983, 0.150457
32.4, 1, 1, -1.14983, 0.150457
32.425, 1, 1, -1.14983, 0.150457
32.45, 1, 1, -1.14983, 0.150457
32.475, 1, 1, -1.14983, 0.150457
32.5, 1, 1, -1.14855, 0.149156
32.525, 1, 1, -1.1473, 0.147893
32.55, 1, 1, -1.1473, 0.147893
32.575, 1, 1, -1.14609, 0.146663
32.6, 1, 1, -1.14609, 0.146663
32.625, 1, 1, -1.14609, 0.146663
32.65, 1, 1, -1.1449, 0.145454
32.675, 1, 1, -1.1449, 0.145454
32.7, 1, 1, -1.14375, 0.144279
32.725, 1, 1, -1.14375, 0.144279
32.75, 1, 1, -1.14375, 0.144279
32.775, 1, 1, -1.14264, 0.143146
32.8, 1, 1, -1.14264, 0.143146
32.825, 1, 1, -1.14264, 0.143146
32.85, 1, 1, -1.14264, 0.143146
32.875, 1, 1, -1.14158, 0.142064
32.9, 1, 1, -1.14054, 0.141005
32.925, 1, 1, -1.14054, 0.141005
32.95, 1, 1, -1.13958, 0.140033
32.975, 1, 1, -1.13865, 0.13909
33, 1, 1, -1.13865, 0.13909
33.025, 1, 1, -1.13865, 0.13909
33.05, 1, 1, -1.13779, 0.138219
33.075, 1, 1, -1.13695, 0.137369
33.1, 1, 1, -1.13695, 0.137369
33.125, 1, 1, -1.13632, 0.136734
33.15, 1, 1, -1.13632, 0.136734
33.175, 1, 1, -1.13632, 0.136734
33.2, 1, 1, -1.13632, 0.136734
33.225, 1, 1, -1.13566, 0.136071
33.25, 1, 1, -1.13566, 0.136071
33.275, 1, 1, -1.13505, 0.135464
33.3, 1, 1, -1.13505, 0.135464
33.325, 1, 1, -1.13505, 0.135464
33.35, 1, 1, -1.13462, 0.135026
33.375, 1, 1, -1.13432, 0.13473
33.4, 1, 1, -1.13423, 0.134647
33.425, 1, 1, -1.13423, 0.134647
33.45, 1, 1, -1.13423, 0.134647
33.475, 1, 1, -1.13423, 0.13465
33.5, 1, 1, -1.13427, 0.134702
33.525, 1, 1, -1.13427, 0.134702
33.55, 1, 1, -1.13427, 0.134702
33.575, 1, 1, -1.13438, 0.134818
33.6, 1, 1, -1.13438, 0.134818
33.625, 1, 1, -1.13462, 0.135072
33.65, 1, 1, -1.13462, 0.135072
33.675, 1, 1, -1.13502, 0.13548
33.7, 1, 1, -1.13502, 0.13548
33.725, 1, 1, -1.13546, 0.135926
33.75, 1, 1, -1.13546, 0.135926
33.775, 1, 1, -1.13546, 0.135926
33.8, 1, 1, -1.13588, 0.136356
33.825, 1, 1, -1.13588, 0.136356
33.85, 1, 1, -1.13627, 0.136765
33.875, 1, 1, -1.13627, 0.136765
33.9, 1, 1, -1.13627, 0.136765
33.925, 1, 1, -1.13627, 0.136765
33.95, 1, 1, -1.13627, 0.136765
33.975, 1, 1, -1.13661, 0.137115
34, 1, 1, -1.13661, 0.137115
34.025, 1, 1, -1.13661, 0.137115
34.05, 1, 1, -1.13661, 0.137115
34.075, 1, 1, -1.13694, 0.137448
34.1, 1, 1, -1.13694, 0.137448
34.125, 1, 1, -1.13722, 0.137743
34.15, 1, 1, -1.13735, 0.137878
34.175, 1, 1, -1.13737, 0.137907
34.2, 1, 1, -1.13737, 0.137907
34.225, 1, 1, -1.13737, 0.137907
34.25, 1, 1, -1.13743, 0.137965
34.275, 1, 1, -1.13739, 0.137928
34.3, 1, 1, -1.13739, 0.137928
34.325, 1, 1, -1.13739, 0.137928
34.35, 1, 1, -1.13748, 0.138026
34.375, 1, 1, -1.13751, 0.138055
34.4, 1, 1, -1.13751, 0.138055
34.425, 1, 1, -1.13775, 0.138291
34.45, 1, 1, -1.13775, 0.138291
34.475, 1, 1, -1.13775, 0.138291
34.5, 1, 1, -1.13795, 0.138488
34.525, 1, 1, -1.13812, 0.138657
34.55, 1, 1, -1.13827, 0.138804
34.575, 1, 1, -1.13827, 0.138804
34.6, 1, 1, -1.13845, 0.138973
34.625, 1, 1, -1.13862, 0.139138
34.65, 1, 1, -1.13862, 0.139138
34.675, 1, 1, -1.13923, 0.139742
34.7, 1, 1, -1.13923, 0.139742
34.725, 1, 1, -1.13923, 0.139742
34.75, 1, 1, -1.13923, 0.139742
34.775, 1, 1, -1.13949, 0.139986
34.8, 1, 1, -1.13949, 0.139986
34.825, 1, 1, -1.13973, 0.140217
34.85, 1, 1, -1.13996, 0.140439
34.875, 1, 1, -1.13996, 0.140439
34.9, 1, 1, -1.13996, 0.140439
34.925, 1, 1, -1.13996, 0.140439
34.95, 1, 1, -1.13996, 0.140439
34.975, 1, 1, -1.14024, 0.140708
35, 1, 1, -1.14054, 0.140994
35.025, 1, 1, -1.14054, 0.140994
35.05, 1, 1, -1.14054, 0.140994
35.075, 1, 1, -1.14082, 0.141265
35.1, 1, 1, -1.14082, 0.141265
35.125, 1, 1, -1.14082, 0.141265
35.15, 1, 1, -1.14082, 0.141265
35.175, 1, 1, -1.141, 0.141431
35.2, 1, 1, -1.141, 0.141431
35.225, 1, 1, -1.14117, 0.141595
35.25, 1, 1, -1.14134, 0.141746
35.275, 1, 1, -1.14146, 0.141858
35.3, 1, 1, -1.14146, 0.141858
35.325, 1, 1, -1.14146, 0.141858
35.35, 1, 1, -1.14146, 0.141858
35.375, 1, 1, -1.14146, 0.141858
35.4, 1, 1, -1.14135, 0.141735
35.425, 1, 1, -1.14119, 0.141569
35.45, 1, 1, -1.14119, 0.141569
35.475, 1, 1, -1.14119, 0.141569
35.5, 1, 1, -1.14104, 0.141414
35.525, 1, 1, -1.14104, 0.141414
35.55, 1, 1, -1.14092, 0.141277
35.575, 1, 1, -1.14092, 0.141277
35.6, 1, 1, -1.14092, 0.141277
35.625, 1, 1, -1.14092, 0.141277
35.65, 1, 1, -1.14092, 0.141277
35.675, 1, 1, -1.14083, 0.141182
35.7, 1, 1, -1.14083, 0.141182
35.725, 1, 1, -1.14083, 0.141182
35.75, 1, 1, -1.14083, 0.141182
35.775, 1, 1, -1.14079, 0.141131
35.8, 1, 1, -1.14079, 0.141131
35.825, 1, 1, -1.14079, 0.141131
35.85, 1, 1, -1.14079, 0.141131
35.875, 1, 1, -1.14079, 0.141131
35.9, 1, 1, -1.14079, 0.141131
35.925, 1, 1, -1.14088, 0.141215
35.95, 1, 1, -1.14088, 0.141215
35.975, 1, 1, -1.14119, 0.141523
36, 1, 1, -1.14169, 0.142016
36.025, 1, 1, -1.1423, 0.142628
36.05, 1, 1, -1.1423, 0.142628
36.075, 1, 1, -1.14291, 0.143239
36.1, 1, 1, -1.14291, 0.143239
36.125, 1, 1, -1.14351, 0.143835
36.15, 1, 1, -1.14351, 0.143835
36.175, 1, 1, -1.14351, 0.143835
36.2, 1, 1, -1.14415, 0.144472
36.225, 1, 1, -1.14415, 0.144472
36.25, 1, 1, -1.14415, 0.144472
36.275, 1, 1, -1.14488, 0.14521
36.3, 1, 1, -1.14568, 0.146008
36.325, 1, 1, -1.14568, 0.146008
36.35, 1, 1, -1.14568, 0.146008
36.375, 1, 1, -1.14568, 0.146008
36.4, 1, 1, -1.14568, 0.146008
36.425, 1, 1, -1.14568, 0.146008
36.45, 1, 1, -1.14568, 0.146008
36.475, 1, 1, -1.14568, 0.146008
36.5, 1, 1, -1.14568, 0.146008
36.525, 1, 1, -1.14568, 0.146008
36.55, 1, 1, -1.14568, 0.146008
36.575, 1, 1, -1.14568, 0.146008
36.6, 1, 1, -1.1455, 0.145834
36.625, 1, 1, -1.14526, 0.145602
36.65, 1, 1, -1.14526, 0.145602
36.675, 1, 1, -1.14503, 0.145369
36.7, 1, 1, -1.14503, 0.145369
36.725, 1, 1, -1.14481, 0.145156
36.75, 1, 1, -1.14454, 0.144886
36.775, 1, 1, -1.14422, 0.144568
36.8, 1, 1, -1.14422, 0.144568
36.825, 1, 1, -1.14422, 0.144568
36.85, 1, 1, -1.14422, 0.144568
36.875, 1, 1, -1.14392, 0.144263
36.9, 1, 1, -1.14358, 0.143925
36.925, 1, 1, -1.14321, 0.143558
36.95, 1, 1, -1.14321, 0.143558
36.975, 1, 1, -1.14321, 0.143558
37, 1, 1, -1.14321, 0.143558
37.025, 1, 1, -1.14307, 0.143409
37.05, 1, 1, -1.14307, 0.143409
37.075, 1, 1, -1.14307, 0.143409
37.1, 1, 1, -1.14286, 0.143204
37.125, 1, 1, -1.14267, 0.143004
37.15, 1, 1, -1.14267, 0.143004
37.175, 1, 1, -1.14267, 0.143004
37.2, 1, 1, -1.14267, 0.143004
37.225, 1, 1, -1.14267, 0.143004
37.25, 1, 1, -1.1428, 0.143135
37.275, 1, 1, -1.1428, 0.143135
37.3, 1, 1, -1.1428, 0.143135
37.325, 1, 1, -1.1428, 0.143135
37.35, 1, 1, -1.14282, 0.143149
37.375, 1, 1, -1.14282, 0.143149
37.4, 1, 1, -1.14284, 0.143159
37.425, 1, 1, -1.14285, 0.143173
37.45, 1, 1, -1.14289, 0.143207
37.475, 1, 1, -1.14289, 0.143207
37.5, 1, 1, -1.14299, 0.143294
37.525, 1, 1, -1.14299, 0.143294
37.55, 1, 1, -1.14299, 0.143294
37.575, 1, 1, -1.14299, 0.143294
37.6, 1, 1, -1.14308, 0.143379
37.625, 1, 1, -1.14308, 0.143379
37.65, 1, 1, -1.14316, 0.14346
37.675, 1, 1, -1.14316, 0.14346
37.7, 1, 1, -1.14316, 0.14346
37.725, 1, 1, -1.14323, 0.143526
37.75, 1, 1, -1.14323, 0.143526
37.775, 1, 1, -1.14323, 0.143526
37.8, 1, 1, -1.14331, 0.143592
37.825, 1, 1, -1.14335, 0.143629
37.85, 1, 1, -1.14335, 0.143629
37.875, 1, 1, -1.14335, 0.143629
37.9, 1, 1, -1.14335, 0.143629
37.925, 1, 1, -1.14335, 0.143628
37.95, 1, 1, -1.14331, 0.143585
37.975, 1, 1, -1.14331, 0.143585
38, 1, 1, -1.14332, 0.143586
38.025, 1, 1, -1.1433, 0.143567
38.05, 1, 1, -1.1433, 0.143567
38.075, 1, 1, -1.14331, 0.143578
38.1, 1, 1, -1.14331, 0.143578
38.125, 1, 1, -1.14333, 0.143602
38.15, 1, 1, -1.14333, 0.143602
38.175, 1, 1, -1.14333, 0.143602
38.2, 1, 1, -1.14338, 0.14365
38.225, 1, 1, -1.14342, 0.143692
38.25, 1, 1, -1.14342, 0.143692
38.275, 1, 1, -1.14342, 0.143692
38.3, 1, 1, -1.14364, 0.143914
38.325, 1, 1, -1.14364, 0.143914
38.35, 1, 1, -1.14395, 0.144225
38.375, 1, 1, -1.14395, 0.144225
38.4, 1, 1, -1.14427, 0.144542
38.425, 1, 1, -1.14458, 0.144858
38.45, 1, 1, -1.14458, 0.144858
38.475, 1, 1, -1.14492, 0.1452
38.5, 1, 1, -1.14535, 0.145639
38.525, 1, 1, -1.14535, 0.145639
38.55, 1, 1, -1.14535, 0.145639
38.575, 1, 1, -1.1462, 0.146497
38.6, 1, 1, -1.14726, 0.147562
38.625, 1, 1, -1.14726, 0.147562
38.65, 1, 1, -1.1482, 0.148503
38.675, 1, 1, -1.1482, 0.148503
38.7, 1, 1, -1.1482, 0.148503
38.725, 1, 1, -1.1491, 0.149409
38.75, 1, 1, -1.1491, 0.149409
38.775, 1, 1, -1.1491, 0.149409
38.8, 1, 1, -1.1491, 0.149409
38.825, 1, 1, -1.1491, 0.149409
38.85, 1, 1, -1.15006, 0.150385
38.875, 1, 1, -1.15006, 0.150385
38.9, 1, 1, -1.15006, 0.150385
38.925, 1, 1, -1.15099, 0.151316
38.95, 1, 1, -1.15099, 0.151316
38.975, 1, 1, -1.15099, 0.151316
39, 1, 1, -1.15188, 0.152215
39.025, 1, 1, -1.15188, 0.152215
39.05, 1, 1, -1.15188, 0.152215
39.075, 1, 1, -1.15273, 0.153075
39.1, 1, 1, -1.1535, 0.153846
39.125, 1, 1, -1.15415, 0.154507
39.15, 1, 1, -1.1547, 0.155063
39.175, 1, 1, -1.15517, 0.155539
39.2, 1, 1, -1.15517, 0.155539
39.225, 1, 1, -1.15567, 0.156033
39.25, 1, 1, -1.15567, 0.156033
39.275, 1, 1, -1.15567, 0.156033
39.3, 1, 1, -1.15567, 0.156033
39.325, 1, 1, -1.15606, 0.156427
39.35, 1, 1, -1.15639, 0.156761
39.375, 1, 1, -1.15639, 0.156761
39.4, 1, 1, -1.15674, 0.157119
39.425, 1, 1, -1.15674, 0.157119
39.45, 1, 1, -1.15712, 0.1575
39.475, 1, 1, -1.15746, 0.157843
39.5, 1, 1, -1.15746, 0.157843
39.525, 1, 1, -1.15746, 0.157843
39.55, 1, 1, -1.15746, 0.157843
39.575, 1, 1, -1.15746, 0.157843
39.6, 1, 1, -1.15746, 0.157843
39.625, 1, 1, -1.15746, 0.157843
39.65, 1, 1, -1.15655, 0.156929
39.675, 1, 1, -1.15568, 0.156066
39.7, 1, 1, -1.15568, 0.156066
39.725, 1, 1, -1.15568, 0.156066
39.75, 1, 1, -1.15568, 0.156066
39.775, 1, 1, -1.15495, 0.155336
39.8, 1, 1, -1.15495, 0.155336
39.825, 1, 1, -1.15447, 0.154852
39.85, 1, 1, -1.15418, 0.154556
39.875, 1, 1, -1.15418, 0.154556
39.9, 1, 1, -1.15394, 0.154313
39.925, 1, 1, -1.15372, 0.154087
39.95, 1, 1, -1.15372, 0.154087
39.975, 1, 1, -1.15351, 0.15387
40, 1, 1, -1.15351, 0.15387
40, 1, 1, -1.15351, 0.15387
40.025, 1, 1, -1.15351, 0.15387
40.05, 1, 1, -1.15321, 0.153558
40.075, 1, 1, -1.15321, 0.153558
40.1, 1, 1, -1.15321, 0.153558
40.125, 1, 1, -1.15291, 0.153255
40.15, 1, 1, -1.15291, 0.153255
40.175, 1, 1, -1.15291, 0.153255
40.2, 1, 1, -1.1527, 0.153038
40.225, 1, 1, -1.15257, 0.152904
40.25, 1, 1, -1.15257, 0.152904
40.275, 1, 1, -1.15257, 0.152904
40.3, 1, 1, -1.15256, 0.152888
40.325, 1, 1, -1.15264, 0.152969
40.35, 1, 1, -1.15264, 0.152969
40.375, 1, 1, -1.15264, 0.152969
40.4, 1, 1, -1.15264, 0.152969
40.425, 1, 1, -1.15264, 0.152969
40.45, 1, 1, -1.15264, 0.152969
40.475, 1, 1, -1.15287, 0.153193
40.5, 1, 1, -1.15287, 0.153193
40.525, 1, 1, -1.15287, 0.153193
40.55, 1, 1, -1.15287, 0.153193
40.575, 1, 1, -1.15287, 0.153193
40.6, 1, 1, -1.15287, 0.153193
40.625, 1, 1, -1.1531, 0.153422
40.65, 1, 1, -1.1531, 0.153422
40.675, 1, 1, -1.1531, 0.153422
40.7, 1, 1, -1.1531, 0.153422
40.725, 1, 1, -1.1531, 0.153422
40.75, 1, 1, -1.15311, 0.153436
40.775, 1, 1, -1.15311, 0.153436
40.8, 1, 1, -1.15317, 0.153497
40.825, 1, 1, -1.15317, 0.153497
40.85, 1, 1, -1.15327, 0.153592
40.875, 1, 1, -1.15327, 0.153592
40.9, 1, 1, -1.15327, 0.153592
40.925, 1, 1, -1.15343, 0.153755
40.95, 1, 1, -1.15343, 0.153755
40.975, 1, 1, -1.15343, 0.153755
41, 1, 1, -1.15343, 0.153755
41.025, 1, 1, -1.1533, 0.153625
41.05, 1, 1, -1.1533, 0.153625
41.075, 1, 1, -1.1533, 0.153625
41.1, 1, 1, -1.15308, 0.153406
41.125, 1, 1, -1.15308, 0.153406
41.15, 1, 1, -1.15277, 0.153096
41.175, 1, 1, -1.15277, 0.153096
41.2, 1, 1, -1.15249, 0.152816
41.225, 1, 1, -1.15183, 0.15215
41.25, 1, 1, -1.151, 0.151319
41.275, 1, 1, -1.15004, 0.150354
41.3, 1, 1, -1.149, 0.149306
41.325, 1, 1, -1.14792, 0.148224
41.35, 1, 1, -1.14681, 0.147111
41.375, 1, 1, -1.1457, 0.14599
41.4, 1, 1, -1.1457, 0.14599
41.425, 1, 1, -1.14471, 0.144993
41.45, 1, 1, -1.14471, 0.144993
41.475, 1, 1, -1.14409, 0.144366
41.5, 1, 1, -1.14352, 0.143791
41.525, 1, 1, -1.14308, 0.143332
41.55, 1, 1, -1.14308, 0.143332
41.575, 1, 1, -1.14308, 0.143319
41.6, 1, 1, -1.14308, 0.143319
41.625, 1, 1, -1.14308, 0.143319
41.65, 1, 1, -1.14308, 0.143319
41.675, 1, 1, -1.14307, 0.143294
41.7, 1, 1, -1.14312, 0.143322
41.725, 1, 1, -1.14322, 0.1434
41.75, 1, 1, -1.14322, 0.1434
41.775, 1, 1, -1.14346, 0.143619
41.8, 1, 1, -1.14346, 0.143619
41.825, 1, 1, -1.14346, 0.143619
41.85, 1, 1, -1.14397, 0.144098
41.875, 1, 1, -1.14397, 0.144098
41.9, 1, 1, -1.14465, 0.144749
41.925, 1, 1, -1.14465, 0.144749
41.95, 1, 1, -1.14465, 0.144749
41.975, 1, 1, -1.14526, 0.14534
42, 1, 1, -1.14586, 0.14591
42.025, 1, 1, -1.14586, 0.14591
42.05, 1, 1, -1.14641, 0.146441
42.075, 1, 1, -1.14699, 0.146985
42.1, 1, 1, -1.14699, 0.146985
42.125, 1, 1, -1.14761, 0.14758
42.15, 1, 1, -1.14761, 0.14758
42.175, 1, 1, -1.14761, 0.14758
42.2, 1, 1, -1.14761, 0.14758
42.225, 1, 1, -1.14855, 0.148502
42.25, 1, 1, -1.14855, 0.148502
42.275, 1, 1, -1.15013, 0.150063
42.3, 1, 1, -1.15184, 0.151754
42.325, 1, 1, -1.15184, 0.151754
42.35, 1, 1, -1.15346, 0.153362
42.375, 1, 1, -1.155, 0.154895
42.4, 1, 1, -1.15645, 0.156339
42.425, 1, 1, -1.15645, 0.156339
42.45, 1, 1, -1.15806, 0.157943
42.475, 1, 1, -1.15969, 0.159564
42.5, 1, 1, -1.16146, 0.161332
42.525, 1, 1, -1.16146, 0.161332
42.55, 1, 1, -1.16146, 0.161332
42.575, 1, 1, -1.16293, 0.162806
42.6, 1, 1, -1.16293, 0.162806
42.625, 1, 1, -1.16293, 0.162806
42.65, 1, 1, -1.16293, 0.162806
42.675, 1, 1, -1.16293, 0.162806
42.7, 1, 1, -1.16293, 0.162806
42.725, 1, 1, -1.16293, 0.162806
42.75, 1, 1, -1.16293, 0.162806
42.775, 1, 1, -1.16293, 0.162806
42.8, 1, 1, -1.16293, 0.162806
42.825, 1, 1, -1.16125, 0.16111
42.85, 1, 1, -1.16125, 0.16111
42.875, 1, 1, -1.15975, 0.159608
42.9, 1, 1, -1.15975, 0.159608
42.925, 1, 1, -1.15975, 0.159608
42.95, 1, 1, -1.15846, 0.158311
42.975, 1, 1, -1.15727, 0.157124
43, 1, 1, -1.15727, 0.157124
43.025, 1, 1, -1.15727, 0.157124
43.05, 1, 1, -1.15625, 0.156105
43.075, 1, 1, -1.15625, 0.156105
43.1, 1, 1, -1.15536, 0.155226
43.125, 1, 1, -1.15461, 0.154482
43.15, 1, 1, -1.15461, 0.154482
43.175, 1, 1, -1.15461, 0.154482
43.2, 1, 1, -1.15461, 0.154482
43.225, 1, 1, -1.15391, 0.153784
43.25, 1, 1, -1.15324, 0.153129
43.275, 1, 1, -1.15262, 0.152511
43.3, 1, 1, -1.15202, 0.15192
43.325, 1, 1, -1.15144, 0.151351
43.35, 1, 1, -1.1509, 0.150815
43.375, 1, 1, -1.1504, 0.15033
43.4, 1, 1, -1.14997, 0.149905
43.425, 1, 1, -1.14997, 0.149905
43.45, 1, 1, -1.14997, 0.149905
43.475, 1, 1, -1.14997, 0.149905
43.5, 1, 1, -1.14957, 0.149509
43.525, 1, 1, -1.14957, 0.149509
43.55, 1, 1, -1.14957, 0.149509
43.575, 1, 1, -1.14957, 0.149509
43.6, 1, 1, -1.14957, 0.149509
43.625, 1, 1, -1.14957, 0.149509
43.65, 1, 1, -1.14957, 0.149509
43.675, 1, 1, -1.14759, 0.147543
43.7, 1, 1, -1.14759, 0.147543
43.725, 1, 1, -1.14759, 0.147543
43.75, 1, 1, -1.14759, 0.147543
43.775, 1, 1, -1.14575, 0.145724
43.8, 1, 1, -1.14395, 0.143931
43.825, 1, 1, -1.14219, 0.142175
43.85, 1, 1, -1.14219, 0.142175
43.875, 1, 1, -1.14048, 0.14048
43.9, 1, 1, -1.14048, 0.14048
43.925, 1, 1, -1.14048, 0.14048
43.95, 1, 1, -1.13881, 0.138815
43.975, 1, 1, -1.13881, 0.138815
44, 1, 1, -1.13721, 0.137222
44.025, 1, 1, -1.13721, 0.137222
44.05, 1, 1, -1.13577, 0.135784
44.075, 1, 1, -1.13577, 0.135784
44.1, 1, 1, -1.13453, 0.134555
44.125, 1, 1, -1.13453, 0.134555
44.15, 1, 1, -1.13352, 0.133542
44.175, 1, 1, -1.13352, 0.133542
44.2, 1, 1, -1.13272, 0.132737
44.225, 1, 1, -1.13272, 0.132737
44.25, 1, 1, -1.13214, 0.132159
44.275, 1, 1, -1.13214, 0.132159
44.3, 1, 1, -1.13214, 0.132159
44.325, 1, 1, -1.13214, 0.132159
44.35, 1, 1, -1.13188, 0.131887
44.375, 1, 1, -1.13188, 0.131887
44.4, 1, 1, -1.13181, 0.131809
44.425, 1, 1, -1.13185, 0.13184
44.45, 1, 1, -1.13185, 0.13184
44.475, 1, 1, -1.13185, 0.13184
44.5, 1, 1, -1.13185, 0.13184
44.525, 1, 1, -1.13185, 0.13184
44.55, 1, 1, -1.13186, 0.131839
44.575, 1, 1, -1.13186, 0.131839
44.6, 1, 1, -1.13187, 0.131839
44.625, 1, 1, -1.13187, 0.131839
44.65, 1, 1, -1.13187, 0.131839
44.675, 1, 1, -1.13187, 0.131839
44.7, 1, 1, -1.13185, 0.131806
44.725, 1, 1, -1.13191, 0.131849
44.75, 1, 1, -1.13191, 0.131849
44.775, 1, 1, -1.13193, 0.13186
44.8, 1, 1, -1.13193, 0.13186
44.825, 1, 1, -1.13193, 0.13186
44.85, 1, 1, -1.13193, 0.13186
44.875, 1, 1, -1.13212, 0.132032
44.9, 1, 1, -1.13228, 0.132186
44.925, 1, 1, -1.13228, 0.132186
44.95, 1, 1, -1.13228, 0.132186
44.975, 1, 1, -1.13228, 0.132186
45, 1, 1, -1.13228, 0.132186
45.025, 1, 1, -1.13228, 0.132186
45.05, 1, 1, -1.13228, 0.132186
45.075, 1, 1, -1.13228, 0.132186
45.1, 1, 1, -1.13228, 0.132186
45.125, 1, 1, -1.13228, 0.132186
45.15, 1, 1, -1.13147, 0.131369
45.175, 1, 1, -1.13067, 0.130564
45.2, 1, 1, -1.13067, 0.130564
45.225, 1, 1, -1.13, 0.129883
45.25, 1, 1, -1.13, 0.129883
45.275, 1, 1, -1.13, 0.129883
45.3, 1, 1, -1.12953, 0.129414
45.325, 1, 1, -1.12953, 0.129414
45.35, 1, 1, -1.12953, 0.129414
45.375, 1, 1, -1.12953, 0.129414
45.4, 1, 1, -1.12953, 0.129414
45.425, 1, 1, -1.12926, 0.129141
45.45, 1, 1, -1.12905, 0.128931
45.475, 1, 1, -1.12891, 0.128795
45.5, 1, 1, -1.12891, 0.128795
45.525, 1, 1, -1.1289, 0.128792
45.55, 1, 1, -1.12895, 0.128846
45.575, 1, 1, -1.12895, 0.128846
45.6, 1, 1, -1.12895, 0.128846
45.625, 1, 1, -1.12895, 0.128846
45.65, 1, 1, -1.12895, 0.128846
45.675, 1, 1, -1.12895, 0.128846
45.7, 1, 1, -1.12923, 0.129136
45.725, 1, 1, -1.12966, 0.129578
45.75, 1, 1, -1.12966, 0.129578
45.775, 1, 1, -1.1302, 0.130129
45.8, 1, 1, -1.13075, 0.130693
45.825, 1, 1, -1.13127, 0.131223
45.85, 1, 1, -1.13127, 0.131223
45.875, 1, 1, -1.13127, 0.131223
45.9, 1, 1, -1.13176, 0.131719
45.925, 1, 1, -1.13223, 0.132208
45.95, 1, 1, -1.13223, 0.132208
45.975, 1, 1, -1.13223, 0.132208
46, 1, 1, -1.13269, 0.132678
46.025, 1, 1, -1.13269, 0.132678
46.05, 1, 1, -1.13269, 0.132678
46.075, 1, 1, -1.13269, 0.132678
46.1, 1, 1, -1.13269, 0.132678
46.125, 1, 1, -1.13269, 0.132678
46.15, 1, 1, -1.13269, 0.132678
46.175, 1, 1, -1.13269, 0.132678
46.2, 1, 1, -1.13269, 0.132678
46.225, 1, 1, -1.13269, 0.132678
46.25, 1, 1, -1.13269, 0.132678
46.275, 1, 1, -1.13113, 0.131134
46.3, 1, 1, -1.13113, 0.131134
46.325, 1, 1, -1.12955, 0.129573
46.35, 1, 1, -1.12955, 0.129573
46.375, 1, 1, -1.12955, 0.129573
46.4, 1, 1, -1.12955, 0.129573
46.425, 1, 1, -1.12822, 0.12826
46.45, 1, 1, -1.12688, 0.126926
46.475, 1, 1, -1.12688, 0.126926
46.5, 1, 1, -1.12562, 0.125681
46.525, 1, 1, -1.12436, 0.124425
46.55, 1, 1, -1.12309, 0.123166
46.575, 1, 1, -1.12309, 0.123166
46.6, 1, 1, -1.12309, 0.123166
46.625, 1, 1, -1.12309, 0.123166
46.65, 1, 1, -1.12225, 0.122325
46.675, 1, 1, -1.12225, 0.122325
46.7, 1, 1, -1.12163, 0.121697
46.725, 1, 1, -1.12108, 0.121148
46.75, 1, 1, -1.12064, 0.120689
46.775, 1, 1, -1.12064, 0.120689
46.8, 1, 1, -1.12064, 0.120689
46.825, 1, 1, -1.12042, 0.120464
46.85, 1, 1, -1.12032, 0.120344
46.875, 1, 1, -1.12032, 0.120322
46.9, 1, 1, -1.12041, 0.120386
46.925, 1, 1, -1.12041, 0.120386
46.95, 1, 1, -1.12041, 0.120386
46.975, 1, 1, -1.12056, 0.120509
47, 1, 1, -1.12056, 0.120509
47.025, 1, 1, -1.12056, 0.120509
47.05, 1, 1, -1.12056, 0.120509
47.075, 1, 1, -1.12056, 0.120509
47.1, 1, 1, -1.12056, 0.120509
47.125, 1, 1, -1.12066, 0.120589
47.15, 1, 1, -1.12069, 0.120611
47.175, 1, 1, -1.12069, 0.120611
47.2, 1, 1, -1.12069, 0.120611
47.225, 1, 1, -1.12069, 0.120588
47.25, 1, 1, -1.12069, 0.120588
47.275, 1, 1, -1.12069, 0.120588
47.3, 1, 1, -1.12069, 0.120575
47.325, 1, 1, -1.12069, 0.120575
47.35, 1, 1, -1.12061, 0.120478
47.375, 1, 1, -1.12061, 0.120478
47.4, 1, 1, -1.12079, 0.120645
47.425, 1, 1, -1.12079, 0.120645
47.45, 1, 1, -1.12079, 0.120645
47.475, 1, 1, -1.12079, 0.120645
47.5, 1, 1, -1.12084, 0.120688
47.525, 1, 1, -1.12078, 0.120623
47.55, 1, 1, -1.12064, 0.120473
47.575, 1, 1, -1.12042, 0.120245
47.6, 1, 1, -1.12008, 0.119911
47.625, 1, 1, -1.11971, 0.119534
47.65, 1, 1, -1.11971, 0.119534
47.675, 1, 1, -1.11971, 0.119534
47.7, 1, 1, -1.11971, 0.119534
47.725, 1, 1, -1.11984, 0.119671
47.75, 1, 1, -1.12007, 0.119899
47.775, 1, 1, -1.12007, 0.119899
47.8, 1, 1, -1.12007, 0.119899
47.825, 1, 1, -1.12007, 0.119899
47.85, 1, 1, -1.12007, 0.119899
47.875, 1, 1, -1.12053, 0.120365
47.9, 1, 1, -1.12111, 0.120957
47.925, 1, 1, -1.1218, 0.121667
47.95, 1, 1, -1.1218, 0.121667
47.975, 1, 1, -1.12265, 0.12253
48, 1, 1, -1.12265, 0.12253
48.025, 1, 1, -1.12365, 0.123544
48.05, 1, 1, -1.12365, 0.123544
48.075, 1, 1, -1.12474, 0.124659
48.1, 1, 1, -1.12474, 0.124659
48.125, 1, 1, -1.12474, 0.124659
48.15, 1, 1, -1.12474, 0.124659
48.175, 1, 1, -1.12474, 0.124659
48.2, 1, 1, -1.12474, 0.124659
48.225, 1, 1, -1.12474, 0.124659
48.25, 1, 1, -1.12474, 0.124659
48.275, 1, 1, -1.12474, 0.124659
48.3, 1, 1, -1.12583, 0.125771
48.325, 1, 1, -1.12692, 0.126884
48.35, 1, 1, -1.12692, 0.126884
48.375, 1, 1, -1.12692, 0.126884
48.4, 1, 1, -1.12799, 0.127973
48.425, 1, 1, -1.12799, 0.127973
48.45, 1, 1, -1.12905, 0.129047
48.475, 1, 1, -1.13005, 0.130063
48.5, 1, 1, -1.13102, 0.13105
48.525, 1, 1, -1.13199, 0.132034
48.55, 1, 1, -1.13298, 0.133039
48.575, 1, 1, -1.13401, 0.134092
48.6, 1, 1, -1.13401, 0.134092
48.625, 1, 1, -1.13499, 0.135086
48.65, 1, 1, -1.13591, 0.136014
48.675, 1, 1, -1.13591, 0.136014
48.7, 1, 1, -1.13713, 0.137243
48.725, 1, 1, -1.13713, 0.137243
48.75, 1, 1, -1.1383, 0.138429
48.775, 1, 1, -1.13945, 0.139579
48.8, 1, 1, -1.13945, 0.139579
48.825, 1, 1, -1.13945, 0.139579
48.85, 1, 1, -1.13945, 0.139579
48.875, 1, 1, -1.13945, 0.139579
48.9, 1, 1, -1.13945, 0.139579
48.925, 1, 1, -1.14045, 0.140589
48.95, 1, 1, -1.14142, 0.141569
48.975, 1, 1, -1.14241, 0.142566
49, 1, 1, -1.14241, 0.142566
49.025, 1, 1, -1.14241, 0.142566
49.05, 1, 1, -1.14241, 0.142566
49.075, 1, 1, -1.14241, 0.142566
49.1, 1, 1, -1.14294, 0.143103
49.125, 1, 1, -1.1435, 0.143669
49.15, 1, 1, -1.1435, 0.143669
49.175, 1, 1, -1.14425, 0.144418
49.2, 1, 1, -1.14425, 0.144418
49.225, 1, 1, -1.14522, 0.145388
49.25, 1, 1, -1.14522, 0.145388
49.275, 1, 1, -1.14522, 0.145388
49.3, 1, 1, -1.14522, 0.145388
49.325, 1, 1, -1.14522, 0.145388
49.35, 1, 1, -1.1462, 0.146362
49.375, 1, 1, -1.1462, 0.146362
49.4, 1, 1, -1.14734, 0.147497
49.425, 1, 1, -1.14858, 0.148727
49.45, 1, 1, -1.14989, 0.150034
49.475, 1, 1, -1.14989, 0.150034
49.5, 1, 1, -1.15128, 0.151406
49.525, 1, 1, -1.15128, 0.151406
49.55, 1, 1, -1.15128, 0.151406
49.575, 1, 1, -1.15267, 0.152791
49.6, 1, 1, -1.15409, 0.154188
49.625, 1, 1, -1.15551, 0.155596
49.65, 1, 1, -1.15551, 0.155596
49.675, 1, 1, -1.15551, 0.155596
49.7, 1, 1, -1.15691, 0.156985
49.725, 1, 1, -1.15691, 0.156985
49.75, 1, 1, -1.15691, 0.156985
49.775, 1, 1, -1.15819, 0.158246
49.8, 1, 1, -1.15941, 0.159457
49.825, 1, 1, -1.1606, 0.160633
49.85, 1, 1, -1.1606, 0.160633
49.875, 1, 1, -1.16175, 0.161774
49.9, 1, 1, -1.16175, 0.161774
49.925, 1, 1, -1.16175, 0.161774
49.95, 1, 1, -1.16175, 0.161774
49.975, 1, 1, -1.16321, 0.163228
50, 1, 1, -1.1647, 0.164709
50, 1, 1, -1.16623, 0.16623
50.025, 1, 1, -1.16779, 0.167787
50.05, 1, 1, -1.16779, 0.167787
50.075, 1, 1, -1.16943, 0.169423
50.1, 1, 1, -1.16943, 0.169423
50.125, 1, 1, -1.17126, 0.171257
50.15, 1, 1, -1.17126, 0.171257
50.175, 1, 1, -1.17343, 0.173427
50.2, 1, 1, -1.17582, 0.175829
50.225, 1, 1, -1.17852, 0.178537
50.25, 1, 1, -1.18158, 0.181603
50.275, 1, 1, -1.18158, 0.181603
50.3, 1, 1, -1.18486, 0.184902
50.325, 1, 1, -1.18834, 0.188389
50.35, 1, 1, -1.18834, 0.188389
50.375, 1, 1, -1.19185, 0.191917
50.4, 1, 1, -1.19542, 0.195502
50.425, 1, 1, -1.19899, 0.19909
50.45, 1, 1, -1.20251, 0.202627
50.475, 1, 1, -1.20251, 0.202627
50.5, 1, 1, -1.20597, 0.206098
50.525, 1, 1, -1.20597, 0.206098
50.55, 1, 1, -1.20932, 0.20947
50.575, 1, 1, -1.21253, 0.212694
50.6, 1, 1, -1.21253, 0.212694
50.625, 1, 1, -1.21563, 0.21581
50.65, 1, 1, -1.21563, 0.21581
50.675, 1, 1, -1.21865, 0.218842
50.7, 1, 1, -1.21865, 0.218842
50.725, 1, 1, -1.21865, 0.218842
50.75, 1, 1, -1.21865, 0.218842
50.775, 1, 1, -1.21865, 0.218842
50.8, 1, 1, -1.21865, 0.218842
50.825, 1, 1, -1.21865, 0.218842
50.85, 1, 1, -1.21865, 0.218842
50.875, 1, 1, -1.21865, 0.218842
50.9, 1, 1, -1.21865, 0.218842
50.925, 1, 1, -1.21865, 0.218842
50.95, 1, 1, -1.21493, 0.215145
50.975, 1, 1, -1.21074, 0.210981
51, 1, 1, -1.20634, 0.206598
51.025, 1, 1, -1.20191, 0.20219
51.05, 1, 1, -1.20191, 0.20219
51.075, 1, 1, -1.20191, 0.20219
51.1, 1, 1, -1.20191, 0.20219
51.125, 1, 1, -1.20191, 0.20219
51.15, 1, 1, -1.20191, 0.20219
51.175, 1, 1, -1.20191, 0.20219
51.2, 1, 1, -1.20191, 0.20219
51.225, 1, 1, -1.20191, 0.20219
51.25, 1, 1, -1.20191, 0.20219
51.275, 1, 1, -1.19719, 0.197495
51.3, 1, 1, -1.19719, 0.197495
51.325, 1, 1, -1.19719, 0.197495
51.35, 1, 1, -1.19719, 0.197495
51.375, 1, 1, -1.19719, 0.197495
51.4, 1, 1, -1.19266, 0.19298
51.425, 1, 1, -1.19266, 0.19298
51.45, 1, 1, -1.19266, 0.19298
51.475, 1, 1, -1.19266, 0.19298
51.5, 1, 1, -1.19266, 0.19298
51.525, 1, 1, -1.19266, 0.19298
51.55, 1, 1, -1.19266, 0.19298
51.575, 1, 1, -1.18862, 0.18895
51.6, 1, 1, -1.18462, 0.18496
51.625, 1, 1, -1.18462, 0.18496
51.65, 1, 1, -1.18462, 0.18496
51.675, 1, 1, -1.18462, 0.18496
51.7, 1, 1, -1.18462, 0.18496
51.725, 1, 1, -1.18462, 0.18496
51.75, 1, 1, -1.18113, 0.181461
51.775, 1, 1, -1.17771, 0.178021
51.8, 1, 1, -1.1744, 0.174669
51.825, 1, 1, -1.1712, 0.171427
51.85, 1, 1, -1.1712, 0.171427
51.875, 1, 1, -1.16815, 0.168325
51.9, 1, 1, -1.16815, 0.168325
51.925, 1, 1, -1.16815, 0.168325
51.95, 1, 1, -1.16522, 0.165342
51.975, 1, 1, -1.16522, 0.165342
52, 1, 1, -1.16238, 0.162458
52.025, 1, 1, -1.16238, 0.162458
52.05, 1, 1, -1.15963, 0.159666
52.075, 1, 1, -1.15963, 0.159666
52.1, 1, 1, -1.15963, 0.159666
52.125, 1, 1, -1.15963, 0.159666
52.15, 1, 1, -1.15963, 0.159666
52.175, 1, 1, -1.15963, 0.159666
52.2, 1, 1, -1.15963, 0.159666
52.225, 1, 1, -1.15963, 0.159666
52.25, 1, 1, -1.15718, 0.157179
52.275, 1, 1, -1.15718, 0.157179
52.3, 1, 1, -1.15718, 0.157179
52.325, 1, 1, -1.15496, 0.154926
52.35, 1, 1, -1.15268, 0.152616
52.375, 1, 1, -1.15268, 0.152616
52.4, 1, 1, -1.15268, 0.152616
52.425, 1, 1, -1.15057, 0.150488
52.45, 1, 1, -1.15057, 0.150488
52.475, 1, 1, -1.15057, 0.150488
52.5, 1, 1, -1.14902, 0.148919
52.525, 1, 1, -1.14902, 0.148919
52.55, 1, 1, -1.14902, 0.148919
52.575, 1, 1, -1.14902, 0.148919
52.6, 1, 1, -1.14782, 0.147711
52.625, 1, 1, -1.14782, 0.147711
52.65, 1, 1, -1.14782, 0.147711
52.675, 1, 1, -1.14782, 0.147711
52.7, 1, 1, -1.14782, 0.147711
52.725, 1, 1, -1.14703, 0.146915
52.75, 1, 1, -1.14703, 0.146915
52.775, 1, 1, -1.14703, 0.146915
52.8, 1, 1, -1.14703, 0.146915
52.825, 1, 1, -1.14671, 0.146596
52.85, 1, 1, -1.14652, 0.146415
52.875, 1, 1, -1.14646, 0.146387
52.9, 1, 1, -1.14646, 0.146387
52.925, 1, 1, -1.14646, 0.146387
52.95, 1, 1, -1.14646, 0.146387
52.975, 1, 1, -1.14651, 0.146459
53, 1, 1, -1.14651, 0.146459
53.025, 1, 1, -1.14651, 0.146459
53.05, 1, 1, -1.14667, 0.146649
53.075, 1, 1, -1.14667, 0.146649
53.1, 1, 1, -1.14691, 0.146915
53.125, 1, 1, -1.14691, 0.146915
53.15, 1, 1, -1.14719, 0.147225
53.175, 1, 1, -1.14719, 0.147225
53.2, 1, 1, -1.14746, 0.147524
53.225, 1, 1, -1.14746, 0.147524
53.25, 1, 1, -1.14769, 0.147789
53.275, 1, 1, -1.1479, 0.148018
53.3, 1, 1, -1.14807, 0.148211
53.325, 1, 1, -1.1482, 0.148368
53.35, 1, 1, -1.14831, 0.148493
53.375, 1, 1, -1.14831, 0.148493
53.4, 1, 1, -1.14841, 0.148613
53.425, 1, 1, -1.14841, 0.148613
53.45, 1, 1, -1.14841, 0.148613
53.475, 1, 1, -1.14853, 0.148754
53.5, 1, 1, -1.14853, 0.148754
53.525, 1, 1, -1.14853, 0.148754
53.55, 1, 1, -1.14882, 0.149052
53.575, 1, 1, -1.14882, 0.149052
53.6, 1, 1, -1.1492, 0.149452
53.625, 1, 1, -1.1492, 0.149452
53.65, 1, 1, -1.1492, 0.149452
53.675, 1, 1, -1.1492, 0.149452
53.7, 1, 1, -1.14932, 0.149586
53.725, 1, 1, -1.14932, 0.149586
53.75, 1, 1, -1.14932, 0.149586
53.775, 1, 1, -1.14932, 0.149586
53.8, 1, 1, -1.14976, 0.150028
53.825, 1, 1, -1.15006, 0.150341
53.85, 1, 1, -1.15006, 0.150341
53.875, 1, 1, -1.15053, 0.150807
53.9, 1, 1, -1.15092, 0.151205
53.925, 1, 1, -1.15092, 0.151205
53.95, 1, 1, -1.15092, 0.151205
53.975, 1, 1, -1.15135, 0.151629
54, 1, 1, -1.15135, 0.151629
54.025, 1, 1, -1.15135, 0.151629
54.05, 1, 1, -1.15135, 0.151629
54.075, 1, 1, -1.15218, 0.152452
54.1, 1, 1, -1.15218, 0.152452
54.125, 1, 1, -1.15218, 0.152452
54.15, 1, 1, -1.15218, 0.152452
54.175, 1, 1, -1.15313, 0.153398
54.2, 1, 1, -1.15313, 0.153398
54.225, 1, 1, -1.15313, 0.153398
54.25, 1, 1, -1.15422, 0.154486
54.275, 1, 1, -1.15422, 0.154486
54.3, 1, 1, -1.15422, 0.154486
54.325, 1, 1, -1.15552, 0.155768
54.35, 1, 1, -1.15704, 0.157256
54.375, 1, 1, -1.15704, 0.157256
54.4, 1, 1, -1.15874, 0.158926
54.425, 1, 1, -1.1605, 0.160647
54.45, 1, 1, -1.16227, 0.162378
54.475, 1, 1, -1.16402, 0.16409
54.5, 1, 1, -1.16402, 0.16409
54.525, 1, 1, -1.16402, 0.16409
54.55, 1, 1, -1.16402, 0.16409
54.575, 1, 1, -1.16402, 0.16409
54.6, 1, 1, -1.16402, 0.16409
54.625, 1, 1, -1.16402, 0.16409
54.65, 1, 1, -1.16551, 0.165547
54.675, 1, 1, -1.1669, 0.166912
54.7, 1, 1, -1.16822, 0.168195
54.725, 1, 1, -1.16945, 0.169404
54.75, 1, 1, -1.16945, 0.169404
54.775, 1, 1, -1.16945, 0.169404
54.8, 1, 1, -1.16945, 0.169404
54.825, 1, 1, -1.16945, 0.169404
54.85, 1, 1, -1.16945, 0.169404
54.875, 1, 1, -1.16945, 0.169404
54.9, 1, 1, -1.17009, 0.170018
54.925, 1, 1, -1.17048, 0.170384
54.95, 1, 1, -1.17069, 0.170573
54.975, 1, 1, -1.17069, 0.170573
55, 1, 1, -1.17069, 0.170573
55.025, 1, 1, -1.17069, 0.170573
55.05, 1, 1, -1.17104, 0.170896
55.075, 1, 1, -1.17104, 0.170896
55.1, 1, 1, -1.17192, 0.17177
55.125, 1, 1, -1.17192, 0.17177
55.15, 1, 1, -1.17192, 0.17177
55.175, 1, 1, -1.17326, 0.173101
55.2, 1, 1, -1.17326, 0.173101
55.225, 1, 1, -1.17326, 0.173101
55.25, 1, 1, -1.17326, 0.173101
55.275, 1, 1, -1.17326, 0.173101
55.3, 1, 1, -1.17326, 0.173101
55.325, 1, 1, -1.17326, 0.173101
55.35, 1, 1, -1.1724, 0.172222
55.375, 1, 1, -1.1724, 0.172222
55.4, 1, 1, -1.1724, 0.172222
55.425, 1, 1, -1.1724, 0.172222
55.45, 1, 1, -1.17197, 0.171775
55.475, 1, 1, -1.17197, 0.171775
55.5, 1, 1, -1.17179, 0.171604
55.525, 1, 1, -1.17179, 0.171604
55.55, 1, 1, -1.17179, 0.171604
55.575, 1, 1, -1.17179, 0.171604
55.6, 1, 1, -1.17183, 0.171641
55.625, 1, 1, -1.17183, 0.171641
55.65, 1, 1, -1.17197, 0.171799
55.675, 1, 1, -1.17197, 0.171799
55.7, 1, 1, -1.17197, 0.171799
55.725, 1, 1, -1.17218, 0.172026
55.75, 1, 1, -1.17218, 0.172026
55.775, 1, 1, -1.1724, 0.172261
55.8, 1, 1, -1.1724, 0.172261
55.825, 1, 1, -1.1726, 0.172488
55.85, 1, 1, -1.1726, 0.172488
55.875, 1, 1, -1.1728, 0.172708
55.9, 1, 1, -1.17299, 0.172921
55.925, 1, 1, -1.17299, 0.172921
55.95, 1, 1, -1.17299, 0.172921
55.975, 1, 1, -1.17318, 0.173126
56, 1, 1, -1.17318, 0.173126
56.025, 1, 1, -1.17338, 0.173344
56.05, 1, 1, -1.17338, 0.173344
56.075, 1, 1, -1.17362, 0.173594
56.1, 1, 1, -1.17382, 0.173809
56.125, 1, 1, -1.174, 0.174001
56.15, 1, 1, -1.174, 0.174001
56.175, 1, 1, -1.174, 0.174001
56.2, 1, 1, -1.174, 0.174001
56.225, 1, 1, -1.17381, 0.173823
56.25, 1, 1, -1.17358, 0.173603
56.275, 1, 1, -1.17332, 0.173352
56.3, 1, 1, -1.17303, 0.173075
56.325, 1, 1, -1.17303, 0.173075
56.35, 1, 1, -1.17288, 0.172932
56.375, 1, 1, -1.17288, 0.172932
56.4, 1, 1, -1.17288, 0.172932
56.425, 1, 1, -1.17288, 0.172932
56.45, 1, 1, -1.17288, 0.172932
56.475, 1, 1, -1.17288, 0.172932
56.5, 1, 1, -1.17288, 0.172932
56.525, 1, 1, -1.17058, 0.170657
56.55, 1, 1, -1.16834, 0.168434
56.575, 1, 1, -1.16834, 0.168434
56.6, 1, 1, -1.16834, 0.168434
56.625, 1, 1, -1.16834, 0.168434
56.65, 1, 1, -1.16658, 0.166693
56.675, 1, 1, -1.16658, 0.166693
56.7, 1, 1, -1.16658, 0.166693
56.725, 1, 1, -1.16531, 0.165429
56.75, 1, 1, -1.1642, 0.164308
56.775, 1, 1, -1.1642, 0.164308
56.8, 1, 1, -1.16329, 0.163381
56.825, 1, 1, -1.16329, 0.163381
56.85, 1, 1, -1.16329, 0.163381
56.875, 1, 1, -1.1626, 0.162669
56.9, 1, 1, -1.16202, 0.162063
56.925, 1, 1, -1.16202, 0.162063
56.95, 1, 1, -1.16202, 0.162063
56.975, 1, 1, -1.16202, 0.162063
57, 1, 1, -1.16202, 0.162063
57.025, 1, 1, -1.16202, 0.162063
57.05, 1, 1, -1.16202, 0.162063
57.075, 1, 1, -1.16124, 0.161259
57.1, 1, 1, -1.16051, 0.1605
57.125, 1, 1, -1.15982, 0.159776
57.15, 1, 1, -1.15916, 0.159083
57.175, 1, 1, -1.15916, 0.159083
57.2, 1, 1, -1.15916, 0.159083
57.225, 1, 1, -1.15916, 0.159083
57.25, 1, 1, -1.15916, 0.159083
57.275, 1, 1, -1.15852, 0.158414
57.3, 1, 1, -1.1579, 0.15776
57.325, 1, 1, -1.1579, 0.15776
57.35, 1, 1, -1.15731, 0.157144
57.375, 1, 1, -1.15673, 0.15654
57.4, 1, 1, -1.15616, 0.15595
57.425, 1, 1, -1.15616, 0.15595
57.45, 1, 1, -1.15572, 0.155485
57.475, 1, 1, -1.15529, 0.155042
57.5, 1, 1, -1.15488, 0.154627
57.525, 1, 1, -1.15451, 0.154246
57.55, 1, 1, -1.15451, 0.154246
57.575, 1, 1, -1.15451, 0.154246
57.6, 1, 1, -1.15451, 0.154246
57.625, 1, 1, -1.15451, 0.154246
57.65, 1, 1, -1.15451, 0.154246
57.675, 1, 1, -1.15451, 0.154246
57.7, 1, 1, -1.15362, 0.153343
57.725, 1, 1, -1.15362, 0.153343
57.75, 1, 1, -1.15362, 0.153343
57.775, 1, 1, -1.15362, 0.153343
57.8, 1, 1, -1.15362, 0.153343
57.825, 1, 1, -1.15362, 0.153343
57.85, 1, 1, -1.15362, 0.153343
57.875, 1, 1, -1.15362, 0.153343
57.9, 1, 1, -1.15218, 0.151897
57.925, 1, 1, -1.15081, 0.150523
57.95, 1, 1, -1.15081, 0.150523
57.975, 1, 1, -1.14981, 0.149524
58, 1, 1, -1.14981, 0.149524
58.025, 1, 1, -1.14912, 0.148856
58.05, 1, 1, -1.14912, 0.148856
58.075, 1, 1, -1.14871, 0.14846
58.1, 1, 1, -1.1484, 0.148191
58.125, 1, 1, -1.1482, 0.148039
58.15, 1, 1, -1.1482, 0.148039
58.175, 1, 1, -1.1482, 0.148039
58.2, 1, 1, -1.1482, 0.148039
58.225, 1, 1, -1.1482, 0.148039
58.25, 1, 1, -1.1482, 0.148039
58.275, 1, 1, -1.1482, 0.148039
58.3, 1, 1, -1.1482, 0.148039
58.325, 1, 1, -1.1482, 0.148039
58.35, 1, 1, -1.1482, 0.148039
58.375, 1, 1, -1.1482, 0.148039
58.4, 1, 1, -1.1482, 0.148039
58.425, 1, 1, -1.1482, 0.148039
58.45, 1, 1, -1.1482, 0.148039
58.475, 1, 1, -1.1482, 0.148039
58.5, 1, 1, -1.14731, 0.147188
58.525, 1, 1, -1.14731, 0.147188
58.55, 1, 1, -1.14641, 0.146324
58.575, 1, 1, -1.14553, 0.145486
58.6, 1, 1, -1.14469, 0.14468
58.625, 1, 1, -1.14388, 0.143909
58.65, 1, 1, -1.14388, 0.143909
58.675, 1, 1, -1.14388, 0.143909
58.7, 1, 1, -1.14316, 0.14322
58.725, 1, 1, -1.14249, 0.142577
58.75, 1, 1, -1.14249, 0.142577
58.775, 1, 1, -1.14193, 0.142034
58.8, 1, 1, -1.14193, 0.142034
58.825, 1, 1, -1.14138, 0.14151
58.85, 1, 1, -1.14138, 0.14151
58.875, 1, 1, -1.14085, 0.14101
58.9, 1, 1, -1.14085, 0.14101
58.925, 1, 1, -1.14085, 0.14101
58.95, 1, 1, -1.14085, 0.14101
58.975, 1, 1, -1.14085, 0.14101
59, 1, 1, -1.14085, 0.14101
59.025, 1, 1, -1.14085, 0.14101
59.05, 1, 1, -1.14085, 0.14101
59.075, 1, 1, -1.14085, 0.14101
59.1, 1, 1, -1.14085, 0.14101
59.125, 1, 1, -1.13813, 0.138326
59.15, 1, 1, -1.13813, 0.138326
59.175, 1, 1, -1.13813, 0.138326
59.2, 1, 1, -1.13568, 0.135904
59.225, 1, 1, -1.13323, 0.133456
59.25, 1, 1, -1.13323, 0.133456
59.275, 1, 1, -1.13116, 0.131373
59.3, 1, 1, -1.12918, 0.129352
59.325, 1, 1, -1.12918, 0.129352
59.35, 1, 1, -1.12739, 0.127524
59.375, 1, 1, -1.12565, 0.125734
59.4, 1, 1, -1.12565, 0.125734
59.425, 1, 1, -1.12565, 0.125734
59.45, 1, 1, -1.12565, 0.125734
59.475, 1, 1, -1.12565, 0.125734
59.5, 1, 1, -1.12565, 0.125734
59.525, 1, 1, -1.12565, 0.125734
59.55, 1, 1, -1.12565, 0.125734
59.575, 1, 1, -1.12565, 0.125734
59.6, 1, 1, -1.12385, 0.123882
59.625, 1, 1, -1.12204, 0.122021
59.65, 1, 1, -1.12204, 0.122021
59.675, 1, 1, -1.12204, 0.122021
59.7, 1, 1, -1.12028, 0.120205
59.725, 1, 1, -1.12028, 0.120205
59.75, 1, 1, -1.12028, 0.120205
59.775, 1, 1, -1.12028, 0.120205
59.8, 1, 1, -1.11857, 0.118441
59.825, 1, 1, -1.11857, 0.118441
59.85, 1, 1, -1.11857, 0.118441
59.875, 1, 1, -1.11694, 0.11675
59.9, 1, 1, -1.11536, 0.115128
59.925, 1, 1, -1.11536, 0.115128
59.95, 1, 1, -1.11536, 0.115128
59.975, 1, 1, -1.11536, 0.115128
60, 1, 1, -1.11404, 0.113766
60, 1, 1, -1.11404, 0.113766
60.025, 1, 1, -1.11404, 0.113766
60.05, 1, 1, -1.11297, 0.112653
60.075, 1, 1, -1.11297, 0.112653
60.1, 1, 1, -1.112, 0.111653
60.125, 1, 1, -1.11099, 0.110614
60.15, 1, 1, -1.10995, 0.109545
60.175, 1, 1, -1.10995, 0.109545
60.2, 1, 1, -1.10995, 0.109545
60.225, 1, 1, -1.10943, 0.109008
60.25, 1, 1, -1.10943, 0.109008
60.275, 1, 1, -1.10928, 0.108842
60.3, 1, 1, -1.10928, 0.108842
60.325, 1, 1, -1.10942, 0.108977
60.35, 1, 1, -1.10942, 0.108977
60.375, 1, 1, -1.10979, 0.109342
60.4, 1, 1, -1.10979, 0.109342
60.425, 1, 1, -1.10979, 0.109342
60.45, 1, 1, -1.10979, 0.109342
60.475, 1, 1, -1.10979, 0.109342
60.5, 1, 1, -1.11026, 0.109801
60.525, 1, 1, -1.11026, 0.109801
60.55, 1, 1, -1.11026, 0.109801
60.575, 1, 1, -1.11026, 0.109801
60.6, 1, 1, -1.11026, 0.109801
60.625, 1, 1, -1.11026, 0.109801
60.65, 1, 1, -1.11026, 0.109801
60.675, 1, 1, -1.11016, 0.109696
60.7, 1, 1, -1.11016, 0.109696
60.725, 1, 1, -1.11026, 0.109798
60.75, 1, 1, -1.11026, 0.109798
60.775, 1, 1, -1.11058, 0.110125
60.8, 1, 1, -1.11094, 0.11051
60.825, 1, 1, -1.11094, 0.11051
60.85, 1, 1, -1.11094, 0.11051
60.875, 1, 1, -1.11094, 0.11051
60.9, 1, 1, -1.11094, 0.11051
60.925, 1, 1, -1.11146, 0.111056
60.95, 1, 1, -1.11201, 0.111648
60.975, 1, 1, -1.11201, 0.111648
61, 1, 1, -1.11201, 0.111648
61.025, 1, 1, -1.11262, 0.112307
61.05, 1, 1, -1.11324, 0.112975
61.075, 1, 1, -1.11324, 0.112975
61.1, 1, 1, -1.11385, 0.113644
61.125, 1, 1, -1.11446, 0.114302
61.15, 1, 1, -1.11446, 0.114302
61.175, 1, 1, -1.11446, 0.114302
61.2, 1, 1, -1.11504, 0.114937
61.225, 1, 1, -1.11504, 0.114937
61.25, 1, 1, -1.11504, 0.114937
61.275, 1, 1, -1.11561, 0.115556
61.3, 1, 1, -1.11561, 0.115556
61.325, 1, 1, -1.11616, 0.116159
61.35, 1, 1, -1.11669, 0.116733
61.375, 1, 1, -1.11669, 0.116733
61.4, 1, 1, -1.11721, 0.117291
61.425, 1, 1, -1.11721, 0.117291
61.45, 1, 1, -1.11721, 0.117291
61.475, 1, 1, -1.11721, 0.117291
61.5, 1, 1, -1.11721, 0.117291
61.525, 1, 1, -1.11782, 0.117943
61.55, 1, 1, -1.11782, 0.117943
61.575, 1, 1, -1.11852, 0.118681
61.6, 1, 1, -1.11919, 0.119373
61.625, 1, 1, -1.11919, 0.119373
61.65, 1, 1, -1.11919, 0.119373
61.675, 1, 1, -1.11981, 0.12002
61.7, 1, 1, -1.11981, 0.12002
61.725, 1, 1, -1.11981, 0.12002
61.75, 1, 1, -1.12062, 0.12085
61.775, 1, 1, -1.12062, 0.12085
61.8, 1, 1, -1.1217, 0.121946
61.825, 1, 1, -1.12282, 0.123061
61.85, 1, 1, -1.12282, 0.123061
61.875, 1, 1, -1.12282, 0.123061
61.9, 1, 1, -1.12282, 0.123061
61.925, 1, 1, -1.12282, 0.123061
61.95, 1, 1, -1.12349, 0.123732
61.975, 1, 1, -1.12349, 0.123732
62, 1, 1, -1.12435, 0.12459
62.025, 1, 1, -1.12435, 0.12459
62.05, 1, 1, -1.12548, 0.125706
62.075, 1, 1, -1.12548, 0.125706
62.1, 1, 1, -1.12684, 0.127046
62.125, 1, 1, -1.12684, 0.127046
62.15, 1, 1, -1.1284, 0.128571
62.175, 1, 1, -1.1284, 0.128571
62.2, 1, 1, -1.13011, 0.130243
62.225, 1, 1, -1.13011, 0.130243
62.25, 1, 1, -1.13189, 0.131988
62.275, 1, 1, -1.13189, 0.131988
62.3, 1, 1, -1.13371, 0.133759
62.325, 1, 1, -1.13371, 0.133759
62.35, 1, 1, -1.13551, 0.135516
62.375, 1, 1, -1.13727, 0.13724
62.4, 1, 1, -1.13727, 0.13724
62.425, 1, 1, -1.13898, 0.138909
62.45, 1, 1, -1.13898, 0.138909
62.475, 1, 1, -1.13898, 0.138909
62.5, 1, 1, -1.14064, 0.140527
62.525, 1, 1, -1.14064, 0.140527
62.55, 1, 1, -1.1422, 0.142048
62.575, 1, 1, -1.1422, 0.142048
62.6, 1, 1, -1.1422, 0.142048
62.625, 1, 1, -1.14374, 0.143565
62.65, 1, 1, -1.14519, 0.144977
62.675, 1, 1, -1.14519, 0.144977
62.7, 1, 1, -1.14519, 0.144977
62.725, 1, 1, -1.14519, 0.144977
62.75, 1, 1, -1.14519, 0.144977
62.775, 1, 1, -1.14519, 0.144977
62.8, 1, 1, -1.14619, 0.145951
62.825, 1, 1, -1.14619, 0.145951
62.85, 1, 1, -1.14738, 0.147109
62.875, 1, 1, -1.14838, 0.14809
62.9, 1, 1, -1.14838, 0.14809
62.925, 1, 1, -1.14838, 0.14809
62.95, 1, 1, -1.14945, 0.14914
62.975, 1, 1, -1.14945, 0.14914
63, 1, 1, -1.14945, 0.14914
63.025, 1, 1, -1.15073, 0.150403
63.05, 1, 1, -1.15185, 0.15151
63.075, 1, 1, -1.15185, 0.15151
63.1, 1, 1, -1.15185, 0.15151
63.125, 1, 1, -1.15356, 0.153222
63.15, 1, 1, -1.15356, 0.153222
63.175, 1, 1, -1.15581, 0.155476
63.2, 1, 1, -1.15821, 0.157886
63.225, 1, 1, -1.15821, 0.157886
63.25, 1, 1, -1.161, 0.1607
63.275, 1, 1, -1.16405, 0.163775
63.3, 1, 1, -1.16405, 0.163775
63.325, 1, 1, -1.16405, 0.163775
63.35, 1, 1, -1.16405, 0.163775
63.375, 1, 1, -1.16405, 0.163775
63.4, 1, 1, -1.16405, 0.163775
63.425, 1, 1, -1.16405, 0.163775
63.45, 1, 1, -1.16405, 0.163775
63.475, 1, 1, -1.16405, 0.163775
63.5, 1, 1, -1.16396, 0.163706
63.525, 1, 1, -1.16396, 0.163706
63.55, 1, 1, -1.1639, 0.163674
63.575, 1, 1, -1.16375, 0.163588
63.6, 1, 1, -1.16375, 0.163588
63.625, 1, 1, -1.16375, 0.163588
63.65, 1, 1, -1.1636, 0.163497
63.675, 1, 1, -1.16343, 0.163395
63.7, 1, 1, -1.16343, 0.163395
63.725, 1, 1, -1.16326, 0.163286
63.75, 1, 1, -1.16326, 0.163286
63.775, 1, 1, -1.16326, 0.163286
63.8, 1, 1, -1.16326, 0.163286
63.825, 1, 1, -1.16326, 0.163286
63.85, 1, 1, -1.16314, 0.163219
63.875, 1, 1, -1.16314, 0.163219
63.9, 1, 1, -1.16314, 0.163219
63.925, 1, 1, -1.16322, 0.163359
63.95, 1, 1, -1.16322, 0.163359
63.975, 1, 1, -1.16322, 0.163359
64, 1, 1, -1.16335, 0.163536
64.025, 1, 1, -1.16335, 0.163536
64.05, 1, 1, -1.16335, 0.163536
64.075, 1, 1, -1.16335, 0.163536
64.1, 1, 1, -1.16399, 0.164225
64.125, 1, 1, -1.16399, 0.164225
64.15, 1, 1, -1.16399, 0.164225
64.175, 1, 1, -1.1652, 0.165473
64.2, 1, 1, -1.1652, 0.165473
64.225, 1, 1, -1.16654, 0.166835
64.25, 1, 1, -1.16741, 0.167725
64.275, 1, 1, -1.16741, 0.167725
64.3, 1, 1, -1.16839, 0.168724
64.325, 1, 1, -1.16902, 0.169344
64.35, 1, 1, -1.16902, 0.169344
64.375, 1, 1, -1.17034, 0.170644
64.4, 1, 1, -1.17034, 0.170644
64.425, 1, 1, -1.17034, 0.170644
64.45, 1, 1, -1.17034, 0.170644
64.475, 1, 1, -1.17034, 0.170644
64.5, 1, 1, -1.17034, 0.170644
64.525, 1, 1, -1.17034, 0.170644
64.55, 1, 1, -1.17034, 0.170644
64.575, 1, 1, -1.17034, 0.170644
64.6, 1, 1, -1.16843, 0.168742
64.625, 1, 1, -1.16621, 0.16646
64.65, 1, 1, -1.16389, 0.164034
64.675, 1, 1, -1.16389, 0.164034
64.7, 1, 1, -1.16389, 0.164034
64.725, 1, 1, -1.16389, 0.164034
64.75, 1, 1, -1.16167, 0.161715
64.775, 1, 1, -1.15943, 0.159365
64.8, 1, 1, -1.15723, 0.157048
64.825, 1, 1, -1.15723, 0.157048
64.85, 1, 1, -1.15723, 0.157048
64.875, 1, 1, -1.15509, 0.154811
64.9, 1, 1, -1.15509, 0.154811
64.925, 1, 1, -1.15509, 0.154811
64.95, 1, 1, -1.15509, 0.154811
64.975, 1, 1, -1.15309, 0.15272
65, 1, 1, -1.15309, 0.15272
65.025, 1, 1, -1.15309, 0.15272
65.05, 1, 1, -1.15133, 0.150876
65.075, 1, 1, -1.15133, 0.150876
65.1, 1, 1, -1.14985, 0.149333
65.125, 1, 1, -1.14853, 0.147947
65.15, 1, 1, -1.14734, 0.146708
65.175, 1, 1, -1.14628, 0.14561
65.2, 1, 1, -1.14536, 0.144645
65.225, 1, 1, -1.14536, 0.144645
65.25, 1, 1, -1.14536, 0.144645
65.275, 1, 1, -1.14536, 0.144645
65.3, 1, 1, -1.14468, 0.14394
65.325, 1, 1, -1.14468, 0.14394
65.35, 1, 1, -1.14448, 0.143713
65.375, 1, 1, -1.14448, 0.143713
65.4, 1, 1, -1.14448, 0.143713
65.425, 1, 1, -1.14448, 0.143713
65.45, 1, 1, -1.14477, 0.143977
65.475, 1, 1, -1.14503, 0.144229
65.5, 1, 1, -1.14503, 0.144229
65.525, 1, 1, -1.14589, 0.145091
65.55, 1, 1, -1.14675, 0.145957
65.575, 1, 1, -1.14675, 0.145957
65.6, 1, 1, -1.14834, 0.147577
65.625, 1, 1, -1.15012, 0.149401
65.65, 1, 1, -1.15224, 0.151577
65.675, 1, 1, -1.15505, 0.154481
65.7, 1, 1, -1.15505, 0.154481
65.725, 1, 1, -1.15505, 0.154481
65.75, 1, 1, -1.15734, 0.156853
65.775, 1, 1, -1.15985, 0.159483
65.8, 1, 1, -1.15985, 0.159483
65.825, 1, 1, -1.16256, 0.162312
65.85, 1, 1, -1.16256, 0.162312
65.875, 1, 1, -1.1653, 0.165172
65.9, 1, 1, -1.16798, 0.167982
65.925, 1, 1, -1.17059, 0.170733
65.95, 1, 1, -1.17313, 0.173412
65.975, 1, 1, -1.17313, 0.173412
66, 1, 1, -1.17313, 0.173412
66.025, 1, 1, -1.17313, 0.173412
66.05, 1, 1, -1.17522, 0.175628
66.075, 1, 1, -1.17522, 0.175628
66.1, 1, 1, -1.17522, 0.175628
66.125, 1, 1, -1.17522, 0.175628
66.15, 1, 1, -1.17729, 0.177814
66.175, 1, 1, -1.17729, 0.177814
66.2, 1, 1, -1.1794, 0.180028
66.225, 1, 1, -1.18151, 0.182228
66.25, 1, 1, -1.1836, 0.184405
66.275, 1, 1, -1.1836, 0.184405
66.3, 1, 1, -1.18568, 0.186576
66.325, 1, 1, -1.18775, 0.188712
66.35, 1, 1, -1.18775, 0.188712
66.375, 1, 1, -1.18775, 0.188712
66.4, 1, 1, -1.18775, 0.188712
66.425, 1, 1, -1.18775, 0.188712
66.45, 1, 1, -1.18811, 0.189167
66.475, 1, 1, -1.18811, 0.189167
66.5, 1, 1, -1.18811, 0.189167
66.525, 1, 1, -1.18811, 0.189167
66.55, 1, 1, -1.18811, 0.189167
66.575, 1, 1, -1.18713, 0.188304
66.6, 1, 1, -1.18713, 0.188304
66.625, 1, 1, -1.18713, 0.188304
66.65, 1, 1, -1.18676, 0.18802
66.675, 1, 1, -1.18575, 0.187083
66.7, 1, 1, -1.18575, 0.187083
66.725, 1, 1, -1.1855, 0.186884
66.75, 1, 1, -1.1855, 0.186884
66.775, 1, 1, -1.18559, 0.187017
66.8, 1, 1, -1.18533, 0.186789
66.825, 1, 1, -1.18533, 0.186789
66.85, 1, 1, -1.1853, 0.186776
66.875, 1, 1, -1.1853, 0.186776
66.9, 1, 1, -1.18581, 0.187286
66.925, 1, 1, -1.18581, 0.187286
66.95, 1, 1, -1.18791, 0.189338
66.975, 1, 1, -1.19014, 0.191471
67, 1, 1, -1.19014, 0.191471
67.025, 1, 1, -1.19014, 0.191471
67.05, 1, 1, -1.19116, 0.192404
67.075, 1, 1, -1.19116, 0.192404
67.1, 1, 1, -1.19116, 0.192404
67.125, 1, 1, -1.19116, 0.192404
67.15, 1, 1, -1.19178, 0.192951
67.175, 1, 1, -1.19158, 0.192617
67.2, 1, 1, -1.19158, 0.192617
67.225, 1, 1, -1.19158, 0.192617
67.25, 1, 1, -1.19158, 0.192617
67.275, 1, 1, -1.19158, 0.192617
67.3, 1, 1, -1.19068, 0.191606
67.325, 1, 1, -1.19068, 0.191606
67.35, 1, 1, -1.19068, 0.191606
67.375, 1, 1, -1.18969, 0.190497
67.4, 1, 1, -1.18852, 0.189198
67.425, 1, 1, -1.18852, 0.189198
67.45, 1, 1, -1.18736, 0.187919
67.475, 1, 1, -1.18626, 0.186697
67.5, 1, 1, -1.18523, 0.185557
67.525, 1, 1, -1.18428, 0.184499
67.55, 1, 1, -1.18342, 0.183538
67.575, 1, 1, -1.18266, 0.182684
67.6, 1, 1, -1.18266, 0.182684
67.625, 1, 1, -1.18208, 0.182019
67.65, 1, 1, -1.18163, 0.181479
67.675, 1, 1, -1.1814, 0.181177
67.7, 1, 1, -1.1814, 0.181177
67.725, 1, 1, -1.1814, 0.181177
67.75, 1, 1, -1.18178, 0.181492
67.775, 1, 1, -1.18178, 0.181492
67.8, 1, 1, -1.18292, 0.182576
67.825, 1, 1, -1.184, 0.183604
67.85, 1, 1, -1.18507, 0.184617
67.875, 1, 1, -1.18507, 0.184617
67.9, 1, 1, -1.18507, 0.184617
67.925, 1, 1, -1.18507, 0.184617
67.95, 1, 1, -1.18507, 0.184617
67.975, 1, 1, -1.18403, 0.183502
68, 1, 1, -1.18403, 0.183502
68.025, 1, 1, -1.18403, 0.183502
68.05, 1, 1, -1.18403, 0.183502
68.075, 1, 1, -1.18318, 0.182583
68.1, 1, 1, -1.18242, 0.181767
68.125, 1, 1, -1.18242, 0.181767
68.15, 1, 1, -1.18242, 0.181767
68.175, 1, 1, -1.18241, 0.181729
68.2, 1, 1, -1.18241, 0.181729
68.225, 1, 1, -1.18312, 0.182449
68.25, 1, 1, -1.18421, 0.183608
68.275, 1, 1, -1.18421, 0.183608
68.3, 1, 1, -1.1858, 0.185293
68.325, 1, 1, -1.1858, 0.185293
68.35, 1, 1, -1.1858, 0.185293
68.375, 1, 1, -1.18732, 0.186908
68.4, 1, 1, -1.18877, 0.188492
68.425, 1, 1, -1.18877, 0.188492
68.45, 1, 1, -1.18877, 0.188492
68.475, 1, 1, -1.18877, 0.188492
68.5, 1, 1, -1.18877, 0.188492
68.525, 1, 1, -1.1897, 0.189514
68.55, 1, 1, -1.19052, 0.190428
68.575, 1, 1, -1.19128, 0.19129
68.6, 1, 1, -1.19128, 0.19129
68.625, 1, 1, -1.19204, 0.192146
68.65, 1, 1, -1.19282, 0.193014
68.675, 1, 1, -1.19282, 0.193014
68.7, 1, 1, -1.19365, 0.193929
68.725, 1, 1, -1.19365, 0.193929
68.75, 1, 1, -1.19365, 0.193929
68.775, 1, 1, -1.1945, 0.194851
68.8, 1, 1, -1.19536, 0.195779
68.825, 1, 1, -1.19536, 0.195779
68.85, 1, 1, -1.19536, 0.195779
68.875, 1, 1, -1.19536, 0.195779
68.9, 1, 1, -1.19536, 0.195779
68.925, 1, 1, -1.19536, 0.195779
68.95, 1, 1, -1.19536, 0.195779
68.975, 1, 1, -1.19466, 0.19517
69, 1, 1, -1.19466, 0.19517
69.025, 1, 1, -1.19419, 0.194779
69.05, 1, 1, -1.19419, 0.194779
69.075, 1, 1, -1.1939, 0.194549
69.1, 1, 1, -1.19327, 0.193977
69.125, 1, 1, -1.19327, 0.193977
69.15, 1, 1, -1.19327, 0.193977
69.175, 1, 1, -1.19327, 0.193977
69.2, 1, 1, -1.19327, 0.193977
69.225, 1, 1, -1.19327, 0.193977
69.25, 1, 1, -1.19162, 0.192387
69.275, 1, 1, -1.19162, 0.192387
69.3, 1, 1, -1.19162, 0.192387
69.325, 1, 1, -1.19045, 0.191264
69.35, 1, 1, -1.19045, 0.191264
69.375, 1, 1, -1.19045, 0.191264
69.4, 1, 1, -1.18947, 0.190323
69.425, 1, 1, -1.18947, 0.190323
69.45, 1, 1, -1.18947, 0.190323
69.475, 1, 1, -1.18887, 0.189743
69.5, 1, 1, -1.18887, 0.189743
69.525, 1, 1, -1.18887, 0.189743
69.55, 1, 1, -1.18887, 0.189743
69.575, 1, 1, -1.18887, 0.189743
69.6, 1, 1, -1.18887, 0.189743
69.625, 1, 1, -1.18763, 0.18852
69.65, 1, 1, -1.18763, 0.18852
69.675, 1, 1, -1.18632, 0.187189
69.7, 1, 1, -1.18472, 0.185507
69.725, 1, 1, -1.18297, 0.18365
69.75, 1, 1, -1.18297, 0.18365
69.775, 1, 1, -1.18135, 0.18191
69.8, 1, 1, -1.18135, 0.18191
69.825, 1, 1, -1.18135, 0.18191
69.85, 1, 1, -1.18135, 0.18191
69.875, 1, 1, -1.18135, 0.18191
69.9, 1, 1, -1.18135, 0.18191
69.925, 1, 1, -1.18135, 0.18191
69.95, 1, 1, -1.18135, 0.18191
69.975, 1, 1, -1.1791, 0.179555
70, 1, 1, -1.17689, 0.177241
70.025, 1, 1, -1.17476, 0.17501
70.05, 1, 1, -1.17476, 0.17501
70.075, 1, 1, -1.17272, 0.17287
70.1, 1, 1, -1.17272, 0.17287
70.125, 1, 1, -1.17079, 0.170852
70.15, 1, 1, -1.16893, 0.168906
70.175, 1, 1, -1.16713, 0.167025
70.2, 1, 1, -1.16713, 0.167025
70.225, 1, 1, -1.16713, 0.167025
70.25, 1, 1, -1.16713, 0.167025
70.275, 1, 1, -1.16713, 0.167025
70.3, 1, 1, -1.16713, 0.167025
70.325, 1, 1, -1.16713, 0.167025
70.35, 1, 1, -1.16713, 0.167025
70.375, 1, 1, -1.16713, 0.167025
70.4, 1, 1, -1.16411, 0.163907
70.425, 1, 1, -1.16411, 0.163907
70.45, 1, 1, -1.1611, 0.160794
70.475, 1, 1, -1.1611, 0.160794
70.5, 1, 1, -1.1581, 0.157692
70.525, 1, 1, -1.1581, 0.157692
70.55, 1, 1, -1.15516, 0.154657
70.575, 1, 1, -1.15516, 0.154657
70.6, 1, 1, -1.15516, 0.154657
70.625, 1, 1, -1.15241, 0.151808
70.65, 1, 1, -1.15241, 0.151808
70.675, 1, 1, -1.15241, 0.151808
70.7, 1, 1, -1.15241, 0.151808
70.725, 1, 1, -1.1498, 0.14911
70.75, 1, 1, -1.1498, 0.14911
70.775, 1, 1, -1.14724, 0.146455
70.8, 1, 1, -1.14455, 0.143678
70.825, 1, 1, -1.14179, 0.140825
70.85, 1, 1, -1.14179, 0.140825
70.875, 1, 1, -1.14179, 0.140825
70.9, 1, 1, -1.14179, 0.140825
70.925, 1, 1, -1.14179, 0.140825
70.95, 1, 1, -1.14179, 0.140825
70.975, 1, 1, -1.14179, 0.140825
71, 1, 1, -1.14179, 0.140825
71.025, 1, 1, -1.14179, 0.140825
71.05, 1, 1, -1.13921, 0.138159
71.075, 1, 1, -1.13669, 0.13557
71.1, 1, 1, -1.13669, 0.13557
71.125, 1, 1, -1.13669, 0.13557
71.15, 1, 1, -1.13475, 0.133604
71.175, 1, 1, -1.13299, 0.131855
71.2, 1, 1, -1.13299, 0.131855
71.225, 1, 1, -1.13299, 0.131855
71.25, 1, 1, -1.13207, 0.131001
71.275, 1, 1, -1.13145, 0.130526
71.3, 1, 1, -1.13112, 0.130388
71.325, 1, 1, -1.13112, 0.130388
71.35, 1, 1, -1.13128, 0.130775
71.375, 1, 1, -1.13128, 0.130775
71.4, 1, 1, -1.13128, 0.130775
71.425, 1, 1, -1.13128, 0.130775
71.45, 1, 1, -1.13128, 0.130775
71.475, 1, 1, -1.13112, 0.130819
71.5, 1, 1, -1.13094, 0.130852
71.525, 1, 1, -1.13094, 0.130852
71.55, 1, 1, -1.13077, 0.130884
71.575, 1, 1, -1.13065, 0.130947
71.6, 1, 1, -1.13059, 0.131057
71.625, 1, 1, -1.13059, 0.131057
71.65, 1, 1, -1.13059, 0.131057
71.675, 1, 1, -1.1307, 0.13131
71.7, 1, 1, -1.1307, 0.13131
71.725, 1, 1, -1.1307, 0.13131
71.75, 1, 1, -1.1307, 0.13131
71.775, 1, 1, -1.1307, 0.13131
71.8, 1, 1, -1.1307, 0.13131
71.825, 1, 1, -1.1307, 0.13131
71.85, 1, 1, -1.1307, 0.13131
71.875, 1, 1, -1.1307, 0.13131
71.9, 1, 1, -1.1307, 0.13131
71.925, 1, 1, -1.1307, 0.13131
71.95, 1, 1, -1.1307, 0.13131
71.975, 1, 1, -1.12964, 0.130424
72, 1, 1, -1.12799, 0.128908
72.025, 1, 1, -1.12799, 0.128908
72.05, 1, 1, -1.12635, 0.127368
72.075, 1, 1, -1.12635, 0.127368
72.1, 1, 1, -1.12635, 0.127368
72.125, 1, 1, -1.1253, 0.126376
72.15, 1, 1, -1.1253, 0.126376
72.175, 1, 1, -1.1253, 0.126376
72.2, 1, 1, -1.1253, 0.126376
72.225, 1, 1, -1.12479, 0.125892
72.25, 1, 1, -1.12479, 0.125892
72.275, 1, 1, -1.12425, 0.125342
72.3, 1, 1, -1.12326, 0.124289
72.325, 1, 1, -1.12201, 0.122947
72.35, 1, 1, -1.12056, 0.121343
72.375, 1, 1, -1.11907, 0.11966
72.4, 1, 1, -1.11764, 0.11801
72.425, 1, 1, -1.11764, 0.11801
72.45, 1, 1, -1.11665, 0.116776
72.475, 1, 1, -1.11578, 0.115635
72.5, 1, 1, -1.11504, 0.114604
72.525, 1, 1, -1.11504, 0.114604
72.55, 1, 1, -1.11504, 0.114604
72.575, 1, 1, -1.11504, 0.114604
72.6, 1, 1, -1.11504, 0.114604
72.625, 1, 1, -1.11504, 0.114604
72.65, 1, 1, -1.11309, 0.112401
72.675, 1, 1, -1.11113, 0.110187
72.7, 1, 1, -1.11113, 0.110187
72.725, 1, 1, -1.10924, 0.108045
72.75, 1, 1, -1.10924, 0.108045
72.775, 1, 1, -1.10924, 0.108045
72.8, 1, 1, -1.10924, 0.108045
72.825, 1, 1, -1.10924, 0.108045
72.85, 1, 1, -1.10722, 0.105812
72.875, 1, 1, -1.10722, 0.105812
72.9, 1, 1, -1.10722, 0.105812
72.925, 1, 1, -1.10722, 0.105812
72.95, 1, 1, -1.10554, 0.103946
72.975, 1, 1, -1.10402, 0.102248
73, 1, 1, -1.10402, 0.102248
73.025, 1, 1, -1.10267, 0.100738
73.05, 1, 1, -1.10267, 0.100738
73.075, 1, 1, -1.10267, 0.100738
73.1, 1, 1, -1.10223, 0.100179
73.125, 1, 1, -1.10223, 0.100179
73.15, 1, 1, -1.10251, 0.100361
73.175, 1, 1, -1.10251, 0.100361
73.2, 1, 1, -1.10303, 0.100795
73.225, 1, 1, -1.10303, 0.100795
73.25, 1, 1, -1.10303, 0.100795
73.275, 1, 1, -1.10303, 0.100795
73.3, 1, 1, -1.10321, 0.100884
73.325, 1, 1, -1.10321, 0.100884
73.35, 1, 1, -1.1034, 0.100989
73.375, 1, 1, -1.1034, 0.100989
73.4, 1, 1, -1.1034, 0.100989
73.425, 1, 1, -1.10349, 0.100995
73.45, 1, 1, -1.10328, 0.1007
73.475, 1, 1, -1.10328, 0.1007
73.5, 1, 1, -1.10328, 0.1007
73.525, 1, 1, -1.10311, 0.100456
73.55, 1, 1, -1.10311, 0.100456
73.575, 1, 1, -1.10311, 0.100456
73.6, 1, 1, -1.10311, 0.100456
73.625, 1, 1, -1.10311, 0.100456
73.65, 1, 1, -1.10311, 0.100456
73.675, 1, 1, -1.10204, 0.0992922
73.7, 1, 1, -1.10204, 0.0992922
73.725, 1, 1, -1.10098, 0.0981502
73.75, 1, 1, -1.10098, 0.0981502
73.775, 1, 1, -1.10098, 0.0981502
73.8, 1, 1, -1.10098, 0.0981502
73.825, 1, 1, -1.10098, 0.0981502
73.85, 1, 1, -1.10098, 0.0981502
73.875, 1, 1, -1.10098, 0.0981502
73.9, 1, 1, -1.10006, 0.0971462
73.925, 1, 1, -1.09904, 0.0960603
73.95, 1, 1, -1.09904, 0.0960603
73.975, 1, 1, -1.09904, 0.0960603
74, 1, 1, -1.09904, 0.0960603
74.025, 1, 1, -1.09904, 0.0960603
74.05, 1, 1, -1.09898, 0.0959553
74.075, 1, 1, -1.09898, 0.0959553
74.1, 1, 1, -1.09933, 0.0962983
74.125, 1, 1, -1.09933, 0.0962983
74.15, 1, 1, -1.09933, 0.0962983
74.175, 1, 1, -1.10044, 0.0974548
74.2, 1, 1, -1.10044, 0.0974548
74.225, 1, 1, -1.10044, 0.0974548
74.25, 1, 1, -1.10044, 0.0974548
74.275, 1, 1, -1.10044, 0.0974548
74.3, 1, 1, -1.10297, 0.100072
74.325, 1, 1, -1.10593, 0.103254
74.35, 1, 1, -1.10905, 0.10662
74.375, 1, 1, -1.11211, 0.109942
74.4, 1, 1, -1.11211, 0.109942
74.425, 1, 1, -1.11503, 0.113108
74.45, 1, 1, -1.11786, 0.116169
74.475, 1, 1, -1.11786, 0.116169
74.5, 1, 1, -1.12059, 0.119119
74.525, 1, 1, -1.12059, 0.119119
74.55, 1, 1, -1.12059, 0.119119
74.575, 1, 1, -1.12344, 0.122154
74.6, 1, 1, -1.12638, 0.125261
74.625, 1, 1, -1.12948, 0.128497
74.65, 1, 1, -1.12948, 0.128497
74.675, 1, 1, -1.13317, 0.132306
74.7, 1, 1, -1.13706, 0.136282
74.725, 1, 1, -1.14118, 0.140476
74.75, 1, 1, -1.14118, 0.140476
74.775, 1, 1, -1.14548, 0.144834
74.8, 1, 1, -1.1498, 0.149199
74.825, 1, 1, -1.1498, 0.149199
74.85, 1, 1, -1.1498, 0.149199
74.875, 1, 1, -1.15293, 0.152397
74.9, 1, 1, -1.15293, 0.152397
74.925, 1, 1, -1.15293, 0.152397
74.95, 1, 1, -1.15293, 0.152397
74.975, 1, 1, -1.15293, 0.152397
75, 1, 1, -1.15293, 0.152397
75.025, 1, 1, -1.15158, 0.151227
75.05, 1, 1, -1.15158, 0.151227
75.075, 1, 1, -1.14959, 0.149237
75.1, 1, 1, -1.14959, 0.149237
75.125, 1, 1, -1.14745, 0.146975
75.15, 1, 1, -1.14745, 0.146975
75.175, 1, 1, -1.14745, 0.146975
75.2, 1, 1, -1.14745, 0.146975
75.225, 1, 1, -1.14745, 0.146975
75.25, 1, 1, -1.14745, 0.146975
75.275, 1, 1, -1.14745, 0.146975
75.3, 1, 1, -1.14466, 0.144103
75.325, 1, 1, -1.14111, 0.140203
75.35, 1, 1, -1.13754, 0.136228
75.375, 1, 1, -1.13405, 0.132334
75.4, 1, 1, -1.13069, 0.12859
75.425, 1, 1, -1.13069, 0.12859
75.45, 1, 1, -1.12736, 0.124923
75.475, 1, 1, -1.12415, 0.12141
75.5, 1, 1, -1.12415, 0.12141
75.525, 1, 1, -1.12104, 0.118006
75.55, 1, 1, -1.12104, 0.118006
75.575, 1, 1, -1.12104, 0.118006
75.6, 1, 1, -1.12104, 0.118006
75.625, 1, 1, -1.11788, 0.114571
75.65, 1, 1, -1.11487, 0.111322
75.675, 1, 1, -1.11487, 0.111322
75.7, 1, 1, -1.11487, 0.111322
75.725, 1, 1, -1.11184, 0.108096
75.75, 1, 1, -1.10901, 0.105101
75.775, 1, 1, -1.10632, 0.102252
75.8, 1, 1, -1.10632, 0.102252
75.825, 1, 1, -1.10371, 0.0994961
75.85, 1, 1, -1.10119, 0.0968409
75.875, 1, 1, -1.10119, 0.0968409
75.9, 1, 1, -1.10119, 0.0968409
75.925, 1, 1, -1.10119, 0.0968409
75.95, 1, 1, -1.0988, 0.0943367
75.975, 1, 1, -1.09651, 0.0919466
76, 1, 1, -1.09651, 0.0919466
76.025, 1, 1, -1.09651, 0.0919466
76.05, 1, 1, -1.09554, 0.0909208
76.075, 1, 1, -1.09438, 0.0897228
76.1, 1, 1, -1.09438, 0.0897228
76.125, 1, 1, -1.0938, 0.0891227
76.15, 1, 1, -1.0938, 0.0891227
76.175, 1, 1, -1.09325, 0.0885469
76.2, 1, 1, -1.0925, 0.0877767
76.225, 1, 1, -1.0925, 0.0877767
76.25, 1, 1, -1.09179, 0.0870449
76.275, 1, 1, -1.09099, 0.0862222
76.3, 1, 1, -1.09099, 0.0862222
76.325, 1, 1, -1.09015, 0.0853502
76.35, 1, 1, -1.09015, 0.0853502
76.375, 1, 1, -1.09015, 0.0853502
76.4, 1, 1, -1.08903, 0.084203
76.425, 1, 1, -1.08903, 0.084203
76.45, 1, 1, -1.08903, 0.084203
76.475, 1, 1, -1.08765, 0.0827946
76.5, 1, 1, -1.08765, 0.0827946
76.525, 1, 1, -1.08765, 0.0827946
76.55, 1, 1, -1.08765, 0.0827946
76.575, 1, 1, -1.08765, 0.0827946
76.6, 1, 1, -1.08765, 0.0827946
76.625, 1, 1, -1.08765, 0.0827946
76.65, 1, 1, -1.0853, 0.0803995
76.675, 1, 1, -1.0853, 0.0803995
76.7, 1, 1, -1.0853, 0.0803995
76.725, 1, 1, -1.083, 0.0780469
76.75, 1, 1, -1.083, 0.0780469
76.775, 1, 1, -1.08077, 0.0757727
76.8, 1, 1, -1.07854, 0.0735023
76.825, 1, 1, -1.07627, 0.0711936
76.85, 1, 1, -1.07627, 0.0711936
76.875, 1, 1, -1.07627, 0.0711936
76.9, 1, 1, -1.07627, 0.0711936
76.925, 1, 1, -1.07627, 0.0711936
76.95, 1, 1, -1.07627, 0.0711936
76.975, 1, 1, -1.07627, 0.0711936
77, 1, 1, -1.07627, 0.0711936
77.025, 1, 1, -1.0753, 0.0702046
77.05, 1, 1, -1.0753, 0.0702046
77.075, 1, 1, -1.0753, 0.0702046
77.1, 1, 1, -1.0753, 0.0702046
77.125, 1, 1, -1.0753, 0.0702046
77.15, 1, 1, -1.0753, 0.0702046
77.175, 1, 1, -1.07655, 0.0715506
77.2, 1, 1, -1.07655, 0.0715506
77.225, 1, 1, -1.07655, 0.0715506
77.25, 1, 1, -1.07655, 0.0715506
77.275, 1, 1, -1.07655, 0.0715506
77.3, 1, 1, -1.07655, 0.0715506
77.325, 1, 1, -1.07884, 0.0740425
77.35, 1, 1, -1.07881, 0.0744803
77.375, 1, 1, -1.07834, 0.0745127
77.4, 1, 1, -1.07834, 0.0745127
77.425, 1, 1, -1.07801, 0.0746894
77.45, 1, 1, -1.07801, 0.0746894
77.475, 1, 1, -1.07758, 0.0747508
77.5, 1, 1, -1.07758, 0.0747508
77.525, 1, 1, -1.07728, 0.0749241
77.55, 1, 1, -1.07728, 0.0749241
77.575, 1, 1, -1.07758, 0.0756479
77.6, 1, 1, -1.07758, 0.0756479
77.625, 1, 1, -1.0793, 0.0777447
77.65, 1, 1, -1.0793, 0.0777447
77.675, 1, 1, -1.08253, 0.0812843
77.7, 1, 1, -1.0864, 0.0854306
77.725, 1, 1, -1.0864, 0.0854306
77.75, 1, 1, -1.0864, 0.0854306
77.775, 1, 1, -1.0864, 0.0854306
77.8, 1, 1, -1.0864, 0.0854306
77.825, 1, 1, -1.0864, 0.0854306
77.85, 1, 1, -1.0864, 0.0854306
77.875, 1, 1, -1.0864, 0.0854306
77.9, 1, 1, -1.0864, 0.0854306
77.925, 1, 1, -1.08782, 0.0872126
77.95, 1, 1, -1.08782, 0.0872126
77.975, 1, 1, -1.08924, 0.0889627
78, 1, 1, -1.08924, 0.0889627
78.025, 1, 1, -1.08924, 0.0889627
78.05, 1, 1, -1.09101, 0.091004
78.075, 1, 1, -1.09101, 0.091004
78.1, 1, 1, -1.09283, 0.0930247
78.125, 1, 1, -1.09406, 0.094383
78.15, 1, 1, -1.09406, 0.094383
78.175, 1, 1, -1.09406, 0.094383
78.2, 1, 1, -1.09598, 0.0963325
78.225, 1, 1, -1.09598, 0.0963325
78.25, 1, 1, -1.09818, 0.0984672
78.275, 1, 1, -1.09818, 0.0984672
78.3, 1, 1, -1.09818, 0.0984672
78.325, 1, 1, -1.09818, 0.0984672
78.35, 1, 1, -1.09818, 0.0984672
78.375, 1, 1, -1.09818, 0.0984672
78.4, 1, 1, -1.09922, 0.0995368
78.425, 1, 1, -1.09922, 0.0995368
78.45, 1, 1, -1.09922, 0.0995368
78.475, 1, 1, -1.09922, 0.0995368
78.5, 1, 1, -1.09922, 0.0995368
78.525, 1, 1, -1.09922, 0.0995368
78.55, 1, 1, -1.09922, 0.0995368
78.575, 1, 1, -1.09984, 0.100262
78.6, 1, 1, -1.09984, 0.100262
78.625, 1, 1, -1.09984, 0.100262
78.65, 1, 1, -1.09984, 0.100262
78.675, 1, 1, -1.10004, 0.100379
78.7, 1, 1, -1.10004, 0.100379
78.725, 1, 1, -1.10004, 0.100379
78.75, 1, 1, -1.10004, 0.100379
78.775, 1, 1, -1.10008, 0.100299
78.8, 1, 1, -1.0997, 0.0997353
78.825, 1, 1, -1.09922, 0.0990582
78.85, 1, 1, -1.09874, 0.0983846
78.875, 1, 1, -1.09829, 0.0977537
78.9, 1, 1, -1.09829, 0.0977537
78.925, 1, 1, -1.09829, 0.0977537
78.95, 1, 1, -1.09829, 0.0977537
78.975, 1, 1, -1.09787, 0.0971778
79, 1, 1, -1.09754, 0.0967011
79.025, 1, 1, -1.09754, 0.0967011
79.05, 1, 1, -1.09754, 0.0967011
79.075, 1, 1, -1.09754, 0.0967011
79.1, 1, 1, -1.09744, 0.0964987
79.125, 1, 1, -1.09744, 0.0964987
79.15, 1, 1, -1.09744, 0.0964987
79.175, 1, 1, -1.09744, 0.0964987
79.2, 1, 1, -1.09744, 0.0964987
79.225, 1, 1, -1.09744, 0.0964987
79.25, 1, 1, -1.09744, 0.0964987
79.275, 1, 1, -1.09762, 0.0965841
79.3, 1, 1, -1.09762, 0.0965841
79.325, 1, 1, -1.09762, 0.0965841
79.35, 1, 1, -1.09798, 0.0968807
79.375, 1, 1, -1.09779, 0.0966402
79.4, 1, 1, -1.09779, 0.0966402
79.425, 1, 1, -1.09779, 0.0966402
79.45, 1, 1, -1.09779, 0.0966402
79.475, 1, 1, -1.09779, 0.0966402
79.5, 1, 1, -1.09779, 0.0966402
79.525, 1, 1, -1.09779, 0.0966402
79.55, 1, 1, -1.09779, 0.0966402
79.575, 1, 1, -1.09676, 0.0955355
79.6, 1, 1, -1.09676, 0.0955355
79.625, 1, 1, -1.09676, 0.0955355
79.65, 1, 1, -1.09676, 0.0955355
79.675, 1, 1, -1.09676, 0.0955355
79.7, 1, 1, -1.09676, 0.0955355
79.725, 1, 1, -1.09568, 0.0943883
79.75, 1, 1, -1.09568, 0.0943883
79.775, 1, 1, -1.09568, 0.0943883
79.8, 1, 1, -1.09457, 0.0932204
79.825, 1, 1, -1.09457, 0.0932204
79.85, 1, 1, -1.09457, 0.0932204
79.875, 1, 1, -1.09457, 0.0932204
79.9, 1, 1, -1.09457, 0.0932204
79.925, 1, 1, -1.09457, 0.0932204
79.95, 1, 1, -1.09457, 0.0932204
79.975, 1, 1, -1.09353, 0.0921137
80, 1, 1, -1.09228, 0.0908082
80.025, 1, 1, -1.09086, 0.0893493
80.05, 1, 1, -1.08932, 0.0877617
80.075, 1, 1, -1.08765, 0.0860645
80.1, 1, 1, -1.08585, 0.0842427
80.125, 1, 1, -1.08585, 0.0842427
80.15, 1, 1, -1.08585, 0.0842427
80.175, 1, 1, -1.08585, 0.0842427
80.2, 1, 1, -1.08585, 0.0842427
80.225, 1, 1, -1.08585, 0.0842427
80.25, 1, 1, -1.08585, 0.0842427
80.275, 1, 1, -1.08478, 0.0831804
80.3, 1, 1, -1.08371, 0.0821467
80.325, 1, 1, -1.08371, 0.0821467
80.35, 1, 1, -1.08371, 0.0821467
80.375, 1, 1, -1.08349, 0.0820412
80.4, 1, 1, -1.08339, 0.0821184
80.425, 1, 1, -1.08344, 0.0823915
80.45, 1, 1, -1.08344, 0.0823915
80.475, 1, 1, -1.08344, 0.0823915
80.5, 1, 1, -1.08344, 0.0823915
80.525, 1, 1, -1.08344, 0.0823915
80.55, 1, 1, -1.08344, 0.0823915
80.575, 1, 1, -1.08344, 0.0823915
80.6, 1, 1, -1.08344, 0.0823915
80.625, 1, 1, -1.08388, 0.0830574
80.65, 1, 1, -1.08422, 0.0836837
80.675, 1, 1, -1.08422, 0.0836837
80.7, 1, 1, -1.08422, 0.0836837
80.725, 1, 1, -1.08492, 0.0847018
80.75, 1, 1, -1.08492, 0.0847018
80.775, 1, 1, -1.08492, 0.0847018
80.8, 1, 1, -1.08492, 0.0847018
80.825, 1, 1, -1.08535, 0.0854261
80.85, 1, 1, -1.08588, 0.0862272
80.875, 1, 1, -1.08656, 0.0871555
80.9, 1, 1, -1.08656, 0.0871555
80.925, 1, 1, -1.0875, 0.0883202
80.95, 1, 1, -1.0875, 0.0883202
80.975, 1, 1, -1.0875, 0.0883202
81, 1, 1, -1.0875, 0.0883202
81.025, 1, 1, -1.08945, 0.0904374
81.05, 1, 1, -1.09163, 0.0927532
81.075, 1, 1, -1.09163, 0.0927532
81.1, 1, 1, -1.09163, 0.0927532
81.125, 1, 1, -1.09481, 0.0960313
81.15, 1, 1, -1.09481, 0.0960313
81.175, 1, 1, -1.09877, 0.10004
81.2, 1, 1, -1.10255, 0.103838
81.225, 1, 1, -1.10255, 0.103838
81.25, 1, 1, -1.10689, 0.108163
81.275, 1, 1, -1.11107, 0.112283
81.3, 1, 1, -1.11107, 0.112283
81.325, 1, 1, -1.11572, 0.116847
81.35, 1, 1, -1.11572, 0.116847
81.375, 1, 1, -1.11572, 0.116847
81.4, 1, 1, -1.11572, 0.116847
81.425, 1, 1, -1.11757, 0.11872
81.45, 1, 1, -1.11757, 0.11872
81.475, 1, 1, -1.11962, 0.120727
81.5, 1, 1, -1.11962, 0.120727
81.525, 1, 1, -1.12179, 0.122796
81.55, 1, 1, -1.12347, 0.124233
81.575, 1, 1, -1.12486, 0.125284
81.6, 1, 1, -1.12486, 0.125284
81.625, 1, 1, -1.12645, 0.126508
81.65, 1, 1, -1.12785, 0.12749
81.675, 1, 1, -1.12917, 0.128364
81.7, 1, 1, -1.13044, 0.129208
81.725, 1, 1, -1.13044, 0.129208
81.75, 1, 1, -1.13044, 0.129208
81.775, 1, 1, -1.13044, 0.129208
81.8, 1, 1, -1.13044, 0.129208
81.825, 1, 1, -1.12822, 0.12664
81.85, 1, 1, -1.12609, 0.124187
81.875, 1, 1, -1.12609, 0.124187
81.9, 1, 1, -1.12609, 0.124187
81.925, 1, 1, -1.12609, 0.124187
81.95, 1, 1, -1.12365, 0.121457
81.975, 1, 1, -1.12365, 0.121457
82, 1, 1, -1.12365, 0.121457
82.025, 1, 1, -1.12365, 0.121457
82.05, 1, 1, -1.12159, 0.119184
82.075, 1, 1, -1.12159, 0.119184
82.1, 1, 1, -1.12016, 0.117586
82.125, 1, 1, -1.12016, 0.117586
82.15, 1, 1, -1.12016, 0.117586
82.175, 1, 1, -1.12016, 0.117586
82.2, 1, 1, -1.11948, 0.116795
82.225, 1, 1, -1.11922, 0.116456
82.25, 1, 1, -1.11922, 0.116456
82.275, 1, 1, -1.11956, 0.116735
82.3, 1, 1, -1.1202, 0.117353
82.325, 1, 1, -1.12115, 0.118298
82.35, 1, 1, -1.12227, 0.119415
82.375, 1, 1, -1.12227, 0.119415
82.4, 1, 1, -1.12227, 0.119415
82.425, 1, 1, -1.12227, 0.119415
82.45, 1, 1, -1.12159, 0.118708
82.475, 1, 1, -1.12159, 0.118708
82.5, 1, 1, -1.12159, 0.118708
82.525, 1, 1, -1.12055, 0.117623
82.55, 1, 1, -1.11955, 0.116591
82.575, 1, 1, -1.11955, 0.116591
82.6, 1, 1, -1.11955, 0.116591
82.625, 1, 1, -1.11955, 0.116591
82.65, 1, 1, -1.11955, 0.116591
82.675, 1, 1, -1.11955, 0.116591
82.7, 1, 1, -1.11955, 0.116591
82.725, 1, 1, -1.11955, 0.116591
82.75, 1, 1, -1.11565, 0.112611
82.775, 1, 1, -1.11231, 0.109202
82.8, 1, 1, -1.11231, 0.109202
82.825, 1, 1, -1.11231, 0.109202
82.85, 1, 1, -1.11231, 0.109202
82.875, 1, 1, -1.10907, 0.1059
82.9, 1, 1, -1.10907, 0.1059
82.925, 1, 1, -1.10907, 0.1059
82.95, 1, 1, -1.10907, 0.1059
82.975, 1, 1, -1.10587, 0.102631
83, 1, 1, -1.10289, 0.0995907
83.025, 1, 1, -1.10289, 0.0995907
83.05, 1, 1, -1.10007, 0.0967101
83.075, 1, 1, -1.10007, 0.0967101
83.1, 1, 1, -1.09738, 0.0939632
83.125, 1, 1, -1.09738, 0.0939632
83.15, 1, 1, -1.09738, 0.0939632
83.175, 1, 1, -1.09738, 0.0939632
83.2, 1, 1, -1.09476, 0.091291
83.225, 1, 1, -1.09219, 0.088676
83.25, 1, 1, -1.09219, 0.088676
83.275, 1, 1, -1.09219, 0.088676
83.3, 1, 1, -1.08976, 0.086194
83.325, 1, 1, -1.0873, 0.0836878
83.35, 1, 1, -1.08482, 0.0811703
83.375, 1, 1, -1.08482, 0.0811703
83.4, 1, 1, -1.08482, 0.0811703
83.425, 1, 1, -1.08255, 0.078879
83.45, 1, 1, -1.08028, 0.0765894
83.475, 1, 1, -1.08028, 0.0765894
83.5, 1, 1, -1.08028, 0.0765894
83.525, 1, 1, -1.08028, 0.0765894
83.55, 1, 1, -1.07856, 0.0748849
83.575, 1, 1, -1.07691, 0.0732783
83.6, 1, 1, -1.07691, 0.0732783
83.625, 1, 1, -1.07557, 0.0720162
83.65, 1, 1, -1.0744, 0.0709586
83.675, 1, 1, -1.0744, 0.0709586
83.7, 1, 1, -1.0744, 0.0709586
83.725, 1, 1, -1.07401, 0.070748
83.75, 1, 1, -1.07389, 0.0708638
83.775, 1, 1, -1.07389, 0.0708638
83.8, 1, 1, -1.07432, 0.0715735
83.825, 1, 1, -1.07432, 0.0715735
83.85, 1, 1, -1.07515, 0.0727205
83.875, 1, 1, -1.07515, 0.0727205
83.9, 1, 1, -1.07515, 0.0727205
83.925, 1, 1, -1.07623, 0.0741229
83.95, 1, 1, -1.07623, 0.0741229
83.975, 1, 1, -1.07741, 0.0756262
84, 1, 1, -1.07741, 0.0756262
84.025, 1, 1, -1.07871, 0.0772581
84.05, 1, 1, -1.07871, 0.0772581
84.075, 1, 1, -1.07871, 0.0772581
84.1, 1, 1, -1.07871, 0.0772581
84.125, 1, 1, -1.07871, 0.0772581
84.15, 1, 1, -1.07871, 0.0772581
84.175, 1, 1, -1.07919, 0.0780623
84.2, 1, 1, -1.07919, 0.0780623
84.225, 1, 1, -1.07919, 0.0780623
84.25, 1, 1, -1.07919, 0.0780623
84.275, 1, 1, -1.07919, 0.0780623
84.3, 1, 1, -1.07919, 0.0780623
84.325, 1, 1, -1.07919, 0.0780623
84.35, 1, 1, -1.08068, 0.0798022
84.375, 1, 1, -1.08068, 0.0798022
84.4, 1, 1, -1.08068, 0.0798022
84.425, 1, 1, -1.08331, 0.0826308
84.45, 1, 1, -1.08601, 0.0854762
84.475, 1, 1, -1.08887, 0.0884339
84.5, 1, 1, -1.09187, 0.0915203
84.525, 1, 1, -1.09187, 0.0915203
84.55, 1, 1, -1.09529, 0.0949985
84.575, 1, 1, -1.09867, 0.0984111
84.6, 1, 1, -1.10206, 0.101826
84.625, 1, 1, -1.10206, 0.101826
84.65, 1, 1, -1.10581, 0.105575
84.675, 1, 1, -1.10967, 0.109398
84.7, 1, 1, -1.10967, 0.109398
84.725, 1, 1, -1.11352, 0.113218
84.75, 1, 1, -1.11352, 0.113218
84.775, 1, 1, -1.11352, 0.113218
84.8, 1, 1, -1.11352, 0.113218
84.825, 1, 1, -1.11352, 0.113218
84.85, 1, 1, -1.11341, 0.113148
84.875, 1, 1, -1.11266, 0.112255
84.9, 1, 1, -1.11163, 0.110993
84.925, 1, 1, -1.11046, 0.109536
84.95, 1, 1, -1.11046, 0.109536
84.975, 1, 1, -1.11046, 0.109536
85, 1, 1, -1.10936, 0.108153
85.025, 1, 1, -1.10808, 0.106533
85.05, 1, 1, -1.10673, 0.104818
85.075, 1, 1, -1.10537, 0.10307
85.1, 1, 1, -1.10403, 0.101342
85.125, 1, 1, -1.10274, 0.0996571
85.15, 1, 1, -1.10274, 0.0996571
85.175, 1, 1, -1.10119, 0.0977666
85.2, 1, 1, -1.10119, 0.0977666
85.225, 1, 1, -1.10119, 0.0977666
85.25, 1, 1, -1.10119, 0.0977666
85.275, 1, 1, -1.10119, 0.0977666
85.3, 1, 1, -1.10119, 0.0977666
85.325, 1, 1, -1.09878, 0.095041
85.35, 1, 1, -1.09653, 0.0925047
85.375, 1, 1, -1.0944, 0.0901045
85.4, 1, 1, -1.0944, 0.0901045
85.425, 1, 1, -1.09241, 0.0878773
85.45, 1, 1, -1.09241, 0.0878773
85.475, 1, 1, -1.09074, 0.0860101
85.5, 1, 1, -1.08948, 0.0846008
85.525, 1, 1, -1.08857, 0.0835804
85.55, 1, 1, -1.08857, 0.0835804
85.575, 1, 1, -1.08857, 0.0835804
85.6, 1, 1, -1.08857, 0.0835804
85.625, 1, 1, -1.08857, 0.0835804
85.65, 1, 1, -1.08892, 0.0838678
85.675, 1, 1, -1.08946, 0.0843802
85.7, 1, 1, -1.08946, 0.0843802
85.725, 1, 1, -1.08946, 0.0843802
85.75, 1, 1, -1.09027, 0.0851735
85.775, 1, 1, -1.09095, 0.0858368
85.8, 1, 1, -1.09151, 0.0863861
85.825, 1, 1, -1.09151, 0.0863861
85.85, 1, 1, -1.09204, 0.086901
85.875, 1, 1, -1.09251, 0.0873677
85.9, 1, 1, -1.09297, 0.0878108
85.925, 1, 1, -1.09341, 0.0882468
85.95, 1, 1, -1.09384, 0.0886625
85.975, 1, 1, -1.09384, 0.0886625
86, 1, 1, -1.09417, 0.0889836
86.025, 1, 1, -1.09449, 0.0892998
86.05, 1, 1, -1.09487, 0.0896623
86.075, 1, 1, -1.09487, 0.0896623
86.1, 1, 1, -1.09487, 0.0896623
86.125, 1, 1, -1.09487, 0.0896623
86.15, 1, 1, -1.09487, 0.0896623
86.175, 1, 1, -1.09487, 0.0896623
86.2, 1, 1, -1.09327, 0.0880341
86.225, 1, 1, -1.09327, 0.0880341
86.25, 1, 1, -1.09327, 0.0880341
86.275, 1, 1, -1.09327, 0.0880341
86.3, 1, 1, -1.09101, 0.0857293
86.325, 1, 1, -1.08918, 0.0838725
86.35, 1, 1, -1.08918, 0.0838725
86.375, 1, 1, -1.08918, 0.0838725
86.4, 1, 1, -1.08731, 0.0819672
86.425, 1, 1, -1.08559, 0.0802155
86.45, 1, 1, -1.08559, 0.0802155
86.475, 1, 1, -1.08559, 0.0802155
86.5, 1, 1, -1.08372, 0.0783151
86.525, 1, 1, -1.08372, 0.0783151
86.55, 1, 1, -1.08372, 0.0783151
86.575, 1, 1, -1.08372, 0.0783151
86.6, 1, 1, -1.08179, 0.0763524
86.625, 1, 1, -1.07992, 0.0744562
86.65, 1, 1, -1.07811, 0.0726157
86.675, 1, 1, -1.07635, 0.0708225
86.7, 1, 1, -1.07635, 0.0708225
86.725, 1, 1, -1.07464, 0.0690934
86.75, 1, 1, -1.07297, 0.0673959
86.775, 1, 1, -1.07297, 0.0673959
86.8, 1, 1, -1.07138, 0.06578
86.825, 1, 1, -1.07138, 0.06578
86.85, 1, 1, -1.07138, 0.06578
86.875, 1, 1, -1.07138, 0.06578
86.9, 1, 1, -1.07138, 0.06578
86.925, 1, 1, -1.07006, 0.0644378
86.95, 1, 1, -1.07006, 0.0644378
86.975, 1, 1, -1.07006, 0.0644378
87, 1, 1, -1.07006, 0.0644378
87.025, 1, 1, -1.07006, 0.0644378
87.05, 1, 1, -1.07006, 0.0644378
87.075, 1, 1, -1.0697, 0.0640887
87.1, 1, 1, -1.06952, 0.0639303
87.125, 1, 1, -1.06952, 0.0639303
87.15, 1, 1, -1.06952, 0.0639303
87.175, 1, 1, -1.07001, 0.064467
87.2, 1, 1, -1.07001, 0.064467
87.225, 1, 1, -1.07001, 0.064467
87.25, 1, 1, -1.07129, 0.0658338
87.275, 1, 1, -1.07129, 0.0658338
87.3, 1, 1, -1.07129, 0.0658338
87.325, 1, 1, -1.07129, 0.0658338
87.35, 1, 1, -1.07129, 0.0658338
87.375, 1, 1, -1.07367, 0.0683407
87.4, 1, 1, -1.07367, 0.0683407
87.425, 1, 1, -1.07367, 0.0683407
87.45, 1, 1, -1.07367, 0.0683407
87.475, 1, 1, -1.07715, 0.0719924
87.5, 1, 1, -1.07715, 0.0719924
87.525, 1, 1, -1.07715, 0.0719924
87.55, 1, 1, -1.07715, 0.0719924
87.575, 1, 1, -1.07715, 0.0719924
87.6, 1, 1, -1.07715, 0.0719924
87.625, 1, 1, -1.07715, 0.0719924
87.65, 1, 1, -1.07715, 0.0719924
87.675, 1, 1, -1.08142, 0.0764624
87.7, 1, 1, -1.08142, 0.0764624
87.725, 1, 1, -1.08142, 0.0764624
87.75, 1, 1, -1.0856, 0.0808587
87.775, 1, 1, -1.0856, 0.0808587
87.8, 1, 1, -1.0856, 0.0808587
87.825, 1, 1, -1.08949, 0.0849908
87.85, 1, 1, -1.08949, 0.0849908
87.875, 1, 1, -1.09328, 0.0890059
87.9, 1, 1, -1.09328, 0.0890059
87.925, 1, 1, -1.09328, 0.0890059
87.95, 1, 1, -1.09328, 0.0890059
87.975, 1, 1, -1.09328, 0.0890059
88, 1, 1, -1.09328, 0.0890059
88.025, 1, 1, -1.09572, 0.0917139
88.05, 1, 1, -1.09806, 0.0942666
88.075, 1, 1, -1.09806, 0.0942666
88.1, 1, 1, -1.10055, 0.0969453
88.125, 1, 1, -1.10284, 0.099403
88.15, 1, 1, -1.10284, 0.099403
88.175, 1, 1, -1.10284, 0.099403
88.2, 1, 1, -1.10284, 0.099403
88.225, 1, 1, -1.10284, 0.099403
88.25, 1, 1, -1.10441, 0.101144
88.275, 1, 1, -1.10441, 0.101144
88.3, 1, 1, -1.10619, 0.103053
88.325, 1, 1, -1.1075, 0.104443
88.35, 1, 1, -1.1075, 0.104443
88.375, 1, 1, -1.1075, 0.104443
88.4, 1, 1, -1.10906, 0.106069
88.425, 1, 1, -1.10906, 0.106069
88.45, 1, 1, -1.11082, 0.107856
88.475, 1, 1, -1.11082, 0.107856
88.5, 1, 1, -1.11082, 0.107856
88.525, 1, 1, -1.11082, 0.107856
88.55, 1, 1, -1.11211, 0.109177
88.575, 1, 1, -1.11211, 0.109177
88.6, 1, 1, -1.11211, 0.109177
88.625, 1, 1, -1.11211, 0.109177
88.65, 1, 1, -1.11211, 0.109177
88.675, 1, 1, -1.11211, 0.109177
88.7, 1, 1, -1.11211, 0.109177
88.725, 1, 1, -1.11211, 0.109177
88.75, 1, 1, -1.11211, 0.109177
88.775, 1, 1, -1.11211, 0.109177
88.8, 1, 1, -1.11211, 0.109177
88.825, 1, 1, -1.11211, 0.109177
88.85, 1, 1, -1.11211, 0.109177
88.875, 1, 1, -1.11047, 0.107565
88.9, 1, 1, -1.11047, 0.107565
88.925, 1, 1, -1.11047, 0.107565
88.95, 1, 1, -1.10865, 0.105659
88.975, 1, 1, -1.10865, 0.105659
89, 1, 1, -1.10676, 0.103658
89.025, 1, 1, -1.10676, 0.103658
89.05, 1, 1, -1.10491, 0.101688
89.075, 1, 1, -1.10491, 0.101688
89.1, 1, 1, -1.10313, 0.0997941
89.125, 1, 1, -1.10313, 0.0997941
89.15, 1, 1, -1.10313, 0.0997941
89.175, 1, 1, -1.10153, 0.0981107
89.2, 1, 1, -1.10011, 0.0966499
89.225, 1, 1, -1.09891, 0.0954478
89.25, 1, 1, -1.09891, 0.0954478
89.275, 1, 1, -1.09799, 0.0945551
89.3, 1, 1, -1.09799, 0.0945551
89.325, 1, 1, -1.09718, 0.0937783
89.35, 1, 1, -1.09718, 0.0937783
89.375, 1, 1, -1.09639, 0.0930247
89.4, 1, 1, -1.09639, 0.0930247
89.425, 1, 1, -1.09563, 0.092295
89.45, 1, 1, -1.09563, 0.092295
89.475, 1, 1, -1.09563, 0.092295
89.5, 1, 1, -1.09563, 0.092295
89.525, 1, 1, -1.0948, 0.0914878
89.55, 1, 1, -1.09401, 0.0907217
89.575, 1, 1, -1.09401, 0.0907217
89.6, 1, 1, -1.09401, 0.0907217
89.625, 1, 1, -1.09322, 0.0899605
89.65, 1, 1, -1.09322, 0.0899605
89.675, 1, 1, -1.09247, 0.0892336
89.7, 1, 1, -1.09247, 0.0892336
89.725, 1, 1, -1.09177, 0.0885629
89.75, 1, 1, -1.09177, 0.0885629
89.775, 1, 1, -1.09115, 0.0879661
89.8, 1, 1, -1.0906, 0.0874493
89.825, 1, 1, -1.0906, 0.0874493
89.85, 1, 1, -1.0906, 0.0874493
89.875, 1, 1, -1.09005, 0.0869277
89.9, 1, 1, -1.09005, 0.0869277
89.925, 1, 1, -1.09005, 0.0869277
89.95, 1, 1, -1.09005, 0.0869277
89.975, 1, 1, -1.09005, 0.0869277
