0, 0.00160494, 1.27614
0.025, 0.00428136, 1.28484
0.05, 0.00578059, 1.34632
0.075, 0.00773662, 1.47697
0.1, 0.0108789, 1.51723
0.125, 0.0144375, 1.64277
0.15, 0.0182785, 1.68725
0.175, 0.0222716, 1.80613
0.2, 0.0288822, 1.83796
0.225, 0.0515024, 1.94419
0.25, 0.0840579, 2.00057
0.275, 0.103094, 2.16675
0.3, 0.113634, 2.23335
0.325, 0.138606, 2.38713
0.35, 0.179752, 2.42906
0.375, 0.25519, 2.52097
0.4, 0.363827, 2.54436
0.425, 0.484103, 2.6465
0.45, 0.608446, 2.68293
0.475, 0.722312, 2.80437
0.5, 0.832378, 2.8472
0.525, 0.960468, 2.97209
0.55, 1.10589, 3.00788
0.575, 1.27068, 3.09314
0.6, 1.4556, 3.11385
0.625, 1.66769, 3.15962
0.65, 1.90515, 3.16256
0.675, 2.12725, 3.21011
0.7, 2.32892, 3.2422
0.725, 2.51327, 3.31928
0.75, 2.68417, 3.33449
0.775, 2.87284, 3.38933
0.8, 3.08301, 3.39317
0.825, 3.30899, 3.39368
0.85, 3.54852, 3.39368
0.875, 3.79374, 3.42052
0.9, 4.04167, 3.42193
0.925, 4.27262, 3.4636
0.95, 4.48737, 3.46833
0.975, 4.69904, 3.47971
1, 4.90906, 3.48047
1.025, 5.11835, 3.48009
1.05, 5.32493, 3.47996
1.075, 5.52505, 3.47996
1.1, 5.7195, 3.48073
1.125, 5.91136, 3.48163
1.15, 6.10096, 3.48214
1.175, 6.28834, 3.48214
1.2, 6.47307, 3.48175
1.225, 6.65287, 3.42385
1.25, 6.82984, 3.41017
1.275, 7.00552, 3.37271
1.3, 7.17539, 3.37016
1.325, 7.32402, 3.35993
1.35, 7.4554, 3.35942
1.375, 7.59181, 3.3336
1.4, 7.73337, 3.30049
1.425, 7.87576, 3.2445
1.45, 8.01673, 3.22686
1.475, 8.14063, 3.17496
1.5, 8.24852, 3.1701
1.525, 8.34424, 3.17023
1.55, 8.42611, 3.17023
1.575, 8.50052, 3.1485
1.6, 8.57138, 3.13993
1.625, 8.65184, 3.07653
1.65, 8.74006, 3.06323
1.675, 8.80994, 2.99676
1.7, 8.86154, 2.98065
1.725, 8.91113, 2.97656
1.75, 8.95716, 2.97656
1.775, 8.99179, 2.98372
1.8, 9.0199, 2.98385
1.825, 9.05089, 2.9749
1.85, 9.08111, 2.95867
1.875, 9.09825, 2.91367
1.9, 9.10323, 2.91162
1.925, 9.09833, 2.91265
1.95, 9.08208, 2.91495
1.975, 9.07141, 2.95457
2, 9.06915, 2.96352
2.025, 9.07658, 2.97541
2.05, 9.09592, 2.97516
2.075, 9.11862, 2.97426
2.1, 9.14001, 2.97081
2.125, 9.14791, 2.97247
2.15, 9.14414, 2.9749
2.175, 9.13354, 3.00123
2.2, 9.11654, 3.01939
2.225, 9.10662, 3.03792
2.25, 9.10621, 3.03805
2.275, 9.12804, 3.04278
2.3, 9.16771, 3.04252
2.325, 9.19691, 3.04597
2.35, 9.21661, 3.06477
2.375, 9.23595, 3.12076
2.4, 9.25396, 3.13968
2.425, 9.27509, 3.15502
2.45, 9.30324, 3.16524
2.475, 9.3481, 3.16524
2.5, 9.40444, 3.16524
2.525, 9.44964, 3.1678
2.55, 9.4852, 3.1701
2.575, 9.52298, 3.19912
2.6, 9.56266, 3.21701
2.625, 9.59592, 3.2831
2.65, 9.62306, 3.29895
2.675, 9.66706, 3.32682
2.7, 9.73022, 3.32835
2.725, 9.79651, 3.32874
2.75, 9.86314, 3.32887
2.775, 9.92232, 3.35788
2.8, 9.97461, 3.3731
2.825, 10.0233, 3.41643
2.85, 10.0715, 3.42308
2.875, 10.1323, 3.43918
2.9, 10.2054, 3.43906
2.925, 10.2852, 3.43906
2.95, 10.3701, 3.43701
2.975, 10.4474, 3.43484
3, 10.5154, 3.43497
3.025, 10.5767, 3.43484
3.05, 10.6315, 3.43509
3.075, 10.684, 3.40978
3.1, 10.7362, 3.40608
3.125, 10.8, 3.37923
3.15, 10.8748, 3.36824
3.175, 10.9496, 3.31417
3.2, 11.0239, 3.31148
3.225, 11.0943, 3.30356
3.25, 11.155, 3.2978
3.275, 11.1916, 3.27786
3.3, 11.2092, 3.26776
3.325, 11.2288, 3.22059
3.35, 11.2515, 3.18812
3.375, 11.2731, 3.13162
3.4, 11.2946, 3.12446
3.425, 11.3102, 3.12267
3.45, 11.3173, 3.12267
3.475, 11.3212, 3.08969
3.5, 11.3258, 3.08138
3.525, 11.3354, 2.98436
3.55, 11.3457, 2.95892
3.575, 11.3394, 2.89194
3.6, 11.315, 2.87775
3.625, 11.2689, 2.86765
3.65, 11.2049, 2.86701
3.675, 11.144, 2.85998
3.7, 11.0892, 2.84822
3.725, 11.0449, 2.81562
3.75, 11.01, 2.79862
3.775, 10.9657, 2.74352
3.8, 10.9111, 2.73253
3.825, 10.8482, 2.73125
3.85, 10.7748, 2.7324
3.875, 10.6978, 2.765
3.9, 10.6202, 2.76756
3.925, 10.5535, 2.75056
3.95, 10.4991, 2.73943
3.975, 10.4492, 2.71911
4, 10.4016, 2.71757
4.025, 10.3444, 2.71885
4.05, 10.2789, 2.72934
4.075, 10.2166, 2.75017
4.1, 10.156, 2.75081
4.125, 10.0996, 2.76091
4.15, 10.0496, 2.76117
4.175, 10.0031, 2.76781
4.2, 9.95878, 2.76986
4.225, 9.91017, 2.79057
4.25, 9.85609, 2.80501
4.275, 9.80014, 2.87519
4.3, 9.74273, 2.89922
4.325, 9.69871, 2.9239
4.35, 9.67096, 2.92492
4.375, 9.66452, 2.92607
4.4, 9.67428, 2.92965
4.425, 9.65492, 2.95611
4.45, 9.60825, 2.97119
4.475, 9.56311, 3.03613
4.5, 9.51859, 3.0539
4.525, 9.48529, 3.098
4.55, 9.468, 3.11462
4.575, 9.48175, 3.12638
4.6, 9.52492, 3.12676
4.625, 9.57369, 3.12779
4.65, 9.62397, 3.13571
4.675, 9.6556, 3.19209
4.7, 9.66669, 3.20781
4.725, 9.67134, 3.27952
4.75, 9.67415, 3.29691
4.775, 9.69355, 3.31774
4.8, 9.73198, 3.32017
4.825, 9.7849, 3.32132
4.85, 9.84749, 3.32145
4.875, 9.90731, 3.32554
4.9, 9.96528, 3.32925
4.925, 10.0221, 3.3304
4.95, 10.0777, 3.33475
4.975, 10.1322, 3.33283
5, 10.1851, 3.33104
5.025, 10.2404, 3.30829
5.05, 10.2998, 3.29652
5.075, 10.3597, 3.29563
5.1, 10.4174, 3.29665
5.125, 10.4666, 3.29755
5.15, 10.5102, 3.2987
5.175, 10.5597, 3.29883
5.2, 10.6127, 3.28975
5.225, 10.6602, 3.24347
5.25, 10.7044, 3.22903
5.275, 10.7495, 3.2197
5.3, 10.7906, 3.21983
5.325, 10.8135, 3.22021
5.35, 10.8242, 3.22008
5.375, 10.8481, 3.21625
5.4, 10.8818, 3.19221
5.425, 10.9173, 3.1081
5.45, 10.9582, 3.09429
5.475, 10.9955, 3.07065
5.5, 11.0215, 3.06106
5.525, 11.0243, 3.05262
5.55, 11.01, 3.05198
5.575, 11.0061, 2.99701
5.6, 11.0101, 2.97886
5.625, 11.0105, 2.89385
5.65, 11.0066, 2.86254
5.675, 10.9909, 2.81102
5.7, 10.9636, 2.80207
5.725, 10.9238, 2.78251
5.75, 10.8754, 2.76947
5.775, 10.8422, 2.76155
5.8, 10.8213, 2.75068
5.825, 10.7793, 2.65391
5.85, 10.7184, 2.64254
5.875, 10.649, 2.61071
5.9, 10.5669, 2.60764
5.925, 10.4592, 2.60879
5.95, 10.3313, 2.61902
5.975, 10.2316, 2.65992
6, 10.156, 2.66184
6.025, 10.0818, 2.6419
6.05, 10.0126, 2.6373
6.075, 9.96022, 2.62362
6.1, 9.91948, 2.62349
6.125, 9.85171, 2.624
6.15, 9.75908, 2.63027
6.175, 9.67737, 2.64842
6.2, 9.60855, 2.65212
6.225, 9.5413, 2.65251
6.25, 9.47497, 2.65379
6.275, 9.41769, 2.67028
6.3, 9.36799, 2.67066
6.325, 9.31236, 2.72614
6.35, 9.25008, 2.73879
6.375, 9.19304, 2.79185
6.4, 9.14507, 2.79836
6.425, 9.11432, 2.80054
6.45, 9.0994, 2.80028
6.475, 9.0809, 2.79939
6.5, 9.05705, 2.799
6.525, 9.0328, 2.80092
6.55, 9.00989, 2.81447
6.575, 8.98212, 2.89053
6.6, 8.94663, 2.90472
6.625, 8.91659, 2.98104
6.65, 8.89816, 2.99139
6.675, 8.90006, 3.01875
6.7, 8.91993, 3.01939
6.725, 8.94117, 3.03805
6.75, 8.96064, 3.05671
6.775, 8.97705, 3.09442
6.8, 8.99021, 3.11488
6.825, 9.00897, 3.16268
6.85, 9.03467, 3.17368
6.875, 9.07752, 3.17777
6.9, 9.13845, 3.17777
6.925, 9.20231, 3.17317
6.95, 9.26509, 3.17329
6.975, 9.31633, 3.18979
7, 9.35728, 3.19771
7.025, 9.39611, 3.23708
7.05, 9.43411, 3.24296
7.075, 9.47673, 3.24552
7.1, 9.52458, 3.24552
7.125, 9.58842, 3.2459
7.15, 9.66686, 3.24629
7.175, 9.73977, 3.26521
7.2, 9.80743, 3.26802
7.225, 9.87404, 3.29371
7.25, 9.93752, 3.29358
7.275, 9.98301, 3.29358
7.3, 10.0142, 3.29346
7.325, 10.0448, 3.28208
7.35, 10.0733, 3.27403
7.375, 10.1086, 3.26163
7.4, 10.1513, 3.26163
7.425, 10.1946, 3.26137
7.45, 10.2386, 3.2569
7.475, 10.2889, 3.21049
7.5, 10.3446, 3.18263
7.525, 10.3968, 3.0966
7.55, 10.4444, 3.07205
7.575, 10.4642, 3.06349
7.6, 10.4536, 3.064
7.625, 10.4365, 3.05671
7.65, 10.4202, 3.05569
7.675, 10.4211, 3.0484
7.7, 10.4349, 3.02322
7.725, 10.4496, 2.92402
7.75, 10.4694, 2.91162
7.775, 10.4812, 2.86164
7.8, 10.4768, 2.85729
7.825, 10.4419, 2.86024
7.85, 10.3825, 2.86049
7.875, 10.3441, 2.85691
7.9, 10.3275, 2.84617
7.925, 10.3072, 2.76372
7.95, 10.2839, 2.74685
7.975, 10.2686, 2.69175
8, 10.2558, 2.68741
8.025, 10.2161, 2.68766
8.05, 10.152, 2.6883
8.075, 10.0987, 2.68447
8.1, 10.0596, 2.6736
8.125, 10.0213, 2.6102
8.15, 9.98253, 2.59652
8.175, 9.93889, 2.55331
8.2, 9.88657, 2.54385
8.225, 9.82073, 2.54833
8.25, 9.74367, 2.56239
8.275, 9.66235, 2.5831
8.3, 9.57933, 2.60419
8.325, 9.50984, 2.60189
8.35, 9.45342, 2.59588
8.375, 9.4063, 2.59537
8.4, 9.36331, 2.59537
8.425, 9.29964, 2.63436
8.45, 9.21768, 2.64791
8.475, 9.13749, 2.71451
8.5, 9.06298, 2.7232
8.525, 9.00192, 2.77855
8.55, 8.95372, 2.78034
8.575, 8.92339, 2.80782
8.6, 8.91009, 2.81524
8.625, 8.89898, 2.84477
8.65, 8.88999, 2.85896
8.675, 8.86851, 2.91418
8.7, 8.83237, 2.93412
8.725, 8.79948, 3.00162
8.75, 8.77295, 3.01926
8.775, 8.76312, 3.03933
8.8, 8.77243, 3.04316
8.825, 8.79879, 3.05249
8.85, 8.83647, 3.06604
8.875, 8.86668, 3.09442
8.9, 8.8901, 3.10644
8.925, 8.9196, 3.16703
8.95, 8.95381, 3.17048
8.975, 8.99013, 3.17419
9, 9.03235, 3.17521
9.025, 9.08341, 3.17585
9.05, 9.13925, 3.18199
9.075, 9.17852, 3.22826
9.1, 9.20189, 3.2422
9.125, 9.2379, 3.2684
9.15, 9.2898, 3.2693
9.175, 9.35252, 3.26968
9.2, 9.42234, 3.26955
9.225, 9.48969, 3.26866
9.25, 9.55537, 3.26827
9.275, 9.62067, 3.26789
9.3, 9.68535, 3.26815
9.325, 9.74756, 3.26827
9.35, 9.80799, 3.26776
9.375, 9.87236, 3.22852
9.4, 9.94057, 3.21842
9.425, 10.0072, 3.19541
9.45, 10.0685, 3.19336
9.475, 10.1179, 3.17099
9.5, 10.1603, 3.17087
9.525, 10.2082, 3.17125
9.55, 10.2583, 3.17125
9.575, 10.2897, 3.14466
9.6, 10.3061, 3.13725
9.625, 10.335, 3.08586
9.65, 10.3757, 3.07665
9.675, 10.4022, 3.03946
9.7, 10.4132, 3.03204
9.725, 10.4241, 3.01887
9.75, 10.4351, 3.0167
9.775, 10.4431, 2.95253
9.8, 10.4493, 2.93284
9.825, 10.4574, 2.87762
9.85, 10.463, 2.86087
9.875, 10.4393, 2.84311
9.9, 10.3873, 2.84387
9.925, 10.3331, 2.84157
9.95, 10.2821, 2.84106
9.975, 10.2468, 2.84132
10, 10.2253, 2.83735
10.025, 10.209, 2.81255
10.05, 10.1985, 2.78903
10.075, 10.1802, 2.74365
10.1, 10.1505, 2.73573
10.125, 10.093, 2.7333
10.15, 10.0096, 2.73496
10.175, 9.93046, 2.73816
10.2, 9.86094, 2.73739
10.225, 9.80166, 2.7278
10.25, 9.74841, 2.72103
10.275, 9.70215, 2.69623
10.3, 9.66642, 2.69431
10.325, 9.63021, 2.69789
10.35, 9.58737, 2.70837
10.375, 9.53175, 2.74685
10.4, 9.46689, 2.75669
10.425, 9.41981, 2.7705
10.45, 9.39068, 2.76909
10.475, 9.36177, 2.76577
10.5, 9.33049, 2.76538
10.525, 9.29147, 2.76615
10.55, 9.2465, 2.78047
10.575, 9.20078, 2.8449
10.6, 9.15237, 2.86087
10.625, 9.11638, 2.87212
10.65, 9.09857, 2.87621
10.675, 9.09799, 2.87967
10.7, 9.1073, 2.88043
10.725, 9.09638, 2.92159
10.75, 9.0677, 2.94703
10.775, 9.04344, 3.03549
10.8, 9.02619, 3.05058
10.825, 9.01937, 3.11104
10.85, 9.02519, 3.11411
10.875, 9.05321, 3.13213
10.9, 9.10128, 3.13303
10.925, 9.1447, 3.13635
10.95, 9.18199, 3.14198
10.975, 9.21491, 3.20832
11, 9.24071, 3.2289
11.025, 9.26008, 3.29039
11.05, 9.27872, 3.29307
11.075, 9.32245, 3.29333
11.1, 9.39066, 3.29295
11.125, 9.46386, 3.30062
11.15, 9.53771, 3.30586
11.175, 9.61234, 3.34804
11.2, 9.68833, 3.35648
11.225, 9.76183, 3.36031
11.25, 9.8324, 3.36249
11.275, 9.89419, 3.36261
11.3, 9.94606, 3.36261
11.325, 9.99036, 3.36249
11.35, 10.0284, 3.36491
11.375, 10.0767, 3.37246
11.4, 10.1365, 3.37936
11.425, 10.2015, 3.39035
11.45, 10.2719, 3.38997
11.475, 10.3458, 3.37974
11.5, 10.4212, 3.35418
11.525, 10.4878, 3.34012
11.55, 10.5476, 3.33666
11.575, 10.5895, 3.33628
11.6, 10.6149, 3.33705
11.625, 10.6509, 3.33283
11.65, 10.6962, 3.32772
11.675, 10.7435, 3.25818
11.7, 10.7956, 3.24296
11.725, 10.8536, 3.21343
11.75, 10.9038, 3.13712
11.775, 10.9407, 3.11858
11.8, 10.9732, 3.06924
11.825, 10.9994, 3.05479
11.85, 11.0183, 3.03651
11.875, 11.0309, 3.02348
11.9, 11.0388, 2.92326
11.925, 11.0481, 2.90434
11.95, 11.0541, 2.82431
11.975, 11.0489, 2.80233
12, 11.0161, 2.79223
12.025, 10.9587, 2.79069
12.05, 10.9088, 2.76398
12.075, 10.8708, 2.74557
12.1, 10.8373, 2.70786
12.125, 10.8039, 2.67884
12.15, 10.755, 2.63193
12.175, 10.6932, 2.62899
12.2, 10.6154, 2.62912
12.225, 10.5189, 2.63385
12.25, 10.4228, 2.65353
12.275, 10.3324, 2.65353
12.3, 10.2642, 2.65238
12.325, 10.2154, 2.63423
12.35, 10.1676, 2.60866
12.375, 10.119, 2.60611
12.4, 10.0503, 2.61135
12.425, 9.96078, 2.62387
12.45, 9.86187, 2.68319
12.475, 9.75454, 2.69495
12.5, 9.65974, 2.7232
12.525, 9.58333, 2.72282
12.55, 9.52645, 2.72294
12.575, 9.48555, 2.7232
12.6, 9.44517, 2.73176
12.625, 9.40319, 2.75017
12.65, 9.35188, 2.78878
12.675, 9.29072, 2.80603
12.7, 9.23379, 2.86778
12.725, 9.18221, 2.87557
12.75, 9.14512, 2.87583
12.775, 9.12623, 2.87775
12.8, 9.11842, 2.87788
12.825, 9.11463, 2.87864
12.85, 9.1044, 2.90792
12.875, 9.09034, 2.92211
12.9, 9.08107, 2.94601
12.925, 9.07746, 2.95828
12.95, 9.07654, 2.97579
12.975, 9.07884, 2.97733
13, 9.08492, 2.99701
13.025, 9.09258, 3.01338
13.05, 9.09252, 3.07026
13.075, 9.08591, 3.09072
13.1, 9.08786, 3.12229
13.125, 9.10174, 3.12497
13.15, 9.13392, 3.15003
13.175, 9.17938, 3.15016
13.2, 9.21865, 3.17035
13.225, 9.2556, 3.17675
13.25, 9.29522, 3.21548
13.275, 9.33373, 3.23312
13.3, 9.37537, 3.25575
13.325, 9.42239, 3.25639
13.35, 9.48542, 3.256
13.375, 9.56208, 3.25293
13.4, 9.62659, 3.24884
13.425, 9.67976, 3.24897
13.45, 9.7415, 3.2514
13.475, 9.81183, 3.2514
13.5, 9.87858, 3.25281
13.525, 9.94182, 3.2546
13.55, 9.99783, 3.25408
13.575, 10.0455, 3.25268
13.6, 10.088, 3.19388
13.625, 10.129, 3.19094
13.65, 10.1662, 3.19004
13.675, 10.193, 3.19004
13.7, 10.2197, 3.20794
13.725, 10.2519, 3.21011
13.75, 10.2982, 3.21011
13.775, 10.3569, 3.20244
13.8, 10.4064, 3.12881
13.825, 10.447, 3.10759
13.85, 10.4785, 3.08726
13.875, 10.4961, 3.07921
13.9, 10.482, 3.0787
13.925, 10.444, 3.08062
13.95, 10.4355, 3.07205
13.975, 10.4541, 3.06093
14, 10.4719, 3.00584
14.025, 10.4906, 2.99497
14.05, 10.5069, 2.94333
14.075, 10.5157, 2.92696
14.1, 10.5049, 2.92441
14.125, 10.4745, 2.923
14.15, 10.4432, 2.923
14.175, 10.4163, 2.92172
14.2, 10.3924, 2.89449
14.225, 10.369, 2.87596
14.25, 10.3512, 2.85129
14.275, 10.3364, 2.84004
14.3, 10.3106, 2.82022
14.325, 10.2761, 2.8192
14.35, 10.2403, 2.80335
14.375, 10.2029, 2.79555
14.4, 10.1694, 2.77318
14.425, 10.139, 2.75094
14.45, 10.1051, 2.73304
14.475, 10.0666, 2.73304
14.5, 10.0127, 2.74736
14.525, 9.9451, 2.76398
14.55, 9.87831, 2.78686
14.575, 9.81366, 2.79312
14.6, 9.76752, 2.79466
14.625, 9.73955, 2.79363
14.65, 9.70969, 2.78942
14.675, 9.67612, 2.78673
14.7, 9.63979, 2.78571
14.725, 9.60177, 2.78622
14.75, 9.56284, 2.79376
14.775, 9.52302, 2.80003
14.8, 9.48356, 2.80463
14.825, 9.44434, 2.80667
14.85, 9.41744, 2.81217
14.875, 9.40195, 2.81217
14.9, 9.38869, 2.84975
14.925, 9.37637, 2.86407
14.95, 9.36029, 2.90127
14.975, 9.33967, 2.91789
15, 9.31214, 2.93451
15.025, 9.27938, 2.93732
15.05, 9.25001, 2.94
15.075, 9.22433, 2.95253
15.1, 9.20681, 2.96518
15.125, 9.19813, 2.97937
15.15, 9.19459, 3.01951
15.175, 9.19633, 3.0484
15.2, 9.20605, 3.098
15.225, 9.22405, 3.10069
15.25, 9.25037, 3.11334
15.275, 9.28345, 3.11373
15.3, 9.30867, 3.11398
15.325, 9.32599, 3.11462
15.35, 9.34312, 3.18991
15.375, 9.35934, 3.20538
15.4, 9.37467, 3.25613
15.425, 9.39369, 3.26406
15.45, 9.43792, 3.26112
15.475, 9.50414, 3.25996
15.5, 9.56626, 3.22852
15.525, 9.62389, 3.21701
15.55, 9.68033, 3.21663
15.575, 9.73489, 3.2165
15.6, 9.77959, 3.23529
15.625, 9.81663, 3.23721
15.65, 9.86215, 3.23542
15.675, 9.91506, 3.23031
15.7, 9.96691, 3.19375
15.725, 10.0185, 3.18621
15.75, 10.0663, 3.1692
15.775, 10.1092, 3.16869
15.8, 10.1444, 3.17841
15.825, 10.1727, 3.17918
15.85, 10.2014, 3.16473
15.875, 10.2309, 3.15923
15.9, 10.2646, 3.08394
15.925, 10.3019, 3.0732
15.95, 10.3324, 3.01504
15.975, 10.3508, 3.01018
16, 10.3586, 2.99075
16.025, 10.3618, 2.99037
16.05, 10.3717, 2.96186
16.075, 10.3885, 2.94409
16.1, 10.4028, 2.89858
16.125, 10.4131, 2.88069
16.15, 10.3993, 2.81754
16.175, 10.3624, 2.81345
16.2, 10.3097, 2.8137
16.225, 10.2392, 2.81307
16.25, 10.1753, 2.81307
16.275, 10.1241, 2.8114
16.3, 10.0954, 2.76884
16.325, 10.0862, 2.75784
16.35, 10.0688, 2.73649
16.375, 10.0401, 2.731
16.4, 9.99538, 2.73394
16.425, 9.93747, 2.73956
16.45, 9.87741, 2.74084
16.475, 9.81562, 2.73969
16.5, 9.76178, 2.70671
16.525, 9.71618, 2.70198
16.55, 9.67849, 2.66069
16.575, 9.64594, 2.65391
16.6, 9.60382, 2.65417
16.625, 9.55101, 2.65673
16.65, 9.4932, 2.67513
16.675, 9.43498, 2.68153
16.7, 9.38387, 2.68178
16.725, 9.33834, 2.68038
16.75, 9.29628, 2.67577
16.775, 9.25551, 2.67501
16.8, 9.21093, 2.68383
16.825, 9.16498, 2.70518
16.85, 9.11004, 2.7673
16.875, 9.04362, 2.78277
16.9, 8.99427, 2.81741
16.925, 8.96602, 2.82662
16.95, 8.94908, 2.85704
16.975, 8.93947, 2.85819
17, 8.92751, 2.87864
17.025, 8.91523, 2.89552
17.05, 8.90362, 2.96058
17.075, 8.89056, 2.98538
17.1, 8.87722, 3.03409
17.125, 8.86963, 3.04163
17.15, 8.8905, 3.04176
17.175, 8.93679, 3.04176
17.2, 8.97613, 3.04201
17.225, 9.00499, 3.04393
17.25, 9.03474, 3.10912
17.275, 9.06524, 3.12817
17.3, 9.08338, 3.15092
17.325, 9.09565, 3.15348
17.35, 9.12662, 3.1646
17.375, 9.16954, 3.16703
17.4, 9.20313, 3.19336
17.425, 9.23145, 3.20551
17.45, 9.27475, 3.26533
17.475, 9.3308, 3.26981
17.5, 9.39387, 3.31199
17.525, 9.46476, 3.31238
17.55, 9.52958, 3.30445
17.575, 9.58848, 3.29435
17.6, 9.64012, 3.26214
17.625, 9.68271, 3.2606
17.65, 9.71647, 3.2661
17.675, 9.74347, 3.27658
17.7, 9.78302, 3.29077
17.725, 9.83541, 3.29154
17.75, 9.89898, 3.26738
17.775, 9.97185, 3.2537
17.8, 10.0432, 3.18224
17.825, 10.112, 3.17266
17.85, 10.1575, 3.1522
17.875, 10.1762, 3.1522
17.9, 10.1878, 3.15604
17.925, 10.1987, 3.15591
17.95, 10.2193, 3.15591
17.975, 10.2481, 3.1545
18, 10.2775, 3.0819
18.025, 10.3098, 3.07039
18.05, 10.3443, 3.05122
18.075, 10.3722, 3.04418
18.1, 10.3694, 3.04482
18.125, 10.346, 3.04534
18.15, 10.3418, 3.01197
18.175, 10.3559, 2.99523
18.2, 10.3706, 2.90587
18.225, 10.3833, 2.8904
18.25, 10.3899, 2.85269
18.275, 10.3867, 2.83889
18.3, 10.3648, 2.83761
18.325, 10.3281, 2.83518
18.35, 10.2927, 2.81051
18.375, 10.2617, 2.79069
18.4, 10.2355, 2.7356
18.425, 10.2111, 2.72563
18.45, 10.1715, 2.67309
18.475, 10.1148, 2.66401
18.5, 10.0539, 2.66555
18.525, 9.98924, 2.66695
18.55, 9.92, 2.67769
18.575, 9.84963, 2.67871
18.6, 9.79309, 2.64036
18.625, 9.7503, 2.63014
18.65, 9.71116, 2.59575
18.675, 9.67323, 2.59511
18.7, 9.61475, 2.59345
18.725, 9.53538, 2.59754
18.75, 9.45327, 2.63819
18.775, 9.36924, 2.63845
18.8, 9.28728, 2.63512
18.825, 9.21303, 2.63397
18.85, 9.16258, 2.63423
18.875, 9.12931, 2.63985
18.9, 9.08451, 2.6621
18.925, 9.02971, 2.68434
18.95, 8.97169, 2.73394
18.975, 8.91078, 2.748
19, 8.86039, 2.77893
19.025, 8.81878, 2.78136
19.05, 8.78115, 2.78788
19.075, 8.74792, 2.79555
19.1, 8.71155, 2.8394
19.125, 8.67274, 2.86714
19.15, 8.63724, 2.95956
19.175, 8.60509, 2.97349
19.2, 8.59138, 3.03345
19.225, 8.59851, 3.04112
19.25, 8.61398, 3.04457
19.275, 8.63647, 3.04636
19.3, 8.6631, 3.07052
19.325, 8.69031, 3.081
19.35, 8.71191, 3.15668
19.375, 8.72989, 3.17572
19.4, 8.76335, 3.21369
19.425, 8.81598, 3.21407
19.45, 8.8862, 3.21216
19.475, 8.96889, 3.21049
19.5, 9.03793, 3.21049
19.525, 9.09391, 3.21062
19.55, 9.14924, 3.24667
19.575, 9.20469, 3.25677
19.6, 9.25519, 3.29691
19.625, 9.30346, 3.2978
19.65, 9.3672, 3.29831
19.675, 9.44579, 3.29831
19.7, 9.51367, 3.29831
19.725, 9.56877, 3.29831
19.75, 9.62917, 3.30292
19.775, 9.69647, 3.30547
19.8, 9.76384, 3.30586
19.825, 9.82943, 3.30598
19.85, 9.89191, 3.3056
19.875, 9.95112, 3.30381
19.9, 10.0094, 3.28208
19.925, 10.066, 3.2762
19.95, 10.1208, 3.25114
19.975, 10.1739, 3.24987
20, 10.2271, 3.24987
20, 10.3323, 3.24578
20.025, 10.4482, 3.25958
20.05, 10.5694, 3.26188
20.075, 10.6552, 3.28323
20.1, 10.7168, 3.29486
20.125, 10.7379, 3.33168
20.15, 10.7449, 3.34012
20.175, 10.7595, 3.37604
20.2, 10.7728, 3.39406
20.225, 10.8115, 3.44366
20.25, 10.8621, 3.46271
20.275, 10.9525, 3.49594
20.3, 11.0625, 3.50169
20.325, 11.1898, 3.51844
20.35, 11.3145, 3.52675
20.375, 11.422, 3.56126
20.4, 11.5224, 3.56702
20.425, 11.6323, 3.59501
20.45, 11.7422, 3.60179
20.475, 11.8451, 3.61713
20.5, 11.9476, 3.62122
20.525, 12.0684, 3.63438
20.55, 12.1915, 3.63822
20.575, 12.3086, 3.65343
20.6, 12.4195, 3.65918
20.625, 12.541, 3.68207
20.65, 12.6641, 3.68718
20.675, 12.7948, 3.69204
20.7, 12.9318, 3.69293
20.725, 13.0597, 3.69319
20.75, 13.1775, 3.69319
20.775, 13.2708, 3.69306
20.8, 13.3511, 3.69319
20.825, 13.4362, 3.69331
20.85, 13.5199, 3.69331
20.875, 13.6086, 3.69664
20.9, 13.696, 3.69741
20.925, 13.789, 3.70252
20.95, 13.8775, 3.70265
20.975, 13.9631, 3.70252
21, 14.0457, 3.70252
21.025, 14.1109, 3.7029
21.05, 14.1662, 3.7029
21.075, 14.2151, 3.7029
21.1, 14.2614, 3.7029
21.125, 14.3403, 3.70303
21.15, 14.4292, 3.70303
21.175, 14.5329, 3.70277
21.2, 14.6376, 3.70226
21.225, 14.7171, 3.68449
21.25, 14.7772, 3.68283
21.275, 14.7811, 3.67823
21.3, 14.7629, 3.67772
21.325, 14.7176, 3.67797
21.35, 14.6675, 3.6781
21.375, 14.657, 3.67874
21.4, 14.6625, 3.67925
21.425, 14.683, 3.67925
21.45, 14.7094, 3.67951
21.475, 14.7563, 3.679
21.5, 14.804, 3.679
21.525, 14.8177, 3.67542
21.55, 14.8189, 3.67529
21.575, 14.8249, 3.67491
21.6, 14.8325, 3.67491
21.625, 14.8408, 3.67542
21.65, 14.8494, 3.67555
21.675, 14.8717, 3.67695
21.7, 14.8982, 3.67721
21.725, 14.9247, 3.67913
21.75, 14.9496, 3.67938
21.775, 14.9727, 3.68245
21.8, 14.9949, 3.68283
21.825, 15.0124, 3.68667
21.85, 15.0283, 3.68705
21.875, 15.0442, 3.69076
21.9, 15.0589, 3.69165
21.925, 15.0675, 3.69331
21.95, 15.0728, 3.69331
21.975, 15.0783, 3.69395
22, 15.0834, 3.69408
22.025, 15.0903, 3.69434
22.05, 15.0972, 3.69434
22.075, 15.1081, 3.69421
22.1, 15.1206, 3.69408
22.125, 15.1306, 3.69408
22.15, 15.1364, 3.69408
22.175, 15.127, 3.6937
22.2, 15.1131, 3.69357
22.225, 15.0998, 3.6937
22.25, 15.0879, 3.6937
22.275, 15.1021, 3.6937
22.3, 15.128, 3.6937
22.325, 15.1767, 3.69037
22.35, 15.2309, 3.6891
22.375, 15.2895, 3.68232
22.4, 15.3377, 3.68015
22.425, 15.3255, 3.67657
22.45, 15.2904, 3.67644
22.475, 15.23, 3.67286
22.5, 15.163, 3.67286
22.525, 15.1258, 3.67286
22.55, 15.1032, 3.67312
22.575, 15.1106, 3.67312
22.6, 15.1281, 3.67324
22.625, 15.1563, 3.67363
22.65, 15.1864, 3.67363
22.675, 15.1928, 3.67312
22.7, 15.1902, 3.67286
22.725, 15.1832, 3.67094
22.75, 15.1742, 3.67107
22.775, 15.1637, 3.67056
22.8, 15.1526, 3.67043
22.825, 15.1502, 3.67005
22.85, 15.151, 3.66992
22.875, 15.1563, 3.66928
22.9, 15.1621, 3.6689
22.925, 15.1755, 3.6611
22.95, 15.1908, 3.65867
22.975, 15.2124, 3.64218
23, 15.2363, 3.64039
23.025, 15.2495, 3.63758
23.05, 15.2503, 3.63758
23.075, 15.2362, 3.63758
23.1, 15.2181, 3.63745
23.125, 15.2003, 3.63605
23.15, 15.1825, 3.6349
23.175, 15.1704, 3.63426
23.2, 15.1617, 3.63413
23.225, 15.1575, 3.63413
23.25, 15.1558, 3.63413
23.275, 15.1538, 3.63451
23.3, 15.1495, 3.63451
23.325, 15.1358, 3.63413
23.35, 15.1199, 3.634
23.375, 15.0971, 3.63413
23.4, 15.0725, 3.63413
23.425, 15.0684, 3.63426
23.45, 15.0746, 3.63426
23.475, 15.1004, 3.63157
23.5, 15.1326, 3.62991
23.525, 15.1699, 3.62697
23.55, 15.2068, 3.62505
23.575, 15.1839, 3.62262
23.6, 15.1359, 3.62262
23.625, 15.0757, 3.6216
23.65, 15.0107, 3.62173
23.675, 14.9551, 3.62326
23.7, 14.908, 3.6239
23.725, 14.8972, 3.62825
23.75, 14.8997, 3.6294
23.775, 14.9136, 3.63323
23.8, 14.932, 3.63349
23.825, 14.929, 3.63426
23.85, 14.9182, 3.63438
23.875, 14.8976, 3.63502
23.9, 14.8745, 3.63515
23.925, 14.8494, 3.63963
23.95, 14.826, 3.64205
23.975, 14.8182, 3.6533
24, 14.8154, 3.65548
24.025, 14.8215, 3.66161
24.05, 14.832, 3.662
24.075, 14.8507, 3.66366
24.1, 14.8715, 3.66557
24.125, 14.8834, 3.6666
24.15, 14.8924, 3.66698
24.175, 14.9069, 3.66941
24.2, 14.9219, 3.66954
24.225, 14.9345, 3.67235
24.25, 14.9464, 3.67427
24.275, 14.9581, 3.67746
24.3, 14.9702, 3.67746
24.325, 14.9914, 3.67976
24.35, 15.0151, 3.68002
24.375, 15.0426, 3.68015
24.4, 15.0721, 3.68002
24.425, 15.1044, 3.67989
24.45, 15.1364, 3.67989
24.475, 15.147, 3.67938
24.5, 15.1498, 3.67874
24.525, 15.1486, 3.67823
24.55, 15.1473, 3.67823
24.575, 15.1505, 3.6781
24.6, 15.1586, 3.6781
24.625, 15.1894, 3.67785
24.65, 15.2279, 3.67695
24.675, 15.2757, 3.65969
24.7, 15.3229, 3.6519
24.725, 15.3278, 3.64435
24.75, 15.3075, 3.64295
24.775, 15.2379, 3.6386
24.8, 15.1566, 3.63835
24.825, 15.0954, 3.63796
24.85, 15.0501, 3.63809
24.875, 15.042, 3.63835
24.9, 15.0496, 3.63822
24.925, 15.0822, 3.63822
24.95, 15.1215, 3.63822
24.975, 15.119, 3.63553
25, 15.0986, 3.63196
25.025, 15.066, 3.63119
25.05, 15.0311, 3.63106
25.075, 14.9806, 3.63119
25.1, 14.9258, 3.63119
25.125, 14.9067, 3.63144
25.15, 14.9025, 3.63157
25.175, 14.9105, 3.63196
25.2, 14.9221, 3.63196
25.225, 14.9306, 3.63451
25.25, 14.9379, 3.6349
25.275, 14.932, 3.63477
25.3, 14.9229, 3.63477
25.325, 14.9148, 3.63502
25.35, 14.9091, 3.63502
25.375, 14.9035, 3.63464
25.4, 14.898, 3.63362
25.425, 14.8931, 3.63247
25.45, 14.89, 3.63247
25.475, 14.8916, 3.62748
25.5, 14.8937, 3.62723
25.525, 14.901, 3.62646
25.55, 14.9094, 3.62607
25.575, 14.9146, 3.62301
25.6, 14.9181, 3.62109
25.625, 14.9262, 3.61674
25.65, 14.9338, 3.6101
25.675, 14.9486, 3.60895
25.7, 14.963, 3.60869
25.725, 14.9573, 3.60856
25.75, 14.9501, 3.60843
25.775, 14.9587, 3.60882
25.8, 14.9729, 3.60882
25.825, 14.9851, 3.60882
25.85, 14.9961, 3.60831
25.875, 14.9786, 3.6078
25.9, 14.9495, 3.60767
25.925, 14.9108, 3.60549
25.95, 14.8535, 3.60485
25.975, 14.7937, 3.60485
26, 14.7649, 3.60549
26.025, 14.7514, 3.60664
26.05, 14.761, 3.60677
26.075, 14.7793, 3.60677
26.1, 14.8102, 3.60652
26.125, 14.8446, 3.60626
26.15, 14.8379, 3.60626
26.175, 14.8144, 3.60626
26.2, 14.7721, 3.6069
26.225, 14.7245, 3.6069
26.25, 14.6911, 3.60895
26.275, 14.6665, 3.61061
26.3, 14.6637, 3.61457
26.325, 14.6693, 3.61662
26.35, 14.6825, 3.6239
26.375, 14.6979, 3.62556
26.4, 14.7064, 3.62633
26.425, 14.712, 3.62671
26.45, 14.7188, 3.62735
26.475, 14.7227, 3.62748
26.5, 14.7174, 3.62812
26.525, 14.709, 3.62953
26.55, 14.7037, 3.63004
26.575, 14.6993, 3.63017
26.6, 14.7004, 3.63413
26.625, 14.7019, 3.63515
26.65, 14.6994, 3.63745
26.675, 14.6964, 3.63796
26.7, 14.6959, 3.6418
26.725, 14.695, 3.64218
26.75, 14.6971, 3.64384
26.775, 14.7005, 3.64576
26.8, 14.7101, 3.65765
26.825, 14.7195, 3.66085
26.85, 14.7326, 3.66621
26.875, 14.7484, 3.6666
26.9, 14.7788, 3.66915
26.925, 14.8118, 3.66928
26.95, 14.8378, 3.66915
26.975, 14.8612, 3.66915
27, 14.888, 3.668
27.025, 14.9153, 3.66775
27.05, 14.9197, 3.66225
27.075, 14.9157, 3.66174
27.1, 14.9118, 3.66136
27.125, 14.9039, 3.6611
27.15, 14.8975, 3.66123
27.175, 14.8978, 3.6611
27.2, 14.9395, 3.65931
27.225, 14.9933, 3.65535
27.25, 15.054, 3.64333
27.275, 15.1141, 3.63899
27.3, 15.1313, 3.61738
27.325, 15.1357, 3.61214
27.35, 15.0962, 3.60971
27.375, 15.0384, 3.60895
27.4, 14.9862, 3.60869
27.425, 14.945, 3.60869
27.45, 14.949, 3.60907
27.475, 14.9672, 3.60933
27.5, 14.9963, 3.61061
27.525, 15.0273, 3.61074
27.55, 15.031, 3.6124
27.575, 15.0206, 3.61406
27.6, 14.9758, 3.61534
27.625, 14.9231, 3.61585
27.65, 14.879, 3.61751
27.675, 14.8384, 3.61994
27.7, 14.8086, 3.62339
27.725, 14.7837, 3.62531
27.75, 14.7774, 3.62876
27.775, 14.777, 3.63068
27.8, 14.7774, 3.63132
27.825, 14.7784, 3.63247
27.85, 14.7835, 3.63515
27.875, 14.7896, 3.63579
27.9, 14.7948, 3.63988
27.925, 14.7983, 3.64052
27.95, 14.7999, 3.64116
27.975, 14.8023, 3.64116
28, 14.8077, 3.64116
28.025, 14.814, 3.64141
28.05, 14.8205, 3.64116
28.075, 14.8283, 3.64116
28.1, 14.8432, 3.64026
28.125, 14.86, 3.64014
28.15, 14.8681, 3.64014
28.175, 14.8838, 3.64014
28.2, 14.8984, 3.64001
28.225, 14.9022, 3.64001
28.25, 14.9022, 3.64026
28.275, 14.8948, 3.64026
28.3, 14.8845, 3.64039
28.325, 14.8801, 3.64026
28.35, 14.8809, 3.64026
28.375, 14.8939, 3.64026
28.4, 14.9109, 3.64014
28.425, 14.9314, 3.64026
28.45, 14.9531, 3.64014
28.475, 14.9559, 3.64014
28.5, 14.9498, 3.64001
28.525, 14.9271, 3.63911
28.55, 14.9001, 3.63899
28.575, 14.8728, 3.63899
28.6, 14.8463, 3.63899
28.625, 14.8612, 3.63899
28.65, 14.8913, 3.63809
28.675, 14.9343, 3.63796
28.7, 14.9801, 3.63656
28.725, 15.0042, 3.63017
28.75, 15.0136, 3.62863
28.775, 14.9938, 3.6285
28.8, 14.9626, 3.62876
28.825, 14.9068, 3.6285
28.85, 14.8466, 3.62863
28.875, 14.8279, 3.62902
28.9, 14.8256, 3.62991
28.925, 14.8357, 3.63029
28.95, 14.8487, 3.63004
28.975, 14.8643, 3.63004
29, 14.8776, 3.62927
29.025, 14.8674, 3.62697
29.05, 14.8475, 3.62633
29.075, 14.8309, 3.62633
29.1, 14.8163, 3.62659
29.125, 14.8005, 3.62659
29.15, 14.7845, 3.62723
29.175, 14.7735, 3.62761
29.2, 14.7646, 3.6294
29.225, 14.7616, 3.6308
29.25, 14.758, 3.63349
29.275, 14.7562, 3.63374
29.3, 14.7543, 3.63374
29.325, 14.7592, 3.63362
29.35, 14.766, 3.63387
29.375, 14.7733, 3.63374
29.4, 14.7808, 3.63362
29.425, 14.791, 3.63336
29.45, 14.8013, 3.63349
29.475, 14.8099, 3.63336
29.5, 14.8181, 3.63221
29.525, 14.8333, 3.63208
29.55, 14.8506, 3.6317
29.575, 14.8679, 3.63093
29.6, 14.8842, 3.62288
29.625, 14.8923, 3.62045
29.65, 14.8975, 3.6161
29.675, 14.8959, 3.61585
29.7, 14.8885, 3.61521
29.725, 14.8722, 3.61521
29.75, 14.8545, 3.61521
29.775, 14.867, 3.61521
29.8, 14.8905, 3.61546
29.825, 14.9211, 3.61559
29.85, 14.9535, 3.61585
29.875, 14.9831, 3.61572
29.9, 15.0034, 3.61546
29.925, 14.974, 3.61061
29.95, 14.9287, 3.60958
29.975, 14.8841, 3.6092
30, 14.8407, 3.60933
30, 14.8202, 3.60958
30.025, 14.8123, 3.63464
30.05, 14.8316, 3.65688
30.075, 14.8547, 3.69306
30.1, 14.8608, 3.71735
30.125, 14.8529, 3.76848
30.15, 14.8583, 3.7888
30.175, 14.8668, 3.82894
30.2, 14.8625, 3.84952
30.225, 14.8641, 3.89427
30.25, 14.8949, 3.92009
30.275, 14.9342, 3.9679
30.3, 14.9951, 3.9941
30.325, 15.0681, 4.03053
30.35, 15.17, 4.04907
30.375, 15.2864, 4.06773
30.4, 15.4009, 4.07937
30.425, 15.5142, 4.10186
30.45, 15.6236, 4.1227
30.475, 15.727, 4.14571
30.5, 15.83, 4.16668
30.525, 15.9291, 4.18892
30.55, 16.0343, 4.2017
30.575, 16.1442, 4.2366
30.6, 16.2644, 4.24913
30.625, 16.3781, 4.27035
30.65, 16.5146, 4.28006
30.675, 16.6588, 4.28965
30.7, 16.8161, 4.3023
30.725, 16.9719, 4.32314
30.75, 17.1138, 4.33145
30.775, 17.2416, 4.34347
30.8, 17.3722, 4.35446
30.825, 17.5028, 4.36021
30.85, 17.6269, 4.37108
30.875, 17.7446, 4.38476
30.9, 17.8903, 4.39191
30.925, 18.0434, 4.39396
30.95, 18.2095, 4.39741
30.975, 18.3757, 4.39818
31, 18.5396, 4.40137
31.025, 18.6865, 4.4024
31.05, 18.7856, 4.40329
31.075, 18.863, 4.40674
31.1, 18.9277, 4.40968
31.125, 18.9846, 4.42886
31.15, 19.0597, 4.43065
31.175, 19.1416, 4.43282
31.2, 19.2741, 4.43627
31.225, 19.4218, 4.4364
31.25, 19.5607, 4.43653
31.275, 19.6882, 4.43653
31.3, 19.744, 4.4364
31.325, 19.7738, 4.4364
31.35, 19.7871, 4.43627
31.375, 19.7925, 4.43653
31.4, 19.8056, 4.43666
31.425, 19.8282, 4.4373
31.45, 19.9037, 4.43832
31.475, 19.993, 4.43857
31.5, 20.0863, 4.4387
31.525, 20.1791, 4.43857
31.55, 20.2463, 4.43845
31.575, 20.299, 4.43832
31.6, 20.3309, 4.43832
31.625, 20.3546, 4.43832
31.65, 20.3805, 4.43832
31.675, 20.4082, 4.43781
31.7, 20.4435, 4.43781
31.725, 20.4803, 4.43781
31.75, 20.5213, 4.43781
31.775, 20.5629, 4.43576
31.8, 20.5987, 4.43448
31.825, 20.6304, 4.43001
31.85, 20.6627, 4.42924
31.875, 20.6957, 4.42937
31.9, 20.7185, 4.42886
31.925, 20.7341, 4.42886
31.95, 20.7547, 4.42847
31.975, 20.7768, 4.4263
32, 20.7939, 4.42426
32.025, 20.8103, 4.42362
32.05, 20.83, 4.42196
32.075, 20.85, 4.42068
32.1, 20.8731, 4.41978
32.125, 20.896, 4.41646
32.15, 20.9202, 4.41313
32.175, 20.943, 4.41083
32.2, 20.9525, 4.40585
32.225, 20.9548, 4.39575
32.25, 20.9509, 4.38514
32.275, 20.9433, 4.37479
32.3, 20.9541, 4.37223
32.325, 20.9683, 4.36494
32.35, 20.9968, 4.35919
32.375, 21.0288, 4.34705
32.4, 21.0753, 4.34091
32.425, 21.1236, 4.3234
32.45, 21.0999, 4.31534
32.475, 21.0443, 4.31407
32.5, 20.9766, 4.31317
32.525, 20.9029, 4.31215
32.55, 20.8171, 4.31228
32.575, 20.7409, 4.31304
32.6, 20.7381, 4.3133
32.625, 20.7594, 4.3133
32.65, 20.7848, 4.3133
32.675, 20.8111, 4.3133
32.7, 20.7971, 4.31215
32.725, 20.7643, 4.31202
32.75, 20.6931, 4.31189
32.775, 20.6126, 4.31176
32.8, 20.5319, 4.31215
32.825, 20.4607, 4.3133
32.85, 20.4291, 4.3147
32.875, 20.412, 4.31483
32.9, 20.4161, 4.31496
32.925, 20.4277, 4.31509
32.95, 20.4342, 4.31496
32.975, 20.4352, 4.31483
33, 20.4173, 4.31458
33.025, 20.3942, 4.31407
33.05, 20.372, 4.31355
33.075, 20.3513, 4.31253
33.1, 20.3409, 4.31253
33.125, 20.3348, 4.31253
33.15, 20.3343, 4.31253
33.175, 20.3345, 4.31253
33.2, 20.3361, 4.3124
33.225, 20.3375, 4.31138
33.25, 20.3386, 4.31113
33.275, 20.3389, 4.30921
33.3, 20.3353, 4.30806
33.325, 20.3292, 4.30524
33.35, 20.324, 4.30282
33.375, 20.3201, 4.30256
33.4, 20.3174, 4.3023
33.425, 20.3155, 4.30077
33.45, 20.3094, 4.30052
33.475, 20.3065, 4.30039
33.5, 20.3166, 4.29885
33.525, 20.3303, 4.29591
33.55, 20.3442, 4.29579
33.575, 20.3606, 4.29425
33.6, 20.3521, 4.2931
33.625, 20.3341, 4.29297
33.65, 20.2972, 4.28991
33.675, 20.2541, 4.29003
33.7, 20.2161, 4.29016
33.725, 20.1819, 4.29029
33.75, 20.1926, 4.29016
33.775, 20.2209, 4.29029
33.8, 20.2682, 4.29029
33.825, 20.3206, 4.28875
33.85, 20.3341, 4.28147
33.875, 20.3275, 4.27648
33.9, 20.2851, 4.27508
33.925, 20.2285, 4.27482
33.95, 20.1461, 4.27482
33.975, 20.0568, 4.27508
34, 20.034, 4.27508
34.025, 20.039, 4.27482
34.05, 20.0694, 4.27469
34.075, 20.1046, 4.2738
34.1, 20.1335, 4.26907
34.125, 20.1534, 4.26626
34.15, 20.1416, 4.26165
34.175, 20.1163, 4.25999
34.2, 20.0818, 4.25974
34.225, 20.045, 4.25961
34.25, 20.0236, 4.25974
34.275, 20.0093, 4.25986
34.3, 20.0072, 4.25999
34.325, 20.0088, 4.25961
34.35, 20.0173, 4.25923
34.375, 20.0247, 4.25603
34.4, 20.0235, 4.25501
34.425, 20.021, 4.25347
34.45, 20.0157, 4.25207
34.475, 20.0092, 4.25219
34.5, 20.0014, 4.25232
34.525, 19.9928, 4.25245
34.55, 19.9815, 4.25258
34.575, 19.9686, 4.25283
34.6, 19.9552, 4.25271
34.625, 19.9438, 4.25296
34.65, 19.951, 4.25309
34.675, 19.9643, 4.25322
34.7, 19.9817, 4.25335
34.725, 19.9993, 4.25347
34.75, 20.0023, 4.25347
34.775, 19.9971, 4.25322
34.8, 19.9743, 4.25322
34.825, 19.9458, 4.25258
34.85, 19.9138, 4.25232
34.875, 19.8823, 4.25258
34.9, 19.8774, 4.25245
34.925, 19.8824, 4.25219
34.95, 19.8998, 4.25219
34.975, 19.921, 4.25194
35, 19.9304, 4.25194
35.025, 19.9292, 4.25207
35.05, 19.8902, 4.25168
35.075, 19.8396, 4.25219
35.1, 19.7849, 4.25219
35.125, 19.731, 4.25283
35.15, 19.7275, 4.25309
35.175, 19.7457, 4.25309
35.2, 19.7954, 4.25296
35.225, 19.8546, 4.25232
35.25, 19.907, 4.25041
35.275, 19.9448, 4.24312
35.3, 19.9203, 4.24299
35.325, 19.8772, 4.24299
35.35, 19.8139, 4.24248
35.375, 19.7412, 4.24286
35.4, 19.7006, 4.24325
35.425, 19.6754, 4.2435
35.45, 19.6773, 4.24389
35.475, 19.6876, 4.24389
35.5, 19.7063, 4.24401
35.525, 19.7273, 4.24389
35.55, 19.7232, 4.24376
35.575, 19.7088, 4.24363
35.6, 19.6872, 4.24376
35.625, 19.6648, 4.24414
35.65, 19.6509, 4.24414
35.675, 19.6409, 4.24465
35.7, 19.6408, 4.24478
35.725, 19.6448, 4.24593
35.75, 19.6563, 4.24631
35.775, 19.6703, 4.24644
35.8, 19.6814, 4.24657
35.825, 19.6915, 4.24683
35.85, 19.7008, 4.24695
35.875, 19.7095, 4.24734
35.9, 19.7167, 4.24862
35.925, 19.7218, 4.25194
35.95, 19.7228, 4.25232
35.975, 19.7215, 4.25245
36, 19.72, 4.25258
36.025, 19.7178, 4.25283
36.05, 19.7291, 4.25296
36.075, 19.7446, 4.25565
36.1, 19.7646, 4.25756
36.125, 19.785, 4.25859
36.15, 19.8039, 4.25884
36.175, 19.8148, 4.25897
36.2, 19.7942, 4.2591
36.225, 19.7619, 4.25923
36.25, 19.7198, 4.25986
36.275, 19.6768, 4.26498
36.3, 19.6705, 4.27329
36.325, 19.6799, 4.27878
36.35, 19.7206, 4.28121
36.375, 19.7686, 4.28249
36.4, 19.846, 4.28287
36.425, 19.9272, 4.28275
36.45, 19.9292, 4.28249
36.475, 19.9031, 4.28262
36.5, 19.8621, 4.28262
36.525, 19.8162, 4.28275
36.55, 19.7816, 4.28287
36.575, 19.7565, 4.283
36.6, 19.7728, 4.28326
36.625, 19.8032, 4.28339
36.65, 19.8416, 4.28339
36.675, 19.881, 4.28339
36.7, 19.8869, 4.28339
36.725, 19.8789, 4.28339
36.75, 19.8533, 4.28339
36.775, 19.8219, 4.28351
36.8, 19.7923, 4.28377
36.825, 19.7666, 4.28594
36.85, 19.7564, 4.28888
36.875, 19.7516, 4.29144
36.9, 19.7516, 4.29706
36.925, 19.7537, 4.29949
36.95, 19.7622, 4.30397
36.975, 19.7745, 4.30819
37, 19.7881, 4.30857
37.025, 19.8021, 4.31368
37.05, 19.8256, 4.31483
37.075, 19.8508, 4.31522
37.1, 19.8654, 4.3156
37.125, 19.8786, 4.31828
37.15, 19.8955, 4.31867
37.175, 19.9139, 4.3188
37.2, 19.9296, 4.3188
37.225, 19.9459, 4.31892
37.25, 19.9641, 4.3188
37.275, 19.9823, 4.3188
37.3, 19.9983, 4.31867
37.325, 20.0137, 4.3188
37.35, 20.0272, 4.3188
37.375, 20.0391, 4.31892
37.4, 20.0456, 4.3188
37.425, 20.0495, 4.3188
37.45, 20.0669, 4.3188
37.475, 20.0917, 4.31867
37.5, 20.1345, 4.31867
37.525, 20.1822, 4.31841
37.55, 20.2334, 4.31662
37.575, 20.2844, 4.31611
37.6, 20.2918, 4.311
37.625, 20.2806, 4.3087
37.65, 20.2522, 4.30499
37.675, 20.2203, 4.30294
37.7, 20.197, 4.30294
37.725, 20.1856, 4.30282
37.75, 20.2087, 4.30243
37.775, 20.2461, 4.29809
37.8, 20.2959, 4.29668
37.825, 20.3469, 4.28287
37.85, 20.3553, 4.27917
37.875, 20.3443, 4.27789
37.9, 20.2981, 4.27789
37.925, 20.2394, 4.27814
37.95, 20.1761, 4.27814
37.975, 20.1216, 4.2784
38, 20.105, 4.27853
38.025, 20.1002, 4.27904
38.05, 20.102, 4.2793
38.075, 20.1062, 4.2793
38.1, 20.1048, 4.2793
38.125, 20.0994, 4.27942
38.15, 20.0782, 4.27968
38.175, 20.0522, 4.27955
38.2, 20.0301, 4.27955
38.225, 20.0101, 4.27955
38.25, 20.0036, 4.27955
38.275, 20.0033, 4.27968
38.3, 20.0128, 4.27968
38.325, 20.0256, 4.27968
38.35, 20.0406, 4.27968
38.375, 20.0546, 4.27981
38.4, 20.0664, 4.27968
38.425, 20.0766, 4.27968
38.45, 20.0864, 4.27968
38.475, 20.0951, 4.27968
38.5, 20.0921, 4.27968
38.525, 20.0842, 4.27981
38.55, 20.0681, 4.27981
38.575, 20.0494, 4.27981
38.6, 20.0343, 4.27981
38.625, 20.0232, 4.27981
38.65, 20.0265, 4.27981
38.675, 20.0347, 4.27981
38.7, 20.0468, 4.27981
38.725, 20.0596, 4.27968
38.75, 20.0572, 4.27968
38.775, 20.0481, 4.27968
38.8, 20.0287, 4.27981
38.825, 20.0061, 4.27993
38.85, 19.9836, 4.27993
38.875, 19.9616, 4.27993
38.9, 19.9802, 4.27993
38.925, 20.0135, 4.27968
38.95, 20.0607, 4.27968
38.975, 20.1104, 4.27942
39, 20.118, 4.27891
39.025, 20.1049, 4.27802
39.05, 20.0548, 4.27802
39.075, 19.9926, 4.27789
39.1, 19.9248, 4.27789
39.125, 19.8573, 4.2784
39.15, 19.846, 4.27878
39.175, 19.8566, 4.27878
39.2, 19.8885, 4.27878
39.225, 19.9264, 4.27866
39.25, 19.959, 4.27866
39.275, 19.9848, 4.27789
39.3, 19.9837, 4.27572
39.325, 19.9729, 4.27533
39.35, 19.9598, 4.27508
39.375, 19.9452, 4.27495
39.4, 19.94, 4.27495
39.425, 19.9399, 4.27495
39.45, 19.951, 4.27508
39.475, 19.9651, 4.27508
39.5, 19.9759, 4.27508
39.525, 19.9843, 4.27482
39.55, 19.9864, 4.27469
39.575, 19.9862, 4.27469
39.6, 19.9826, 4.27431
39.625, 19.9777, 4.27431
39.65, 19.9663, 4.27431
39.675, 19.953, 4.27431
39.7, 19.9383, 4.27431
39.725, 19.9238, 4.27431
39.75, 19.9114, 4.27431
39.775, 19.9041, 4.27393
39.8, 19.9177, 4.27252
39.825, 19.9386, 4.26332
39.85, 19.9706, 4.26038
39.875, 20.0032, 4.26038
39.9, 20.0165, 4.25935
39.925, 20.0136, 4.25462
39.95, 19.9833, 4.25335
39.975, 19.9448, 4.25322
40, 19.9067, 4.25283
40, 19.8655, 4.25309
40.025, 19.8637, 4.26344
40.05, 19.8788, 4.283
40.075, 19.9121, 4.29527
40.1, 19.9477, 4.31841
40.125, 19.967, 4.33644
40.15, 19.975, 4.36827
40.175, 19.9556, 4.39025
40.2, 19.9257, 4.43129
40.225, 19.884, 4.45238
40.25, 19.8364, 4.50057
40.275, 19.8624, 4.52371
40.3, 19.9148, 4.56462
40.325, 19.9849, 4.57727
40.35, 20.0706, 4.59517
40.375, 20.1935, 4.61012
40.4, 20.3182, 4.63083
40.425, 20.3872, 4.64528
40.45, 20.4305, 4.69181
40.475, 20.4717, 4.70779
40.5, 20.5149, 4.74128
40.525, 20.5979, 4.75866
40.55, 20.7001, 4.77733
40.575, 20.8388, 4.79305
40.6, 20.9905, 4.81069
40.625, 21.1513, 4.81721
40.65, 21.304, 4.83613
40.675, 21.4348, 4.8415
40.7, 21.551, 4.86425
40.725, 21.6628, 4.86898
40.75, 21.767, 4.88177
40.775, 21.8718, 4.88509
40.8, 21.9769, 4.89864
40.825, 22.0821, 4.9035
40.85, 22.186, 4.92983
40.875, 22.289, 4.93673
40.9, 22.3855, 4.95131
40.925, 22.5124, 4.95783
40.95, 22.6464, 4.96946
40.975, 22.7762, 4.97713
41, 22.8985, 4.98403
41.025, 23.0189, 4.98646
41.05, 23.1339, 4.99119
41.075, 23.2279, 4.99681
41.1, 23.3124, 5.01254
41.125, 23.3939, 5.02251
41.15, 23.471, 5.03734
41.175, 23.5783, 5.03887
41.2, 23.6911, 5.03951
41.225, 23.8384, 5.03977
41.25, 23.9913, 5.03977
41.275, 24.1377, 5.03977
41.3, 24.2626, 5.03977
41.325, 24.3229, 5.03989
41.35, 24.3584, 5.04002
41.375, 24.3708, 5.04424
41.4, 24.3747, 5.04961
41.425, 24.4263, 5.05293
41.45, 24.498, 5.05434
41.475, 24.6047, 5.05498
41.5, 24.7211, 5.05511
41.525, 24.8437, 5.05498
41.55, 24.9655, 5.05498
41.575, 25.0179, 5.05498
41.6, 25.0438, 5.05498
41.625, 25.0455, 5.05498
41.65, 25.0384, 5.05511
41.675, 25.0491, 5.05536
41.7, 25.073, 5.05587
41.725, 25.139, 5.05715
41.75, 25.2173, 5.05817
41.775, 25.3014, 5.05817
41.8, 25.3846, 5.05817
41.825, 25.4396, 5.05817
41.85, 25.4826, 5.05817
41.875, 25.5123, 5.05817
41.9, 25.5359, 5.05817
41.925, 25.5584, 5.0583
41.95, 25.5818, 5.0583
41.975, 25.6138, 5.0583
42, 25.648, 5.05817
42.025, 25.6889, 5.05817
42.05, 25.7308, 5.05817
42.075, 25.7641, 5.05817
42.1, 25.7929, 5.05817
42.125, 25.8168, 5.05817
42.15, 25.8384, 5.05792
42.175, 25.8608, 5.05792
42.2, 25.8831, 5.05779
42.225, 25.9062, 5.05766
42.25, 25.9285, 5.05766
42.275, 25.9521, 5.05766
42.3, 25.9754, 5.056
42.325, 26.0012, 5.05549
42.35, 26.0256, 5.0482
42.375, 26.0534, 5.03836
42.4, 26.0826, 5.02762
42.425, 26.1214, 5.01867
42.45, 26.1629, 5.0073
42.475, 26.1627, 5.00295
42.5, 26.1461, 4.99924
42.525, 26.1204, 4.99656
42.55, 26.0957, 4.98902
42.575, 26.0924, 4.98736
42.6, 26.1045, 4.97675
42.625, 26.1571, 4.97265
42.65, 26.2274, 4.95437
42.675, 26.2935, 4.94517
42.7, 26.3509, 4.93494
42.725, 26.3353, 4.926
42.75, 26.2862, 4.92459
42.775, 26.1953, 4.92446
42.8, 26.0948, 4.92459
42.825, 26.0056, 4.92459
42.85, 25.9302, 4.92433
42.875, 25.9036, 4.92446
42.9, 25.8969, 4.92242
42.925, 25.9062, 4.91794
42.95, 25.9195, 4.90899
42.975, 25.9095, 4.90273
43, 25.8902, 4.89864
43.025, 25.8315, 4.89314
43.05, 25.7572, 4.89225
43.075, 25.6857, 4.89225
43.1, 25.6211, 4.89071
43.125, 25.5708, 4.89059
43.15, 25.5253, 4.89059
43.175, 25.4952, 4.89071
43.2, 25.4703, 4.89071
43.225, 25.4416, 4.89071
43.25, 25.4102, 4.89071
43.275, 25.3732, 4.89084
43.3, 25.3353, 4.89097
43.325, 25.2982, 4.89084
43.35, 25.2623, 4.89123
43.375, 25.238, 4.89199
43.4, 25.2188, 4.8934
43.425, 25.2027, 4.89455
43.45, 25.1879, 4.89468
43.475, 25.1812, 4.89493
43.5, 25.1783, 4.89493
43.525, 25.1808, 4.89493
43.55, 25.1839, 4.89493
43.575, 25.1852, 4.89493
43.6, 25.1859, 4.89493
43.625, 25.184, 4.89493
43.65, 25.1806, 4.89493
43.675, 25.1739, 4.89493
43.7, 25.1664, 4.8948
43.725, 25.1625, 4.89468
43.75, 25.1626, 4.89455
43.775, 25.177, 4.89442
43.8, 25.1959, 4.89429
43.825, 25.2182, 4.89417
43.85, 25.2407, 4.8925
43.875, 25.2247, 4.89123
43.9, 25.1931, 4.89084
43.925, 25.1434, 4.89084
43.95, 25.0893, 4.89084
43.975, 25.0281, 4.89084
44, 24.9792, 4.89097
44.025, 24.9938, 4.8911
44.05, 25.0307, 4.8911
44.075, 25.0859, 4.89097
44.1, 25.1458, 4.89008
44.125, 25.1612, 4.88956
44.15, 25.1514, 4.88944
44.175, 25.0795, 4.88918
44.2, 24.9888, 4.88944
44.225, 24.8898, 4.88944
44.25, 24.7918, 4.88969
44.275, 24.7698, 4.88995
44.3, 24.7774, 4.88995
44.325, 24.8109, 4.88995
44.35, 24.8531, 4.88956
44.375, 24.8844, 4.88956
44.4, 24.9058, 4.88892
44.425, 24.8988, 4.88419
44.45, 24.8823, 4.87768
44.475, 24.8632, 4.87397
44.5, 24.8407, 4.86886
44.525, 24.8322, 4.86834
44.55, 24.8279, 4.86834
44.575, 24.8324, 4.86834
44.6, 24.8415, 4.86834
44.625, 24.8477, 4.86847
44.65, 24.8502, 4.86873
44.675, 24.8417, 4.86886
44.7, 24.8304, 4.86898
44.725, 24.8182, 4.86911
44.75, 24.805, 4.86924
44.775, 24.7953, 4.86924
44.8, 24.788, 4.86924
44.825, 24.7883, 4.86937
44.85, 24.7904, 4.86949
44.875, 24.7935, 4.86949
44.9, 24.7989, 4.87103
44.925, 24.8173, 4.87154
44.95, 24.8389, 4.87231
44.975, 24.8646, 4.87231
45, 24.8892, 4.87218
45.025, 24.8949, 4.87205
45.05, 24.8906, 4.87205
45.075, 24.868, 4.87205
45.1, 24.8393, 4.87218
45.125, 24.8101, 4.87218
45.15, 24.7814, 4.87243
45.175, 24.804, 4.87243
45.2, 24.8459, 4.87256
45.225, 24.9072, 4.87256
45.25, 24.973, 4.87243
45.275, 25.0177, 4.87205
45.3, 25.043, 4.87141
45.325, 25.0053, 4.86834
45.35, 24.9468, 4.86822
45.375, 24.8741, 4.86834
45.4, 24.7975, 4.8686
45.425, 24.7784, 4.86937
45.45, 24.7839, 4.87013
45.475, 24.8237, 4.87026
45.5, 24.8737, 4.87026
45.525, 24.9185, 4.87026
45.55, 24.9494, 4.87001
45.575, 24.9242, 4.86988
45.6, 24.8802, 4.87001
45.625, 24.8208, 4.87013
45.65, 24.7577, 4.87026
45.675, 24.7194, 4.87052
45.7, 24.6938, 4.8718
45.725, 24.6905, 4.87665
45.75, 24.695, 4.88151
45.775, 24.703, 4.88266
45.8, 24.7065, 4.88292
45.825, 24.7018, 4.88304
45.85, 24.6943, 4.88317
45.875, 24.678, 4.8833
45.9, 24.6584, 4.8865
45.925, 24.6501, 4.88841
45.95, 24.6476, 4.89046
45.975, 24.6538, 4.89174
46, 24.6657, 4.898
46.025, 24.6818, 4.90005
46.05, 24.6983, 4.9012
46.075, 24.7099, 4.90465
46.1, 24.7212, 4.91002
46.125, 24.7316, 4.92024
46.15, 24.7405, 4.92395
46.175, 24.7437, 4.92472
46.2, 24.7501, 4.92612
46.225, 24.7763, 4.92638
46.25, 24.8046, 4.92651
46.275, 24.8219, 4.92651
46.3, 24.8362, 4.92651
46.325, 24.8757, 4.92651
46.35, 24.9229, 4.92651
46.375, 24.9689, 4.92651
46.4, 25.0132, 4.92587
46.425, 25.0547, 4.92254
46.45, 25.0852, 4.91347
46.475, 25.0617, 4.91232
46.5, 25.0179, 4.91232
46.525, 24.9618, 4.91206
46.55, 24.9052, 4.91219
46.575, 24.8882, 4.91219
46.6, 24.8934, 4.91219
46.625, 24.9412, 4.91232
46.65, 25.0015, 4.91219
46.675, 25.0665, 4.91142
46.7, 25.1184, 4.90043
46.725, 25.0974, 4.89583
46.75, 25.0453, 4.89404
46.775, 24.9751, 4.89391
46.8, 24.8964, 4.89391
46.825, 24.8393, 4.89391
46.85, 24.8008, 4.89404
46.875, 24.8111, 4.89404
46.9, 24.8369, 4.89404
46.925, 24.8667, 4.89391
46.95, 24.8985, 4.89225
46.975, 24.9076, 4.89161
47, 24.9055, 4.88688
47.025, 24.8851, 4.88432
47.05, 24.8566, 4.88317
47.075, 24.8428, 4.88317
47.1, 24.8362, 4.88317
47.125, 24.8438, 4.8833
47.15, 24.8572, 4.88304
47.175, 24.8811, 4.88317
47.2, 24.907, 4.88241
47.225, 24.9176, 4.87947
47.25, 24.9209, 4.87704
47.275, 24.9189, 4.87384
47.3, 24.914, 4.87243
47.325, 24.9053, 4.8709
47.35, 24.8954, 4.8709
47.375, 24.8962, 4.87077
47.4, 24.8984, 4.87116
47.425, 24.9007, 4.87103
47.45, 24.9049, 4.87052
47.475, 24.9114, 4.87077
47.5, 24.9189, 4.87064
47.525, 24.9263, 4.87077
47.55, 24.9344, 4.87052
47.575, 24.9425, 4.87026
47.6, 24.9501, 4.86949
47.625, 24.9295, 4.86745
47.65, 24.8989, 4.86745
47.675, 24.8608, 4.86745
47.7, 24.8206, 4.86809
47.725, 24.8133, 4.86809
47.75, 24.8235, 4.86822
47.775, 24.8745, 4.86822
47.8, 24.9376, 4.86796
47.825, 25.0092, 4.86758
47.85, 25.0809, 4.86515
47.875, 25.0628, 4.86157
47.9, 25.0096, 4.8608
47.925, 24.9234, 4.86106
47.95, 24.8276, 4.86182
47.975, 24.7437, 4.86272
48, 24.6789, 4.87307
48.025, 24.6839, 4.87678
48.05, 24.7112, 4.87959
48.075, 24.7516, 4.87972
48.1, 24.7974, 4.87985
48.125, 24.8015, 4.87972
48.15, 24.7863, 4.87985
48.175, 24.732, 4.87985
48.2, 24.6669, 4.88087
48.225, 24.6102, 4.88381
48.25, 24.5624, 4.89519
48.275, 24.543, 4.90043
48.3, 24.5344, 4.90247
48.325, 24.5504, 4.90682
48.35, 24.5773, 4.9104
48.375, 24.597, 4.91155
48.4, 24.6106, 4.91232
48.425, 24.6195, 4.91257
48.45, 24.629, 4.91308
48.475, 24.6407, 4.91308
48.5, 24.6523, 4.91308
48.525, 24.6623, 4.91321
48.55, 24.6733, 4.91334
48.575, 24.6947, 4.91334
48.6, 24.7176, 4.91334
48.625, 24.7366, 4.91334
48.65, 24.7561, 4.91308
48.675, 24.783, 4.91308
48.7, 24.8104, 4.91296
48.725, 24.8366, 4.91181
48.75, 24.8624, 4.90874
48.775, 24.8831, 4.90784
48.8, 24.9033, 4.90554
48.825, 24.911, 4.9049
48.85, 24.9155, 4.90478
48.875, 24.9249, 4.90465
48.9, 24.9405, 4.90286
48.925, 24.9707, 4.90209
48.95, 24.9874, 4.90222
48.975, 25.0223, 4.90222
49, 25.0626, 4.90196
49.025, 25.1037, 4.90158
49.05, 25.1107, 4.89186
49.075, 25.1049, 4.88816
49.1, 25.0841, 4.88407
49.125, 25.0581, 4.88368
49.15, 25.0284, 4.88368
49.175, 25.0046, 4.88381
49.2, 25.0217, 4.88394
49.225, 25.0552, 4.88394
49.25, 25.1081, 4.88407
49.275, 25.164, 4.88368
49.3, 25.1677, 4.87921
49.325, 25.1475, 4.87691
49.35, 25.0893, 4.87627
49.375, 25.0161, 4.87627
49.4, 24.9262, 4.87704
49.425, 24.8336, 4.87819
49.45, 24.8153, 4.88253
49.475, 24.8261, 4.88292
49.5, 24.8596, 4.88317
49.525, 24.8976, 4.8833
49.55, 24.9223, 4.88317
49.575, 24.9374, 4.8833
49.6, 24.916, 4.8833
49.625, 24.882, 4.88343
49.65, 24.8347, 4.88368
49.675, 24.786, 4.89123
49.7, 24.7571, 4.89647
49.725, 24.7368, 4.90069
49.75, 24.7216, 4.90797
49.775, 24.7069, 4.91117
49.8, 24.7181, 4.91411
49.825, 24.7321, 4.915
49.85, 24.7444, 4.91718
49.875, 24.7579, 4.9196
49.9, 24.7737, 4.92497
49.925, 24.787, 4.92612
49.95, 24.793, 4.93085
49.975, 24.7971, 4.932
50, 24.814, 4.93226
50, 24.8318, 4.93264
50.025, 24.8529, 4.96537
50.05, 24.8703, 4.98876
50.075, 24.895, 5.01842
50.1, 24.912, 5.04437
50.125, 24.9115, 5.07134
50.15, 24.9109, 5.10368
50.175, 24.946, 5.14178
50.2, 24.9895, 5.16415
50.225, 25.0235, 5.20135
50.25, 25.0573, 5.22384
50.275, 25.1232, 5.24506
50.3, 25.2078, 5.27395
50.325, 25.3101, 5.2976
50.35, 25.4176, 5.32521
50.375, 25.5442, 5.3527
50.4, 25.6763, 5.36893
50.425, 25.7791, 5.38964
50.45, 25.86, 5.40843
50.475, 25.9099, 5.44435
50.5, 25.9505, 5.46123
50.525, 25.9837, 5.49536
50.55, 26.0103, 5.50929
50.575, 26.1158, 5.54406
50.6, 26.2506, 5.5571
50.625, 26.4426, 5.56873
50.65, 26.6509, 5.57704
50.675, 26.8523, 5.57832
50.7, 27.0348, 5.58292
50.725, 27.127, 5.58561
50.75, 27.1836, 5.59826
50.775, 27.2091, 5.62114
50.8, 27.2222, 5.64415
50.825, 27.2977, 5.67995
50.85, 27.4026, 5.69899
50.875, 27.5369, 5.71037
50.9, 27.6805, 5.71139
50.925, 27.8597, 5.71318
50.95, 28.0447, 5.71369
50.975, 28.1847, 5.71395
51, 28.3004, 5.71433
51.025, 28.387, 5.72865
51.05, 28.4633, 5.73517
51.075, 28.5543, 5.76317
51.1, 28.6505, 5.76521
51.125, 28.7574, 5.76726
51.15, 28.8672, 5.76853
51.175, 28.9892, 5.76892
51.2, 29.1147, 5.76969
51.225, 29.2281, 5.77493
51.25, 29.3328, 5.77697
51.275, 29.4502, 5.77825
51.3, 29.5666, 5.77825
51.325, 29.6759, 5.77863
51.35, 29.7773, 5.77889
51.375, 29.8715, 5.78055
51.4, 29.9611, 5.7817
51.425, 30.0534, 5.78413
51.45, 30.1427, 5.78413
51.475, 30.2436, 5.78426
51.5, 30.3456, 5.78413
51.525, 30.4546, 5.78413
51.55, 30.5615, 5.784
51.575, 30.6599, 5.78387
51.6, 30.743, 5.78349
51.625, 30.7694, 5.78324
51.65, 30.7745, 5.78311
51.675, 30.7631, 5.78324
51.7, 30.7466, 5.78324
51.725, 30.7884, 5.78311
51.75, 30.8554, 5.78311
51.775, 30.9642, 5.78234
51.8, 31.0834, 5.77224
51.825, 31.2065, 5.75025
51.85, 31.3087, 5.73977
51.875, 31.3217, 5.71165
51.9, 31.307, 5.70935
51.925, 31.2503, 5.70104
51.95, 31.1784, 5.69759
51.975, 31.1326, 5.69452
52, 31.102, 5.69426
52.025, 31.1319, 5.6926
52.05, 31.1861, 5.67829
52.075, 31.2517, 5.67036
52.1, 31.318, 5.66256
52.125, 31.3527, 5.64403
52.15, 31.3706, 5.63521
52.175, 31.3449, 5.62945
52.2, 31.3038, 5.62677
52.225, 31.2813, 5.62166
52.25, 31.2641, 5.61552
52.275, 31.258, 5.61437
52.3, 31.2579, 5.60913
52.325, 31.2742, 5.60235
52.35, 31.2961, 5.60044
52.375, 31.2842, 5.58446
52.4, 31.2595, 5.57602
52.425, 31.2315, 5.56349
52.45, 31.2065, 5.55915
52.475, 31.1761, 5.54649
52.5, 31.1427, 5.54291
52.525, 31.1108, 5.53857
52.55, 31.0875, 5.52885
52.575, 31.0617, 5.52527
52.6, 31.0345, 5.5185
52.625, 31.0059, 5.51594
52.65, 30.9789, 5.51594
52.675, 30.9577, 5.51428
52.7, 30.9362, 5.51044
52.725, 30.894, 5.50916
52.75, 30.844, 5.5052
52.775, 30.7948, 5.50034
52.8, 30.7272, 5.49702
52.825, 30.6513, 5.49613
52.85, 30.5798, 5.49549
52.875, 30.5551, 5.49561
52.9, 30.5508, 5.49561
52.925, 30.5527, 5.49536
52.95, 30.5791, 5.49523
52.975, 30.6118, 5.48807
53, 30.6433, 5.47695
53.025, 30.5797, 5.46685
53.05, 30.4874, 5.4657
53.075, 30.3963, 5.46596
53.1, 30.3135, 5.46608
53.125, 30.2451, 5.46787
53.15, 30.1906, 5.46928
53.175, 30.192, 5.46966
53.2, 30.21, 5.46954
53.225, 30.2252, 5.46954
53.25, 30.199, 5.46954
53.275, 30.1566, 5.46966
53.3, 30.1108, 5.46954
53.325, 30.0295, 5.46966
53.35, 29.9407, 5.4712
53.375, 29.8563, 5.47427
53.4, 29.8381, 5.4758
53.425, 29.8414, 5.47593
53.45, 29.8485, 5.47631
53.475, 29.8652, 5.47644
53.5, 29.8821, 5.47644
53.525, 29.8943, 5.47644
53.55, 29.882, 5.47644
53.575, 29.8629, 5.47644
53.6, 29.8444, 5.47657
53.625, 29.8255, 5.47669
53.65, 29.8079, 5.47669
53.675, 29.7925, 5.47682
53.7, 29.7896, 5.47682
53.725, 29.7903, 5.47721
53.75, 29.7904, 5.47733
53.775, 29.7676, 5.47772
53.8, 29.7377, 5.47836
53.825, 29.7079, 5.47976
53.85, 29.6749, 5.4827
53.875, 29.6427, 5.49191
53.9, 29.6127, 5.50201
53.925, 29.5876, 5.5107
53.95, 29.5692, 5.51619
53.975, 29.5557, 5.52246
54, 29.5749, 5.52757
54.025, 29.6049, 5.53115
54.05, 29.6358, 5.53269
54.075, 29.6815, 5.53435
54.1, 29.7295, 5.53473
54.125, 29.7863, 5.53486
54.15, 29.8422, 5.53473
54.175, 29.8514, 5.53473
54.2, 29.8401, 5.53486
54.225, 29.8109, 5.53473
54.25, 29.7777, 5.53486
54.275, 29.7468, 5.53499
54.3, 29.7287, 5.53499
54.325, 29.7721, 5.53537
54.35, 29.8367, 5.53524
54.375, 29.9185, 5.53524
54.4, 30.0018, 5.53499
54.425, 30.012, 5.53473
54.45, 29.9908, 5.5346
54.475, 29.9285, 5.5346
54.5, 29.8538, 5.53486
54.525, 29.7731, 5.53499
54.55, 29.7082, 5.53511
54.575, 29.7276, 5.53563
54.6, 29.7759, 5.53601
54.625, 29.8491, 5.5369
54.65, 29.929, 5.5369
54.675, 29.9748, 5.5369
54.7, 29.9987, 5.53678
54.725, 29.969, 5.53678
54.75, 29.9221, 5.5369
54.775, 29.8667, 5.5369
54.8, 29.8104, 5.5369
54.825, 29.8005, 5.5369
54.85, 29.8083, 5.53716
54.875, 29.8324, 5.53716
54.9, 29.8621, 5.53729
54.925, 29.8871, 5.53716
54.95, 29.9071, 5.53716
54.975, 29.9132, 5.53716
55, 29.9138, 5.53716
55.025, 29.9094, 5.53716
55.05, 29.9036, 5.53716
55.075, 29.9002, 5.53729
55.1, 29.8981, 5.53729
55.125, 29.8992, 5.53729
55.15, 29.9019, 5.53729
55.175, 29.9044, 5.53729
55.2, 29.9066, 5.53729
55.225, 29.9087, 5.53716
55.25, 29.9111, 5.53729
55.275, 29.915, 5.53729
55.3, 29.9191, 5.53729
55.325, 29.9168, 5.53716
55.35, 29.9119, 5.53703
55.375, 29.9039, 5.53716
55.4, 29.8955, 5.53703
55.425, 29.8881, 5.5369
55.45, 29.8884, 5.5369
55.475, 29.9243, 5.5369
55.5, 29.9713, 5.5369
55.525, 30.0265, 5.53678
55.55, 30.083, 5.53665
55.575, 30.0995, 5.53524
55.6, 30.0938, 5.53153
55.625, 30.0376, 5.53115
55.65, 29.9662, 5.53077
55.675, 29.8863, 5.53128
55.7, 29.8057, 5.53128
55.725, 29.8089, 5.53141
55.75, 29.8441, 5.53128
55.775, 29.9122, 5.53141
55.8, 29.9899, 5.53102
55.825, 30.0319, 5.53026
55.85, 30.0504, 5.52859
55.875, 30.0068, 5.5254
55.9, 29.9432, 5.52425
55.925, 29.8629, 5.52425
55.95, 29.7796, 5.5245
55.975, 29.7434, 5.52463
56, 29.7273, 5.52476
56.025, 29.746, 5.52476
56.05, 29.7785, 5.52476
56.075, 29.8163, 5.52463
56.1, 29.8511, 5.5245
56.125, 29.8626, 5.52463
56.15, 29.8669, 5.52476
56.175, 29.8662, 5.52489
56.2, 29.8636, 5.52476
56.225, 29.8609, 5.52476
56.25, 29.8585, 5.52476
56.275, 29.8594, 5.52489
56.3, 29.8614, 5.52502
56.325, 29.8633, 5.52514
56.35, 29.8643, 5.52527
56.375, 29.861, 5.52591
56.4, 29.8562, 5.52604
56.425, 29.8512, 5.52655
56.45, 29.8462, 5.5268
56.475, 29.8379, 5.52706
56.5, 29.828, 5.52821
56.525, 29.8154, 5.52834
56.55, 29.8024, 5.52847
56.575, 29.7912, 5.52847
56.6, 29.7813, 5.52859
56.625, 29.7984, 5.52962
56.65, 29.8248, 5.53026
56.675, 29.8596, 5.53102
56.7, 29.8957, 5.53102
56.725, 29.9069, 5.53102
56.75, 29.9027, 5.53102
56.775, 29.8569, 5.53115
56.8, 29.7979, 5.53153
56.825, 29.7303, 5.53256
56.85, 29.6621, 5.53281
56.875, 29.6559, 5.54023
56.9, 29.6766, 5.54649
56.925, 29.738, 5.55097
56.95, 29.8127, 5.55097
56.975, 29.8741, 5.55122
57, 29.9187, 5.55122
57.025, 29.8972, 5.5516
57.05, 29.8495, 5.55173
57.075, 29.7753, 5.55212
57.1, 29.6941, 5.55595
57.125, 29.6755, 5.56055
57.15, 29.6838, 5.56145
57.175, 29.7291, 5.56452
57.2, 29.786, 5.56707
57.225, 29.8695, 5.56797
57.25, 29.9575, 5.56797
57.275, 29.9768, 5.56797
57.3, 29.9707, 5.56797
57.325, 29.9602, 5.56797
57.35, 29.9475, 5.56797
57.375, 29.9375, 5.56809
57.4, 29.9303, 5.56822
57.425, 29.9423, 5.56848
57.45, 29.9609, 5.56861
57.475, 29.9818, 5.56861
57.5, 30.002, 5.56861
57.525, 30.0102, 5.56848
57.55, 30.0142, 5.56848
57.575, 30.0121, 5.56848
57.6, 30.007, 5.56848
57.625, 30.0065, 5.56848
57.65, 30.0095, 5.56848
57.675, 30.024, 5.56861
57.7, 30.0421, 5.56848
57.725, 30.0628, 5.56848
57.75, 30.0837, 5.56835
57.775, 30.1112, 5.56797
57.8, 30.1399, 5.56784
57.825, 30.1709, 5.56579
57.85, 30.2023, 5.56452
57.875, 30.2328, 5.55851
57.9, 30.2557, 5.55275
57.925, 30.2482, 5.54061
57.95, 30.2337, 5.53972
57.975, 30.2163, 5.53243
58, 30.1896, 5.53153
58.025, 30.197, 5.52732
58.05, 30.2124, 5.52297
58.075, 30.2667, 5.51185
58.1, 30.3332, 5.50597
58.125, 30.4006, 5.48603
58.15, 30.4652, 5.47363
58.175, 30.4349, 5.46711
58.2, 30.3677, 5.46506
58.225, 30.2782, 5.46519
58.25, 30.1779, 5.46532
58.275, 30.0954, 5.46557
58.3, 30.0341, 5.46557
58.325, 30.0334, 5.4666
58.35, 30.0525, 5.46698
58.375, 30.0777, 5.46698
58.4, 30.1058, 5.46685
58.425, 30.0944, 5.4666
58.45, 30.0671, 5.46647
58.475, 30.0142, 5.46596
58.5, 29.954, 5.46596
58.525, 29.9066, 5.46621
58.55, 29.8685, 5.46634
58.575, 29.8496, 5.46775
58.6, 29.838, 5.46787
58.625, 29.8358, 5.46839
58.65, 29.8373, 5.46839
58.675, 29.8245, 5.46839
58.7, 29.8052, 5.46839
58.725, 29.7782, 5.46877
58.75, 29.7489, 5.47005
58.775, 29.7181, 5.47145
58.8, 29.6894, 5.47721
58.825, 29.6776, 5.48155
58.85, 29.6725, 5.48628
58.875, 29.6673, 5.49101
58.9, 29.6624, 5.49152
58.925, 29.6638, 5.49229
58.95, 29.6711, 5.49421
58.975, 29.6815, 5.49459
59, 29.6925, 5.49472
59.025, 29.6976, 5.49536
59.05, 29.701, 5.49561
59.075, 29.6857, 5.49804
59.1, 29.6634, 5.50763
59.125, 29.6367, 5.51172
59.15, 29.6073, 5.51415
59.175, 29.6011, 5.51798
59.2, 29.6139, 5.51875
59.225, 29.6614, 5.51952
59.25, 29.7154, 5.51977
59.275, 29.7785, 5.5199
59.3, 29.8406, 5.5199
59.325, 29.8282, 5.52003
59.35, 29.7848, 5.52003
59.375, 29.7098, 5.52003
59.4, 29.6258, 5.52054
59.425, 29.5681, 5.52348
59.45, 29.5319, 5.5277
59.475, 29.5654, 5.53678
59.5, 29.622, 5.53767
59.525, 29.6917, 5.53908
59.55, 29.7672, 5.5392
59.575, 29.7913, 5.5392
59.6, 29.79, 5.5392
59.625, 29.753, 5.5392
59.65, 29.7037, 5.53946
59.675, 29.6473, 5.53972
59.7, 29.5989, 5.54048
59.725, 29.5956, 5.54815
59.75, 29.6081, 5.54943
59.775, 29.6408, 5.55135
59.8, 29.6768, 5.5516
59.825, 29.7033, 5.55288
59.85, 29.7231, 5.55378
59.875, 29.73, 5.55518
59.9, 29.7303, 5.55851
59.925, 29.7269, 5.56273
59.95, 29.723, 5.56439
59.975, 29.7246, 5.57129
60, 29.727, 5.5741
60, 29.7391, 5.57538
60.025, 29.753, 5.57513
60.05, 29.7737, 5.56733
60.075, 29.7945, 5.55186
60.1, 29.8164, 5.50533
60.125, 29.8395, 5.4882
60.15, 29.8796, 5.44602
60.175, 29.9283, 5.41713
60.2, 29.9387, 5.35462
60.225, 29.9345, 5.32138
60.25, 29.9299, 5.28456
60.275, 29.9281, 5.25376
60.3, 29.9176, 5.2117
60.325, 29.8961, 5.1846
60.35, 29.8696, 5.13117
60.375, 29.8495, 5.10253
60.4, 29.8398, 5.06073
60.425, 29.8297, 5.0289
60.45, 29.7305, 4.98416
60.475, 29.6001, 4.96511
60.5, 29.466, 4.9444
60.525, 29.3316, 4.93354
60.55, 29.1365, 4.91168
60.575, 28.9437, 4.90567
60.6, 28.8411, 4.89583
60.625, 28.7761, 4.87422
60.65, 28.7274, 4.83677
60.675, 28.6765, 4.80507
60.7, 28.5906, 4.76084
60.725, 28.4886, 4.74102
60.75, 28.3119, 4.72083
60.775, 28.1076, 4.7138
60.8, 27.8579, 4.70088
60.825, 27.6082, 4.69973
60.85, 27.4222, 4.69961
60.875, 27.2631, 4.69858
60.9, 27.1148, 4.69258
60.925, 26.975, 4.68567
60.95, 26.8421, 4.6734
60.975, 26.7123, 4.67161
61, 26.5706, 4.66803
61.025, 26.4308, 4.66343
61.05, 26.2776, 4.66164
61.075, 26.1243, 4.66164
61.1, 25.9885, 4.66023
61.125, 25.8639, 4.65934
61.15, 25.7339, 4.65129
61.175, 25.6097, 4.64937
61.2, 25.5004, 4.64924
61.225, 25.4, 4.64924
61.25, 25.3031, 4.6495
61.275, 25.2099, 4.64962
61.3, 25.1178, 4.64975
61.325, 25.0303, 4.64962
61.35, 24.9422, 4.65103
61.375, 24.8549, 4.65282
61.4, 24.7624, 4.65423
61.425, 24.6723, 4.6555
61.45, 24.5847, 4.65844
61.475, 24.5046, 4.66126
61.5, 24.4544, 4.67263
61.525, 24.4143, 4.67532
61.55, 24.3925, 4.6803
61.575, 24.3714, 4.68081
61.6, 24.3222, 4.68107
61.625, 24.2581, 4.6812
61.65, 24.1652, 4.68171
61.675, 24.0645, 4.689
61.7, 23.9589, 4.70293
61.725, 23.8548, 4.71482
61.75, 23.8129, 4.73271
61.775, 23.7954, 4.73949
61.8, 23.8069, 4.74141
61.825, 23.8273, 4.74179
61.85, 23.8495, 4.74256
61.875, 23.8619, 4.74358
61.9, 23.821, 4.75176
61.925, 23.7574, 4.76148
61.95, 23.6849, 4.7795
61.975, 23.6071, 4.78781
62, 23.5716, 4.79701
62.025, 23.5547, 4.80443
62.05, 23.5685, 4.80583
62.075, 23.5976, 4.8089
62.1, 23.6289, 4.81478
62.125, 23.6578, 4.81517
62.15, 23.6784, 4.82092
62.175, 23.6939, 4.82245
62.2, 23.7122, 4.82948
62.225, 23.7337, 4.83383
62.25, 23.7539, 4.84099
62.275, 23.7742, 4.84124
62.3, 23.794, 4.84137
62.325, 23.8117, 4.8415
62.35, 23.8436, 4.84163
62.375, 23.8787, 4.84163
62.4, 23.9061, 4.84227
62.425, 23.9287, 4.84354
62.45, 23.956, 4.84802
62.475, 23.9832, 4.85352
62.5, 24.0093, 4.86259
62.525, 24.0305, 4.86285
62.55, 24.0499, 4.86297
62.575, 24.071, 4.86297
62.6, 24.1029, 4.8631
62.625, 24.1395, 4.86336
62.65, 24.1759, 4.864
62.675, 24.2118, 4.864
62.7, 24.2574, 4.86438
62.725, 24.3032, 4.86438
62.75, 24.3263, 4.86451
62.775, 24.3361, 4.86451
62.8, 24.3197, 4.86566
62.825, 24.2967, 4.87013
62.85, 24.2661, 4.87474
62.875, 24.233, 4.88074
62.9, 24.2474, 4.8957
62.925, 24.2807, 4.89659
62.95, 24.3425, 4.89685
62.975, 24.4121, 4.89685
63, 24.4821, 4.89647
63.025, 24.5436, 4.89634
63.05, 24.5372, 4.89634
63.075, 24.5046, 4.89634
63.1, 24.4577, 4.89621
63.125, 24.4086, 4.89621
63.15, 24.3975, 4.89647
63.175, 24.4022, 4.89647
63.2, 24.4333, 4.89659
63.225, 24.4742, 4.89659
63.25, 24.529, 4.89672
63.275, 24.5802, 4.89698
63.3, 24.6017, 4.89698
63.325, 24.6131, 4.89711
63.35, 24.6204, 4.89723
63.375, 24.6255, 4.89723
63.4, 24.633, 4.89723
63.425, 24.6423, 4.89723
63.45, 24.6588, 4.89723
63.475, 24.6776, 4.89723
63.5, 24.6972, 4.89736
63.525, 24.716, 4.89736
63.55, 24.7279, 4.89723
63.575, 24.7369, 4.89736
63.6, 24.7417, 4.89736
63.625, 24.7443, 4.89749
63.65, 24.7516, 4.89749
63.675, 24.7611, 4.89749
63.7, 24.7743, 4.89736
63.725, 24.7886, 4.89749
63.75, 24.8049, 4.89749
63.775, 24.8213, 4.89749
63.8, 24.8453, 4.89762
63.825, 24.8712, 4.89775
63.85, 24.8997, 4.89787
63.875, 24.928, 4.89826
63.9, 24.9502, 4.89813
63.925, 24.9645, 4.89813
63.95, 24.9522, 4.89813
63.975, 24.9312, 4.89813
64, 24.9062, 4.898
64.025, 24.8807, 4.898
64.05, 24.8871, 4.898
64.075, 24.9081, 4.898
64.1, 24.955, 4.898
64.125, 25.0098, 4.89787
64.15, 25.0672, 4.89659
64.175, 25.1088, 4.8948
64.2, 25.0718, 4.89276
64.225, 25.0092, 4.89212
64.25, 24.9266, 4.89199
64.275, 24.8394, 4.89225
64.3, 24.7917, 4.89327
64.325, 24.7653, 4.8934
64.35, 24.783, 4.89417
64.375, 24.8168, 4.89429
64.4, 24.8622, 4.89442
64.425, 24.9101, 4.89442
64.45, 24.9112, 4.89442
64.475, 24.8945, 4.89442
64.5, 24.8605, 4.89455
64.525, 24.8213, 4.89468
64.55, 24.7884, 4.89506
64.575, 24.761, 4.89711
64.6, 24.7492, 4.90554
64.625, 24.7431, 4.90733
64.65, 24.7442, 4.9081
64.675, 24.7448, 4.90848
64.7, 24.7468, 4.90874
64.725, 24.7516, 4.90874
64.75, 24.7576, 4.91245
64.775, 24.7614, 4.91321
64.8, 24.765, 4.91564
64.825, 24.7716, 4.91577
64.85, 24.7887, 4.91602
64.875, 24.8072, 4.91615
64.9, 24.8266, 4.91666
64.925, 24.8473, 4.91718
64.95, 24.8703, 4.92178
64.975, 24.8925, 4.92344
65, 24.9112, 4.92421
65.025, 24.9274, 4.92485
65.05, 24.9486, 4.92664
65.075, 24.9665, 4.93149
65.1, 24.9603, 4.93188
65.125, 24.9427, 4.93341
65.15, 24.9113, 4.93379
65.175, 24.8771, 4.93456
65.2, 24.8908, 4.93699
65.225, 24.9227, 4.93827
65.25, 24.9844, 4.93878
65.275, 25.0559, 4.93878
65.3, 25.1337, 4.93852
65.325, 25.2113, 4.93814
65.35, 25.209, 4.93252
65.375, 25.1766, 4.93175
65.4, 25.1253, 4.93124
65.425, 25.069, 4.93136
65.45, 25.0366, 4.93162
65.475, 25.0202, 4.93162
65.5, 25.0496, 4.93162
65.525, 25.0967, 4.93162
65.55, 25.1627, 4.93149
65.575, 25.2322, 4.93098
65.6, 25.2422, 4.92919
65.625, 25.2293, 4.92919
65.65, 25.1995, 4.92894
65.675, 25.1633, 4.92894
65.7, 25.1306, 4.92919
65.725, 25.1044, 4.92932
65.75, 25.1105, 4.92945
65.775, 25.1279, 4.92945
65.8, 25.1524, 4.92945
65.825, 25.1785, 4.92945
65.85, 25.1943, 4.92945
65.875, 25.2041, 4.92945
65.9, 25.1994, 4.92932
65.925, 25.1899, 4.92932
65.95, 25.1781, 4.92906
65.975, 25.1671, 4.92906
66, 25.164, 4.92881
66.025, 25.164, 4.9274
66.05, 25.168, 4.92127
66.075, 25.1737, 4.91513
66.1, 25.1823, 4.91283
66.125, 25.197, 4.91168
66.15, 25.2238, 4.90017
66.175, 25.2536, 4.8925
66.2, 25.2723, 4.88228
66.225, 25.2842, 4.87998
66.25, 25.2889, 4.87998
66.275, 25.2836, 4.87985
66.3, 25.257, 4.8801
66.325, 25.2248, 4.88023
66.35, 25.2188, 4.88023
66.375, 25.2253, 4.88036
66.4, 25.2494, 4.8801
66.425, 25.2803, 4.87972
66.45, 25.312, 4.87921
66.475, 25.2831, 4.87921
66.5, 25.231, 4.87947
66.525, 25.1746, 4.87998
66.55, 25.0983, 4.87998
66.575, 25.0185, 4.8801
66.6, 24.9418, 4.88228
66.625, 24.9453, 4.88816
66.65, 24.9779, 4.88803
66.675, 25.0135, 4.88803
66.7, 25.0679, 4.88803
66.725, 25.1139, 4.88777
66.75, 25.1434, 4.88739
66.775, 25.1009, 4.88535
66.8, 25.0359, 4.88509
66.825, 24.972, 4.88522
66.85, 24.9308, 4.88535
66.875, 24.8988, 4.88535
66.9, 24.8723, 4.8856
66.925, 24.8707, 4.8856
66.95, 24.8773, 4.88637
66.975, 24.8852, 4.88624
67, 24.8932, 4.88637
67.025, 24.9009, 4.88637
67.05, 24.9085, 4.88662
67.075, 24.917, 4.88688
67.1, 24.9258, 4.88688
67.125, 24.931, 4.88701
67.15, 24.9202, 4.88701
67.175, 24.9047, 4.88714
67.2, 24.8898, 4.88739
67.225, 24.8783, 4.88739
67.25, 24.8696, 4.88752
67.275, 24.8633, 4.8879
67.3, 24.8673, 4.8879
67.325, 24.8742, 4.88803
67.35, 24.8809, 4.88816
67.375, 24.878, 4.88841
67.4, 24.8708, 4.89174
67.425, 24.8619, 4.89532
67.45, 24.8461, 4.8957
67.475, 24.8269, 4.89698
67.5, 24.8095, 4.90056
67.525, 24.8154, 4.90401
67.55, 24.8265, 4.90439
67.575, 24.839, 4.90452
67.6, 24.8624, 4.90465
67.625, 24.8819, 4.90465
67.65, 24.8929, 4.9049
67.675, 24.86, 4.9049
67.7, 24.8151, 4.90503
67.725, 24.7724, 4.90567
67.75, 24.7708, 4.90618
67.775, 24.7889, 4.91002
67.8, 24.8144, 4.91066
67.825, 24.8835, 4.91257
67.85, 24.9637, 4.91283
67.875, 25.0426, 4.9127
67.9, 25.0455, 4.91245
67.925, 25.0195, 4.91257
67.95, 24.9869, 4.91257
67.975, 24.9286, 4.91257
68, 24.8636, 4.91296
68.025, 24.8103, 4.91692
68.05, 24.8103, 4.92127
68.075, 24.8303, 4.92293
68.1, 24.8522, 4.92766
68.125, 24.8772, 4.93009
68.15, 24.8978, 4.93124
68.175, 24.9145, 4.93328
68.2, 24.9057, 4.93801
68.225, 24.8911, 4.93865
68.25, 24.879, 4.94134
68.275, 24.8796, 4.94172
68.3, 24.884, 4.943
68.325, 24.8926, 4.94786
68.35, 24.9096, 4.95003
68.375, 24.9274, 4.9508
68.4, 24.9404, 4.95105
68.425, 24.9663, 4.95105
68.45, 24.9965, 4.95105
68.475, 25.0265, 4.95105
68.5, 25.054, 4.95092
68.525, 25.0782, 4.95092
68.55, 25.1007, 4.9508
68.575, 25.117, 4.95041
68.6, 25.1304, 4.94913
68.625, 25.1438, 4.94849
68.65, 25.1675, 4.94607
68.675, 25.1949, 4.94594
68.7, 25.2211, 4.94351
68.725, 25.2485, 4.93878
68.75, 25.278, 4.9343
68.775, 25.3087, 4.92638
68.8, 25.2834, 4.92331
68.825, 25.2391, 4.91769
68.85, 25.1885, 4.91718
68.875, 25.1254, 4.91718
68.9, 25.062, 4.9173
68.925, 25.0004, 4.91743
68.95, 25.042, 4.91743
68.975, 25.1175, 4.91654
69, 25.1944, 4.91014
69.025, 25.2497, 4.90132
69.05, 25.2872, 4.89212
69.075, 25.3105, 4.87947
69.1, 25.2578, 4.87295
69.125, 25.1803, 4.87218
69.15, 25.0978, 4.87269
69.175, 25.0507, 4.87307
69.2, 25.0214, 4.8732
69.225, 25.0013, 4.8732
69.25, 25.015, 4.87333
69.275, 25.0393, 4.87358
69.3, 25.0635, 4.87333
69.325, 25.0547, 4.87346
69.35, 25.0338, 4.87358
69.375, 25.012, 4.87358
69.4, 24.9839, 4.87384
69.425, 24.9594, 4.87358
69.45, 24.9397, 4.87346
69.475, 24.9382, 4.87243
69.5, 24.9418, 4.87116
69.525, 24.9459, 4.86591
69.55, 24.9492, 4.86502
69.575, 24.9507, 4.86336
69.6, 24.9473, 4.86323
69.625, 24.9311, 4.86297
69.65, 24.9124, 4.85978
69.675, 24.8966, 4.85709
69.7, 24.8766, 4.85582
69.725, 24.854, 4.85403
69.75, 24.8307, 4.85262
69.775, 24.8075, 4.85147
69.8, 24.7852, 4.8507
69.825, 24.7654, 4.85032
69.85, 24.7739, 4.85045
69.875, 24.7919, 4.85058
69.9, 24.8101, 4.8493
69.925, 24.824, 4.8484
69.95, 24.8301, 4.84827
69.975, 24.83, 4.84802
70, 24.8006, 4.84776
70.025, 24.7646, 4.82041
70.05, 24.7293, 4.78845
70.075, 24.7631, 4.76429
70.1, 24.8205, 4.72121
70.125, 24.8816, 4.66816
70.15, 24.9415, 4.63722
70.175, 24.9923, 4.58545
70.2, 25.0367, 4.53215
70.225, 24.9831, 4.49175
70.25, 24.8867, 4.46158
70.275, 24.7991, 4.43231
70.3, 24.6382, 4.41774
70.325, 24.4636, 4.39882
70.35, 24.3086, 4.36852
70.375, 24.2102, 4.35472
70.4, 24.1317, 4.32774
70.425, 24.0519, 4.29208
70.45, 23.9463, 4.27009
70.475, 23.8345, 4.24542
70.5, 23.7308, 4.2173
70.525, 23.5623, 4.19378
70.55, 23.3759, 4.18048
70.575, 23.1946, 4.16846
70.6, 23.0242, 4.15568
70.625, 22.8612, 4.14021
70.65, 22.6986, 4.12909
70.675, 22.567, 4.11414
70.7, 22.446, 4.0979
70.725, 22.3249, 4.08218
70.75, 22.1871, 4.06454
70.775, 22.0401, 4.06083
70.8, 21.8975, 4.05879
70.825, 21.733, 4.05879
70.85, 21.5637, 4.0593
70.875, 21.4002, 4.05879
70.9, 21.2632, 4.05866
70.925, 21.1358, 4.05879
70.95, 21.0103, 4.05853
70.975, 20.8795, 4.05853
71, 20.754, 4.057
71.025, 20.6364, 4.05495
71.05, 20.5267, 4.05508
71.075, 20.4219, 4.05457
71.1, 20.3214, 4.05457
71.125, 20.2136, 4.05469
71.15, 20.1049, 4.05648
71.175, 19.999, 4.05815
71.2, 19.8932, 4.05981
71.225, 19.7999, 4.063
71.25, 19.7214, 4.06863
71.275, 19.6807, 4.07272
71.3, 19.6531, 4.07566
71.325, 19.6268, 4.07924
71.35, 19.5722, 4.08052
71.375, 19.5051, 4.08793
71.4, 19.434, 4.09471
71.425, 19.319, 4.10174
71.45, 19.1925, 4.12066
71.475, 19.0729, 4.14341
71.5, 19.0143, 4.15338
71.525, 18.9857, 4.15964
71.55, 18.9637, 4.1668
71.575, 18.9928, 4.16719
71.6, 19.031, 4.16706
71.625, 19.0697, 4.16744
71.65, 19.0548, 4.16731
71.675, 19.0256, 4.16757
71.7, 18.9955, 4.16783
71.725, 18.9616, 4.17383
71.75, 18.9308, 4.17971
71.775, 18.9065, 4.1879
71.8, 18.9152, 4.18892
71.825, 18.9324, 4.19109
71.85, 18.951, 4.19825
71.875, 18.972, 4.20119
71.9, 18.9907, 4.20234
71.925, 19.0026, 4.20362
71.95, 19.0203, 4.20439
71.975, 19.0413, 4.20605
72, 19.0642, 4.21052
72.025, 19.0701, 4.21244
72.05, 19.0701, 4.2173
72.075, 19.0708, 4.21909
72.1, 19.0743, 4.22254
72.125, 19.08, 4.22663
72.15, 19.0869, 4.23213
72.175, 19.1071, 4.23494
72.2, 19.134, 4.23813
72.225, 19.1632, 4.24542
72.25, 19.1848, 4.24695
72.275, 19.205, 4.24747
72.3, 19.2218, 4.2481
72.325, 19.2482, 4.24887
72.35, 19.2756, 4.25028
72.375, 19.3012, 4.25322
72.4, 19.3299, 4.25488
72.425, 19.3609, 4.25705
72.45, 19.3948, 4.25744
72.475, 19.4293, 4.25756
72.5, 19.4636, 4.25756
72.525, 19.4958, 4.25756
72.55, 19.48, 4.25782
72.575, 19.4472, 4.25871
72.6, 19.414, 4.25961
72.625, 19.3876, 4.26089
72.65, 19.3732, 4.2628
72.675, 19.3707, 4.26766
72.7, 19.4219, 4.2729
72.725, 19.4882, 4.27303
72.75, 19.5572, 4.2729
72.775, 19.5817, 4.27278
72.8, 19.5854, 4.27278
72.825, 19.5805, 4.27278
72.85, 19.5409, 4.2729
72.875, 19.4922, 4.27303
72.9, 19.4458, 4.27316
72.925, 19.4486, 4.27329
72.95, 19.4697, 4.27316
72.975, 19.4929, 4.27329
73, 19.5322, 4.27329
73.025, 19.5687, 4.27329
73.05, 19.5967, 4.27329
73.075, 19.5901, 4.27341
73.1, 19.5736, 4.27393
73.125, 19.5574, 4.27546
73.15, 19.5456, 4.27648
73.175, 19.5378, 4.28121
73.2, 19.5322, 4.28428
73.225, 19.5404, 4.2885
73.25, 19.554, 4.29361
73.275, 19.5664, 4.29745
73.3, 19.5862, 4.29885
73.325, 19.6083, 4.30013
73.35, 19.6326, 4.3009
73.375, 19.6639, 4.30167
73.4, 19.6959, 4.30358
73.425, 19.7248, 4.30499
73.45, 19.7515, 4.30512
73.475, 19.7761, 4.30512
73.5, 19.7996, 4.30524
73.525, 19.8209, 4.30524
73.55, 19.8423, 4.30537
73.575, 19.865, 4.30537
73.6, 19.8942, 4.30524
73.625, 19.9235, 4.30537
73.65, 19.9508, 4.30537
73.675, 19.9678, 4.30524
73.7, 19.9803, 4.30499
73.725, 19.9913, 4.30499
73.75, 19.9956, 4.30499
73.775, 19.997, 4.30499
73.8, 19.9981, 4.30486
73.825, 20.026, 4.30486
73.85, 20.0628, 4.30473
73.875, 20.0994, 4.30013
73.9, 20.1415, 4.29655
73.925, 20.1805, 4.29144
73.95, 20.2085, 4.283
73.975, 20.1741, 4.27572
74, 20.1204, 4.26805
74.025, 20.0653, 4.26817
74.05, 20.0292, 4.2683
74.075, 20.0037, 4.26869
74.1, 19.9861, 4.26894
74.125, 20.0212, 4.26996
74.15, 20.0734, 4.26996
74.175, 20.1255, 4.26984
74.2, 20.1119, 4.26971
74.225, 20.0756, 4.26945
74.25, 20.0354, 4.26843
74.275, 19.9692, 4.26817
74.3, 19.8964, 4.26843
74.325, 19.8258, 4.26856
74.35, 19.8125, 4.26971
74.375, 19.8192, 4.26971
74.4, 19.8276, 4.2692
74.425, 19.8426, 4.26907
74.45, 19.8568, 4.2692
74.475, 19.8682, 4.26856
74.5, 19.8602, 4.26728
74.525, 19.8461, 4.26677
74.55, 19.8308, 4.2669
74.575, 19.8164, 4.2669
74.6, 19.8011, 4.2669
74.625, 19.7856, 4.26677
74.65, 19.7743, 4.26651
74.675, 19.7656, 4.26651
74.7, 19.7575, 4.26664
74.725, 19.766, 4.26664
74.75, 19.7808, 4.26677
74.775, 19.7961, 4.2669
74.8, 19.8179, 4.2669
74.825, 19.841, 4.2669
74.85, 19.8629, 4.2669
74.875, 19.8833, 4.26702
74.9, 19.9019, 4.2669
74.925, 19.9194, 4.26677
74.95, 19.9346, 4.26549
74.975, 19.9492, 4.26459
75, 19.9638, 4.26434
75.025, 19.9781, 4.26408
75.05, 19.9911, 4.26408
75.075, 20.0025, 4.26396
75.1, 19.9925, 4.26344
75.125, 19.9749, 4.26357
75.15, 19.955, 4.26344
75.175, 19.9231, 4.26357
75.2, 19.8884, 4.26383
75.225, 19.8554, 4.26421
75.25, 19.8797, 4.26459
75.275, 19.9234, 4.26447
75.3, 19.9675, 4.26396
75.325, 20.0115, 4.2628
75.35, 20.044, 4.2591
75.375, 20.0639, 4.24951
75.4, 20.0285, 4.24772
75.425, 19.9767, 4.24772
75.45, 19.9264, 4.24772
75.475, 19.8897, 4.24785
75.5, 19.8636, 4.24785
75.525, 19.8456, 4.24785
75.55, 19.8596, 4.24759
75.575, 19.8815, 4.24721
75.6, 19.9019, 4.24683
75.625, 19.8897, 4.24683
75.65, 19.8659, 4.24683
75.675, 19.8405, 4.24695
75.7, 19.798, 4.24695
75.725, 19.7521, 4.24785
75.75, 19.7097, 4.25041
75.775, 19.6947, 4.25424
75.8, 19.6883, 4.25692
75.825, 19.6809, 4.25999
75.85, 19.6871, 4.26038
75.875, 19.6979, 4.26038
75.9, 19.7082, 4.26025
75.925, 19.7214, 4.25999
75.95, 19.7346, 4.25986
75.975, 19.7478, 4.25986
76, 19.7496, 4.25986
76.025, 19.7458, 4.26012
76.05, 19.7401, 4.26012
76.075, 19.7332, 4.26025
76.1, 19.7262, 4.26012
76.125, 19.7196, 4.26012
76.15, 19.7136, 4.26012
76.175, 19.7088, 4.26012
76.2, 19.7066, 4.25999
76.225, 19.7024, 4.25999
76.25, 19.702, 4.25986
76.275, 19.7022, 4.25986
76.3, 19.701, 4.25986
76.325, 19.698, 4.25974
76.35, 19.6947, 4.25961
76.375, 19.6915, 4.25986
76.4, 19.7073, 4.25999
76.425, 19.7317, 4.26025
76.45, 19.7589, 4.26012
76.475, 19.7979, 4.25999
76.5, 19.8393, 4.25999
76.525, 19.8793, 4.25974
76.55, 19.8703, 4.25986
76.575, 19.8435, 4.25974
76.6, 19.8136, 4.25974
76.625, 19.768, 4.25974
76.65, 19.7197, 4.25974
76.675, 19.6739, 4.25974
76.7, 19.6942, 4.25986
76.725, 19.7367, 4.2591
76.75, 19.7797, 4.25871
76.775, 19.8042, 4.25181
76.8, 19.814, 4.25066
76.825, 19.8137, 4.24644
76.85, 19.7743, 4.2421
76.875, 19.7215, 4.24235
76.9, 19.6699, 4.24248
76.925, 19.6507, 4.24274
76.95, 19.6457, 4.24452
76.975, 19.645, 4.24529
77, 19.6691, 4.24555
77.025, 19.701, 4.24555
77.05, 19.7331, 4.24529
77.075, 19.7418, 4.24516
77.1, 19.7423, 4.24529
77.125, 19.7408, 4.24529
77.15, 19.7359, 4.24542
77.175, 19.7306, 4.24542
77.2, 19.7272, 4.24542
77.225, 19.7325, 4.24542
77.25, 19.7413, 4.24555
77.275, 19.7496, 4.2458
77.3, 19.7563, 4.24555
77.325, 19.762, 4.2458
77.35, 19.7676, 4.24644
77.375, 19.7713, 4.2467
77.4, 19.7741, 4.24823
77.425, 19.7769, 4.25092
77.45, 19.7703, 4.25347
77.475, 19.7614, 4.25654
77.5, 19.7526, 4.26114
77.525, 19.7413, 4.26306
77.55, 19.7306, 4.2692
77.575, 19.7219, 4.27776
77.6, 19.7195, 4.28019
77.625, 19.7209, 4.28045
77.65, 19.7235, 4.28057
77.675, 19.7274, 4.2807
77.7, 19.7329, 4.28121
77.725, 19.7393, 4.28211
77.75, 19.7314, 4.28569
77.775, 19.7206, 4.29463
77.8, 19.7108, 4.29579
77.825, 19.7364, 4.2977
77.85, 19.7726, 4.29796
77.875, 19.806, 4.29821
77.9, 19.8587, 4.29847
77.925, 19.9206, 4.29847
77.95, 19.9792, 4.29834
77.975, 20.0222, 4.29821
78, 20.007, 4.29809
78.025, 19.9733, 4.29834
78.05, 19.9305, 4.29847
78.075, 19.8847, 4.29873
78.1, 19.8759, 4.29885
78.125, 19.8849, 4.29924
78.15, 19.9303, 4.29988
78.175, 19.986, 4.30064
78.2, 20.0441, 4.30218
78.225, 20.101, 4.30346
78.25, 20.0996, 4.30371
78.275, 20.0764, 4.3078
78.3, 20.0304, 4.30934
78.325, 19.9763, 4.32046
78.35, 19.9447, 4.32416
78.375, 19.9263, 4.33017
78.4, 19.9332, 4.33324
78.425, 19.9497, 4.33375
78.45, 19.9785, 4.33375
78.475, 20.0123, 4.33388
78.5, 20.027, 4.33375
78.525, 20.032, 4.33388
78.55, 20.0325, 4.33401
78.575, 20.0308, 4.33413
78.6, 20.027, 4.33452
78.625, 20.0213, 4.33541
78.65, 20.0143, 4.33656
78.675, 20.0076, 4.33708
78.7, 20.0087, 4.3372
78.725, 20.0107, 4.33835
78.75, 20.021, 4.33899
78.775, 20.0343, 4.34922
78.8, 20.0594, 4.35305
78.825, 20.0865, 4.35318
78.85, 20.1153, 4.35318
78.875, 20.1428, 4.35318
78.9, 20.1626, 4.35318
78.925, 20.181, 4.35305
78.95, 20.203, 4.35293
78.975, 20.2231, 4.35293
79, 20.2514, 4.3528
79.025, 20.2849, 4.35267
79.05, 20.3296, 4.35267
79.075, 20.3756, 4.3505
79.1, 20.4159, 4.34308
79.125, 20.4539, 4.32902
79.15, 20.4686, 4.32659
79.175, 20.4729, 4.32071
79.2, 20.4637, 4.31752
79.225, 20.4486, 4.31228
79.25, 20.4454, 4.31087
79.275, 20.453, 4.30435
79.3, 20.4851, 4.30026
79.325, 20.524, 4.28735
79.35, 20.5643, 4.27776
79.375, 20.601, 4.26229
79.4, 20.5752, 4.25577
79.425, 20.5255, 4.25488
79.45, 20.4607, 4.25501
79.475, 20.3913, 4.25513
79.5, 20.3156, 4.25526
79.525, 20.2455, 4.25539
79.55, 20.2292, 4.25603
79.575, 20.2341, 4.25629
79.6, 20.2502, 4.25629
79.625, 20.2687, 4.25577
79.65, 20.2555, 4.25513
79.675, 20.2295, 4.25347
79.7, 20.1845, 4.25283
79.725, 20.1337, 4.25283
79.75, 20.0778, 4.25309
79.775, 20.0293, 4.25335
79.8, 20.0067, 4.25335
79.825, 19.9919, 4.25347
79.85, 19.982, 4.2536
79.875, 19.9749, 4.25271
79.9, 19.9701, 4.25296
79.925, 19.9659, 4.25283
79.95, 19.9573, 4.25283
79.975, 19.9469, 4.25296
80, 19.9386, 4.25296
80.025, 19.9314, 4.23149
80.05, 19.9146, 4.20797
80.075, 19.895, 4.16284
80.1, 19.8784, 4.14047
80.125, 19.863, 4.10596
80.15, 19.8669, 4.08397
80.175, 19.8754, 4.04536
80.2, 19.8649, 4.01826
80.225, 19.8498, 3.98081
80.25, 19.8243, 3.95741
80.275, 19.7974, 3.92316
80.3, 19.7468, 3.90015
80.325, 19.6856, 3.85988
80.35, 19.6082, 3.84352
80.375, 19.5343, 3.80798
80.4, 19.4555, 3.79213
80.425, 19.3768, 3.75109
80.45, 19.2971, 3.73102
80.475, 19.2171, 3.70226
80.5, 19.1402, 3.68475
80.525, 19.0656, 3.64896
80.55, 18.9507, 3.62275
80.575, 18.8159, 3.60243
80.6, 18.6491, 3.58555
80.625, 18.48, 3.57507
80.65, 18.3181, 3.56689
80.675, 18.1617, 3.55283
80.7, 18.0322, 3.53787
80.725, 17.9188, 3.52125
80.75, 17.8327, 3.50796
80.775, 17.7548, 3.48623
80.8, 17.6385, 3.47178
80.825, 17.5002, 3.45465
80.85, 17.3263, 3.43867
80.875, 17.1418, 3.4296
80.9, 16.9488, 3.42921
80.925, 16.7528, 3.42909
80.95, 16.5826, 3.4287
80.975, 16.4302, 3.42896
81, 16.2823, 3.42934
81.025, 16.1369, 3.43075
81.05, 16.0001, 3.43152
81.075, 15.8687, 3.43267
81.1, 15.7411, 3.43573
81.125, 15.6195, 3.43586
81.15, 15.5039, 3.43586
81.175, 15.3929, 3.43663
81.2, 15.2792, 3.43663
81.225, 15.1667, 3.43765
81.25, 15.069, 3.44187
81.275, 14.98, 3.44289
81.3, 14.8989, 3.44877
81.325, 14.8236, 3.44941
81.35, 14.76, 3.44928
81.375, 14.703, 3.44967
81.4, 14.6602, 3.44979
81.425, 14.6232, 3.44979
81.45, 14.5802, 3.45031
81.475, 14.5342, 3.45056
81.5, 14.4749, 3.45069
81.525, 14.4126, 3.4521
81.55, 14.353, 3.45274
81.575, 14.2988, 3.4581
81.6, 14.261, 3.46398
81.625, 14.2304, 3.46859
81.65, 14.203, 3.46884
81.675, 14.175, 3.4705
81.7, 14.1327, 3.47178
81.725, 14.0862, 3.47549
81.75, 14.0419, 3.47984
81.775, 13.9999, 3.48917
81.8, 13.9496, 3.49543
81.825, 13.8966, 3.50911
81.85, 13.8808, 3.51806
81.875, 13.8781, 3.5247
81.9, 13.8868, 3.52803
81.925, 13.8975, 3.53276
81.95, 13.903, 3.53391
81.975, 13.9023, 3.53902
82, 13.8837, 3.54107
82.025, 13.8551, 3.54401
82.05, 13.8232, 3.54797
82.075, 13.79, 3.5527
82.1, 13.8018, 3.56216
82.125, 13.8316, 3.56804
82.15, 13.876, 3.56957
82.175, 13.9212, 3.57021
82.2, 13.9603, 3.5706
82.225, 13.9879, 3.57149
82.25, 13.9798, 3.57315
82.275, 13.9559, 3.58044
82.3, 13.9136, 3.58095
82.325, 13.8661, 3.59105
82.35, 13.8498, 3.60191
82.375, 13.8444, 3.61981
82.4, 13.8598, 3.62505
82.425, 13.882, 3.62582
82.45, 13.9111, 3.62633
82.475, 13.9402, 3.62633
82.5, 13.9826, 3.62633
82.525, 14.0278, 3.62595
82.55, 14.0708, 3.62544
82.575, 14.1081, 3.62518
82.6, 14.1419, 3.62518
82.625, 14.1744, 3.6239
82.65, 14.2131, 3.62147
82.675, 14.2514, 3.62135
82.7, 14.2819, 3.62135
82.725, 14.3128, 3.6216
82.75, 14.3408, 3.6216
82.775, 14.3644, 3.6216
82.8, 14.37, 3.6216
82.825, 14.3714, 3.62173
82.85, 14.384, 3.62173
82.875, 14.4009, 3.62186
82.9, 14.4126, 3.62211
82.925, 14.4223, 3.62275
82.95, 14.4362, 3.62365
82.975, 14.4514, 3.62365
83, 14.4795, 3.62365
83.025, 14.5122, 3.62365
83.05, 14.5512, 3.62352
83.075, 14.5917, 3.62071
83.1, 14.6259, 3.61943
83.125, 14.6528, 3.6138
83.15, 14.6546, 3.60831
83.175, 14.6472, 3.60741
83.2, 14.6362, 3.60754
83.225, 14.6251, 3.60792
83.25, 14.6318, 3.60792
83.275, 14.6461, 3.60703
83.3, 14.6722, 3.60716
83.325, 14.7016, 3.60728
83.35, 14.739, 3.60728
83.375, 14.767, 3.60716
83.4, 14.7353, 3.6069
83.425, 14.6836, 3.60716
83.45, 14.6203, 3.60741
83.475, 14.5555, 3.61598
83.5, 14.5107, 3.62684
83.525, 14.4776, 3.64116
83.55, 14.4765, 3.6487
83.575, 14.485, 3.65318
83.6, 14.4971, 3.65356
83.625, 14.5136, 3.65637
83.65, 14.5331, 3.6611
83.675, 14.552, 3.66174
83.7, 14.57, 3.66289
83.725, 14.5834, 3.66596
83.75, 14.5846, 3.66915
83.775, 14.5832, 3.67542
83.8, 14.5993, 3.6781
83.825, 14.6156, 3.6827
83.85, 14.625, 3.68373
83.875, 14.6341, 3.69076
83.9, 14.6538, 3.69089
83.925, 14.679, 3.69319
83.95, 14.7035, 3.69331
83.975, 14.726, 3.69395
84, 14.7608, 3.69434
84.025, 14.7979, 3.69817
84.05, 14.8251, 3.69804
84.075, 14.8482, 3.69856
84.1, 14.8692, 3.69868
84.125, 14.892, 3.69958
84.15, 14.9193, 3.70201
84.175, 14.9477, 3.70635
84.2, 14.9682, 3.70789
84.225, 14.9846, 3.70802
84.25, 15.0003, 3.70865
84.275, 15.0158, 3.70878
84.3, 15.0277, 3.70878
84.325, 15.0388, 3.70891
84.35, 15.0488, 3.70904
84.375, 15.0567, 3.70891
84.4, 15.0758, 3.70904
84.425, 15.1016, 3.70891
84.45, 15.145, 3.70891
84.475, 15.1689, 3.70789
84.5, 15.2155, 3.70482
84.525, 15.263, 3.69101
84.55, 15.3092, 3.67938
84.575, 15.312, 3.668
84.6, 15.2975, 3.66762
84.625, 15.2719, 3.66762
84.65, 15.2425, 3.66762
84.675, 15.235, 3.66749
84.7, 15.2392, 3.66775
84.725, 15.2512, 3.66762
84.75, 15.2655, 3.66609
84.775, 15.3044, 3.66379
84.8, 15.3506, 3.66046
84.825, 15.3403, 3.63515
84.85, 15.3069, 3.6317
84.875, 15.2518, 3.63157
84.9, 15.1918, 3.63042
84.925, 15.1332, 3.63132
84.95, 15.0836, 3.63247
84.975, 15.0675, 3.63311
85, 15.0578, 3.63349
85.025, 15.0684, 3.63668
85.05, 15.0882, 3.63758
85.075, 15.0986, 3.63681
85.1, 15.1007, 3.63656
85.125, 15.0854, 3.62671
85.15, 15.0682, 3.62684
85.175, 15.0545, 3.62467
85.2, 15.0402, 3.62313
85.225, 15.0261, 3.61994
85.25, 15.017, 3.61994
85.275, 15.0253, 3.61879
85.3, 15.0378, 3.61035
85.325, 15.0371, 3.60537
85.35, 15.0276, 3.60204
85.375, 15.0082, 3.59872
85.4, 14.9843, 3.59731
85.425, 14.9706, 3.59207
85.45, 14.9564, 3.59182
85.475, 14.9366, 3.58836
85.5, 14.9123, 3.58811
85.525, 14.8896, 3.58836
85.55, 14.8668, 3.58849
85.575, 14.8508, 3.58862
85.6, 14.8365, 3.58836
85.625, 14.8269, 3.58785
85.65, 14.8193, 3.58747
85.675, 14.8113, 3.58683
85.7, 14.8019, 3.58581
85.725, 14.7801, 3.58479
85.75, 14.7534, 3.58479
85.775, 14.7226, 3.58555
85.8, 14.6891, 3.58606
85.825, 14.6583, 3.58862
85.85, 14.6363, 3.58939
85.875, 14.6486, 3.59412
85.9, 14.6718, 3.59591
85.925, 14.7077, 3.6014
85.95, 14.7441, 3.60153
85.975, 14.7388, 3.60255
86, 14.7149, 3.60601
86.025, 14.6682, 3.61828
86.05, 14.6148, 3.62531
86.075, 14.5663, 3.634
86.1, 14.5218, 3.63579
86.125, 14.5059, 3.64231
86.15, 14.5022, 3.64653
86.175, 14.5265, 3.65637
86.2, 14.5624, 3.66072
86.225, 14.6041, 3.66864
86.25, 14.6429, 3.66979
86.275, 14.6601, 3.67324
86.3, 14.6726, 3.67376
86.325, 14.6903, 3.67682
86.35, 14.7062, 3.67861
86.375, 14.7257, 3.68207
86.4, 14.7481, 3.68207
86.425, 14.7705, 3.68296
86.45, 14.7905, 3.6859
86.475, 14.8086, 3.68603
86.5, 14.8232, 3.68603
86.525, 14.838, 3.68603
86.55, 14.8528, 3.68603
86.575, 14.862, 3.68564
86.6, 14.867, 3.68475
86.625, 14.881, 3.68258
86.65, 14.8971, 3.68219
86.675, 14.9124, 3.67785
86.7, 14.9262, 3.67734
86.725, 14.9457, 3.67094
86.75, 14.9689, 3.66928
86.775, 14.9963, 3.66915
86.8, 15.0234, 3.66775
86.825, 15.0554, 3.66762
86.85, 15.0863, 3.66391
86.875, 15.1101, 3.65957
86.9, 15.1263, 3.6565
86.925, 15.1291, 3.64934
86.95, 15.1256, 3.64576
86.975, 15.1244, 3.64461
87, 15.1256, 3.64474
87.025, 15.1336, 3.64359
87.05, 15.1461, 3.64257
87.075, 15.1711, 3.63668
87.1, 15.1963, 3.62838
87.125, 15.1955, 3.61508
87.15, 15.1825, 3.61189
87.175, 15.1588, 3.60345
87.2, 15.1257, 3.60345
87.225, 15.0785, 3.60038
87.25, 15.0246, 3.60051
87.275, 15.0077, 3.60064
87.3, 15.0067, 3.60076
87.325, 15.0164, 3.6014
87.35, 15.0313, 3.60166
87.375, 15.0409, 3.60191
87.4, 15.0416, 3.60268
87.425, 14.9996, 3.60294
87.45, 14.9424, 3.60396
87.475, 14.8801, 3.6147
87.5, 14.819, 3.61802
87.525, 14.7772, 3.62058
87.55, 14.7442, 3.62403
87.575, 14.7268, 3.62723
87.6, 14.7126, 3.62902
87.625, 14.7119, 3.63579
87.65, 14.7172, 3.63656
87.675, 14.7186, 3.63758
87.7, 14.7139, 3.63822
87.725, 14.7082, 3.63924
87.75, 14.7004, 3.63937
87.775, 14.709, 3.64218
87.8, 14.7201, 3.64205
87.825, 14.7277, 3.64333
87.85, 14.7341, 3.6441
87.875, 14.7465, 3.6441
87.9, 14.7592, 3.64397
87.925, 14.7746, 3.64372
87.95, 14.7912, 3.64384
87.975, 14.8099, 3.64308
88, 14.8291, 3.6432
88.025, 14.8477, 3.64295
88.05, 14.8639, 3.64257
88.075, 14.8733, 3.64129
88.1, 14.8808, 3.64026
88.125, 14.8914, 3.63196
88.15, 14.9018, 3.63132
88.175, 14.9108, 3.62607
88.2, 14.9194, 3.62582
88.225, 14.9284, 3.62595
88.25, 14.9377, 3.62582
88.275, 14.9425, 3.62595
88.3, 14.9436, 3.62607
88.325, 14.9329, 3.62569
88.35, 14.918, 3.62544
88.375, 14.8987, 3.62403
88.4, 14.8784, 3.62403
88.425, 14.8795, 3.62441
88.45, 14.891, 3.62582
88.475, 14.9197, 3.62671
88.5, 14.9531, 3.62761
88.525, 14.9844, 3.62786
88.55, 15.0029, 3.62774
88.575, 14.9659, 3.62761
88.6, 14.911, 3.62774
88.625, 14.8445, 3.63068
88.65, 14.7755, 3.63643
88.675, 14.7329, 3.64793
88.7, 14.7075, 3.65011
88.725, 14.722, 3.65854
88.75, 14.7514, 3.66097
88.775, 14.788, 3.66072
88.8, 14.8211, 3.66059
88.825, 14.8296, 3.66046
88.85, 14.8247, 3.66059
88.875, 14.8097, 3.66046
88.9, 14.7912, 3.66046
88.925, 14.7764, 3.66046
88.95, 14.7656, 3.66046
88.975, 14.7682, 3.66046
89, 14.7761, 3.66059
89.025, 14.7955, 3.66059
89.05, 14.8173, 3.66033
89.075, 14.8316, 3.66046
89.1, 14.8425, 3.66046
89.125, 14.849, 3.66046
89.15, 14.8532, 3.66021
89.175, 14.858, 3.66021
89.2, 14.863, 3.66008
89.225, 14.8688, 3.66008
89.25, 14.8744, 3.66008
89.275, 14.8791, 3.65982
89.3, 14.8836, 3.65944
89.325, 14.8896, 3.65637
89.35, 14.8971, 3.65471
89.375, 14.9086, 3.6473
89.4, 14.9212, 3.64205
89.425, 14.9322, 3.63464
89.45, 14.9424, 3.62761
89.475, 14.9417, 3.62122
89.5, 14.9337, 3.617
89.525, 14.9317, 3.61163
89.55, 14.9274, 3.60958
89.575, 14.9268, 3.60562
89.6, 14.9242, 3.6046
89.625, 14.9397, 3.59987
89.65, 14.9559, 3.59693
89.675, 14.9716, 3.59655
89.7, 14.9802, 3.59527
89.725, 14.9555, 3.59437
89.75, 14.9232, 3.5945
89.775, 14.8836, 3.59437
89.8, 14.8393, 3.5954
89.825, 14.8106, 3.59552
89.85, 14.794, 3.59552
89.875, 14.8202, 3.59565
89.9, 14.8601, 3.59437
89.925, 14.9092, 3.58709
89.95, 14.9588, 3.57673
89.975, 14.9572, 3.56612
