0, 1, 0.133564
0.025, 1, 0.290369
0.05, 1, 0.290369
0.075, 1, 0.290369
0.1, 1, 0.457131
0.125, 1, -0.292991
0.15, 1, -0.292991
0.175, 1, -0.0575469
0.2, 1, -0.00737548
0.225, 1, -0.00737548
0.25, 1, -0.00737548
0.275, 1, -0.00737548
0.3, 1, -0.00737548
0.325, 1, -0.00737548
0.35, 1, 0.0590969
0.375, 1, 0.0590969
0.4, 1, 0.0590969
0.425, 1, 0.0711093
0.45, 1, 0.0711093
0.475, 1, 0.0691523
0.5, 1, 0.0687099
0.525, 1, 0.0687099
0.55, 1, 0.0687099
0.575, 1, 0.0717763
0.6, 1, 0.070504
0.625, 1, 0.0669511
0.65, 1, 0.0634157
0.675, 1, 0.068134
0.7, 1, 0.068134
0.725, 1, 0.0902737
0.75, 1, 0.109592
0.775, 1, 0.119089
0.8, 1, 0.119089
0.825, 1, 0.12067
0.85, 1, 0.116796
0.875, 1, 0.114992
0.9, 1, 0.115542
0.925, 1, 0.115542
0.95, 1, 0.114264
0.975, 1, 0.11447
1, 1, 0.114928
1.025, 1, 0.114928
1.05, 1, 0.114928
1.075, 1, 0.119641
1.1, 1, 0.119641
1.125, 1, 0.119641
1.15, 1, 0.119641
1.175, 1, 0.123299
1.2, 1, 0.123299
1.225, 1, 0.125011
1.25, 1, 0.125011
1.275, 1, 0.1254
1.3, 1, 0.1254
1.325, 1, 0.126592
1.35, 1, 0.126592
1.375, 1, 0.128394
1.4, 1, 0.128394
1.425, 1, 0.128394
1.45, 1, 0.12876
1.475, 1, 0.12876
1.5, 1, 0.129722
1.525, 1, 0.131729
1.55, 1, 0.134817
1.575, 1, 0.134817
1.6, 1, 0.135118
1.625, 1, 0.135118
1.65, 1, 0.134689
1.675, 1, 0.134689
1.7, 1, 0.134689
1.725, 1, 0.137856
1.75, 1, 0.141537
1.775, 1, 0.1434
1.8, 1, 0.1434
1.825, 1, 0.144156
1.85, 1, 0.144156
1.875, 1, 0.14568
1.9, 1, 0.14568
1.925, 1, 0.14568
1.95, 1, 0.14568
1.975, 1, 0.14568
2, 1, 0.14568
2.025, 1, 0.147406
2.05, 1, 0.147406
2.075, 1, 0.147406
2.1, 1, 0.147406
2.125, 1, 0.147406
2.15, 1, 0.147406
2.175, 1, 0.147406
2.2, 1, 0.147406
2.225, 1, 0.151037
2.25, 1, 0.151037
2.275, 1, 0.151037
2.3, 1, 0.15266
2.325, 1, 0.15266
2.35, 1, 0.153594
2.375, 1, 0.153594
2.4, 1, 0.153594
2.425, 1, 0.155369
2.45, 1, 0.155369
2.475, 1, 0.155369
2.5, 1, 0.155369
2.525, 1, 0.156489
2.55, 1, 0.156489
2.575, 1, 0.156489
2.6, 1, 0.156489
2.625, 1, 0.156489
2.65, 1, 0.15691
2.675, 1, 0.157149
2.7, 1, 0.157149
2.725, 1, 0.15728
2.75, 1, 0.15728
2.775, 1, 0.157408
2.8, 1, 0.157408
2.825, 1, 0.157499
2.85, 1, 0.157499
2.875, 1, 0.157499
2.9, 1, 0.157415
2.925, 1, 0.157294
2.95, 1, 0.157294
2.975, 1, 0.157141
3, 1, 0.157141
3.025, 1, 0.157131
3.05, 1, 0.157169
3.075, 1, 0.157187
3.1, 1, 0.157187
3.125, 1, 0.157084
3.15, 1, 0.156783
3.175, 1, 0.156783
3.2, 1, 0.156783
3.225, 1, 0.155866
3.25, 1, 0.155866
3.275, 1, 0.155866
3.3, 1, 0.155866
3.325, 1, 0.155866
3.35, 1, 0.155866
3.375, 1, 0.155866
3.4, 1, 0.155563
3.425, 1, 0.155563
3.45, 1, 0.155563
3.475, 1, 0.155563
3.5, 1, 0.155563
3.525, 1, 0.155563
3.55, 1, 0.152758
3.575, 1, 0.152181
3.6, 1, 0.153767
3.625, 1, 0.153767
3.65, 1, 0.153767
3.675, 1, 0.155435
3.7, 1, 0.155921
3.725, 1, 0.155921
3.75, 1, 0.155353
3.775, 1, 0.154936
3.8, 1, 0.154936
3.825, 1, 0.154936
3.85, 1, 0.156697
3.875, 1, 0.156697
3.9, 1, 0.156697
3.925, 1, 0.156697
3.95, 1, 0.156697
3.975, 1, 0.156697
4, 1, 0.157877
4.025, 1, 0.159075
4.05, 1, 0.159075
4.075, 1, 0.159075
4.1, 1, 0.159075
4.125, 1, 0.160217
4.15, 1, 0.160217
4.175, 1, 0.160217
4.2, 1, 0.160217
4.225, 1, 0.160217
4.25, 1, 0.161212
4.275, 1, 0.162299
4.3, 1, 0.163422
4.325, 1, 0.164149
4.35, 1, 0.164149
4.375, 1, 0.164149
4.4, 1, 0.164548
4.425, 1, 0.164548
4.45, 1, 0.164548
4.475, 1, 0.164737
4.5, 1, 0.164737
4.525, 1, 0.164737
4.55, 1, 0.164737
4.575, 1, 0.164707
4.6, 1, 0.164706
4.625, 1, 0.164706
4.65, 1, 0.164706
4.675, 1, 0.164365
4.7, 1, 0.164365
4.725, 1, 0.164365
4.75, 1, 0.163379
4.775, 1, 0.163379
4.8, 1, 0.163379
4.825, 1, 0.163369
4.85, 1, 0.163369
4.875, 1, 0.163625
4.9, 1, 0.163625
4.925, 1, 0.163625
4.95, 1, 0.163502
4.975, 1, 0.163502
5, 1, 0.163037
5.025, 1, 0.163037
5.05, 1, 0.162672
5.075, 1, 0.162672
5.1, 1, 0.16258
5.125, 1, 0.162507
5.15, 1, 0.162507
5.175, 1, 0.162507
5.2, 1, 0.162507
5.225, 1, 0.162537
5.25, 1, 0.162537
5.275, 1, 0.162559
5.3, 1, 0.162584
5.325, 1, 0.162584
5.35, 1, 0.162545
5.375, 1, 0.162545
5.4, 1, 0.162134
5.425, 1, 0.162134
5.45, 1, 0.162134
5.475, 1, 0.161027
5.5, 1, 0.160883
5.525, 1, 0.160726
5.55, 1, 0.160726
5.575, 1, 0.160726
5.6, 1, 0.158796
5.625, 1, 0.158796
5.65, 1, 0.15626
5.675, 1, 0.15626
5.7, 1, 0.15626
5.725, 1, 0.15626
5.75, 1, 0.15626
5.775, 1, 0.15626
5.8, 1, 0.15626
5.825, 1, 0.15626
5.85, 1, 0.151286
5.875, 1, 0.151286
5.9, 1, 0.155008
5.925, 1, 0.155008
5.95, 1, 0.158924
5.975, 1, 0.158924
6, 1, 0.158612
6.025, 1, 0.158612
6.05, 1, 0.158612
6.075, 1, 0.158041
6.1, 1, 0.158041
6.125, 1, 0.160017
6.15, 1, 0.160017
6.175, 1, 0.160017
6.2, 1, 0.160017
6.225, 1, 0.160017
6.25, 1, 0.161219
6.275, 1, 0.161219
6.3, 1, 0.161219
6.325, 1, 0.16213
6.35, 1, 0.163019
6.375, 1, 0.163019
6.4, 1, 0.163019
6.425, 1, 0.163895
6.45, 1, 0.163895
6.475, 1, 0.163895
6.5, 1, 0.163895
6.525, 1, 0.163895
6.55, 1, 0.163895
6.575, 1, 0.163895
6.6, 1, 0.162431
6.625, 1, 0.162431
6.65, 1, 0.162431
6.675, 1, 0.16205
6.7, 1, 0.16205
6.725, 1, 0.16205
6.75, 1, 0.16205
6.775, 1, 0.160575
6.8, 1, 0.157751
6.825, 1, 0.155158
6.85, 1, 0.153004
6.875, 1, 0.152889
6.9, 1, 0.15447
6.925, 1, 0.15447
6.95, 1, 0.155439
6.975, 1, 0.155439
7, 1, 0.155439
7.025, 1, 0.155488
7.05, 1, 0.155325
7.075, 1, 0.155717
7.1, 1, 0.155717
7.125, 1, 0.155717
7.15, 1, 0.155717
7.175, 1, 0.155446
7.2, 1, 0.154764
7.225, 1, 0.15446
7.25, 1, 0.15446
7.275, 1, 0.15446
7.3, 1, 0.15446
7.325, 1, 0.15446
7.35, 1, 0.15446
7.375, 1, 0.15446
7.4, 1, 0.15446
7.425, 1, 0.155012
7.45, 1, 0.155012
7.475, 1, 0.154605
7.5, 1, 0.152349
7.525, 1, 0.152349
7.55, 1, 0.152349
7.575, 1, 0.152349
7.6, 1, 0.152349
7.625, 1, 0.153182
7.65, 1, 0.153182
7.675, 1, 0.153182
7.7, 1, 0.148995
7.725, 1, 0.148995
7.75, 1, 0.136152
7.775, 1, 0.136152
7.8, 1, 0.136152
7.825, 1, 0.136577
7.85, 1, 0.137611
7.875, 1, 0.137611
7.9, 1, 0.137611
7.925, 1, 0.137611
7.95, 1, 0.137611
7.975, 1, 0.131758
8, 1, 0.131758
8.025, 1, 0.131758
8.05, 1, 0.131758
8.075, 1, 0.131758
8.1, 1, 0.131758
8.125, 1, 0.132999
8.15, 1, 0.132999
8.175, 1, 0.13458
8.2, 1, 0.13458
8.225, 1, 0.13458
8.25, 1, 0.13458
8.275, 1, 0.13458
8.3, 1, 0.1382
8.325, 1, 0.1382
8.35, 1, 0.141523
8.375, 1, 0.141523
8.4, 1, 0.144067
8.425, 1, 0.144067
8.45, 1, 0.146265
8.475, 1, 0.146265
8.5, 1, 0.146265
8.525, 1, 0.146265
8.55, 1, 0.146568
8.575, 1, 0.146568
8.6, 1, 0.146477
8.625, 1, 0.146477
8.65, 1, 0.145434
8.675, 1, 0.143401
8.7, 1, 0.143401
8.725, 1, 0.143401
8.75, 1, 0.143401
8.775, 1, 0.143401
8.8, 1, 0.143401
8.825, 1, 0.144102
8.85, 1, 0.143185
8.875, 1, 0.143185
8.9, 1, 0.143185
8.925, 1, 0.143185
8.95, 1, 0.143185
8.975, 1, 0.143185
9, 1, 0.14065
9.025, 1, 0.14065
9.05, 1, 0.14065
9.075, 1, 0.132782
9.1, 1, 0.132782
9.125, 1, 0.132782
9.15, 1, 0.131011
9.175, 1, 0.131011
9.2, 1, 0.131011
9.225, 1, 0.131011
9.25, 1, 0.130759
9.275, 1, 0.130759
9.3, 1, 0.130759
9.325, 1, 0.130759
9.35, 1, 0.130354
9.375, 1, 0.132245
9.4, 1, 0.135056
9.425, 1, 0.137979
9.45, 1, 0.140986
9.475, 1, 0.140986
9.5, 1, 0.142735
9.525, 1, 0.142735
9.55, 1, 0.142735
9.575, 1, 0.142869
9.6, 1, 0.142869
9.625, 1, 0.143177
9.65, 1, 0.143418
9.675, 1, 0.143158
9.7, 1, 0.14279
9.725, 1, 0.14279
9.75, 1, 0.142159
9.775, 1, 0.142159
9.8, 1, 0.138507
9.825, 1, 0.138507
9.85, 1, 0.138507
9.875, 1, 0.13687
9.9, 1, 0.13687
9.925, 1, 0.13687
9.95, 1, 0.137158
9.975, 1, 0.137158
10, 1, 0.137158
10.025, 1, 0.137158
10.05, 1, 0.135772
10.075, 1, 0.135772
10.1, 1, 0.135772
10.125, 1, 0.13264
10.15, 1, 0.133073
10.175, 1, 0.133073
10.2, 1, 0.133073
10.225, 1, 0.133073
10.25, 1, 0.133073
10.275, 1, 0.133238
10.3, 1, 0.133238
10.325, 1, 0.133238
10.35, 1, 0.133238
10.375, 1, 0.137095
10.4, 1, 0.142424
10.425, 1, 0.142424
10.45, 1, 0.146394
10.475, 1, 0.146394
10.5, 1, 0.148794
10.525, 1, 0.148794
10.55, 1, 0.148794
10.575, 1, 0.149288
10.6, 1, 0.149288
10.625, 1, 0.149288
10.65, 1, 0.149107
10.675, 1, 0.149107
10.7, 1, 0.149107
10.725, 1, 0.149107
10.75, 1, 0.142738
10.775, 1, 0.142738
10.8, 1, 0.135266
10.825, 1, 0.135266
10.85, 1, 0.135266
10.875, 1, 0.135266
10.9, 1, 0.135266
10.925, 1, 0.135266
10.95, 1, 0.135266
10.975, 1, 0.135266
11, 1, 0.135266
11.025, 1, 0.135266
11.05, 1, 0.135266
11.075, 1, 0.133767
11.1, 1, 0.135278
11.125, 1, 0.138271
11.15, 1, 0.138271
11.175, 1, 0.136845
11.2, 1, 0.137164
11.225, 1, 0.137164
11.25, 1, 0.138093
11.275, 1, 0.140763
11.3, 1, 0.142614
11.325, 1, 0.142614
11.35, 1, 0.142614
11.375, 1, 0.142614
11.4, 1, 0.142614
11.425, 1, 0.142614
11.45, 1, 0.142614
11.475, 1, 0.142614
11.5, 1, 0.142719
11.525, 1, 0.142719
11.55, 1, 0.143989
11.575, 1, 0.143989
11.6, 1, 0.143989
11.625, 1, 0.143989
11.65, 1, 0.14352
11.675, 1, 0.143485
11.7, 1, 0.142387
11.725, 1, 0.142387
11.75, 1, 0.142387
11.775, 1, 0.142387
11.8, 1, 0.142387
11.825, 1, 0.142387
11.85, 1, 0.142387
11.875, 1, 0.142387
11.9, 1, 0.142387
11.925, 1, 0.142387
11.95, 1, 0.142387
11.975, 1, 0.132469
12, 1, 0.132469
12.025, 1, 0.132469
12.05, 1, 0.132469
12.075, 1, 0.135803
12.1, 1, 0.137598
12.125, 1, 0.137598
12.15, 1, 0.138839
12.175, 1, 0.138839
12.2, 1, 0.138839
12.225, 1, 0.138839
12.25, 1, 0.139576
12.275, 1, 0.139576
12.3, 1, 0.139266
12.325, 1, 0.139266
12.35, 1, 0.139266
12.375, 1, 0.141719
12.4, 1, 0.145184
12.425, 1, 0.145184
12.45, 1, 0.145184
12.475, 1, 0.145884
12.5, 1, 0.145884
12.525, 1, 0.147013
12.55, 1, 0.147013
12.575, 1, 0.147013
12.6, 1, 0.147013
12.625, 1, 0.147013
12.65, 1, 0.147013
12.675, 1, 0.147013
12.7, 1, 0.147013
12.725, 1, 0.145641
12.75, 1, 0.145641
12.775, 1, 0.145641
12.8, 1, 0.145196
12.825, 1, 0.145196
12.85, 1, 0.144459
12.875, 1, 0.14351
12.9, 1, 0.142461
12.925, 1, 0.141535
12.95, 1, 0.141535
12.975, 1, 0.141535
13, 1, 0.141535
13.025, 1, 0.140396
13.05, 1, 0.13844
13.075, 1, 0.13844
13.1, 1, 0.136461
13.125, 1, 0.136461
13.15, 1, 0.136441
13.175, 1, 0.136441
13.2, 1, 0.136226
13.225, 1, 0.136226
13.25, 1, 0.136226
13.275, 1, 0.136226
13.3, 1, 0.136226
13.325, 1, 0.135233
13.35, 1, 0.135233
13.375, 1, 0.135233
13.4, 1, 0.135233
13.425, 1, 0.135754
13.45, 1, 0.137429
13.475, 1, 0.137429
13.5, 1, 0.137429
13.525, 1, 0.13652
13.55, 1, 0.13652
13.575, 1, 0.13652
13.6, 1, 0.136634
13.625, 1, 0.136634
13.65, 1, 0.136634
13.675, 1, 0.137396
13.7, 1, 0.137396
13.725, 1, 0.137396
13.75, 1, 0.137396
13.775, 1, 0.137396
13.8, 1, 0.137692
13.825, 1, 0.13779
13.85, 1, 0.13779
13.875, 1, 0.13779
13.9, 1, 0.13779
13.925, 1, 0.13779
13.95, 1, 0.13779
13.975, 1, 0.13779
14, 1, 0.13779
14.025, 1, 0.13779
14.05, 1, 0.13779
14.075, 1, 0.13779
14.1, 1, 0.136595
14.125, 1, 0.135344
14.15, 1, 0.134337
14.175, 1, 0.134337
14.2, 1, 0.134337
14.225, 1, 0.134337
14.25, 1, 0.134337
14.275, 1, 0.134337
14.3, 1, 0.132126
14.325, 1, 0.13138
14.35, 1, 0.13119
14.375, 1, 0.13119
14.4, 1, 0.13119
14.425, 1, 0.13119
14.45, 1, 0.128678
14.475, 1, 0.128678
14.5, 1, 0.130049
14.525, 1, 0.130049
14.55, 1, 0.130049
14.575, 1, 0.130049
14.6, 1, 0.130049
14.625, 1, 0.130049
14.65, 1, 0.130049
14.675, 1, 0.130049
14.7, 1, 0.129992
14.725, 1, 0.129992
14.75, 1, 0.129992
14.775, 1, 0.129992
14.8, 1, 0.129992
14.825, 1, 0.129992
14.85, 1, 0.129992
14.875, 1, 0.130242
14.9, 1, 0.130821
14.925, 1, 0.130821
14.95, 1, 0.130821
14.975, 1, 0.130821
15, 1, 0.127753
15.025, 1, 0.127753
15.05, 1, 0.127486
15.075, 1, 0.127486
15.1, 1, 0.127486
15.125, 1, 0.127486
15.15, 1, 0.126392
15.175, 1, 0.122443
15.2, 1, 0.122443
15.225, 1, 0.122443
15.25, 1, 0.119065
15.275, 1, 0.119065
15.3, 1, 0.119065
15.325, 1, 0.116954
15.35, 1, 0.116775
15.375, 1, 0.117989
15.4, 1, 0.117989
15.425, 1, 0.117989
15.45, 1, 0.117989
15.475, 1, 0.117649
15.5, 1, 0.117649
15.525, 1, 0.117649
15.55, 1, 0.118519
15.575, 1, 0.120124
15.6, 1, 0.120124
15.625, 1, 0.120124
15.65, 1, 0.120124
15.675, 1, 0.120352
15.7, 1, 0.120352
15.725, 1, 0.121293
15.75, 1, 0.121293
15.775, 1, 0.121994
15.8, 1, 0.12284
15.825, 1, 0.12284
15.85, 1, 0.123133
15.875, 1, 0.123133
15.9, 1, 0.123046
15.925, 1, 0.122687
15.95, 1, 0.122687
15.975, 1, 0.122687
16, 1, 0.122687
16.025, 1, 0.122687
16.05, 1, 0.120137
16.075, 1, 0.117444
16.1, 1, 0.117444
16.125, 1, 0.112565
16.15, 1, 0.112565
16.175, 1, 0.112565
16.2, 1, 0.112565
16.225, 1, 0.112968
16.25, 1, 0.112968
16.275, 1, 0.112968
16.3, 1, 0.112968
16.325, 1, 0.111045
16.35, 1, 0.111045
16.375, 1, 0.111045
16.4, 1, 0.111045
16.425, 1, 0.111045
16.45, 1, 0.111045
16.475, 1, 0.111045
16.5, 1, 0.111045
16.525, 1, 0.109172
16.55, 1, 0.109038
16.575, 1, 0.109038
16.6, 1, 0.111067
16.625, 1, 0.111067
16.65, 1, 0.114024
16.675, 1, 0.114024
16.7, 1, 0.115723
16.725, 1, 0.117685
16.75, 1, 0.118623
16.775, 1, 0.118734
16.8, 1, 0.118734
16.825, 1, 0.119525
16.85, 1, 0.119525
16.875, 1, 0.119525
16.9, 1, 0.118694
16.925, 1, 0.118694
16.95, 1, 0.118694
16.975, 1, 0.118694
17, 1, 0.11763
17.025, 1, 0.116786
17.05, 1, 0.114904
17.075, 1, 0.114904
17.1, 1, 0.112106
17.125, 1, 0.110879
17.15, 1, 0.110704
17.175, 1, 0.110704
17.2, 1, 0.111012
17.225, 1, 0.111278
17.25, 1, 0.110389
17.275, 1, 0.108354
17.3, 1, 0.106986
17.325, 1, 0.106331
17.35, 1, 0.106962
17.375, 1, 0.106962
17.4, 1, 0.106962
17.425, 1, 0.106962
17.45, 1, 0.106962
17.475, 1, 0.105657
17.5, 1, 0.105657
17.525, 1, 0.105657
17.55, 1, 0.105876
17.575, 1, 0.105876
17.6, 1, 0.107182
17.625, 1, 0.107182
17.65, 1, 0.107182
17.675, 1, 0.107182
17.7, 1, 0.107266
17.725, 1, 0.107266
17.75, 1, 0.107266
17.775, 1, 0.107273
17.8, 1, 0.107273
17.825, 1, 0.107273
17.85, 1, 0.107273
17.875, 1, 0.107273
17.9, 1, 0.105991
17.925, 1, 0.105964
17.95, 1, 0.105964
17.975, 1, 0.105964
18, 1, 0.105964
18.025, 1, 0.105964
18.05, 1, 0.105964
18.075, 1, 0.105964
18.1, 1, 0.105964
18.125, 1, 0.106309
18.15, 1, 0.106309
18.175, 1, 0.105681
18.2, 1, 0.105681
18.225, 1, 0.101788
18.25, 1, 0.0969326
18.275, 1, 0.0969326
18.3, 1, 0.0969326
18.325, 1, 0.0969326
18.35, 1, 0.0969892
18.375, 1, 0.0969892
18.4, 1, 0.0954265
18.425, 1, 0.0954265
18.45, 1, 0.0938057
18.475, 1, 0.0938057
18.5, 1, 0.0938057
18.525, 1, 0.0938057
18.55, 1, 0.0938057
18.575, 1, 0.0949163
18.6, 1, 0.0949163
18.625, 1, 0.0949163
18.65, 1, 0.0949163
18.675, 1, 0.0949163
18.7, 1, 0.0949163
18.725, 1, 0.0949163
18.75, 1, 0.0949477
18.775, 1, 0.0949477
18.8, 1, 0.0949477
18.825, 1, 0.0949477
18.85, 1, 0.0948505
18.875, 1, 0.0948505
18.9, 1, 0.0948505
18.925, 1, 0.0954163
18.95, 1, 0.0976334
18.975, 1, 0.0993163
19, 1, 0.0993163
19.025, 1, 0.0993163
19.05, 1, 0.0993163
19.075, 1, 0.0993163
19.1, 1, 0.0993163
19.125, 1, 0.0993163
19.15, 1, 0.0993163
19.175, 1, 0.0993163
19.2, 1, 0.0993163
19.225, 1, 0.103299
19.25, 1, 0.100041
19.275, 1, 0.100041
19.3, 1, 0.099558
19.325, 1, 0.099558
19.35, 1, 0.0994808
19.375, 1, 0.0994808
19.4, 1, 0.0994808
19.425, 1, 0.0994808
19.45, 1, 0.0994808
19.475, 1, 0.0994808
19.5, 1, 0.0994808
19.525, 1, 0.0994808
19.55, 1, 0.0970344
19.575, 1, 0.0963694
19.6, 1, 0.0959475
19.625, 1, 0.0959475
19.65, 1, 0.0959475
19.675, 1, 0.0982953
19.7, 1, 0.100836
19.725, 1, 0.102798
19.75, 1, 0.104649
19.775, 1, 0.106227
19.8, 1, 0.107606
19.825, 1, 0.107606
19.85, 1, 0.108318
19.875, 1, 0.108318
19.9, 1, 0.10886
19.925, 1, 0.10886
19.95, 1, 0.109268
19.975, 1, 0.110203
20, 1, 0.110203
20, 1, 0.107118
20.025, 1, 0.107118
20.05, 1, 0.107118
20.075, 1, 0.107118
20.1, 1, 0.107118
20.125, 1, 0.107118
20.15, 1, 0.107245
20.175, 1, 0.107245
20.2, 1, 0.107365
20.225, 1, 0.107365
20.25, 1, 0.107365
20.275, 1, 0.107365
20.3, 1, 0.107457
20.325, 1, 0.107558
20.35, 1, 0.107642
20.375, 1, 0.107746
20.4, 1, 0.107746
20.425, 1, 0.107746
20.45, 1, 0.107746
20.475, 1, 0.107746
20.5, 1, 0.107746
20.525, 1, 0.10787
20.55, 1, 0.10787
20.575, 1, 0.107979
20.6, 1, 0.108057
20.625, 1, 0.108057
20.65, 1, 0.108057
20.675, 1, 0.108057
20.7, 1, 0.10816
20.725, 1, 0.108391
20.75, 1, 0.108391
20.775, 1, 0.108391
20.8, 1, 0.108391
20.825, 1, 0.108391
20.85, 1, 0.108391
20.875, 1, 0.10873
20.9, 1, 0.109018
20.925, 1, 0.109018
20.95, 1, 0.109301
20.975, 1, 0.109619
21, 1, 0.109619
21.025, 1, 0.109619
21.05, 1, 0.109929
21.075, 1, 0.109929
21.1, 1, 0.109929
21.125, 1, 0.110228
21.15, 1, 0.110228
21.175, 1, 0.110528
21.2, 1, 0.110847
21.225, 1, 0.110847
21.25, 1, 0.110847
21.275, 1, 0.110847
21.3, 1, 0.110847
21.325, 1, 0.110847
21.35, 1, 0.111101
21.375, 1, 0.111101
21.4, 1, 0.11131
21.425, 1, 0.111498
21.45, 1, 0.111498
21.475, 1, 0.11165
21.5, 1, 0.111779
21.525, 1, 0.111779
21.55, 1, 0.111779
21.575, 1, 0.111868
21.6, 1, 0.11193
21.625, 1, 0.111967
21.65, 1, 0.111967
21.675, 1, 0.111967
21.7, 1, 0.111992
21.725, 1, 0.112006
21.75, 1, 0.112017
21.775, 1, 0.112022
21.8, 1, 0.112022
21.825, 1, 0.112022
21.85, 1, 0.11197
21.875, 1, 0.111855
21.9, 1, 0.111661
21.925, 1, 0.111395
21.95, 1, 0.111395
21.975, 1, 0.111395
22, 1, 0.1112
22.025, 1, 0.111033
22.05, 1, 0.111033
22.075, 1, 0.110869
22.1, 1, 0.110869
22.125, 1, 0.110662
22.15, 1, 0.110662
22.175, 1, 0.110411
22.2, 1, 0.110411
22.225, 1, 0.110212
22.25, 1, 0.110212
22.275, 1, 0.110212
22.3, 1, 0.110212
22.325, 1, 0.110212
22.35, 1, 0.11003
22.375, 1, 0.11003
22.4, 1, 0.11003
22.425, 1, 0.11003
22.45, 1, 0.10986
22.475, 1, 0.109714
22.5, 1, 0.109714
22.525, 1, 0.109598
22.55, 1, 0.10951
22.575, 1, 0.109443
22.6, 1, 0.109443
22.625, 1, 0.109443
22.65, 1, 0.109394
22.675, 1, 0.109357
22.7, 1, 0.109329
22.725, 1, 0.109304
22.75, 1, 0.109276
22.775, 1, 0.109276
22.8, 1, 0.109246
22.825, 1, 0.109246
22.85, 1, 0.109246
22.875, 1, 0.109231
22.9, 1, 0.109231
22.925, 1, 0.109231
22.95, 1, 0.109231
22.975, 1, 0.109231
23, 1, 0.109231
23.025, 1, 0.109231
23.05, 1, 0.109231
23.075, 1, 0.109231
23.1, 1, 0.109231
23.125, 1, 0.109231
23.15, 1, 0.109231
23.175, 1, 0.109243
23.2, 1, 0.109264
23.225, 1, 0.109287
23.25, 1, 0.109287
23.275, 1, 0.109287
23.3, 1, 0.109287
23.325, 1, 0.109287
23.35, 1, 0.109287
23.375, 1, 0.109368
23.4, 1, 0.109474
23.425, 1, 0.109474
23.45, 1, 0.10959
23.475, 1, 0.109712
23.5, 1, 0.109712
23.525, 1, 0.109824
23.55, 1, 0.109914
23.575, 1, 0.109976
23.6, 1, 0.110009
23.625, 1, 0.110009
23.65, 1, 0.110009
23.675, 1, 0.110009
23.7, 1, 0.110009
23.725, 1, 0.110009
23.75, 1, 0.110009
23.775, 1, 0.110009
23.8, 1, 0.110009
23.825, 1, 0.110009
23.85, 1, 0.110043
23.875, 1, 0.110079
23.9, 1, 0.110122
23.925, 1, 0.110166
23.95, 1, 0.110212
23.975, 1, 0.110212
24, 1, 0.110212
24.025, 1, 0.110212
24.05, 1, 0.110212
24.075, 1, 0.110245
24.1, 1, 0.110245
24.125, 1, 0.110245
24.15, 1, 0.110245
24.175, 1, 0.110245
24.2, 1, 0.110307
24.225, 1, 0.11037
24.25, 1, 0.11037
24.275, 1, 0.11037
24.3, 1, 0.11043
24.325, 1, 0.11043
24.35, 1, 0.11043
24.375, 1, 0.110475
24.4, 1, 0.110475
24.425, 1, 0.110475
24.45, 1, 0.110475
24.475, 1, 0.110482
24.5, 1, 0.110451
24.525, 1, 0.110451
24.55, 1, 0.110451
24.575, 1, 0.110372
24.6, 1, 0.110372
24.625, 1, 0.110231
24.65, 1, 0.110231
24.675, 1, 0.110231
24.7, 1, 0.109981
24.725, 1, 0.109631
24.75, 1, 0.109186
24.775, 1, 0.108721
24.8, 1, 0.108721
24.825, 1, 0.108721
24.85, 1, 0.10832
24.875, 1, 0.107965
24.9, 1, 0.107625
24.925, 1, 0.107625
24.95, 1, 0.107625
24.975, 1, 0.107625
25, 1, 0.107625
25.025, 1, 0.107625
25.05, 1, 0.107625
25.075, 1, 0.107375
25.1, 1, 0.107375
25.125, 1, 0.107375
25.15, 1, 0.107375
25.175, 1, 0.107375
25.2, 1, 0.107151
25.225, 1, 0.106945
25.25, 1, 0.106945
25.275, 1, 0.10676
25.3, 1, 0.106612
25.325, 1, 0.106612
25.35, 1, 0.106612
25.375, 1, 0.106612
25.4, 1, 0.106456
25.425, 1, 0.106456
25.45, 1, 0.106456
25.475, 1, 0.106456
25.5, 1, 0.106296
25.525, 1, 0.106296
25.55, 1, 0.106296
25.575, 1, 0.106296
25.6, 1, 0.106143
25.625, 1, 0.106001
25.65, 1, 0.10587
25.675, 1, 0.10587
25.7, 1, 0.105748
25.725, 1, 0.105748
25.75, 1, 0.105748
25.775, 1, 0.105748
25.8, 1, 0.105633
25.825, 1, 0.105633
25.85, 1, 0.105525
25.875, 1, 0.105525
25.9, 1, 0.105525
25.925, 1, 0.105421
25.95, 1, 0.105323
25.975, 1, 0.105323
26, 1, 0.105228
26.025, 1, 0.105138
26.05, 1, 0.105138
26.075, 1, 0.105051
26.1, 1, 0.105051
26.125, 1, 0.105051
26.15, 1, 0.105051
26.175, 1, 0.105051
26.2, 1, 0.104965
26.225, 1, 0.104871
26.25, 1, 0.104871
26.275, 1, 0.104722
26.3, 1, 0.104514
26.325, 1, 0.104514
26.35, 1, 0.104514
26.375, 1, 0.104514
26.4, 1, 0.104514
26.425, 1, 0.104297
26.45, 1, 0.104297
26.475, 1, 0.104297
26.5, 1, 0.104297
26.525, 1, 0.104297
26.55, 1, 0.104297
26.575, 1, 0.104082
26.6, 1, 0.104082
26.625, 1, 0.104082
26.65, 1, 0.103883
26.675, 1, 0.10369
26.7, 1, 0.103501
26.725, 1, 0.103501
26.75, 1, 0.103501
26.775, 1, 0.10332
26.8, 1, 0.10332
26.825, 1, 0.103128
26.85, 1, 0.103128
26.875, 1, 0.103128
26.9, 1, 0.103128
26.925, 1, 0.103128
26.95, 1, 0.103128
26.975, 1, 0.102945
27, 1, 0.102945
27.025, 1, 0.102765
27.05, 1, 0.102584
27.075, 1, 0.102402
27.1, 1, 0.102402
27.125, 1, 0.102226
27.15, 1, 0.102226
27.175, 1, 0.102054
27.2, 1, 0.101887
27.225, 1, 0.101887
27.25, 1, 0.101887
27.275, 1, 0.101687
27.3, 1, 0.101449
27.325, 1, 0.101172
27.35, 1, 0.100859
27.375, 1, 0.100859
27.4, 1, 0.100859
27.425, 1, 0.100528
27.45, 1, 0.100528
27.475, 1, 0.100528
27.5, 1, 0.100528
27.525, 1, 0.100155
27.55, 1, 0.100155
27.575, 1, 0.100155
27.6, 1, 0.0997399
27.625, 1, 0.0997399
27.65, 1, 0.0997399
27.675, 1, 0.0997399
27.7, 1, 0.0997399
27.725, 1, 0.0993477
27.75, 1, 0.0993477
27.775, 1, 0.0993477
27.8, 1, 0.0993477
27.825, 1, 0.0993477
27.85, 1, 0.0988897
27.875, 1, 0.0984492
27.9, 1, 0.0984492
27.925, 1, 0.0984492
27.95, 1, 0.0984492
27.975, 1, 0.0984492
28, 1, 0.0984492
28.025, 1, 0.0984492
28.05, 1, 0.0980561
28.075, 1, 0.0976803
28.1, 1, 0.0976803
28.125, 1, 0.0973254
28.15, 1, 0.0969965
28.175, 1, 0.096692
28.2, 1, 0.0964076
28.225, 1, 0.0964076
28.25, 1, 0.0961257
28.275, 1, 0.0958536
28.3, 1, 0.0958536
28.325, 1, 0.0955903
28.35, 1, 0.095336
28.375, 1, 0.095336
28.4, 1, 0.0950933
28.425, 1, 0.0948592
28.45, 1, 0.0948592
28.475, 1, 0.0948592
28.5, 1, 0.0948592
28.525, 1, 0.0948592
28.55, 1, 0.0946271
28.575, 1, 0.0943997
28.6, 1, 0.0943997
28.625, 1, 0.0943997
28.65, 1, 0.0943997
28.675, 1, 0.0941795
28.7, 1, 0.0939666
28.725, 1, 0.0939666
28.75, 1, 0.0937606
28.775, 1, 0.0935613
28.8, 1, 0.0935613
28.825, 1, 0.0933685
28.85, 1, 0.0931799
28.875, 1, 0.0929987
28.9, 1, 0.0929987
28.925, 1, 0.0928099
28.95, 1, 0.0928099
28.975, 1, 0.0925903
29, 1, 0.0925903
29.025, 1, 0.0925903
29.05, 1, 0.0925903
29.075, 1, 0.092426
29.1, 1, 0.0922813
29.125, 1, 0.0922813
29.15, 1, 0.0922813
29.175, 1, 0.0922813
29.2, 1, 0.0922813
29.225, 1, 0.0922813
29.25, 1, 0.0922813
29.275, 1, 0.0920883
29.3, 1, 0.0918926
29.325, 1, 0.0918926
29.35, 1, 0.0918926
29.375, 1, 0.0918926
29.4, 1, 0.0918926
29.425, 1, 0.0917025
29.45, 1, 0.0917025
29.475, 1, 0.0917025
29.5, 1, 0.0917025
29.525, 1, 0.0917025
29.55, 1, 0.0915132
29.575, 1, 0.0915132
29.6, 1, 0.0913812
29.625, 1, 0.0913812
29.65, 1, 0.0912614
29.675, 1, 0.0912614
29.7, 1, 0.0911468
29.725, 1, 0.091045
29.75, 1, 0.0909545
29.775, 1, 0.0909545
29.8, 1, 0.0909545
29.825, 1, 0.0908652
29.85, 1, 0.0908652
29.875, 1, 0.0908652
29.9, 1, 0.0908652
29.925, 1, 0.0907774
29.95, 1, 0.0907774
29.975, 1, 0.0906929
30, 1, 0.0906116
30, 1, 0.0905283
30.025, 1, 0.0905283
30.05, 1, 0.0905283
30.075, 1, 0.0902057
30.1, 1, 0.0902057
30.125, 1, 0.0902057
30.15, 1, 0.0902057
30.175, 1, 0.089754
30.2, 1, 0.089754
30.225, 1, 0.0891051
30.25, 1, 0.0891051
30.275, 1, 0.0883903
30.3, 1, 0.0883903
30.325, 1, 0.087879
30.35, 1, 0.0875993
30.375, 1, 0.0875993
30.4, 1, 0.0874002
30.425, 1, 0.0874002
30.45, 1, 0.0871798
30.475, 1, 0.0869381
30.5, 1, 0.0867644
30.525, 1, 0.0867644
30.55, 1, 0.0866569
30.575, 1, 0.0866569
30.6, 1, 0.0866421
30.625, 1, 0.0866421
30.65, 1, 0.0866631
30.675, 1, 0.0868643
30.7, 1, 0.0868643
30.725, 1, 0.0870109
30.75, 1, 0.0870868
30.775, 1, 0.0870505
30.8, 1, 0.0871156
30.825, 1, 0.0873847
30.85, 1, 0.0873847
30.875, 1, 0.0873847
30.9, 1, 0.0873847
30.925, 1, 0.0877443
30.95, 1, 0.0882019
30.975, 1, 0.0882019
31, 1, 0.0882019
31.025, 1, 0.0886512
31.05, 1, 0.0886512
31.075, 1, 0.0886512
31.1, 1, 0.0890834
31.125, 1, 0.0895862
31.15, 1, 0.0895862
31.175, 1, 0.0900786
31.2, 1, 0.0900786
31.225, 1, 0.0905529
31.25, 1, 0.0905529
31.275, 1, 0.0905529
31.3, 1, 0.0905529
31.325, 1, 0.0910389
31.35, 1, 0.0915495
31.375, 1, 0.0920754
31.4, 1, 0.0920754
31.425, 1, 0.0920754
31.45, 1, 0.0920754
31.475, 1, 0.0925753
31.5, 1, 0.0930548
31.525, 1, 0.0930548
31.55, 1, 0.0930548
31.575, 1, 0.0930548
31.6, 1, 0.0930548
31.625, 1, 0.0935421
31.65, 1, 0.0939567
31.675, 1, 0.0939567
31.7, 1, 0.0939567
31.725, 1, 0.0942735
31.75, 1, 0.0944993
31.775, 1, 0.0946421
31.8, 1, 0.0946939
31.825, 1, 0.0946372
31.85, 1, 0.0945543
31.875, 1, 0.0945543
31.9, 1, 0.0945543
31.925, 1, 0.0945543
31.95, 1, 0.0945081
31.975, 1, 0.0945081
32, 1, 0.0944132
32.025, 1, 0.0944132
32.05, 1, 0.0944132
32.075, 1, 0.0944132
32.1, 1, 0.0944132
32.125, 1, 0.0946873
32.15, 1, 0.0946873
32.175, 1, 0.0950008
32.2, 1, 0.0950008
32.225, 1, 0.0950008
32.25, 1, 0.0950008
32.275, 1, 0.0950008
32.3, 1, 0.095297
32.325, 1, 0.095297
32.35, 1, 0.095297
32.375, 1, 0.095297
32.4, 1, 0.095297
32.425, 1, 0.0956441
32.45, 1, 0.0956441
32.475, 1, 0.0956441
32.5, 1, 0.0956441
32.525, 1, 0.0956441
32.55, 1, 0.0956441
32.575, 1, 0.0956441
32.6, 1, 0.0959812
32.625, 1, 0.0963145
32.65, 1, 0.0966433
32.675, 1, 0.0966433
32.7, 1, 0.0969692
32.725, 1, 0.0969692
32.75, 1, 0.0972947
32.775, 1, 0.0976175
32.8, 1, 0.0976175
32.825, 1, 0.0976175
32.85, 1, 0.0979376
32.875, 1, 0.0979376
32.9, 1, 0.0979376
32.925, 1, 0.0979376
32.95, 1, 0.0982575
32.975, 1, 0.0982575
33, 1, 0.0982575
33.025, 1, 0.0982575
33.05, 1, 0.0982575
33.075, 1, 0.0982575
33.1, 1, 0.0985804
33.125, 1, 0.0985804
33.15, 1, 0.0988832
33.175, 1, 0.0988832
33.2, 1, 0.0988832
33.225, 1, 0.0991122
33.25, 1, 0.0993408
33.275, 1, 0.0996079
33.3, 1, 0.0998967
33.325, 1, 0.10019
33.35, 1, 0.100464
33.375, 1, 0.10072
33.4, 1, 0.10072
33.425, 1, 0.10072
33.45, 1, 0.10072
33.475, 1, 0.10072
33.5, 1, 0.10072
33.525, 1, 0.10072
33.55, 1, 0.101031
33.575, 1, 0.101337
33.6, 1, 0.101337
33.625, 1, 0.101337
33.65, 1, 0.101337
33.675, 1, 0.101337
33.7, 1, 0.101687
33.725, 1, 0.101687
33.75, 1, 0.101687
33.775, 1, 0.101687
33.8, 1, 0.102048
33.825, 1, 0.102402
33.85, 1, 0.102402
33.875, 1, 0.102402
33.9, 1, 0.102402
33.925, 1, 0.102744
33.95, 1, 0.103075
33.975, 1, 0.103075
34, 1, 0.103075
34.025, 1, 0.103075
34.05, 1, 0.103075
34.075, 1, 0.103392
34.1, 1, 0.103392
34.125, 1, 0.10369
34.15, 1, 0.10369
34.175, 1, 0.10369
34.2, 1, 0.10398
34.225, 1, 0.104258
34.25, 1, 0.104258
34.275, 1, 0.104258
34.3, 1, 0.104521
34.325, 1, 0.104521
34.35, 1, 0.104521
34.375, 1, 0.104521
34.4, 1, 0.10478
34.425, 1, 0.10478
34.45, 1, 0.10478
34.475, 1, 0.10478
34.5, 1, 0.10478
34.525, 1, 0.10478
34.55, 1, 0.10478
34.575, 1, 0.10478
34.6, 1, 0.105007
34.625, 1, 0.105007
34.65, 1, 0.105007
34.675, 1, 0.105262
34.7, 1, 0.105262
34.725, 1, 0.105262
34.75, 1, 0.105522
34.775, 1, 0.10579
34.8, 1, 0.10579
34.825, 1, 0.10579
34.85, 1, 0.106032
34.875, 1, 0.106182
34.9, 1, 0.106182
34.925, 1, 0.106182
34.95, 1, 0.106182
34.975, 1, 0.106442
35, 1, 0.106715
35.025, 1, 0.106715
35.05, 1, 0.106715
35.075, 1, 0.106715
35.1, 1, 0.106715
35.125, 1, 0.106715
35.15, 1, 0.106967
35.175, 1, 0.106967
35.2, 1, 0.106967
35.225, 1, 0.106967
35.25, 1, 0.106967
35.275, 1, 0.106967
35.3, 1, 0.107201
35.325, 1, 0.107201
35.35, 1, 0.107201
35.375, 1, 0.107201
35.4, 1, 0.107201
35.425, 1, 0.107357
35.45, 1, 0.107357
35.475, 1, 0.107357
35.5, 1, 0.107357
35.525, 1, 0.10749
35.55, 1, 0.107607
35.575, 1, 0.107607
35.6, 1, 0.107703
35.625, 1, 0.107765
35.65, 1, 0.107765
35.675, 1, 0.107765
35.7, 1, 0.107765
35.725, 1, 0.107734
35.75, 1, 0.107609
35.775, 1, 0.107369
35.8, 1, 0.107369
35.825, 1, 0.107369
35.85, 1, 0.107369
35.875, 1, 0.107369
35.9, 1, 0.107369
35.925, 1, 0.107369
35.95, 1, 0.107369
35.975, 1, 0.107177
36, 1, 0.106958
36.025, 1, 0.106693
36.05, 1, 0.106693
36.075, 1, 0.106693
36.1, 1, 0.106693
36.125, 1, 0.106693
36.15, 1, 0.106693
36.175, 1, 0.106418
36.2, 1, 0.106418
36.225, 1, 0.106418
36.25, 1, 0.106418
36.275, 1, 0.106225
36.3, 1, 0.106225
36.325, 1, 0.106225
36.35, 1, 0.106225
36.375, 1, 0.106225
36.4, 1, 0.106225
36.425, 1, 0.106225
36.45, 1, 0.105934
36.475, 1, 0.105934
36.5, 1, 0.105573
36.525, 1, 0.105167
36.55, 1, 0.104738
36.575, 1, 0.104738
36.6, 1, 0.104738
36.625, 1, 0.104296
36.65, 1, 0.104296
36.675, 1, 0.10383
36.7, 1, 0.10383
36.725, 1, 0.103345
36.75, 1, 0.103345
36.775, 1, 0.103345
36.8, 1, 0.102867
36.825, 1, 0.10241
36.85, 1, 0.101979
36.875, 1, 0.101979
36.9, 1, 0.101979
36.925, 1, 0.101562
36.95, 1, 0.101562
36.975, 1, 0.101562
37, 1, 0.101156
37.025, 1, 0.101156
37.05, 1, 0.101156
37.075, 1, 0.100747
37.1, 1, 0.10034
37.125, 1, 0.10034
37.15, 1, 0.0999457
37.175, 1, 0.0999457
37.2, 1, 0.0999457
37.225, 1, 0.0995637
37.25, 1, 0.0995637
37.275, 1, 0.0991796
37.3, 1, 0.0991796
37.325, 1, 0.0987035
37.35, 1, 0.0987035
37.375, 1, 0.0982642
37.4, 1, 0.0978664
37.425, 1, 0.0978664
37.45, 1, 0.097433
37.475, 1, 0.0969553
37.5, 1, 0.0969553
37.525, 1, 0.0969553
37.55, 1, 0.0969553
37.575, 1, 0.0969553
37.6, 1, 0.0969553
37.625, 1, 0.0969553
37.65, 1, 0.0969553
37.675, 1, 0.0964946
37.7, 1, 0.0960217
37.725, 1, 0.0960217
37.75, 1, 0.0955334
37.775, 1, 0.0955334
37.8, 1, 0.0955334
37.825, 1, 0.0955334
37.85, 1, 0.0955334
37.875, 1, 0.0955334
37.9, 1, 0.0950557
37.925, 1, 0.0945937
37.95, 1, 0.0945937
37.975, 1, 0.0945937
38, 1, 0.0941466
38.025, 1, 0.0941466
38.05, 1, 0.0941466
38.075, 1, 0.0941466
38.1, 1, 0.0937268
38.125, 1, 0.0937268
38.15, 1, 0.0937268
38.175, 1, 0.0937268
38.2, 1, 0.0937268
38.225, 1, 0.0937268
38.25, 1, 0.0937268
38.275, 1, 0.0937268
38.3, 1, 0.0933386
38.325, 1, 0.0933386
38.35, 1, 0.0933386
38.375, 1, 0.0933386
38.4, 1, 0.0933386
38.425, 1, 0.0933386
38.45, 1, 0.0933386
38.475, 1, 0.0933386
38.5, 1, 0.0930113
38.525, 1, 0.092687
38.55, 1, 0.092687
38.575, 1, 0.092687
38.6, 1, 0.092687
38.625, 1, 0.092687
38.65, 1, 0.092687
38.675, 1, 0.092687
38.7, 1, 0.0928604
38.725, 1, 0.093122
38.75, 1, 0.093122
38.775, 1, 0.0933244
38.8, 1, 0.0935203
38.825, 1, 0.0935203
38.85, 1, 0.0935862
38.875, 1, 0.0935862
38.9, 1, 0.0935862
38.925, 1, 0.0937723
38.95, 1, 0.0937723
38.975, 1, 0.0937723
39, 1, 0.0937723
39.025, 1, 0.0937723
39.05, 1, 0.0937723
39.075, 1, 0.0940877
39.1, 1, 0.0940877
39.125, 1, 0.0940877
39.15, 1, 0.0940877
39.175, 1, 0.0940877
39.2, 1, 0.0944089
39.225, 1, 0.0944089
39.25, 1, 0.0944089
39.275, 1, 0.0944089
39.3, 1, 0.0944089
39.325, 1, 0.0944089
39.35, 1, 0.0944089
39.375, 1, 0.0944089
39.4, 1, 0.0944089
39.425, 1, 0.0947045
39.45, 1, 0.0947045
39.475, 1, 0.0947045
39.5, 1, 0.0947045
39.525, 1, 0.0947045
39.55, 1, 0.0947045
39.575, 1, 0.0949982
39.6, 1, 0.0952746
39.625, 1, 0.0952746
39.65, 1, 0.0955308
39.675, 1, 0.0955308
39.7, 1, 0.0955308
39.725, 1, 0.0955308
39.75, 1, 0.0955308
39.775, 1, 0.0955308
39.8, 1, 0.0957113
39.825, 1, 0.0957113
39.85, 1, 0.0959033
39.875, 1, 0.0959033
39.9, 1, 0.0961299
39.925, 1, 0.096401
39.95, 1, 0.096401
39.975, 1, 0.096401
40, 1, 0.096401
40, 1, 0.096401
40.025, 1, 0.096401
40.05, 1, 0.096401
40.075, 1, 0.0966676
40.1, 1, 0.0967042
40.125, 1, 0.0963095
40.15, 1, 0.0952746
40.175, 1, 0.0952746
40.2, 1, 0.0952746
40.225, 1, 0.0945839
40.25, 1, 0.0942262
40.275, 1, 0.0940447
40.3, 1, 0.0939128
40.325, 1, 0.0935609
40.35, 1, 0.0935609
40.375, 1, 0.0927738
40.4, 1, 0.0927738
40.425, 1, 0.0927738
40.45, 1, 0.091965
40.475, 1, 0.091965
40.5, 1, 0.091965
40.525, 1, 0.091965
40.55, 1, 0.0911912
40.575, 1, 0.0911912
40.6, 1, 0.0911912
40.625, 1, 0.0903511
40.65, 1, 0.0896253
40.675, 1, 0.0896253
40.7, 1, 0.0890253
40.725, 1, 0.0890253
40.75, 1, 0.0885179
40.775, 1, 0.0885179
40.8, 1, 0.0881525
40.825, 1, 0.0881525
40.85, 1, 0.0881525
40.875, 1, 0.0881525
40.9, 1, 0.0879175
40.925, 1, 0.0879175
40.95, 1, 0.0877676
40.975, 1, 0.0878218
41, 1, 0.0880422
41.025, 1, 0.0880422
41.05, 1, 0.0880422
41.075, 1, 0.0880422
41.1, 1, 0.0880422
41.125, 1, 0.0880422
41.15, 1, 0.0880422
41.175, 1, 0.0886085
41.2, 1, 0.089296
41.225, 1, 0.089296
41.25, 1, 0.0900123
41.275, 1, 0.0908126
41.3, 1, 0.0908126
41.325, 1, 0.0908126
41.35, 1, 0.0908126
41.375, 1, 0.0908126
41.4, 1, 0.0914691
41.425, 1, 0.0914691
41.45, 1, 0.0914691
41.475, 1, 0.092055
41.5, 1, 0.0926324
41.525, 1, 0.0926324
41.55, 1, 0.0931874
41.575, 1, 0.0931874
41.6, 1, 0.0931874
41.625, 1, 0.0936873
41.65, 1, 0.0936873
41.675, 1, 0.0936873
41.7, 1, 0.0939334
41.725, 1, 0.0940784
41.75, 1, 0.0940784
41.775, 1, 0.0942313
41.8, 1, 0.0943948
41.825, 1, 0.0943948
41.85, 1, 0.0945578
41.875, 1, 0.0945578
41.9, 1, 0.0946839
41.925, 1, 0.0946839
41.95, 1, 0.0946839
41.975, 1, 0.094753
42, 1, 0.094753
42.025, 1, 0.0947958
42.05, 1, 0.0947958
42.075, 1, 0.0948201
42.1, 1, 0.0948219
42.125, 1, 0.094789
42.15, 1, 0.0947064
42.175, 1, 0.0947064
42.2, 1, 0.0947064
42.225, 1, 0.0947064
42.25, 1, 0.0947064
42.275, 1, 0.0947064
42.3, 1, 0.0947064
42.325, 1, 0.0947064
42.35, 1, 0.0947422
42.375, 1, 0.0947422
42.4, 1, 0.0947422
42.425, 1, 0.0947422
42.45, 1, 0.0947422
42.475, 1, 0.0947422
42.5, 1, 0.0947422
42.525, 1, 0.0947422
42.55, 1, 0.0947422
42.575, 1, 0.0947422
42.6, 1, 0.0947422
42.625, 1, 0.0947422
42.65, 1, 0.0950363
42.675, 1, 0.0953794
42.7, 1, 0.0957741
42.725, 1, 0.0961918
42.75, 1, 0.0961918
42.775, 1, 0.0965728
42.8, 1, 0.0965728
42.825, 1, 0.0965728
42.85, 1, 0.0968226
42.875, 1, 0.0968226
42.9, 1, 0.0971355
42.925, 1, 0.097501
42.95, 1, 0.0979188
42.975, 1, 0.0983659
43, 1, 0.0983659
43.025, 1, 0.0983659
43.05, 1, 0.0983659
43.075, 1, 0.0988196
43.1, 1, 0.0992178
43.125, 1, 0.0995795
43.15, 1, 0.0999262
43.175, 1, 0.100275
43.2, 1, 0.100275
43.225, 1, 0.100275
43.25, 1, 0.100275
43.275, 1, 0.100275
43.3, 1, 0.100275
43.325, 1, 0.100275
43.35, 1, 0.100275
43.375, 1, 0.100622
43.4, 1, 0.100958
43.425, 1, 0.10129
43.45, 1, 0.101617
43.475, 1, 0.101617
43.5, 1, 0.101617
43.525, 1, 0.10193
43.55, 1, 0.10193
43.575, 1, 0.10193
43.6, 1, 0.102225
43.625, 1, 0.102225
43.65, 1, 0.102225
43.675, 1, 0.102509
43.7, 1, 0.102509
43.725, 1, 0.102783
43.75, 1, 0.103047
43.775, 1, 0.103301
43.8, 1, 0.103301
43.825, 1, 0.103301
43.85, 1, 0.103549
43.875, 1, 0.103549
43.9, 1, 0.103549
43.925, 1, 0.103787
43.95, 1, 0.103787
43.975, 1, 0.103985
44, 1, 0.103985
44.025, 1, 0.103985
44.05, 1, 0.103985
44.075, 1, 0.104252
44.1, 1, 0.104521
44.125, 1, 0.104521
44.15, 1, 0.104738
44.175, 1, 0.104941
44.2, 1, 0.104941
44.225, 1, 0.104941
44.25, 1, 0.104941
44.275, 1, 0.105069
44.3, 1, 0.105069
44.325, 1, 0.105069
44.35, 1, 0.105278
44.375, 1, 0.105278
44.4, 1, 0.105278
44.425, 1, 0.105278
44.45, 1, 0.105516
44.475, 1, 0.105516
44.5, 1, 0.105516
44.525, 1, 0.105516
44.55, 1, 0.105516
44.575, 1, 0.105516
44.6, 1, 0.105516
44.625, 1, 0.10576
44.65, 1, 0.106001
44.675, 1, 0.106235
44.7, 1, 0.106457
44.725, 1, 0.106665
44.75, 1, 0.106665
44.775, 1, 0.106842
44.8, 1, 0.106842
44.825, 1, 0.107003
44.85, 1, 0.107003
44.875, 1, 0.107003
44.9, 1, 0.107003
44.925, 1, 0.107003
44.95, 1, 0.107161
44.975, 1, 0.107317
45, 1, 0.107317
45.025, 1, 0.107468
45.05, 1, 0.107468
45.075, 1, 0.107468
45.1, 1, 0.107468
45.125, 1, 0.107468
45.15, 1, 0.107468
45.175, 1, 0.107468
45.2, 1, 0.107619
45.225, 1, 0.107619
45.25, 1, 0.107765
45.275, 1, 0.107765
45.3, 1, 0.107889
45.325, 1, 0.108009
45.35, 1, 0.108009
45.375, 1, 0.108009
45.4, 1, 0.108009
45.425, 1, 0.108067
45.45, 1, 0.108094
45.475, 1, 0.108094
45.5, 1, 0.108094
45.525, 1, 0.108121
45.55, 1, 0.108121
45.575, 1, 0.108121
45.6, 1, 0.108173
45.625, 1, 0.108227
45.65, 1, 0.108274
45.675, 1, 0.108274
45.7, 1, 0.10827
45.725, 1, 0.10827
45.75, 1, 0.108293
45.775, 1, 0.108308
45.8, 1, 0.108308
45.825, 1, 0.1083
45.85, 1, 0.1083
45.875, 1, 0.1083
45.9, 1, 0.108305
45.925, 1, 0.108305
45.95, 1, 0.108305
45.975, 1, 0.108305
46, 1, 0.108305
46.025, 1, 0.108341
46.05, 1, 0.108341
46.075, 1, 0.108341
46.1, 1, 0.108341
46.125, 1, 0.108384
46.15, 1, 0.108432
46.175, 1, 0.108432
46.2, 1, 0.108432
46.225, 1, 0.108468
46.25, 1, 0.108494
46.275, 1, 0.108494
46.3, 1, 0.108496
46.325, 1, 0.108496
46.35, 1, 0.108496
46.375, 1, 0.108441
46.4, 1, 0.108441
46.425, 1, 0.108441
46.45, 1, 0.108441
46.475, 1, 0.108441
46.5, 1, 0.108441
46.525, 1, 0.108441
46.55, 1, 0.108309
46.575, 1, 0.108309
46.6, 1, 0.108309
46.625, 1, 0.108309
46.65, 1, 0.108309
46.675, 1, 0.108309
46.7, 1, 0.108309
46.725, 1, 0.108309
46.75, 1, 0.108309
46.775, 1, 0.108005
46.8, 1, 0.108005
46.825, 1, 0.108005
46.85, 1, 0.108005
46.875, 1, 0.107586
46.9, 1, 0.107242
46.925, 1, 0.107242
46.95, 1, 0.107074
46.975, 1, 0.107027
47, 1, 0.107027
47.025, 1, 0.107027
47.05, 1, 0.106907
47.075, 1, 0.106907
47.1, 1, 0.106655
47.125, 1, 0.106368
47.15, 1, 0.106368
47.175, 1, 0.106368
47.2, 1, 0.106368
47.225, 1, 0.106103
47.25, 1, 0.105895
47.275, 1, 0.105714
47.3, 1, 0.10554
47.325, 1, 0.105368
47.35, 1, 0.10519
47.375, 1, 0.105019
47.4, 1, 0.104865
47.425, 1, 0.104865
47.45, 1, 0.104865
47.475, 1, 0.104865
47.5, 1, 0.104865
47.525, 1, 0.104865
47.55, 1, 0.104865
47.575, 1, 0.104865
47.6, 1, 0.104865
47.625, 1, 0.104865
47.65, 1, 0.104865
47.675, 1, 0.104809
47.7, 1, 0.104809
47.725, 1, 0.104755
47.75, 1, 0.104755
47.775, 1, 0.104703
47.8, 1, 0.104652
47.825, 1, 0.104652
47.85, 1, 0.104652
47.875, 1, 0.104607
47.9, 1, 0.104607
47.925, 1, 0.104607
47.95, 1, 0.104607
47.975, 1, 0.104607
48, 1, 0.104607
48.025, 1, 0.104597
48.05, 1, 0.10459
48.075, 1, 0.10459
48.1, 1, 0.10459
48.125, 1, 0.104523
48.15, 1, 0.104413
48.175, 1, 0.104413
48.2, 1, 0.104413
48.225, 1, 0.104336
48.25, 1, 0.104336
48.275, 1, 0.104336
48.3, 1, 0.104336
48.325, 1, 0.104336
48.35, 1, 0.104336
48.375, 1, 0.104225
48.4, 1, 0.103988
48.425, 1, 0.103988
48.45, 1, 0.103988
48.475, 1, 0.10381
48.5, 1, 0.103653
48.525, 1, 0.103513
48.55, 1, 0.103384
48.575, 1, 0.103261
48.6, 1, 0.103141
48.625, 1, 0.103141
48.65, 1, 0.103141
48.675, 1, 0.103141
48.7, 1, 0.103141
48.725, 1, 0.103026
48.75, 1, 0.103026
48.775, 1, 0.102914
48.8, 1, 0.102914
48.825, 1, 0.102914
48.85, 1, 0.102914
48.875, 1, 0.102914
48.9, 1, 0.102799
48.925, 1, 0.102799
48.95, 1, 0.102799
48.975, 1, 0.102683
49, 1, 0.102573
49.025, 1, 0.102465
49.05, 1, 0.102355
49.075, 1, 0.102243
49.1, 1, 0.102243
49.125, 1, 0.102243
49.15, 1, 0.102243
49.175, 1, 0.102243
49.2, 1, 0.102243
49.225, 1, 0.10214
49.25, 1, 0.10214
49.275, 1, 0.10214
49.3, 1, 0.102032
49.325, 1, 0.101934
49.35, 1, 0.101844
49.375, 1, 0.101742
49.4, 1, 0.101742
49.425, 1, 0.101613
49.45, 1, 0.101613
49.475, 1, 0.101613
49.5, 1, 0.101546
49.525, 1, 0.101546
49.55, 1, 0.101373
49.575, 1, 0.101055
49.6, 1, 0.100687
49.625, 1, 0.100359
49.65, 1, 0.100359
49.675, 1, 0.100359
49.7, 1, 0.100023
49.725, 1, 0.0996974
49.75, 1, 0.0993827
49.775, 1, 0.0990578
49.8, 1, 0.0990578
49.825, 1, 0.0986483
49.85, 1, 0.0986483
49.875, 1, 0.0982721
49.9, 1, 0.0982721
49.925, 1, 0.0979397
49.95, 1, 0.0979397
49.975, 1, 0.0976228
50, 1, 0.0973266
50, 1, 0.0970557
50.025, 1, 0.096807
50.05, 1, 0.0965627
50.075, 1, 0.0963082
50.1, 1, 0.0963082
50.125, 1, 0.0959636
50.15, 1, 0.0955378
50.175, 1, 0.0955378
50.2, 1, 0.0955378
50.225, 1, 0.0955378
50.25, 1, 0.0955378
50.275, 1, 0.0955378
50.3, 1, 0.0955378
50.325, 1, 0.0947749
50.35, 1, 0.0947749
50.375, 1, 0.0947749
50.4, 1, 0.0936222
50.425, 1, 0.0936222
50.45, 1, 0.0924772
50.475, 1, 0.0924772
50.5, 1, 0.091544
50.525, 1, 0.091544
50.55, 1, 0.091544
50.575, 1, 0.091544
50.6, 1, 0.0906498
50.625, 1, 0.0906498
50.65, 1, 0.0906498
50.675, 1, 0.0906498
50.7, 1, 0.0906498
50.725, 1, 0.0906498
50.75, 1, 0.0898716
50.775, 1, 0.0898716
50.8, 1, 0.0894131
50.825, 1, 0.0896707
50.85, 1, 0.0904584
50.875, 1, 0.0913297
50.9, 1, 0.0913297
50.925, 1, 0.0913297
50.95, 1, 0.0913297
50.975, 1, 0.0919209
51, 1, 0.0919209
51.025, 1, 0.0919209
51.05, 1, 0.0919209
51.075, 1, 0.09252
51.1, 1, 0.093515
51.125, 1, 0.0947118
51.15, 1, 0.096025
51.175, 1, 0.096025
51.2, 1, 0.096025
51.225, 1, 0.096025
51.25, 1, 0.0973911
51.275, 1, 0.0973911
51.3, 1, 0.0973911
51.325, 1, 0.0973911
51.35, 1, 0.0986901
51.375, 1, 0.0986901
51.4, 1, 0.0986901
51.425, 1, 0.0986901
51.45, 1, 0.100021
51.475, 1, 0.100021
51.5, 1, 0.101318
51.525, 1, 0.101318
51.55, 1, 0.101318
51.575, 1, 0.10254
51.6, 1, 0.10382
51.625, 1, 0.10382
51.65, 1, 0.105046
51.675, 1, 0.106289
51.7, 1, 0.106289
51.725, 1, 0.107472
51.75, 1, 0.108652
51.775, 1, 0.108652
51.8, 1, 0.108652
51.825, 1, 0.109796
51.85, 1, 0.109796
51.875, 1, 0.109796
51.9, 1, 0.110804
51.925, 1, 0.110804
51.95, 1, 0.110804
51.975, 1, 0.110804
52, 1, 0.111129
52.025, 1, 0.111241
52.05, 1, 0.111297
52.075, 1, 0.111338
52.1, 1, 0.111382
52.125, 1, 0.111382
52.15, 1, 0.111442
52.175, 1, 0.111467
52.2, 1, 0.111467
52.225, 1, 0.111175
52.25, 1, 0.111175
52.275, 1, 0.111175
52.3, 1, 0.1111
52.325, 1, 0.1111
52.35, 1, 0.1111
52.375, 1, 0.111066
52.4, 1, 0.111066
52.425, 1, 0.111066
52.45, 1, 0.111066
52.475, 1, 0.111066
52.5, 1, 0.110856
52.525, 1, 0.110512
52.55, 1, 0.110512
52.575, 1, 0.110512
52.6, 1, 0.110512
52.625, 1, 0.110512
52.65, 1, 0.110512
52.675, 1, 0.110512
52.7, 1, 0.110176
52.725, 1, 0.110176
52.75, 1, 0.109794
52.775, 1, 0.109794
52.8, 1, 0.109794
52.825, 1, 0.109794
52.85, 1, 0.109405
52.875, 1, 0.109021
52.9, 1, 0.109021
52.925, 1, 0.108661
52.95, 1, 0.108661
52.975, 1, 0.108661
53, 1, 0.108303
53.025, 1, 0.108303
53.05, 1, 0.108303
53.075, 1, 0.107931
53.1, 1, 0.107537
53.125, 1, 0.107119
53.15, 1, 0.107119
53.175, 1, 0.106711
53.2, 1, 0.106329
53.225, 1, 0.106329
53.25, 1, 0.105996
53.275, 1, 0.105708
53.3, 1, 0.105708
53.325, 1, 0.105424
53.35, 1, 0.105424
53.375, 1, 0.105063
53.4, 1, 0.105063
53.425, 1, 0.105063
53.45, 1, 0.105063
53.475, 1, 0.104876
53.5, 1, 0.104755
53.525, 1, 0.104755
53.55, 1, 0.104755
53.575, 1, 0.104634
53.6, 1, 0.104634
53.625, 1, 0.104472
53.65, 1, 0.104472
53.675, 1, 0.104253
53.7, 1, 0.10405
53.725, 1, 0.103913
53.75, 1, 0.103825
53.775, 1, 0.103825
53.8, 1, 0.103623
53.825, 1, 0.103391
53.85, 1, 0.103391
53.875, 1, 0.103391
53.9, 1, 0.103391
53.925, 1, 0.103391
53.95, 1, 0.103187
53.975, 1, 0.103187
54, 1, 0.102975
54.025, 1, 0.102975
54.05, 1, 0.102975
54.075, 1, 0.102739
54.1, 1, 0.102739
54.125, 1, 0.102739
54.15, 1, 0.102739
54.175, 1, 0.102739
54.2, 1, 0.102739
54.225, 1, 0.102739
54.25, 1, 0.10249
54.275, 1, 0.102233
54.3, 1, 0.101968
54.325, 1, 0.101694
54.35, 1, 0.101694
54.375, 1, 0.101422
54.4, 1, 0.101154
54.425, 1, 0.100892
54.45, 1, 0.100892
54.475, 1, 0.100637
54.5, 1, 0.100637
54.525, 1, 0.100388
54.55, 1, 0.100388
54.575, 1, 0.10014
54.6, 1, 0.0998802
54.625, 1, 0.0998802
54.65, 1, 0.0995622
54.675, 1, 0.0995622
54.7, 1, 0.0995622
54.725, 1, 0.0993059
54.75, 1, 0.0993059
54.775, 1, 0.0993059
54.8, 1, 0.0993059
54.825, 1, 0.0993059
54.85, 1, 0.0993059
54.875, 1, 0.0993059
54.9, 1, 0.0993059
54.925, 1, 0.0993059
54.95, 1, 0.0993059
54.975, 1, 0.0991132
55, 1, 0.0989518
55.025, 1, 0.0989518
55.05, 1, 0.0987561
55.075, 1, 0.0987561
55.1, 1, 0.0987561
55.125, 1, 0.0986394
55.15, 1, 0.0985438
55.175, 1, 0.0984517
55.2, 1, 0.0984517
55.225, 1, 0.0983484
55.25, 1, 0.0982467
55.275, 1, 0.0981489
55.3, 1, 0.0980459
55.325, 1, 0.0979219
55.35, 1, 0.0977604
55.375, 1, 0.0975823
55.4, 1, 0.0974113
55.425, 1, 0.0972474
55.45, 1, 0.0972474
55.475, 1, 0.0972474
55.5, 1, 0.0970904
55.525, 1, 0.0969413
55.55, 1, 0.0969413
55.575, 1, 0.0967971
55.6, 1, 0.0967971
55.625, 1, 0.096656
55.65, 1, 0.096656
55.675, 1, 0.096656
55.7, 1, 0.096656
55.725, 1, 0.0965091
55.75, 1, 0.096357
55.775, 1, 0.096357
55.8, 1, 0.0962
55.825, 1, 0.0962
55.85, 1, 0.0962
55.875, 1, 0.0960155
55.9, 1, 0.0957735
55.925, 1, 0.0954447
55.95, 1, 0.0954447
55.975, 1, 0.0954447
56, 1, 0.0949315
56.025, 1, 0.0944062
56.05, 1, 0.0944062
56.075, 1, 0.0944062
56.1, 1, 0.0944062
56.125, 1, 0.0944062
56.15, 1, 0.093915
56.175, 1, 0.093915
56.2, 1, 0.093915
56.225, 1, 0.09333
56.25, 1, 0.09333
56.275, 1, 0.09333
56.3, 1, 0.0929819
56.325, 1, 0.0929819
56.35, 1, 0.0929819
56.375, 1, 0.0925766
56.4, 1, 0.0925766
56.425, 1, 0.0922089
56.45, 1, 0.0922089
56.475, 1, 0.0922089
56.5, 1, 0.09176
56.525, 1, 0.0913035
56.55, 1, 0.0908937
56.575, 1, 0.0908937
56.6, 1, 0.0908937
56.625, 1, 0.0908937
56.65, 1, 0.0908937
56.675, 1, 0.0908937
56.7, 1, 0.0908937
56.725, 1, 0.0906888
56.75, 1, 0.0906888
56.775, 1, 0.0904796
56.8, 1, 0.0904796
56.825, 1, 0.0902534
56.85, 1, 0.0902534
56.875, 1, 0.0902534
56.9, 1, 0.0902534
56.925, 1, 0.089994
56.95, 1, 0.089994
56.975, 1, 0.089994
57, 1, 0.0896699
57.025, 1, 0.0893099
57.05, 1, 0.0893099
57.075, 1, 0.0893099
57.1, 1, 0.0889725
57.125, 1, 0.0886554
57.15, 1, 0.0886554
57.175, 1, 0.0886554
57.2, 1, 0.0886554
57.225, 1, 0.0883322
57.25, 1, 0.0879958
57.275, 1, 0.0879958
57.3, 1, 0.0879958
57.325, 1, 0.0877034
57.35, 1, 0.0877034
57.375, 1, 0.0874117
57.4, 1, 0.0874117
57.425, 1, 0.0874117
57.45, 1, 0.0870851
57.475, 1, 0.0870851
57.5, 1, 0.0870851
57.525, 1, 0.0870851
57.55, 1, 0.0868388
57.575, 1, 0.0866665
57.6, 1, 0.0866665
57.625, 1, 0.0866665
57.65, 1, 0.0864732
57.675, 1, 0.0864732
57.7, 1, 0.0864732
57.725, 1, 0.0864732
57.75, 1, 0.086226
57.775, 1, 0.0858188
57.8, 1, 0.0858188
57.825, 1, 0.0858188
57.85, 1, 0.0858188
57.875, 1, 0.0858188
57.9, 1, 0.0855142
57.925, 1, 0.0852288
57.95, 1, 0.0849516
57.975, 1, 0.0846829
58, 1, 0.0846829
58.025, 1, 0.0844138
58.05, 1, 0.0844138
58.075, 1, 0.0841566
58.1, 1, 0.0841566
58.125, 1, 0.0841566
58.15, 1, 0.083906
58.175, 1, 0.083906
58.2, 1, 0.0836639
58.225, 1, 0.0836639
58.25, 1, 0.0836639
58.275, 1, 0.0834314
58.3, 1, 0.0834314
58.325, 1, 0.0834314
58.35, 1, 0.083207
58.375, 1, 0.083207
58.4, 1, 0.083207
58.425, 1, 0.0829838
58.45, 1, 0.0829838
58.475, 1, 0.0827426
58.5, 1, 0.0827426
58.525, 1, 0.0824823
58.55, 1, 0.0824823
58.575, 1, 0.0822223
58.6, 1, 0.081984
58.625, 1, 0.0817795
58.65, 1, 0.0815984
58.675, 1, 0.0815984
58.7, 1, 0.0815984
58.725, 1, 0.0815984
58.75, 1, 0.0815984
58.775, 1, 0.0815984
58.8, 1, 0.0812164
58.825, 1, 0.0812164
58.85, 1, 0.0810211
58.875, 1, 0.0810211
58.9, 1, 0.0810211
58.925, 1, 0.0810211
58.95, 1, 0.0807595
58.975, 1, 0.0807595
59, 1, 0.0805017
59.025, 1, 0.0805017
59.05, 1, 0.0805017
59.075, 1, 0.0802335
59.1, 1, 0.0802335
59.125, 1, 0.0800682
59.15, 1, 0.0800028
59.175, 1, 0.0799891
59.2, 1, 0.0799891
59.225, 1, 0.0799891
59.25, 1, 0.0799792
59.275, 1, 0.079961
59.3, 1, 0.079961
59.325, 1, 0.0799094
59.35, 1, 0.0798407
59.375, 1, 0.0798407
59.4, 1, 0.0797727
59.425, 1, 0.0797727
59.45, 1, 0.0797071
59.475, 1, 0.0797071
59.5, 1, 0.0796098
59.525, 1, 0.0794632
59.55, 1, 0.0794632
59.575, 1, 0.0792909
59.6, 1, 0.0792909
59.625, 1, 0.0791147
59.65, 1, 0.0789493
59.675, 1, 0.0789493
59.7, 1, 0.0789493
59.725, 1, 0.0789493
59.75, 1, 0.0789493
59.775, 1, 0.0789493
59.8, 1, 0.0787741
59.825, 1, 0.0786071
59.85, 1, 0.0786071
59.875, 1, 0.0786071
59.9, 1, 0.0786071
59.925, 1, 0.0786071
59.95, 1, 0.0786071
59.975, 1, 0.0786071
60, 1, 0.0786071
60, 1, 0.0785987
60.025, 1, 0.0785987
60.05, 1, 0.0785987
60.075, 1, 0.0785987
60.1, 1, 0.0779745
60.125, 1, 0.076834
60.15, 1, 0.076834
60.175, 1, 0.0748955
60.2, 1, 0.0748955
60.225, 1, 0.0732885
60.25, 1, 0.0732885
60.275, 1, 0.0732885
60.3, 1, 0.0723383
60.325, 1, 0.0723383
60.35, 1, 0.0715641
60.375, 1, 0.0709843
60.4, 1, 0.0704439
60.425, 1, 0.0704439
60.45, 1, 0.0698815
60.475, 1, 0.0698815
60.5, 1, 0.0693661
60.525, 1, 0.069136
60.55, 1, 0.0691964
60.575, 1, 0.0691964
60.6, 1, 0.0691964
60.625, 1, 0.0691964
60.65, 1, 0.0691964
60.675, 1, 0.0691964
60.7, 1, 0.069634
60.725, 1, 0.069634
60.75, 1, 0.0701693
60.775, 1, 0.0701693
60.8, 1, 0.0701693
60.825, 1, 0.0701693
60.85, 1, 0.0701693
60.875, 1, 0.070696
60.9, 1, 0.070696
60.925, 1, 0.0712955
60.95, 1, 0.0720648
60.975, 1, 0.0720648
61, 1, 0.0720648
61.025, 1, 0.0720648
61.05, 1, 0.0720648
61.075, 1, 0.0720648
61.1, 1, 0.0720648
61.125, 1, 0.0720648
61.15, 1, 0.0729932
61.175, 1, 0.0739965
61.2, 1, 0.0739965
61.225, 1, 0.0739965
61.25, 1, 0.0739965
61.275, 1, 0.0739965
61.3, 1, 0.0739965
61.325, 1, 0.0739965
61.35, 1, 0.0739965
61.375, 1, 0.0750127
61.4, 1, 0.0750127
61.425, 1, 0.0750127
61.45, 1, 0.0750127
61.475, 1, 0.0758451
61.5, 1, 0.0758451
61.525, 1, 0.0758451
61.55, 1, 0.0766046
61.575, 1, 0.0766046
61.6, 1, 0.0766046
61.625, 1, 0.0766046
61.65, 1, 0.0766046
61.675, 1, 0.0772474
61.7, 1, 0.0777575
61.725, 1, 0.0780913
61.75, 1, 0.0780913
61.775, 1, 0.0782306
61.8, 1, 0.0782306
61.825, 1, 0.0782306
61.85, 1, 0.0784437
61.875, 1, 0.0786439
61.9, 1, 0.0786439
61.925, 1, 0.078809
61.95, 1, 0.0789282
61.975, 1, 0.0789282
62, 1, 0.0790013
62.025, 1, 0.0790396
62.05, 1, 0.0790396
62.075, 1, 0.0790597
62.1, 1, 0.0790597
62.125, 1, 0.0790597
62.15, 1, 0.0790597
62.175, 1, 0.079085
62.2, 1, 0.079085
62.225, 1, 0.079085
62.25, 1, 0.079085
62.275, 1, 0.079085
62.3, 1, 0.0791161
62.325, 1, 0.0791473
62.35, 1, 0.0791473
62.375, 1, 0.0791758
62.4, 1, 0.0792001
62.425, 1, 0.0792251
62.45, 1, 0.0792556
62.475, 1, 0.0792942
62.5, 1, 0.0792942
62.525, 1, 0.079338
62.55, 1, 0.079338
62.575, 1, 0.079338
62.6, 1, 0.0793669
62.625, 1, 0.0793793
62.65, 1, 0.0793793
62.675, 1, 0.0793793
62.7, 1, 0.0794322
62.725, 1, 0.0794322
62.75, 1, 0.0794322
62.775, 1, 0.0794777
62.8, 1, 0.0794777
62.825, 1, 0.0794777
62.85, 1, 0.0794777
62.875, 1, 0.0794944
62.9, 1, 0.0794422
62.925, 1, 0.0793619
62.95, 1, 0.079298
62.975, 1, 0.0792655
63, 1, 0.0792655
63.025, 1, 0.0792655
63.05, 1, 0.0792655
63.075, 1, 0.0792162
63.1, 1, 0.0792162
63.125, 1, 0.0792162
63.15, 1, 0.0792162
63.175, 1, 0.0791621
63.2, 1, 0.0791097
63.225, 1, 0.0790656
63.25, 1, 0.0790656
63.275, 1, 0.0790656
63.3, 1, 0.0790026
63.325, 1, 0.0789334
63.35, 1, 0.0788629
63.375, 1, 0.0788629
63.4, 1, 0.0788629
63.425, 1, 0.0788629
63.45, 1, 0.0788629
63.475, 1, 0.0787929
63.5, 1, 0.0787242
63.525, 1, 0.0787242
63.55, 1, 0.0786567
63.575, 1, 0.0785913
63.6, 1, 0.0785913
63.625, 1, 0.0785913
63.65, 1, 0.0785262
63.675, 1, 0.0785262
63.7, 1, 0.0785262
63.725, 1, 0.0785262
63.75, 1, 0.0784785
63.775, 1, 0.0784376
63.8, 1, 0.0784376
63.825, 1, 0.0784059
63.85, 1, 0.0783868
63.875, 1, 0.0783868
63.9, 1, 0.078367
63.925, 1, 0.0783457
63.95, 1, 0.0783153
63.975, 1, 0.0782787
64, 1, 0.0782787
64.025, 1, 0.0782787
64.05, 1, 0.0782787
64.075, 1, 0.0782422
64.1, 1, 0.0782422
64.125, 1, 0.0781868
64.15, 1, 0.0781868
64.175, 1, 0.078058
64.2, 1, 0.078058
64.225, 1, 0.078058
64.25, 1, 0.078058
64.275, 1, 0.0780307
64.3, 1, 0.0780307
64.325, 1, 0.0779491
64.35, 1, 0.0779491
64.375, 1, 0.077877
64.4, 1, 0.0778165
64.425, 1, 0.0778165
64.45, 1, 0.0777315
64.475, 1, 0.0777315
64.5, 1, 0.0776571
64.525, 1, 0.0775569
64.55, 1, 0.0775569
64.575, 1, 0.0775569
64.6, 1, 0.0773427
64.625, 1, 0.0773427
64.65, 1, 0.0773427
64.675, 1, 0.0773427
64.7, 1, 0.0772405
64.725, 1, 0.0772405
64.75, 1, 0.0771251
64.775, 1, 0.0771251
64.8, 1, 0.0771251
64.825, 1, 0.0769755
64.85, 1, 0.0767877
64.875, 1, 0.0767877
64.9, 1, 0.0766158
64.925, 1, 0.0764554
64.95, 1, 0.0763096
64.975, 1, 0.0763096
65, 1, 0.076167
65.025, 1, 0.076022
65.05, 1, 0.076022
65.075, 1, 0.076022
65.1, 1, 0.0758708
65.125, 1, 0.0757212
65.15, 1, 0.0755695
65.175, 1, 0.0754382
65.2, 1, 0.0754382
65.225, 1, 0.0753251
65.25, 1, 0.0752351
65.275, 1, 0.0751706
65.3, 1, 0.0751249
65.325, 1, 0.0750949
65.35, 1, 0.0750741
65.375, 1, 0.075057
65.4, 1, 0.075057
65.425, 1, 0.075057
65.45, 1, 0.0750382
65.475, 1, 0.0750382
65.5, 1, 0.0750382
65.525, 1, 0.0750464
65.55, 1, 0.0750513
65.575, 1, 0.0750513
65.6, 1, 0.0749501
65.625, 1, 0.0747986
65.65, 1, 0.0746485
65.675, 1, 0.0746485
65.7, 1, 0.0746485
65.725, 1, 0.07447
65.75, 1, 0.07447
65.775, 1, 0.07447
65.8, 1, 0.07447
65.825, 1, 0.0744254
65.85, 1, 0.0744254
65.875, 1, 0.0743766
65.9, 1, 0.074324
65.925, 1, 0.074324
65.95, 1, 0.074324
65.975, 1, 0.0742725
66, 1, 0.0742725
66.025, 1, 0.0742221
66.05, 1, 0.0742221
66.075, 1, 0.0742221
66.1, 1, 0.07414
66.125, 1, 0.074014
66.15, 1, 0.074014
66.175, 1, 0.074014
66.2, 1, 0.074014
66.225, 1, 0.074014
66.25, 1, 0.074014
66.275, 1, 0.074014
66.3, 1, 0.074014
66.325, 1, 0.074014
66.35, 1, 0.074014
66.375, 1, 0.0738907
66.4, 1, 0.0738907
66.425, 1, 0.0738907
66.45, 1, 0.0737782
66.475, 1, 0.0737782
66.5, 1, 0.0737782
66.525, 1, 0.0737782
66.55, 1, 0.0736669
66.575, 1, 0.0736669
66.6, 1, 0.0735507
66.625, 1, 0.0735507
66.65, 1, 0.0734278
66.675, 1, 0.0733094
66.7, 1, 0.0733094
66.725, 1, 0.0731856
66.75, 1, 0.0731856
66.775, 1, 0.0730491
66.8, 1, 0.0730491
66.825, 1, 0.0729383
66.85, 1, 0.0728285
66.875, 1, 0.0726899
66.9, 1, 0.0726899
66.925, 1, 0.0726899
66.95, 1, 0.0726899
66.975, 1, 0.0726372
67, 1, 0.0725349
67.025, 1, 0.0723744
67.05, 1, 0.0723744
67.075, 1, 0.0722663
67.1, 1, 0.0722663
67.125, 1, 0.0722663
67.15, 1, 0.0720868
67.175, 1, 0.0718572
67.2, 1, 0.071605
67.225, 1, 0.071605
67.25, 1, 0.071605
67.275, 1, 0.071605
67.3, 1, 0.071605
67.325, 1, 0.0713508
67.35, 1, 0.0710617
67.375, 1, 0.0706969
67.4, 1, 0.0706969
67.425, 1, 0.0706969
67.45, 1, 0.0706969
67.475, 1, 0.0706969
67.5, 1, 0.0706969
67.525, 1, 0.0705505
67.55, 1, 0.0704413
67.575, 1, 0.0704413
67.6, 1, 0.0704413
67.625, 1, 0.0703184
67.65, 1, 0.0701779
67.675, 1, 0.0700246
67.7, 1, 0.0698582
67.725, 1, 0.0698582
67.75, 1, 0.0698582
67.775, 1, 0.0698582
67.8, 1, 0.0697082
67.825, 1, 0.0697082
67.85, 1, 0.0695689
67.875, 1, 0.0694423
67.9, 1, 0.0693237
67.925, 1, 0.0692096
67.95, 1, 0.0690988
67.975, 1, 0.0690988
68, 1, 0.0689916
68.025, 1, 0.0688894
68.05, 1, 0.0688894
68.075, 1, 0.0688894
68.1, 1, 0.0687887
68.125, 1, 0.0687887
68.15, 1, 0.0686566
68.175, 1, 0.0684813
68.2, 1, 0.0682337
68.225, 1, 0.0682337
68.25, 1, 0.0682337
68.275, 1, 0.0680819
68.3, 1, 0.0680819
68.325, 1, 0.0680819
68.35, 1, 0.0679292
68.375, 1, 0.0679292
68.4, 1, 0.0675744
68.425, 1, 0.0675744
68.45, 1, 0.0675744
68.475, 1, 0.0671993
68.5, 1, 0.0671993
68.525, 1, 0.0671993
68.55, 1, 0.0671993
68.575, 1, 0.0671993
68.6, 1, 0.0668957
68.625, 1, 0.0666494
68.65, 1, 0.0666494
68.675, 1, 0.0666494
68.7, 1, 0.0663915
68.725, 1, 0.0661774
68.75, 1, 0.0661774
68.775, 1, 0.0661774
68.8, 1, 0.0661774
68.825, 1, 0.0661774
68.85, 1, 0.0659171
68.875, 1, 0.0659171
68.9, 1, 0.0655496
68.925, 1, 0.0655496
68.95, 1, 0.0651626
68.975, 1, 0.0651626
69, 1, 0.0651626
69.025, 1, 0.0647907
69.05, 1, 0.0647907
69.075, 1, 0.0647907
69.1, 1, 0.0647907
69.125, 1, 0.0647907
69.15, 1, 0.064444
69.175, 1, 0.0641277
69.2, 1, 0.0638409
69.225, 1, 0.0635762
69.25, 1, 0.0633309
69.275, 1, 0.0633309
69.3, 1, 0.0633309
69.325, 1, 0.063095
69.35, 1, 0.0628747
69.375, 1, 0.0628747
69.4, 1, 0.0626596
69.425, 1, 0.0626596
69.45, 1, 0.0624502
69.475, 1, 0.0622481
69.5, 1, 0.0622481
69.525, 1, 0.0622481
69.55, 1, 0.062017
69.575, 1, 0.0617381
69.6, 1, 0.0613853
69.625, 1, 0.0610253
69.65, 1, 0.0610253
69.675, 1, 0.0607588
69.7, 1, 0.0605714
69.725, 1, 0.0604534
69.75, 1, 0.0604534
69.775, 1, 0.0603272
69.8, 1, 0.0601073
69.825, 1, 0.0597282
69.85, 1, 0.0597282
69.875, 1, 0.0592841
69.9, 1, 0.0592841
69.925, 1, 0.0592841
69.95, 1, 0.059026
69.975, 1, 0.0588773
70, 1, 0.0588807
70.025, 1, 0.0589395
70.05, 1, 0.0589395
70.075, 1, 0.0589395
70.1, 1, 0.0582474
70.125, 1, 0.0582474
70.15, 1, 0.0582474
70.175, 1, 0.0582474
70.2, 1, 0.0578528
70.225, 1, 0.0574756
70.25, 1, 0.0571651
70.275, 1, 0.0571651
70.3, 1, 0.0571651
70.325, 1, 0.0569129
70.35, 1, 0.0569129
70.375, 1, 0.0569129
70.4, 1, 0.05661
70.425, 1, 0.05661
70.45, 1, 0.05661
70.475, 1, 0.05661
70.5, 1, 0.05661
70.525, 1, 0.05661
70.55, 1, 0.05661
70.575, 1, 0.05661
70.6, 1, 0.05661
70.625, 1, 0.056636
70.65, 1, 0.056636
70.675, 1, 0.0577482
70.7, 1, 0.0577482
70.725, 1, 0.0577482
70.75, 1, 0.0577482
70.775, 1, 0.0577482
70.8, 1, 0.0587686
70.825, 1, 0.0587686
70.85, 1, 0.0587686
70.875, 1, 0.0587686
70.9, 1, 0.0587686
70.925, 1, 0.0587686
70.95, 1, 0.0600819
70.975, 1, 0.0617273
71, 1, 0.0636524
71.025, 1, 0.0636524
71.05, 1, 0.0636524
71.075, 1, 0.0636524
71.1, 1, 0.0636524
71.125, 1, 0.0636524
71.15, 1, 0.0636524
71.175, 1, 0.0636524
71.2, 1, 0.0654187
71.225, 1, 0.0654187
71.25, 1, 0.0654187
71.275, 1, 0.067081
71.3, 1, 0.0686571
71.325, 1, 0.0686571
71.35, 1, 0.0700524
71.375, 1, 0.0712313
71.4, 1, 0.0712313
71.425, 1, 0.0721798
71.45, 1, 0.0721798
71.475, 1, 0.0721798
71.5, 1, 0.0731002
71.525, 1, 0.0731002
71.55, 1, 0.0739671
71.575, 1, 0.0748167
71.6, 1, 0.0748167
71.625, 1, 0.0748167
71.65, 1, 0.0756629
71.675, 1, 0.07649
71.7, 1, 0.0772946
71.725, 1, 0.0772946
71.75, 1, 0.0780732
71.775, 1, 0.07883
71.8, 1, 0.07883
71.825, 1, 0.0795612
71.85, 1, 0.0795612
71.875, 1, 0.0795612
71.9, 1, 0.0802585
71.925, 1, 0.0802585
71.95, 1, 0.0802585
71.975, 1, 0.0802585
72, 1, 0.0809232
72.025, 1, 0.0815529
72.05, 1, 0.0815529
72.075, 1, 0.0815529
72.1, 1, 0.0815529
72.125, 1, 0.0815529
72.15, 1, 0.0815529
72.175, 1, 0.0815529
72.2, 1, 0.0815529
72.225, 1, 0.0820706
72.25, 1, 0.0825563
72.275, 1, 0.0825563
72.3, 1, 0.0830384
72.325, 1, 0.083496
72.35, 1, 0.0838994
72.375, 1, 0.0842333
72.4, 1, 0.0844937
72.425, 1, 0.0844937
72.45, 1, 0.0846525
72.475, 1, 0.0846525
72.5, 1, 0.0848921
72.525, 1, 0.0851785
72.55, 1, 0.0851785
72.575, 1, 0.0854251
72.6, 1, 0.0854251
72.625, 1, 0.0856692
72.65, 1, 0.085895
72.675, 1, 0.0860874
72.7, 1, 0.0860874
72.725, 1, 0.0862693
72.75, 1, 0.0862693
72.775, 1, 0.0862693
72.8, 1, 0.0862693
72.825, 1, 0.0862693
72.85, 1, 0.0862693
72.875, 1, 0.0862693
72.9, 1, 0.0865699
72.925, 1, 0.0868431
72.95, 1, 0.0868431
72.975, 1, 0.0868431
73, 1, 0.0870676
73.025, 1, 0.0872355
73.05, 1, 0.0872355
73.075, 1, 0.0872355
73.1, 1, 0.0872355
73.125, 1, 0.0872355
73.15, 1, 0.0872355
73.175, 1, 0.0873258
73.2, 1, 0.087303
73.225, 1, 0.087303
73.25, 1, 0.087303
73.275, 1, 0.0872521
73.3, 1, 0.0871993
73.325, 1, 0.0871993
73.35, 1, 0.0871993
73.375, 1, 0.0871671
73.4, 1, 0.0871671
73.425, 1, 0.0871671
73.45, 1, 0.0871674
73.475, 1, 0.0871674
73.5, 1, 0.0871674
73.525, 1, 0.0871674
73.55, 1, 0.0872206
73.575, 1, 0.0873616
73.6, 1, 0.0875828
73.625, 1, 0.0878342
73.65, 1, 0.0878342
73.675, 1, 0.0878342
73.7, 1, 0.0880278
73.725, 1, 0.0882046
73.75, 1, 0.0884058
73.775, 1, 0.0884058
73.8, 1, 0.0884058
73.825, 1, 0.0884058
73.85, 1, 0.088528
73.875, 1, 0.088528
73.9, 1, 0.088528
73.925, 1, 0.0886653
73.95, 1, 0.0886653
73.975, 1, 0.0886653
74, 1, 0.0886653
74.025, 1, 0.0886653
74.05, 1, 0.0886653
74.075, 1, 0.0886653
74.1, 1, 0.0886653
74.125, 1, 0.0886653
74.15, 1, 0.0886653
74.175, 1, 0.0886653
74.2, 1, 0.0886653
74.225, 1, 0.0886653
74.25, 1, 0.0886653
74.275, 1, 0.0886653
74.3, 1, 0.0888919
74.325, 1, 0.0891144
74.35, 1, 0.0893506
74.375, 1, 0.0895954
74.4, 1, 0.0895954
74.425, 1, 0.0895954
74.45, 1, 0.0895954
74.475, 1, 0.0895954
74.5, 1, 0.0895954
74.525, 1, 0.0898313
74.55, 1, 0.0898313
74.575, 1, 0.0900575
74.6, 1, 0.0902743
74.625, 1, 0.0904806
74.65, 1, 0.0904806
74.675, 1, 0.0906791
74.7, 1, 0.0908718
74.725, 1, 0.0908718
74.75, 1, 0.0910565
74.775, 1, 0.0912322
74.8, 1, 0.0912322
74.825, 1, 0.0913999
74.85, 1, 0.0913999
74.875, 1, 0.0913999
74.9, 1, 0.0913999
74.925, 1, 0.0915777
74.95, 1, 0.0917416
74.975, 1, 0.0917416
75, 1, 0.0917416
75.025, 1, 0.0917416
75.05, 1, 0.0917416
75.075, 1, 0.0917416
75.1, 1, 0.0919227
75.125, 1, 0.0919227
75.15, 1, 0.0921025
75.175, 1, 0.0922808
75.2, 1, 0.0922808
75.225, 1, 0.0922808
75.25, 1, 0.092417
75.275, 1, 0.0925455
75.3, 1, 0.0926786
75.325, 1, 0.0927917
75.35, 1, 0.0927917
75.375, 1, 0.0927917
75.4, 1, 0.0927354
75.425, 1, 0.0927354
75.45, 1, 0.0927354
75.475, 1, 0.0927436
75.5, 1, 0.0927671
75.525, 1, 0.0927671
75.55, 1, 0.0927671
75.575, 1, 0.092788
75.6, 1, 0.092788
75.625, 1, 0.092788
75.65, 1, 0.092788
75.675, 1, 0.0928144
75.7, 1, 0.0928144
75.725, 1, 0.0928539
75.75, 1, 0.0928539
75.775, 1, 0.0928539
75.8, 1, 0.0928899
75.825, 1, 0.0928899
75.85, 1, 0.0928994
75.875, 1, 0.0928994
75.9, 1, 0.0928994
75.925, 1, 0.0928766
75.95, 1, 0.0928401
75.975, 1, 0.0928401
76, 1, 0.0928069
76.025, 1, 0.0928069
76.05, 1, 0.0927642
76.075, 1, 0.0927642
76.1, 1, 0.0927642
76.125, 1, 0.0926945
76.15, 1, 0.0926945
76.175, 1, 0.0926945
76.2, 1, 0.0926107
76.225, 1, 0.0925098
76.25, 1, 0.0925098
76.275, 1, 0.0924041
76.3, 1, 0.0924041
76.325, 1, 0.0924041
76.35, 1, 0.0923017
76.375, 1, 0.0923017
76.4, 1, 0.0923017
76.425, 1, 0.0923017
76.45, 1, 0.0923017
76.475, 1, 0.0923017
76.5, 1, 0.0921861
76.525, 1, 0.0921861
76.55, 1, 0.0920885
76.575, 1, 0.0920306
76.6, 1, 0.0920306
76.625, 1, 0.0920306
76.65, 1, 0.0919692
76.675, 1, 0.0918941
76.7, 1, 0.0918941
76.725, 1, 0.0918941
76.75, 1, 0.0918941
76.775, 1, 0.0918941
76.8, 1, 0.091837
76.825, 1, 0.0917824
76.85, 1, 0.0917824
76.875, 1, 0.0917824
76.9, 1, 0.0916824
76.925, 1, 0.0915505
76.95, 1, 0.0915505
76.975, 1, 0.0914229
77, 1, 0.0914229
77.025, 1, 0.0914229
77.05, 1, 0.0914229
77.075, 1, 0.0914229
77.1, 1, 0.0913685
77.125, 1, 0.0913685
77.15, 1, 0.0913343
77.175, 1, 0.0913343
77.2, 1, 0.0912957
77.225, 1, 0.0912957
77.25, 1, 0.0912957
77.275, 1, 0.0912445
77.3, 1, 0.0911646
77.325, 1, 0.0910396
77.35, 1, 0.0908758
77.375, 1, 0.0908758
77.4, 1, 0.0908758
77.425, 1, 0.0908758
77.45, 1, 0.0908758
77.475, 1, 0.0908758
77.5, 1, 0.0906908
77.525, 1, 0.090445
77.55, 1, 0.0901493
77.575, 1, 0.0901493
77.6, 1, 0.0901493
77.625, 1, 0.0901493
77.65, 1, 0.0898451
77.675, 1, 0.0895695
77.7, 1, 0.0895695
77.725, 1, 0.0892868
77.75, 1, 0.0892868
77.775, 1, 0.0892868
77.8, 1, 0.0892868
77.825, 1, 0.0890462
77.85, 1, 0.0890462
77.875, 1, 0.0888475
77.9, 1, 0.0886912
77.925, 1, 0.0886912
77.95, 1, 0.0886912
77.975, 1, 0.0886912
78, 1, 0.088539
78.025, 1, 0.088539
78.05, 1, 0.088539
78.075, 1, 0.0883234
78.1, 1, 0.0880617
78.125, 1, 0.0880617
78.15, 1, 0.0878135
78.175, 1, 0.0875788
78.2, 1, 0.0873371
78.225, 1, 0.0873371
78.25, 1, 0.0870943
78.275, 1, 0.0868781
78.3, 1, 0.0868781
78.325, 1, 0.0866229
78.35, 1, 0.0866229
78.375, 1, 0.0866229
78.4, 1, 0.0866229
78.425, 1, 0.0866115
78.45, 1, 0.0866115
78.475, 1, 0.0866172
78.5, 1, 0.0866172
78.525, 1, 0.086623
78.55, 1, 0.086623
78.575, 1, 0.0866102
78.6, 1, 0.0865634
78.625, 1, 0.0864718
78.65, 1, 0.0864718
78.675, 1, 0.0864718
78.7, 1, 0.0864718
78.725, 1, 0.0864069
78.75, 1, 0.0863464
78.775, 1, 0.0863464
78.8, 1, 0.0863464
78.825, 1, 0.0863464
78.85, 1, 0.0862857
78.875, 1, 0.0862174
78.9, 1, 0.0861399
78.925, 1, 0.0861399
78.95, 1, 0.0861399
78.975, 1, 0.0860462
79, 1, 0.0859333
79.025, 1, 0.0859333
79.05, 1, 0.0859333
79.075, 1, 0.0859333
79.1, 1, 0.0859333
79.125, 1, 0.0858519
79.15, 1, 0.0858519
79.175, 1, 0.0858519
79.2, 1, 0.0857168
79.225, 1, 0.0857168
79.25, 1, 0.0855013
79.275, 1, 0.0851843
79.3, 1, 0.0851843
79.325, 1, 0.0851843
79.35, 1, 0.0851843
79.375, 1, 0.0851843
79.4, 1, 0.0851843
79.425, 1, 0.0848853
79.45, 1, 0.0848853
79.475, 1, 0.0848853
79.5, 1, 0.0844904
79.525, 1, 0.0844904
79.55, 1, 0.0844904
79.575, 1, 0.0844904
79.6, 1, 0.0842412
79.625, 1, 0.0842412
79.65, 1, 0.0840023
79.675, 1, 0.0840023
79.7, 1, 0.0840023
79.725, 1, 0.083716
79.75, 1, 0.0832873
79.775, 1, 0.0832873
79.8, 1, 0.0832873
79.825, 1, 0.0832873
79.85, 1, 0.0832873
79.875, 1, 0.0830997
79.9, 1, 0.0829796
79.925, 1, 0.0829796
79.95, 1, 0.0827697
79.975, 1, 0.0825445
80, 1, 0.0825445
80.025, 1, 0.0822062
80.05, 1, 0.0822062
80.075, 1, 0.0822062
80.1, 1, 0.0817398
80.125, 1, 0.0810871
80.15, 1, 0.0810871
80.175, 1, 0.0803514
80.2, 1, 0.0795625
80.225, 1, 0.0795625
80.25, 1, 0.0795625
80.275, 1, 0.0785859
80.3, 1, 0.0785859
80.325, 1, 0.0775795
80.35, 1, 0.0775795
80.375, 1, 0.0775795
80.4, 1, 0.0775795
80.425, 1, 0.0766167
80.45, 1, 0.0760552
80.475, 1, 0.0758225
80.5, 1, 0.0758225
80.525, 1, 0.0757753
80.55, 1, 0.0760514
80.575, 1, 0.0760514
80.6, 1, 0.0764089
80.625, 1, 0.0764089
80.65, 1, 0.0764089
80.675, 1, 0.0767531
80.7, 1, 0.0767531
80.725, 1, 0.0771586
80.75, 1, 0.0777905
80.775, 1, 0.0777905
80.8, 1, 0.0784053
80.825, 1, 0.0784053
80.85, 1, 0.0790021
80.875, 1, 0.0796701
80.9, 1, 0.0796701
80.925, 1, 0.0803187
80.95, 1, 0.0810772
80.975, 1, 0.0819641
81, 1, 0.0819641
81.025, 1, 0.0819641
81.05, 1, 0.0819641
81.075, 1, 0.0828064
81.1, 1, 0.0836628
81.125, 1, 0.0845303
81.15, 1, 0.0845303
81.175, 1, 0.0845303
81.2, 1, 0.0854021
81.225, 1, 0.0862683
81.25, 1, 0.0871511
81.275, 1, 0.0871511
81.3, 1, 0.0879584
81.325, 1, 0.0887411
81.35, 1, 0.0894928
81.375, 1, 0.0894928
81.4, 1, 0.0902116
81.425, 1, 0.0902116
81.45, 1, 0.0908993
81.475, 1, 0.0915667
81.5, 1, 0.0915667
81.525, 1, 0.0915667
81.55, 1, 0.0915667
81.575, 1, 0.0922268
81.6, 1, 0.0922268
81.625, 1, 0.0927967
81.65, 1, 0.0927967
81.675, 1, 0.0927967
81.7, 1, 0.0933315
81.725, 1, 0.0933315
81.75, 1, 0.0933315
81.775, 1, 0.0933315
81.8, 1, 0.0938851
81.825, 1, 0.0944056
81.85, 1, 0.0948916
81.875, 1, 0.0948916
81.9, 1, 0.0948916
81.925, 1, 0.0948916
81.95, 1, 0.0948916
81.975, 1, 0.0948916
82, 1, 0.0948916
82.025, 1, 0.0948916
82.05, 1, 0.0948916
82.075, 1, 0.0953806
82.1, 1, 0.0953806
82.125, 1, 0.0958477
82.15, 1, 0.0962841
82.175, 1, 0.0962841
82.2, 1, 0.096668
82.225, 1, 0.0969954
82.25, 1, 0.0969954
82.275, 1, 0.0973338
82.3, 1, 0.0973338
82.325, 1, 0.0973338
82.35, 1, 0.0976675
82.375, 1, 0.0976675
82.4, 1, 0.0976675
82.425, 1, 0.0976675
82.45, 1, 0.097941
82.475, 1, 0.097941
82.5, 1, 0.0981913
82.525, 1, 0.0984403
82.55, 1, 0.0986933
82.575, 1, 0.0986933
82.6, 1, 0.0986933
82.625, 1, 0.0986933
82.65, 1, 0.0986933
82.675, 1, 0.0989644
82.7, 1, 0.099216
82.725, 1, 0.0994425
82.75, 1, 0.0994425
82.775, 1, 0.0994425
82.8, 1, 0.0996785
82.825, 1, 0.0996785
82.85, 1, 0.0996785
82.875, 1, 0.0999186
82.9, 1, 0.0999186
82.925, 1, 0.0999186
82.95, 1, 0.0999186
82.975, 1, 0.0999186
83, 1, 0.10015
83.025, 1, 0.10015
83.05, 1, 0.100376
83.075, 1, 0.100376
83.1, 1, 0.100376
83.125, 1, 0.100596
83.15, 1, 0.100596
83.175, 1, 0.100596
83.2, 1, 0.100809
83.225, 1, 0.100809
83.25, 1, 0.100809
83.275, 1, 0.101011
83.3, 1, 0.101011
83.325, 1, 0.101011
83.35, 1, 0.101011
83.375, 1, 0.101011
83.4, 1, 0.101207
83.425, 1, 0.101207
83.45, 1, 0.101398
83.475, 1, 0.101583
83.5, 1, 0.101583
83.525, 1, 0.101583
83.55, 1, 0.101757
83.575, 1, 0.101912
83.6, 1, 0.101912
83.625, 1, 0.102039
83.65, 1, 0.102152
83.675, 1, 0.102152
83.7, 1, 0.102283
83.725, 1, 0.102425
83.75, 1, 0.102425
83.775, 1, 0.102554
83.8, 1, 0.102554
83.825, 1, 0.102554
83.85, 1, 0.102666
83.875, 1, 0.102666
83.9, 1, 0.102743
83.925, 1, 0.102743
83.95, 1, 0.102743
83.975, 1, 0.102743
84, 1, 0.102864
84.025, 1, 0.102993
84.05, 1, 0.102993
84.075, 1, 0.103099
84.1, 1, 0.103137
84.125, 1, 0.103137
84.15, 1, 0.10304
84.175, 1, 0.102821
84.2, 1, 0.102821
84.225, 1, 0.102609
84.25, 1, 0.102609
84.275, 1, 0.102428
84.3, 1, 0.102428
84.325, 1, 0.102428
84.35, 1, 0.102229
84.375, 1, 0.102007
84.4, 1, 0.102007
84.425, 1, 0.102007
84.45, 1, 0.102007
84.475, 1, 0.101796
84.5, 1, 0.101796
84.525, 1, 0.101592
84.55, 1, 0.101592
84.575, 1, 0.101592
84.6, 1, 0.101592
84.625, 1, 0.101592
84.65, 1, 0.101396
84.675, 1, 0.101222
84.7, 1, 0.101222
84.725, 1, 0.101053
84.75, 1, 0.100895
84.775, 1, 0.100895
84.8, 1, 0.100895
84.825, 1, 0.100895
84.85, 1, 0.100895
84.875, 1, 0.100895
84.9, 1, 0.100739
84.925, 1, 0.100739
84.95, 1, 0.100739
84.975, 1, 0.100589
85, 1, 0.100589
85.025, 1, 0.100442
85.05, 1, 0.100442
85.075, 1, 0.100442
85.1, 1, 0.100314
85.125, 1, 0.100193
85.15, 1, 0.100193
85.175, 1, 0.100036
85.2, 1, 0.100036
85.225, 1, 0.100036
85.25, 1, 0.100036
85.275, 1, 0.100036
85.3, 1, 0.0999145
85.325, 1, 0.099789
85.35, 1, 0.099789
85.375, 1, 0.099789
85.4, 1, 0.099789
85.425, 1, 0.099639
85.45, 1, 0.099639
85.475, 1, 0.099639
85.5, 1, 0.099639
85.525, 1, 0.099639
85.55, 1, 0.099639
85.575, 1, 0.099639
85.6, 1, 0.099639
85.625, 1, 0.0995346
85.65, 1, 0.0995346
85.675, 1, 0.0994373
85.7, 1, 0.0993435
85.725, 1, 0.0993435
85.75, 1, 0.0993435
85.775, 1, 0.0993435
85.8, 1, 0.0993435
85.825, 1, 0.0993435
85.85, 1, 0.0993435
85.875, 1, 0.099281
85.9, 1, 0.099281
85.925, 1, 0.099224
85.95, 1, 0.099224
85.975, 1, 0.099224
86, 1, 0.099224
86.025, 1, 0.0991773
86.05, 1, 0.0991345
86.075, 1, 0.0991345
86.1, 1, 0.0991345
86.125, 1, 0.0991345
86.15, 1, 0.0990869
86.175, 1, 0.0990869
86.2, 1, 0.0990869
86.225, 1, 0.0990362
86.25, 1, 0.0989899
86.275, 1, 0.0989899
86.3, 1, 0.0989899
86.325, 1, 0.0989899
86.35, 1, 0.0989448
86.375, 1, 0.0989448
86.4, 1, 0.0988845
86.425, 1, 0.0987763
86.45, 1, 0.0986101
86.475, 1, 0.0986101
86.5, 1, 0.0986101
86.525, 1, 0.0985498
86.55, 1, 0.0985122
86.575, 1, 0.0985122
86.6, 1, 0.0984456
86.625, 1, 0.0984456
86.65, 1, 0.0984456
86.675, 1, 0.0984456
86.7, 1, 0.098399
86.725, 1, 0.0983237
86.75, 1, 0.0982371
86.775, 1, 0.0982371
86.8, 1, 0.0981729
86.825, 1, 0.0981729
86.85, 1, 0.0981729
86.875, 1, 0.0981729
86.9, 1, 0.0981729
86.925, 1, 0.0981729
86.95, 1, 0.0981729
86.975, 1, 0.0981238
87, 1, 0.0980561
87.025, 1, 0.0980561
87.05, 1, 0.0980561
87.075, 1, 0.0980561
87.1, 1, 0.0980561
87.125, 1, 0.0980561
87.15, 1, 0.0980561
87.175, 1, 0.0980025
87.2, 1, 0.0980025
87.225, 1, 0.0979514
87.25, 1, 0.0979514
87.275, 1, 0.0979038
87.3, 1, 0.0979038
87.325, 1, 0.097862
87.35, 1, 0.0978256
87.375, 1, 0.0977947
87.4, 1, 0.0977709
87.425, 1, 0.0977546
87.45, 1, 0.0977449
87.475, 1, 0.0977449
87.5, 1, 0.0977361
87.525, 1, 0.0977361
87.55, 1, 0.0977361
87.575, 1, 0.0977361
87.6, 1, 0.0977361
87.625, 1, 0.0977361
87.65, 1, 0.0977314
87.675, 1, 0.0977314
87.7, 1, 0.0977314
87.725, 1, 0.0977314
87.75, 1, 0.097703
87.775, 1, 0.097703
87.8, 1, 0.097703
87.825, 1, 0.097703
87.85, 1, 0.0976893
87.875, 1, 0.0976893
87.9, 1, 0.0976893
87.925, 1, 0.0976945
87.95, 1, 0.0976945
87.975, 1, 0.0976945
88, 1, 0.0976746
88.025, 1, 0.0976746
88.05, 1, 0.0976746
88.075, 1, 0.0976746
88.1, 1, 0.0976746
88.125, 1, 0.0976746
88.15, 1, 0.0976746
88.175, 1, 0.0976746
88.2, 1, 0.0976746
88.225, 1, 0.097782
88.25, 1, 0.0978828
88.275, 1, 0.0979742
88.3, 1, 0.0979742
88.325, 1, 0.0980674
88.35, 1, 0.0980674
88.375, 1, 0.0981372
88.4, 1, 0.0981372
88.425, 1, 0.0981372
88.45, 1, 0.0981372
88.475, 1, 0.0981372
88.5, 1, 0.098264
88.525, 1, 0.0983886
88.55, 1, 0.0985093
88.575, 1, 0.0985093
88.6, 1, 0.0985093
88.625, 1, 0.0986211
88.65, 1, 0.0987284
88.675, 1, 0.0987284
88.7, 1, 0.0987284
88.725, 1, 0.0987284
88.75, 1, 0.0987284
88.775, 1, 0.0987284
88.8, 1, 0.0987284
88.825, 1, 0.0988324
88.85, 1, 0.0989378
88.875, 1, 0.0989378
88.9, 1, 0.0989378
88.925, 1, 0.0989378
88.95, 1, 0.0989378
88.975, 1, 0.0989378
89, 1, 0.0990688
89.025, 1, 0.0991955
89.05, 1, 0.0991955
89.075, 1, 0.0991955
89.1, 1, 0.0991955
89.125, 1, 0.0991955
89.15, 1, 0.0991955
89.175, 1, 0.099282
89.2, 1, 0.099282
89.225, 1, 0.099282
89.25, 1, 0.099282
89.275, 1, 0.099282
89.3, 1, 0.0993665
89.325, 1, 0.0994485
89.35, 1, 0.0994485
89.375, 1, 0.0994485
89.4, 1, 0.0994465
89.425, 1, 0.0994465
89.45, 1, 0.0994465
89.475, 1, 0.0994465
89.5, 1, 0.0994465
89.525, 1, 0.0994465
89.55, 1, 0.0994465
89.575, 1, 0.0994465
89.6, 1, 0.0994469
89.625, 1, 0.0994469
89.65, 1, 0.0994078
89.675, 1, 0.0994078
89.7, 1, 0.099342
89.725, 1, 0.0992865
89.75, 1, 0.0992865
89.775, 1, 0.0992322
89.8, 1, 0.0992322
89.825, 1, 0.0992322
89.85, 1, 0.0992322
89.875, 1, 0.0992322
89.9, 1, 0.0992322
89.925, 1, 0.0992322
89.95, 1, 0.0992322
89.975, 1, 0.0992322
