0, 8.0424, -2.69178
0.025, 8.0424, -2.69178
0.05, 1.62602, -0.162617
0.075, 1.9354, -0.162479
0.1, 1.9354, -0.162479
0.125, 1.9354, -0.162479
0.15, 1.9354, -0.162479
0.175, 0.0103174, -0.163337
0.2, 0.0103174, -0.163337
0.225, 0.0103174, -0.163337
0.25, 0.0103174, -0.163337
0.275, 0.0103174, -0.163337
0.3, 0.0968871, -0.163299
0.325, 0.0968871, -0.163299
0.35, 0.13665, -0.163285
0.375, 0.13665, -0.163285
0.4, 0.13665, -0.163285
0.425, 0.13665, -0.163285
0.45, 0.13665, -0.163285
0.475, 0.13665, -0.163285
0.5, 0.13665, -0.163285
0.525, 0.13665, -0.163285
0.55, 0.474286, -0.163425
0.575, 0.627986, -0.163868
0.6, 0.787225, -0.164508
0.625, 0.787225, -0.164508
0.65, 0.787225, -0.164508
0.675, 1.27495, -0.168763
0.7, 1.27495, -0.168763
0.725, 1.27495, -0.168763
0.75, 1.27495, -0.168763
0.775, 1.27495, -0.168763
0.8, 2.12473, -0.202006
0.825, 2.12473, -0.202006
0.85, 2.12473, -0.202006
0.875, 2.12473, -0.202006
0.9, 2.12473, -0.202006
0.925, 2.12473, -0.202006
0.95, 2.12473, -0.202006
0.975, 5.88165, -1.50422
1, 5.88165, -1.50422
1.025, 5.88165, -1.50422
1.05, 5.88165, -1.50422
1.075, 5.88165, -1.50422
1.1, 5.83451, -1.53175
1.125, 5.35487, -0.979806
1.15, 5.35487, -0.979806
1.175, 5.35487, -0.979806
1.2, 5.35487, -0.979806
1.225, 5.35487, -0.979806
1.25, 5.35487, -0.979806
1.275, 5.35487, -0.979806
1.3, 0.930217, -1.9835
1.325, 2.2576, -1.72786
1.35, 2.50172, -1.68472
1.375, 2.50172, -1.68472
1.4, 2.50172, -1.68472
1.425, 2.50172, -1.68472
1.45, 1.72275, -1.77799
1.475, 1.72367, -1.77787
1.5, 1.72367, -1.77787
1.525, 1.97386, -1.74874
1.55, 2.1707, -1.72487
1.575, 2.30899, -1.70919
1.6, 2.30899, -1.70919
1.625, 2.27858, -1.71206
1.65, 2.27858, -1.71206
1.675, 2.27858, -1.71206
1.7, 2.342, -1.70691
1.725, 2.342, -1.70691
1.75, 2.342, -1.70691
1.775, 2.47571, -1.69549
1.8, 2.47571, -1.69549
1.825, 2.53869, -1.69008
1.85, 2.53869, -1.69008
1.875, 2.53869, -1.69008
1.9, 2.68155, -1.67859
1.925, 2.80105, -1.66811
1.95, 2.91737, -1.65743
1.975, 2.9888, -1.65016
2, 2.9888, -1.65016
2.025, 3.01259, -1.6477
2.05, 3.00355, -1.64851
2.075, 3.00355, -1.64851
2.1, 2.98094, -1.65028
2.125, 2.98094, -1.65028
2.15, 2.98094, -1.65028
2.175, 2.98094, -1.65028
2.2, 3.02517, -1.64416
2.225, 3.02517, -1.64416
2.25, 3.02517, -1.64416
2.275, 3.02399, -1.64433
2.3, 3.02399, -1.64433
2.325, 3.01754, -1.64498
2.35, 3.01754, -1.64498
2.375, 3.01754, -1.64498
2.4, 3.01322, -1.64279
2.425, 3.01322, -1.64279
2.45, 3.00228, -1.64168
2.475, 3.00228, -1.64168
2.5, 3.00395, -1.64267
2.525, 3.00409, -1.6427
2.55, 2.99829, -1.6421
2.575, 2.99829, -1.6421
2.6, 2.97822, -1.64158
2.625, 2.97822, -1.64158
2.65, 2.91051, -1.64133
2.675, 2.91051, -1.64133
2.7, 2.91632, -1.64138
2.725, 2.92753, -1.6415
2.75, 2.93698, -1.6416
2.775, 2.93698, -1.6416
2.8, 2.91481, -1.64142
2.825, 2.87741, -1.64174
2.85, 2.87741, -1.64174
2.875, 2.87741, -1.64174
2.9, 2.88048, -1.64236
2.925, 2.88048, -1.64236
2.95, 2.88048, -1.64236
2.975, 2.88048, -1.64236
3, 2.85233, -1.64418
3.025, 2.85233, -1.64418
3.05, 2.8452, -1.6449
3.075, 2.8452, -1.6449
3.1, 2.81638, -1.6469
3.125, 2.81638, -1.6469
3.15, 2.81638, -1.6469
3.175, 2.81638, -1.6469
3.2, 2.58707, -1.65791
3.225, 2.58707, -1.65791
3.25, 2.40319, -1.66688
3.275, 2.40319, -1.66688
3.3, 2.40319, -1.66688
3.325, 2.40319, -1.66688
3.35, 2.25194, -1.67346
3.375, 2.25194, -1.67346
3.4, 2.09923, -1.68018
3.425, 2.01412, -1.68398
3.45, 2.01412, -1.68398
3.475, 2.01412, -1.68398
3.5, 2.01412, -1.68398
3.525, 1.8713, -1.68971
3.55, 1.8713, -1.68971
3.575, 1.78582, -1.69299
3.6, 1.78582, -1.69299
3.625, 1.78582, -1.69299
3.65, 1.91497, -1.68788
3.675, 1.91497, -1.68788
3.7, 1.95642, -1.68624
3.725, 1.95642, -1.68624
3.75, 1.95642, -1.68624
3.775, 1.95642, -1.68624
3.8, 1.95107, -1.68644
3.825, 1.95107, -1.68644
3.85, 2.02126, -1.68376
3.875, 2.10436, -1.68061
3.9, 2.17512, -1.67793
3.925, 2.20457, -1.67686
3.95, 2.20019, -1.67701
3.975, 2.19024, -1.67736
4, 2.19024, -1.67736
4.025, 2.19024, -1.67736
4.05, 2.19024, -1.67736
4.075, 2.19024, -1.67736
4.1, 2.1907, -1.67724
4.125, 2.21222, -1.67631
4.15, 2.22492, -1.67576
4.175, 2.23516, -1.6753
4.2, 2.24469, -1.67484
4.225, 2.24469, -1.67484
4.25, 2.24469, -1.67484
4.275, 2.2349, -1.67412
4.3, 2.2349, -1.67412
4.325, 2.2349, -1.67412
4.35, 2.23138, -1.67403
4.375, 2.23138, -1.67403
4.4, 2.23257, -1.67461
4.425, 2.23257, -1.67461
4.45, 2.21378, -1.67306
4.475, 2.21378, -1.67306
4.5, 2.21378, -1.67306
4.525, 2.14046, -1.67305
4.55, 2.14046, -1.67305
4.575, 2.14206, -1.67306
4.6, 2.16813, -1.67388
4.625, 2.16813, -1.67388
4.65, 2.18296, -1.6747
4.675, 2.18018, -1.67465
4.7, 2.18018, -1.67465
4.725, 2.18018, -1.67465
4.75, 2.09441, -1.67405
4.775, 2.09441, -1.67405
4.8, 2.09441, -1.67405
4.825, 2.11171, -1.67422
4.85, 2.11171, -1.67422
4.875, 2.11171, -1.67422
4.9, 2.11448, -1.67436
4.925, 2.13669, -1.67458
4.95, 2.1572, -1.6748
4.975, 2.1572, -1.6748
5, 2.16547, -1.67524
5.025, 2.18611, -1.67587
5.05, 2.20661, -1.67671
5.075, 2.20661, -1.67671
5.1, 2.21327, -1.67745
5.125, 2.22485, -1.67784
5.15, 2.22485, -1.67784
5.175, 2.22485, -1.67784
5.2, 2.22485, -1.67784
5.225, 2.22485, -1.67784
5.25, 2.22485, -1.67784
5.275, 2.21438, -1.67844
5.3, 2.21438, -1.67844
5.325, 2.21212, -1.67868
5.35, 2.21212, -1.67868
5.375, 2.21212, -1.67868
5.4, 2.17762, -1.68066
5.425, 2.12511, -1.68329
5.45, 2.12511, -1.68329
5.475, 2.12511, -1.68329
5.5, 2.12511, -1.68329
5.525, 2.12511, -1.68329
5.55, 2.12511, -1.68329
5.575, 2.12511, -1.68329
5.6, 2.12511, -1.68329
5.625, 2.05472, -1.68554
5.65, 2.05472, -1.68554
5.675, 2.05472, -1.68554
5.7, 2.05472, -1.68554
5.725, 2.05472, -1.68554
5.75, 2.05472, -1.68554
5.775, 1.98344, -1.68743
5.8, 1.8885, -1.68997
5.825, 1.86308, -1.69064
5.85, 1.86308, -1.69064
5.875, 1.86308, -1.69064
5.9, 1.89118, -1.69
5.925, 2.02283, -1.68662
5.95, 2.02283, -1.68662
5.975, 2.02283, -1.68662
6, 2.02283, -1.68662
6.025, 2.02283, -1.68662
6.05, 2.03403, -1.68593
6.075, 2.03954, -1.68578
6.1, 2.02802, -1.68611
6.125, 2.07117, -1.6848
6.15, 2.14439, -1.68241
6.175, 2.18523, -1.68095
6.2, 2.18523, -1.68095
6.225, 2.19612, -1.68049
6.25, 2.19612, -1.68049
6.275, 2.20226, -1.68014
6.3, 2.20226, -1.68014
6.325, 2.20226, -1.68014
6.35, 2.20226, -1.68014
6.375, 2.20226, -1.68014
6.4, 2.20226, -1.68014
6.425, 2.22357, -1.67982
6.45, 2.22323, -1.67987
6.475, 2.22323, -1.67987
6.5, 2.22323, -1.67987
6.525, 2.22323, -1.67987
6.55, 2.22323, -1.67987
6.575, 2.22323, -1.67987
6.6, 2.17478, -1.67969
6.625, 2.17478, -1.67969
6.65, 2.17478, -1.67969
6.675, 2.17478, -1.67969
6.7, 2.18898, -1.67977
6.725, 2.1832, -1.67965
6.75, 2.1832, -1.67965
6.775, 2.1832, -1.67965
6.8, 2.1832, -1.67965
6.825, 2.13511, -1.67884
6.85, 2.13511, -1.67884
6.875, 2.13511, -1.67884
6.9, 2.13511, -1.67884
6.925, 2.13511, -1.67884
6.95, 2.13511, -1.67884
6.975, 2.12798, -1.67803
7, 2.12611, -1.678
7.025, 2.12611, -1.678
7.05, 2.11243, -1.67778
7.075, 2.11243, -1.67778
7.1, 2.11243, -1.67778
7.125, 2.11243, -1.67778
7.15, 2.1334, -1.67885
7.175, 2.17568, -1.67956
7.2, 2.20764, -1.68005
7.225, 2.23716, -1.68052
7.25, 2.2618, -1.68098
7.275, 2.26451, -1.68103
7.3, 2.25515, -1.68085
7.325, 2.25195, -1.68079
7.35, 2.25195, -1.68079
7.375, 2.25363, -1.68086
7.4, 2.25363, -1.68086
7.425, 2.25363, -1.68086
7.45, 2.25363, -1.68086
7.475, 2.25363, -1.68086
7.5, 2.25363, -1.68086
7.525, 2.25363, -1.68086
7.55, 2.21472, -1.68291
7.575, 2.21472, -1.68291
7.6, 2.21472, -1.68291
7.625, 2.21472, -1.68291
7.65, 2.21472, -1.68291
7.675, 2.20896, -1.68328
7.7, 2.20896, -1.68328
7.725, 2.20896, -1.68328
7.75, 2.20896, -1.68328
7.775, 2.14191, -1.68577
7.8, 2.14191, -1.68577
7.825, 2.14191, -1.68577
7.85, 2.14191, -1.68577
7.875, 2.14255, -1.68575
7.9, 2.14255, -1.68575
7.925, 2.14255, -1.68575
7.95, 2.14255, -1.68575
7.975, 2.14255, -1.68575
8, 2.14255, -1.68575
8.025, 2.14255, -1.68575
8.05, 2.14824, -1.68561
8.075, 2.14824, -1.68561
8.1, 2.14824, -1.68561
8.125, 2.09576, -1.68678
8.15, 2.09576, -1.68678
8.175, 2.09576, -1.68678
8.2, 2.07113, -1.68734
8.225, 2.10197, -1.68654
8.25, 2.10197, -1.68654
8.275, 2.10197, -1.68654
8.3, 2.11603, -1.68628
8.325, 2.14794, -1.68538
8.35, 2.14794, -1.68538
8.375, 2.14794, -1.68538
8.4, 2.14112, -1.68557
8.425, 2.14112, -1.68557
8.45, 2.16275, -1.68443
8.475, 2.16275, -1.68443
8.5, 2.14973, -1.68421
8.525, 2.15159, -1.68326
8.55, 2.15159, -1.68326
8.575, 2.15159, -1.68326
8.6, 2.15159, -1.68326
8.625, 2.16192, -1.68323
8.65, 2.1558, -1.6829
8.675, 2.1558, -1.6829
8.7, 2.10041, -1.68221
8.725, 2.03015, -1.68177
8.75, 2.03015, -1.68177
8.775, 2.03015, -1.68177
8.8, 2.03015, -1.68177
8.825, 2.03015, -1.68177
8.85, 2.03015, -1.68177
8.875, 2.03015, -1.68177
8.9, 2.03015, -1.68177
8.925, 2.03015, -1.68177
8.95, 2.03015, -1.68177
8.975, 2.03015, -1.68177
9, 2.03015, -1.68177
9.025, 2.03015, -1.68177
9.05, 2.01655, -1.68072
9.075, 2.00331, -1.68064
9.1, 2.00331, -1.68064
9.125, 1.97968, -1.68047
9.15, 2.00081, -1.68056
9.175, 2.00081, -1.68056
9.2, 2.00081, -1.68056
9.225, 2.00081, -1.68056
9.25, 2.00081, -1.68056
9.275, 2.00081, -1.68056
9.3, 2.00081, -1.68056
9.325, 2.02169, -1.67782
9.35, 2.05393, -1.67845
9.375, 2.05393, -1.67845
9.4, 2.05393, -1.67845
9.425, 2.05393, -1.67845
9.45, 2.05393, -1.67845
9.475, 2.05393, -1.67845
9.5, 2.0713, -1.67703
9.525, 2.09219, -1.6778
9.55, 2.09219, -1.6778
9.575, 2.09219, -1.6778
9.6, 2.09219, -1.6778
9.625, 2.09219, -1.6778
9.65, 2.09219, -1.6778
9.675, 2.09219, -1.6778
9.7, 2.09219, -1.6778
9.725, 2.10917, -1.67697
9.75, 2.10189, -1.6777
9.775, 2.10189, -1.6777
9.8, 2.10189, -1.6777
9.825, 2.10189, -1.6777
9.85, 2.06422, -1.67912
9.875, 2.06422, -1.67912
9.9, 2.06422, -1.67912
9.925, 2.06422, -1.67912
9.95, 2.06422, -1.67912
9.975, 2.06422, -1.67912
10, 2.06422, -1.67912
10.025, 2.06422, -1.67912
10.05, 2.06422, -1.67912
10.075, 2.04157, -1.68004
10.1, 2.04157, -1.68004
10.125, 2.04157, -1.68004
10.15, 2.08804, -1.67834
10.175, 2.08804, -1.67834
10.2, 2.10464, -1.6777
10.225, 2.10464, -1.6777
10.25, 2.1107, -1.67751
10.275, 2.1208, -1.6772
10.3, 2.1208, -1.6772
10.325, 2.1208, -1.6772
10.35, 2.12361, -1.67701
10.375, 2.12361, -1.67701
10.4, 2.12361, -1.67701
10.425, 2.12361, -1.67701
10.45, 2.12361, -1.67701
10.475, 2.12361, -1.67701
10.5, 2.12361, -1.67701
10.525, 2.13286, -1.67694
10.55, 2.13286, -1.67694
10.575, 2.13286, -1.67694
10.6, 2.10239, -1.67659
10.625, 2.10239, -1.67659
10.65, 2.09526, -1.67645
10.675, 2.09526, -1.67645
10.7, 2.09526, -1.67645
10.725, 2.09526, -1.67645
10.75, 2.033, -1.67564
10.775, 2.033, -1.67564
10.8, 2.033, -1.67564
10.825, 1.97416, -1.67565
10.85, 1.97416, -1.67565
10.875, 1.97416, -1.67565
10.9, 2.01696, -1.67607
10.925, 2.04038, -1.67637
10.95, 2.04733, -1.67643
10.975, 2.04733, -1.67643
11, 2.00129, -1.67612
11.025, 2.00129, -1.67612
11.05, 2.00129, -1.67612
11.075, 2.00129, -1.67612
11.1, 2.00129, -1.67612
11.125, 2.0264, -1.67675
11.15, 2.0264, -1.67675
11.175, 2.0264, -1.67675
11.2, 2.03908, -1.67716
11.225, 2.03908, -1.67716
11.25, 2.06176, -1.67754
11.275, 2.06176, -1.67754
11.3, 2.06176, -1.67754
11.325, 2.06176, -1.67754
11.35, 2.06176, -1.67754
11.375, 2.06176, -1.67754
11.4, 2.06176, -1.67754
11.425, 2.06176, -1.67754
11.45, 2.06176, -1.67754
11.475, 2.08137, -1.67618
11.5, 2.08137, -1.67618
11.525, 2.0914, -1.67753
11.55, 2.11903, -1.67865
11.575, 2.11903, -1.67865
11.6, 2.11482, -1.67838
11.625, 2.13144, -1.6789
11.65, 2.14684, -1.68012
11.675, 2.14109, -1.68212
11.7, 2.14109, -1.68212
11.725, 2.14109, -1.68212
11.75, 2.14109, -1.68212
11.775, 2.14109, -1.68212
11.8, 2.14109, -1.68212
11.825, 2.0882, -1.68375
11.85, 2.0882, -1.68375
11.875, 2.0882, -1.68375
11.9, 2.0882, -1.68375
11.925, 2.0882, -1.68375
11.95, 1.89032, -1.68844
11.975, 1.89032, -1.68844
12, 1.85847, -1.68917
12.025, 1.85847, -1.68917
12.05, 1.84047, -1.68956
12.075, 1.84047, -1.68956
12.1, 1.75192, -1.69132
12.125, 1.75192, -1.69132
12.15, 1.75192, -1.69132
12.175, 1.75192, -1.69132
12.2, 1.77148, -1.69096
12.225, 1.77148, -1.69096
12.25, 1.8342, -1.68973
12.275, 1.91409, -1.68808
12.3, 1.93212, -1.68772
12.325, 1.93212, -1.68772
12.35, 1.93212, -1.68772
12.375, 1.93212, -1.68772
12.4, 1.93212, -1.68772
12.425, 1.93212, -1.68772
12.45, 1.93075, -1.68773
12.475, 2.00912, -1.6853
12.5, 2.06405, -1.6835
12.525, 2.06405, -1.6835
12.55, 2.06405, -1.6835
12.575, 2.06077, -1.68392
12.6, 2.06861, -1.68359
12.625, 2.06861, -1.68359
12.65, 2.06861, -1.68359
12.675, 2.06861, -1.68359
12.7, 2.06861, -1.68359
12.725, 2.06861, -1.68359
12.75, 2.06861, -1.68359
12.775, 2.15046, -1.68303
12.8, 2.14963, -1.68295
12.825, 2.14963, -1.68295
12.85, 2.14963, -1.68295
12.875, 2.14963, -1.68295
12.9, 2.14963, -1.68295
12.925, 2.13718, -1.68269
12.95, 2.12288, -1.68227
12.975, 2.12288, -1.68227
13, 2.12288, -1.68227
13.025, 2.12288, -1.68227
13.05, 2.0698, -1.68135
13.075, 1.99781, -1.6804
13.1, 1.94767, -1.67982
13.125, 1.94767, -1.67982
13.15, 1.94767, -1.67982
13.175, 1.9813, -1.68047
13.2, 1.99673, -1.68072
13.225, 1.99673, -1.68072
13.25, 1.99081, -1.68062
13.275, 1.98923, -1.68061
13.3, 1.98923, -1.68061
13.325, 1.98923, -1.68061
13.35, 2.01502, -1.68141
13.375, 2.01502, -1.68141
13.4, 2.01502, -1.68141
13.425, 2.01502, -1.68141
13.45, 2.01502, -1.68141
13.475, 2.01502, -1.68141
13.5, 2.01709, -1.68031
13.525, 2.06258, -1.6813
13.55, 2.06258, -1.6813
13.575, 2.06258, -1.6813
13.6, 2.06258, -1.6813
13.625, 2.06258, -1.6813
13.65, 2.06258, -1.6813
13.675, 2.07316, -1.6793
13.7, 2.07316, -1.6793
13.725, 2.0824, -1.67967
13.75, 2.10593, -1.68071
13.775, 2.10593, -1.68071
13.8, 2.10593, -1.68071
13.825, 2.10593, -1.68071
13.85, 2.10593, -1.68071
13.875, 2.11018, -1.6805
13.9, 2.11384, -1.67997
13.925, 2.1174, -1.67865
13.95, 2.1174, -1.67865
13.975, 2.10286, -1.68013
14, 2.10286, -1.68013
14.025, 2.05091, -1.6822
14.05, 1.98741, -1.68442
14.075, 1.93661, -1.68612
14.1, 1.93661, -1.68612
14.125, 1.95177, -1.68562
14.15, 1.95177, -1.68562
14.175, 1.94655, -1.68579
14.2, 1.94655, -1.68579
14.225, 1.94655, -1.68579
14.25, 1.94655, -1.68579
14.275, 1.89725, -1.68697
14.3, 1.88758, -1.68721
14.325, 1.88758, -1.68721
14.35, 1.88618, -1.68725
14.375, 1.88618, -1.68725
14.4, 1.86996, -1.68759
14.425, 1.86996, -1.68759
14.45, 1.8527, -1.68793
14.475, 1.85768, -1.68782
14.5, 1.85768, -1.68782
14.525, 1.85768, -1.68782
14.55, 1.85768, -1.68782
14.575, 1.85653, -1.68775
14.6, 1.87182, -1.68725
14.625, 1.87182, -1.68725
14.65, 1.87182, -1.68725
14.675, 1.86916, -1.68733
14.7, 1.88033, -1.68696
14.725, 1.88033, -1.68696
14.75, 1.88033, -1.68696
14.775, 1.88112, -1.6868
14.8, 1.89027, -1.68622
14.825, 1.89027, -1.68622
14.85, 1.89027, -1.68622
14.875, 1.89244, -1.6864
14.9, 1.89244, -1.6864
14.925, 1.89244, -1.6864
14.95, 1.88596, -1.68618
14.975, 1.86966, -1.68565
15, 1.86966, -1.68565
15.025, 1.83774, -1.68509
15.05, 1.83774, -1.68509
15.075, 1.83774, -1.68509
15.1, 1.8147, -1.68499
15.125, 1.8147, -1.68499
15.15, 1.8147, -1.68499
15.175, 1.78475, -1.68482
15.2, 1.78475, -1.68482
15.225, 1.77848, -1.68477
15.25, 1.77848, -1.68477
15.275, 1.79266, -1.68496
15.3, 1.79266, -1.68496
15.325, 1.76739, -1.68462
15.35, 1.76739, -1.68462
15.375, 1.76739, -1.68462
15.4, 1.76739, -1.68462
15.425, 1.71314, -1.68419
15.45, 1.71314, -1.68419
15.475, 1.78148, -1.68489
15.5, 1.78148, -1.68489
15.525, 1.78148, -1.68489
15.55, 1.78884, -1.68528
15.575, 1.78884, -1.68528
15.6, 1.78884, -1.68528
15.625, 1.78884, -1.68528
15.65, 1.78884, -1.68528
15.675, 1.78884, -1.68528
15.7, 1.78884, -1.68528
15.725, 1.78884, -1.68528
15.75, 1.80854, -1.68346
15.775, 1.80854, -1.68346
15.8, 1.80854, -1.68346
15.825, 1.80854, -1.68346
15.85, 1.80854, -1.68346
15.875, 1.80871, -1.68341
15.9, 1.80871, -1.68341
15.925, 1.80871, -1.68341
15.95, 1.79762, -1.68436
15.975, 1.79338, -1.68503
16, 1.79338, -1.68503
16.025, 1.79134, -1.68524
16.05, 1.79134, -1.68524
16.075, 1.76558, -1.68634
16.1, 1.72963, -1.68753
16.125, 1.72963, -1.68753
16.15, 1.72963, -1.68753
16.175, 1.75872, -1.68679
16.2, 1.75872, -1.68679
16.225, 1.79772, -1.68574
16.25, 1.79772, -1.68574
16.275, 1.79772, -1.68574
16.3, 1.77798, -1.6861
16.325, 1.77798, -1.6861
16.35, 1.74462, -1.68676
16.375, 1.74462, -1.68676
16.4, 1.76617, -1.68629
16.425, 1.80753, -1.68535
16.45, 1.847, -1.68448
16.475, 1.847, -1.68448
16.5, 1.847, -1.68448
16.525, 1.847, -1.68448
16.55, 1.82627, -1.68463
16.575, 1.82627, -1.68463
16.6, 1.82627, -1.68463
16.625, 1.82627, -1.68463
16.65, 1.83151, -1.68449
16.675, 1.83151, -1.68449
16.7, 1.83151, -1.68449
16.725, 1.83147, -1.68449
16.75, 1.83147, -1.68449
16.775, 1.83776, -1.6843
16.8, 1.83776, -1.6843
16.825, 1.83776, -1.6843
16.85, 1.83776, -1.6843
16.875, 1.83776, -1.6843
16.9, 1.83776, -1.6843
16.925, 1.86599, -1.68402
16.95, 1.86599, -1.68402
16.975, 1.86599, -1.68402
17, 1.84783, -1.68384
17.025, 1.80908, -1.68336
17.05, 1.80908, -1.68336
17.075, 1.73206, -1.68295
17.1, 1.64359, -1.68248
17.125, 1.5776, -1.68216
17.15, 1.5776, -1.68216
17.175, 1.5776, -1.68216
17.2, 1.5776, -1.68216
17.225, 1.5776, -1.68216
17.25, 1.5776, -1.68216
17.275, 1.5776, -1.68216
17.3, 1.5776, -1.68216
17.325, 1.49298, -1.68001
17.35, 1.49298, -1.68001
17.375, 1.49298, -1.68001
17.4, 1.4863, -1.67995
17.425, 1.4863, -1.67995
17.45, 1.50989, -1.68005
17.475, 1.57521, -1.68021
17.5, 1.64697, -1.68048
17.525, 1.64697, -1.68048
17.55, 1.68484, -1.68119
17.575, 1.7349, -1.68173
17.6, 1.77001, -1.68215
17.625, 1.77001, -1.68215
17.65, 1.77001, -1.68215
17.675, 1.77001, -1.68215
17.7, 1.75725, -1.68178
17.725, 1.79702, -1.68207
17.75, 1.79702, -1.68207
17.775, 1.81984, -1.68387
17.8, 1.81984, -1.68387
17.825, 1.81984, -1.68387
17.85, 1.81984, -1.68387
17.875, 1.84227, -1.68168
17.9, 1.83991, -1.68161
17.925, 1.83844, -1.68156
17.95, 1.83844, -1.68156
17.975, 1.83844, -1.68156
18, 1.83844, -1.68156
18.025, 1.82145, -1.6828
18.05, 1.82145, -1.6828
18.075, 1.80299, -1.684
18.1, 1.80511, -1.68382
18.125, 1.80511, -1.68382
18.15, 1.80121, -1.68406
18.175, 1.80121, -1.68406
18.2, 1.80121, -1.68406
18.225, 1.73587, -1.68604
18.25, 1.73587, -1.68604
18.275, 1.6972, -1.68712
18.3, 1.69697, -1.68713
18.325, 1.69697, -1.68713
18.35, 1.70049, -1.68705
18.375, 1.70049, -1.68705
18.4, 1.67095, -1.68766
18.425, 1.64326, -1.68826
18.45, 1.64326, -1.68826
18.475, 1.67835, -1.68757
18.5, 1.67835, -1.68757
18.525, 1.70737, -1.68707
18.55, 1.70737, -1.68707
18.575, 1.73668, -1.6866
18.6, 1.73668, -1.6866
18.625, 1.71604, -1.68691
18.65, 1.71604, -1.68691
18.675, 1.71604, -1.68691
18.7, 1.71604, -1.68691
18.725, 1.71604, -1.68691
18.75, 1.71707, -1.68715
18.775, 1.77895, -1.68578
18.8, 1.77895, -1.68578
18.825, 1.77895, -1.68578
18.85, 1.77973, -1.68566
18.875, 1.77973, -1.68566
18.9, 1.78754, -1.68536
18.925, 1.78754, -1.68536
18.95, 1.78754, -1.68536
18.975, 1.78754, -1.68536
19, 1.76888, -1.68564
19.025, 1.76098, -1.68505
19.05, 1.76098, -1.68505
19.075, 1.74286, -1.68488
19.1, 1.70728, -1.68431
19.125, 1.70728, -1.68431
19.15, 1.61531, -1.68451
19.175, 1.50432, -1.68435
19.2, 1.4374, -1.68434
19.225, 1.4374, -1.68434
19.25, 1.4374, -1.68434
19.275, 1.4374, -1.68434
19.3, 1.45131, -1.68444
19.325, 1.45131, -1.68444
19.35, 1.42084, -1.68426
19.375, 1.42084, -1.68426
19.4, 1.43152, -1.68429
19.425, 1.43152, -1.68429
19.45, 1.43152, -1.68429
19.475, 1.48672, -1.68637
19.5, 1.55916, -1.68735
19.525, 1.55916, -1.68735
19.55, 1.55916, -1.68735
19.575, 1.55916, -1.68735
19.6, 1.55916, -1.68735
19.625, 1.54092, -1.68433
19.65, 1.54092, -1.68433
19.675, 1.61405, -1.68547
19.7, 1.61405, -1.68547
19.725, 1.62188, -1.68572
19.75, 1.62188, -1.68572
19.775, 1.62188, -1.68572
19.8, 1.63224, -1.6865
19.825, 1.69561, -1.68718
19.85, 1.74689, -1.68791
19.875, 1.74689, -1.68791
19.9, 1.75615, -1.68894
19.925, 1.75615, -1.68894
19.95, 1.75912, -1.69007
19.975, 1.75912, -1.69007
20, 1.75912, -1.69007
20, 1.69657, -1.6849
20.025, 1.69657, -1.6849
20.05, 1.69657, -1.6849
20.075, 1.70023, -1.68497
20.1, 1.70023, -1.68497
20.125, 1.70313, -1.68502
20.15, 1.70313, -1.68502
20.175, 1.70313, -1.68502
20.2, 1.70313, -1.68502
20.225, 1.70393, -1.68507
20.25, 1.70393, -1.68507
20.275, 1.70393, -1.68507
20.3, 1.70393, -1.68507
20.325, 1.70393, -1.68507
20.35, 1.70457, -1.68512
20.375, 1.70691, -1.68515
20.4, 1.70691, -1.68515
20.425, 1.70691, -1.68515
20.45, 1.70691, -1.68515
20.475, 1.70691, -1.68515
20.5, 1.70872, -1.68513
20.525, 1.71282, -1.6851
20.55, 1.71917, -1.68506
20.575, 1.72705, -1.68502
20.6, 1.73602, -1.68497
20.625, 1.73602, -1.68497
20.65, 1.73602, -1.68497
20.675, 1.74481, -1.68493
20.7, 1.7555, -1.68489
20.725, 1.76766, -1.68485
20.75, 1.76766, -1.68485
20.775, 1.77958, -1.68482
20.8, 1.7917, -1.6848
20.825, 1.7917, -1.6848
20.85, 1.7917, -1.6848
20.875, 1.7917, -1.6848
20.9, 1.7917, -1.6848
20.925, 1.7917, -1.6848
20.95, 1.80465, -1.68471
20.975, 1.80465, -1.68471
21, 1.80465, -1.68471
21.025, 1.80465, -1.68471
21.05, 1.80465, -1.68471
21.075, 1.81802, -1.68457
21.1, 1.83118, -1.68446
21.125, 1.8442, -1.68438
21.15, 1.8442, -1.68438
21.175, 1.8442, -1.68438
21.2, 1.8442, -1.68438
21.225, 1.8442, -1.68438
21.25, 1.8442, -1.68438
21.275, 1.85891, -1.68422
21.3, 1.87309, -1.68406
21.325, 1.87309, -1.68406
21.35, 1.88689, -1.68387
21.375, 1.88689, -1.68387
21.4, 1.90015, -1.6837
21.425, 1.90015, -1.6837
21.45, 1.90015, -1.6837
21.475, 1.90015, -1.6837
21.5, 1.91227, -1.68358
21.525, 1.92365, -1.68348
21.55, 1.93455, -1.68339
21.575, 1.94498, -1.68331
21.6, 1.95494, -1.68325
21.625, 1.96447, -1.68319
21.65, 1.97359, -1.68314
21.675, 1.97359, -1.68314
21.7, 1.97359, -1.68314
21.725, 1.97359, -1.68314
21.75, 1.97359, -1.68314
21.775, 1.97359, -1.68314
21.8, 1.97359, -1.68314
21.825, 1.97359, -1.68314
21.85, 1.97359, -1.68314
21.875, 1.98324, -1.68306
21.9, 1.98324, -1.68306
21.925, 1.98324, -1.68306
21.95, 1.99245, -1.68299
21.975, 2.00115, -1.68293
22, 2.00935, -1.68288
22.025, 2.00935, -1.68288
22.05, 2.017, -1.68285
22.075, 2.017, -1.68285
22.1, 2.017, -1.68285
22.125, 2.017, -1.68285
22.15, 2.02419, -1.68283
22.175, 2.03095, -1.68281
22.2, 2.03745, -1.6828
22.225, 2.03745, -1.6828
22.25, 2.04369, -1.68278
22.275, 2.04369, -1.68278
22.3, 2.04369, -1.68278
22.325, 2.04369, -1.68278
22.35, 2.04811, -1.68283
22.375, 2.05076, -1.68292
22.4, 2.05185, -1.68307
22.425, 2.05185, -1.68307
22.45, 2.05343, -1.68319
22.475, 2.05553, -1.68329
22.5, 2.05553, -1.68329
22.525, 2.05791, -1.68337
22.55, 2.06033, -1.68344
22.575, 2.06251, -1.68352
22.6, 2.06421, -1.68361
22.625, 2.06531, -1.68371
22.65, 2.06531, -1.68371
22.675, 2.06594, -1.68383
22.7, 2.06594, -1.68383
22.725, 2.06594, -1.68383
22.75, 2.06594, -1.68383
22.775, 2.06663, -1.68394
22.8, 2.06663, -1.68394
22.825, 2.06663, -1.68394
22.85, 2.06663, -1.68394
22.875, 2.06663, -1.68394
22.9, 2.06663, -1.68394
22.925, 2.06663, -1.68394
22.95, 2.06663, -1.68394
22.975, 2.06668, -1.68406
23, 2.06593, -1.6842
23.025, 2.06459, -1.68436
23.05, 2.06297, -1.68452
23.075, 2.06297, -1.68452
23.1, 2.06155, -1.68467
23.125, 2.06155, -1.68467
23.15, 2.06155, -1.68467
23.175, 2.06155, -1.68467
23.2, 2.06012, -1.68482
23.225, 2.05868, -1.68497
23.25, 2.0572, -1.68511
23.275, 2.0572, -1.68511
23.3, 2.05575, -1.68525
23.325, 2.05575, -1.68525
23.35, 2.0545, -1.68538
23.375, 2.0545, -1.68538
23.4, 2.0545, -1.68538
23.425, 2.05334, -1.6855
23.45, 2.05334, -1.6855
23.475, 2.05334, -1.6855
23.5, 2.05334, -1.6855
23.525, 2.05334, -1.6855
23.55, 2.05334, -1.6855
23.575, 2.05334, -1.6855
23.6, 2.05334, -1.6855
23.625, 2.05334, -1.6855
23.65, 2.05339, -1.68558
23.675, 2.05391, -1.68564
23.7, 2.05479, -1.68569
23.725, 2.05479, -1.68569
23.75, 2.05563, -1.68573
23.775, 2.05638, -1.68578
23.8, 2.05638, -1.68578
23.825, 2.05714, -1.68582
23.85, 2.05714, -1.68582
23.875, 2.05714, -1.68582
23.9, 2.05714, -1.68582
23.925, 2.05714, -1.68582
23.95, 2.05714, -1.68582
23.975, 2.05787, -1.68586
24, 2.05787, -1.68586
24.025, 2.05787, -1.68586
24.05, 2.05787, -1.68586
24.075, 2.05787, -1.68586
24.1, 2.05855, -1.68589
24.125, 2.05921, -1.68593
24.15, 2.05921, -1.68593
24.175, 2.05921, -1.68593
24.2, 2.05921, -1.68593
24.225, 2.05984, -1.68597
24.25, 2.05984, -1.68597
24.275, 2.05984, -1.68597
24.3, 2.06043, -1.686
24.325, 2.06043, -1.686
24.35, 2.06043, -1.686
24.375, 2.06073, -1.68605
24.4, 2.06069, -1.6861
24.425, 2.06025, -1.68616
24.45, 2.06025, -1.68616
24.475, 2.06025, -1.68616
24.5, 2.06025, -1.68616
24.525, 2.0599, -1.68622
24.55, 2.05953, -1.68628
24.575, 2.05953, -1.68628
24.6, 2.05901, -1.68634
24.625, 2.05901, -1.68634
24.65, 2.05774, -1.68642
24.675, 2.05553, -1.68652
24.7, 2.05222, -1.68664
24.725, 2.05222, -1.68664
24.75, 2.05222, -1.68664
24.775, 2.05001, -1.68674
24.8, 2.04883, -1.68682
24.825, 2.04883, -1.68682
24.85, 2.04883, -1.68682
24.875, 2.04883, -1.68682
24.9, 2.04883, -1.68682
24.925, 2.04883, -1.68682
24.95, 2.04883, -1.68682
24.975, 2.04883, -1.68682
25, 2.04883, -1.68682
25.025, 2.04883, -1.68682
25.05, 2.04883, -1.68682
25.075, 2.04883, -1.68682
25.1, 2.04883, -1.68682
25.125, 2.04883, -1.68682
25.15, 2.04779, -1.68688
25.175, 2.04779, -1.68688
25.2, 2.0466, -1.68695
25.225, 2.0466, -1.68695
25.25, 2.0466, -1.68695
25.275, 2.0466, -1.68695
25.3, 2.0466, -1.68695
25.325, 2.0466, -1.68695
25.35, 2.04549, -1.68702
25.375, 2.04442, -1.68709
25.4, 2.04442, -1.68709
25.425, 2.04335, -1.68715
25.45, 2.04335, -1.68715
25.475, 2.04335, -1.68715
25.5, 2.04335, -1.68715
25.525, 2.04335, -1.68715
25.55, 2.04335, -1.68715
25.575, 2.0421, -1.68721
25.6, 2.0421, -1.68721
25.625, 2.0421, -1.68721
25.65, 2.04056, -1.68729
25.675, 2.04056, -1.68729
25.7, 2.03865, -1.68737
25.725, 2.03865, -1.68737
25.75, 2.03865, -1.68737
25.775, 2.03662, -1.68745
25.8, 2.03662, -1.68745
25.825, 2.03429, -1.68753
25.85, 2.03429, -1.68753
25.875, 2.03205, -1.68762
25.9, 2.03017, -1.68769
25.925, 2.02867, -1.68775
25.95, 2.02772, -1.6878
25.975, 2.02772, -1.6878
26, 2.02772, -1.6878
26.025, 2.02772, -1.6878
26.05, 2.02772, -1.6878
26.075, 2.02684, -1.68785
26.1, 2.0257, -1.68791
26.125, 2.0257, -1.68791
26.15, 2.0257, -1.68791
26.175, 2.0257, -1.68791
26.2, 2.02511, -1.68794
26.225, 2.02511, -1.68794
26.25, 2.02511, -1.68794
26.275, 2.02511, -1.68794
26.3, 2.02452, -1.68798
26.325, 2.02398, -1.68801
26.35, 2.02398, -1.68801
26.375, 2.02398, -1.68801
26.4, 2.02398, -1.68801
26.425, 2.02398, -1.68801
26.45, 2.02398, -1.68801
26.475, 2.02398, -1.68801
26.5, 2.02355, -1.68804
26.525, 2.02322, -1.68807
26.55, 2.02322, -1.68807
26.575, 2.02322, -1.68807
26.6, 2.02322, -1.68807
26.625, 2.02322, -1.68807
26.65, 2.02322, -1.68807
26.675, 2.02289, -1.68809
26.7, 2.02289, -1.68809
26.725, 2.02289, -1.68809
26.75, 2.02289, -1.68809
26.775, 2.02289, -1.68809
26.8, 2.02257, -1.68811
26.825, 2.02257, -1.68811
26.85, 2.02226, -1.68813
26.875, 2.02226, -1.68813
26.9, 2.02195, -1.68815
26.925, 2.02195, -1.68815
26.95, 2.02195, -1.68815
26.975, 2.02195, -1.68815
27, 2.02152, -1.68817
27.025, 2.02152, -1.68817
27.05, 2.02152, -1.68817
27.075, 2.02152, -1.68817
27.1, 2.02152, -1.68817
27.125, 2.02127, -1.68819
27.15, 2.02127, -1.68819
27.175, 2.02104, -1.6882
27.2, 2.02104, -1.6882
27.225, 2.02017, -1.68824
27.25, 2.01835, -1.6883
27.275, 2.01835, -1.6883
27.3, 2.01835, -1.6883
27.325, 2.01835, -1.6883
27.35, 2.01835, -1.6883
27.375, 2.01835, -1.6883
27.4, 2.01835, -1.6883
27.425, 2.01835, -1.6883
27.45, 2.01835, -1.6883
27.475, 2.01835, -1.6883
27.5, 2.01835, -1.6883
27.525, 2.01835, -1.6883
27.55, 2.01835, -1.6883
27.575, 2.01686, -1.68835
27.6, 2.01686, -1.68835
27.625, 2.01686, -1.68835
27.65, 2.01548, -1.68839
27.675, 2.01548, -1.68839
27.7, 2.01548, -1.68839
27.725, 2.01408, -1.68843
27.75, 2.01408, -1.68843
27.775, 2.01273, -1.68847
27.8, 2.01273, -1.68847
27.825, 2.01273, -1.68847
27.85, 2.01273, -1.68847
27.875, 2.01142, -1.68851
27.9, 2.01017, -1.68855
27.925, 2.00897, -1.68859
27.95, 2.00784, -1.68862
27.975, 2.00784, -1.68862
28, 2.00784, -1.68862
28.025, 2.00674, -1.68866
28.05, 2.00674, -1.68866
28.075, 2.00566, -1.68869
28.1, 2.00457, -1.68872
28.125, 2.00344, -1.68876
28.15, 2.00344, -1.68876
28.175, 2.00344, -1.68876
28.2, 2.00228, -1.68879
28.225, 2.00228, -1.68879
28.25, 2.00118, -1.68883
28.275, 2.00118, -1.68883
28.3, 2.00118, -1.68883
28.325, 2.00118, -1.68883
28.35, 2.00118, -1.68883
28.375, 2.00009, -1.68886
28.4, 1.99895, -1.6889
28.425, 1.99895, -1.6889
28.45, 1.99895, -1.6889
28.475, 1.99895, -1.6889
28.5, 1.99895, -1.6889
28.525, 1.99814, -1.68892
28.55, 1.99814, -1.68892
28.575, 1.99742, -1.68895
28.6, 1.99681, -1.68896
28.625, 1.99681, -1.68896
28.65, 1.99612, -1.68898
28.675, 1.99514, -1.68902
28.7, 1.9937, -1.68906
28.725, 1.9937, -1.68906
28.75, 1.9937, -1.68906
28.775, 1.9926, -1.68909
28.8, 1.9926, -1.68909
28.825, 1.9926, -1.68909
28.85, 1.9926, -1.68909
28.875, 1.9926, -1.68909
28.9, 1.99162, -1.68912
28.925, 1.99162, -1.68912
28.95, 1.99162, -1.68912
28.975, 1.99162, -1.68912
29, 1.99162, -1.68912
29.025, 1.99076, -1.68915
29.05, 1.99009, -1.68917
29.075, 1.99009, -1.68917
29.1, 1.99009, -1.68917
29.125, 1.99009, -1.68917
29.15, 1.98943, -1.68919
29.175, 1.98884, -1.68921
29.2, 1.98884, -1.68921
29.225, 1.98884, -1.68921
29.25, 1.98884, -1.68921
29.275, 1.98884, -1.68921
29.3, 1.98884, -1.68921
29.325, 1.98827, -1.68922
29.35, 1.98771, -1.68924
29.375, 1.98715, -1.68926
29.4, 1.98715, -1.68926
29.425, 1.98715, -1.68926
29.45, 1.98715, -1.68926
29.475, 1.98715, -1.68926
29.5, 1.98715, -1.68926
29.525, 1.98649, -1.68928
29.55, 1.98649, -1.68928
29.575, 1.98649, -1.68928
29.6, 1.98649, -1.68928
29.625, 1.98569, -1.6893
29.65, 1.98569, -1.6893
29.675, 1.98488, -1.68932
29.7, 1.98488, -1.68932
29.725, 1.98488, -1.68932
29.75, 1.98488, -1.68932
29.775, 1.98488, -1.68932
29.8, 1.98488, -1.68932
29.825, 1.98488, -1.68932
29.85, 1.98372, -1.68935
29.875, 1.98372, -1.68935
29.9, 1.98215, -1.68939
29.925, 1.98215, -1.68939
29.95, 1.98215, -1.68939
29.975, 1.98215, -1.68939
30, 1.98073, -1.68943
30, 1.98073, -1.68943
30.025, 1.98073, -1.68943
30.05, 1.97929, -1.68947
30.075, 1.97778, -1.6895
30.1, 1.97778, -1.6895
30.125, 1.97458, -1.68955
30.15, 1.97458, -1.68955
30.175, 1.97458, -1.68955
30.2, 1.97458, -1.68955
30.225, 1.96716, -1.68962
30.25, 1.95695, -1.68972
30.275, 1.95695, -1.68972
30.3, 1.95695, -1.68972
30.325, 1.94561, -1.68982
30.35, 1.93493, -1.68992
30.375, 1.92586, -1.69001
30.4, 1.91807, -1.69009
30.425, 1.91807, -1.69009
30.45, 1.91807, -1.69009
30.475, 1.90943, -1.69016
30.5, 1.90135, -1.69023
30.525, 1.89367, -1.69029
30.55, 1.89367, -1.69029
30.575, 1.88602, -1.69035
30.6, 1.88602, -1.69035
30.625, 1.88602, -1.69035
30.65, 1.87846, -1.69041
30.675, 1.87311, -1.69045
30.7, 1.87311, -1.69045
30.725, 1.86904, -1.69049
30.75, 1.86678, -1.69053
30.775, 1.86567, -1.69055
30.8, 1.86567, -1.69055
30.825, 1.86498, -1.69057
30.85, 1.86498, -1.69057
30.875, 1.86444, -1.6906
30.9, 1.86534, -1.69061
30.925, 1.86794, -1.69061
30.95, 1.8723, -1.6906
30.975, 1.87852, -1.69058
31, 1.87852, -1.69058
31.025, 1.88501, -1.69059
31.05, 1.89204, -1.6906
31.075, 1.89204, -1.6906
31.1, 1.89204, -1.6906
31.125, 1.89851, -1.69058
31.15, 1.90487, -1.69056
31.175, 1.90487, -1.69056
31.2, 1.91153, -1.69054
31.225, 1.91961, -1.69053
31.25, 1.92859, -1.69052
31.275, 1.92859, -1.69052
31.3, 1.93727, -1.69052
31.325, 1.93727, -1.69052
31.35, 1.93727, -1.69052
31.375, 1.94561, -1.69048
31.4, 1.94561, -1.69048
31.425, 1.95333, -1.69044
31.45, 1.95333, -1.69044
31.475, 1.96109, -1.69042
31.5, 1.96109, -1.69042
31.525, 1.96109, -1.69042
31.55, 1.96109, -1.69042
31.575, 1.96109, -1.69042
31.6, 1.96109, -1.69042
31.625, 1.97065, -1.69028
31.65, 1.97992, -1.69015
31.675, 1.97992, -1.69015
31.7, 1.98884, -1.69003
31.725, 1.98884, -1.69003
31.75, 1.99738, -1.68992
31.775, 2.00563, -1.68982
31.8, 2.01356, -1.68973
31.825, 2.01356, -1.68973
31.85, 2.01356, -1.68973
31.875, 2.01356, -1.68973
31.9, 2.02114, -1.68965
31.925, 2.02114, -1.68965
31.95, 2.02114, -1.68965
31.975, 2.02114, -1.68965
32, 2.0284, -1.68957
32.025, 2.0353, -1.6895
32.05, 2.0353, -1.6895
32.075, 2.0353, -1.6895
32.1, 2.0353, -1.6895
32.125, 2.0353, -1.6895
32.15, 2.0353, -1.6895
32.175, 2.0353, -1.6895
32.2, 2.04208, -1.68943
32.225, 2.04208, -1.68943
32.25, 2.04208, -1.68943
32.275, 2.04208, -1.68943
32.3, 2.04837, -1.68937
32.325, 2.05391, -1.68932
32.35, 2.05856, -1.6893
32.375, 2.05856, -1.6893
32.4, 2.05856, -1.6893
32.425, 2.06142, -1.68932
32.45, 2.06142, -1.68932
32.475, 2.06142, -1.68932
32.5, 2.06142, -1.68932
32.525, 2.06142, -1.68932
32.55, 2.0654, -1.68931
32.575, 2.07008, -1.68929
32.6, 2.07466, -1.68927
32.625, 2.07466, -1.68927
32.65, 2.07466, -1.68927
32.675, 2.07466, -1.68927
32.7, 2.07466, -1.68927
32.725, 2.07466, -1.68927
32.75, 2.08035, -1.68921
32.775, 2.08676, -1.68913
32.8, 2.08676, -1.68913
32.825, 2.09344, -1.68905
32.85, 2.10023, -1.68897
32.875, 2.10688, -1.68888
32.9, 2.11322, -1.68881
32.925, 2.11322, -1.68881
32.95, 2.11322, -1.68881
32.975, 2.11917, -1.68873
33, 2.11917, -1.68873
33.025, 2.11917, -1.68873
33.05, 2.11917, -1.68873
33.075, 2.12504, -1.68866
33.1, 2.12504, -1.68866
33.125, 2.12504, -1.68866
33.15, 2.12504, -1.68866
33.175, 2.12504, -1.68866
33.2, 2.13054, -1.6886
33.225, 2.13054, -1.6886
33.25, 2.13567, -1.68854
33.275, 2.14046, -1.68849
33.3, 2.14046, -1.68849
33.325, 2.14046, -1.68849
33.35, 2.14046, -1.68849
33.375, 2.14498, -1.68844
33.4, 2.14921, -1.68839
33.425, 2.14921, -1.68839
33.45, 2.14921, -1.68839
33.475, 2.1532, -1.68835
33.5, 2.1532, -1.68835
33.525, 2.1532, -1.68835
33.55, 2.15663, -1.68832
33.575, 2.15663, -1.68832
33.6, 2.15663, -1.68832
33.625, 2.16006, -1.68829
33.65, 2.1636, -1.68826
33.675, 2.1636, -1.68826
33.7, 2.1636, -1.68826
33.725, 2.16717, -1.68822
33.75, 2.16717, -1.68822
33.775, 2.16717, -1.68822
33.8, 2.16717, -1.68822
33.825, 2.16717, -1.68822
33.85, 2.16717, -1.68822
33.875, 2.16717, -1.68822
33.9, 2.16717, -1.68822
33.925, 2.17156, -1.68817
33.95, 2.17647, -1.6881
33.975, 2.18193, -1.68802
34, 2.18744, -1.68795
34.025, 2.19256, -1.68788
34.05, 2.19256, -1.68788
34.075, 2.19679, -1.68783
34.1, 2.19679, -1.68783
34.125, 2.19679, -1.68783
34.15, 2.19679, -1.68783
34.175, 2.19679, -1.68783
34.2, 2.19679, -1.68783
34.225, 2.19679, -1.68783
34.25, 2.20107, -1.68778
34.275, 2.20107, -1.68778
34.3, 2.20107, -1.68778
34.325, 2.20107, -1.68778
34.35, 2.20107, -1.68778
34.375, 2.20492, -1.68773
34.4, 2.20492, -1.68773
34.425, 2.20492, -1.68773
34.45, 2.20852, -1.68769
34.475, 2.21193, -1.68765
34.5, 2.21193, -1.68765
34.525, 2.21519, -1.68762
34.55, 2.21834, -1.68758
34.575, 2.2214, -1.68754
34.6, 2.2214, -1.68754
34.625, 2.2214, -1.68754
34.65, 2.2214, -1.68754
34.675, 2.2214, -1.68754
34.7, 2.2214, -1.68754
34.725, 2.2214, -1.68754
34.75, 2.2214, -1.68754
34.775, 2.2214, -1.68754
34.8, 2.22439, -1.68751
34.825, 2.22439, -1.68751
34.85, 2.22439, -1.68751
34.875, 2.22739, -1.68748
34.9, 2.2303, -1.68744
34.925, 2.2303, -1.68744
34.95, 2.2303, -1.68744
34.975, 2.2328, -1.68742
35, 2.2328, -1.68742
35.025, 2.2328, -1.68742
35.05, 2.2328, -1.68742
35.075, 2.23563, -1.68738
35.1, 2.23563, -1.68738
35.125, 2.23563, -1.68738
35.15, 2.23836, -1.68735
35.175, 2.23836, -1.68735
35.2, 2.23836, -1.68735
35.225, 2.23836, -1.68735
35.25, 2.24006, -1.68735
35.275, 2.24094, -1.68736
35.3, 2.24094, -1.68736
35.325, 2.24094, -1.68736
35.35, 2.24094, -1.68736
35.375, 2.24215, -1.68737
35.4, 2.24352, -1.68738
35.425, 2.24496, -1.68738
35.45, 2.24496, -1.68738
35.475, 2.24496, -1.68738
35.5, 2.24623, -1.68739
35.525, 2.24623, -1.68739
35.55, 2.24623, -1.68739
35.575, 2.24761, -1.6874
35.6, 2.24761, -1.6874
35.625, 2.24761, -1.6874
35.65, 2.24897, -1.6874
35.675, 2.25035, -1.6874
35.7, 2.2517, -1.6874
35.725, 2.2517, -1.6874
35.75, 2.2517, -1.6874
35.775, 2.25295, -1.68741
35.8, 2.25295, -1.68741
35.825, 2.25411, -1.68741
35.85, 2.25411, -1.68741
35.875, 2.25521, -1.68742
35.9, 2.25521, -1.68742
35.925, 2.25626, -1.68742
35.95, 2.25626, -1.68742
35.975, 2.25626, -1.68742
36, 2.25729, -1.68743
36.025, 2.25831, -1.68743
36.05, 2.25831, -1.68743
36.075, 2.25831, -1.68743
36.1, 2.2592, -1.68744
36.125, 2.25996, -1.68745
36.15, 2.25996, -1.68745
36.175, 2.25996, -1.68745
36.2, 2.25996, -1.68745
36.225, 2.25996, -1.68745
36.25, 2.26086, -1.68745
36.275, 2.26172, -1.68745
36.3, 2.26172, -1.68745
36.325, 2.26256, -1.68746
36.35, 2.26256, -1.68746
36.375, 2.26325, -1.68747
36.4, 2.26359, -1.68749
36.425, 2.26316, -1.68754
36.45, 2.26251, -1.6876
36.475, 2.26251, -1.6876
36.5, 2.26251, -1.6876
36.525, 2.26193, -1.68765
36.55, 2.26134, -1.6877
36.575, 2.26073, -1.68776
36.6, 2.26015, -1.68781
36.625, 2.25953, -1.68786
36.65, 2.25953, -1.68786
36.675, 2.25953, -1.68786
36.7, 2.25953, -1.68786
36.725, 2.25923, -1.68789
36.75, 2.25898, -1.68793
36.775, 2.25898, -1.68793
36.8, 2.25898, -1.68793
36.825, 2.25862, -1.68797
36.85, 2.25862, -1.68797
36.875, 2.25862, -1.68797
36.9, 2.25824, -1.688
36.925, 2.25824, -1.688
36.95, 2.25824, -1.688
36.975, 2.25824, -1.688
37, 2.25787, -1.68804
37.025, 2.25787, -1.68804
37.05, 2.25751, -1.68807
37.075, 2.25751, -1.68807
37.1, 2.25751, -1.68807
37.125, 2.25751, -1.68807
37.15, 2.25751, -1.68807
37.175, 2.25751, -1.68807
37.2, 2.25751, -1.68807
37.225, 2.2572, -1.6881
37.25, 2.2572, -1.6881
37.275, 2.2572, -1.6881
37.3, 2.25683, -1.68814
37.325, 2.25683, -1.68814
37.35, 2.25683, -1.68814
37.375, 2.25683, -1.68814
37.4, 2.25683, -1.68814
37.425, 2.2565, -1.68817
37.45, 2.2565, -1.68817
37.475, 2.2565, -1.68817
37.5, 2.2565, -1.68817
37.525, 2.2565, -1.68817
37.55, 2.25537, -1.68823
37.575, 2.25537, -1.68823
37.6, 2.25537, -1.68823
37.625, 2.25451, -1.68828
37.65, 2.25374, -1.68833
37.675, 2.25374, -1.68833
37.7, 2.25374, -1.68833
37.725, 2.25374, -1.68833
37.75, 2.25275, -1.68837
37.775, 2.25112, -1.68843
37.8, 2.24857, -1.68851
37.825, 2.24857, -1.68851
37.85, 2.24857, -1.68851
37.875, 2.24857, -1.68851
37.9, 2.24857, -1.68851
37.925, 2.24857, -1.68851
37.95, 2.24702, -1.68856
37.975, 2.24702, -1.68856
38, 2.24552, -1.68861
38.025, 2.24402, -1.68866
38.05, 2.2425, -1.68871
38.075, 2.2425, -1.68871
38.1, 2.2425, -1.68871
38.125, 2.241, -1.68876
38.15, 2.241, -1.68876
38.175, 2.23967, -1.68881
38.2, 2.23967, -1.68881
38.225, 2.23842, -1.68885
38.25, 2.23724, -1.68889
38.275, 2.23724, -1.68889
38.3, 2.23603, -1.68894
38.325, 2.23603, -1.68894
38.35, 2.23473, -1.68898
38.375, 2.23473, -1.68898
38.4, 2.23473, -1.68898
38.425, 2.23337, -1.68903
38.45, 2.23337, -1.68903
38.475, 2.23193, -1.68907
38.5, 2.2305, -1.68912
38.525, 2.2305, -1.68912
38.55, 2.2305, -1.68912
38.575, 2.2305, -1.68912
38.6, 2.2305, -1.68912
38.625, 2.22912, -1.68917
38.65, 2.22912, -1.68917
38.675, 2.22771, -1.68921
38.7, 2.22621, -1.68926
38.725, 2.2246, -1.68931
38.75, 2.22298, -1.68935
38.775, 2.22298, -1.68935
38.8, 2.22298, -1.68935
38.825, 2.2215, -1.6894
38.85, 2.22014, -1.68944
38.875, 2.22014, -1.68944
38.9, 2.21877, -1.68949
38.925, 2.21877, -1.68949
38.95, 2.21877, -1.68949
38.975, 2.21877, -1.68949
39, 2.2171, -1.68954
39.025, 2.21551, -1.68959
39.05, 2.21551, -1.68959
39.075, 2.21418, -1.68963
39.1, 2.21418, -1.68963
39.125, 2.21257, -1.6897
39.15, 2.21257, -1.6897
39.175, 2.21257, -1.6897
39.2, 2.21257, -1.6897
39.225, 2.21257, -1.6897
39.25, 2.21257, -1.6897
39.275, 2.21257, -1.6897
39.3, 2.21088, -1.68976
39.325, 2.21088, -1.68976
39.35, 2.21088, -1.68976
39.375, 2.21088, -1.68976
39.4, 2.20925, -1.68982
39.425, 2.20925, -1.68982
39.45, 2.20758, -1.68989
39.475, 2.20582, -1.68995
39.5, 2.20398, -1.69002
39.525, 2.20398, -1.69002
39.55, 2.20398, -1.69002
39.575, 2.20216, -1.69008
39.6, 2.20216, -1.69008
39.625, 2.20216, -1.69008
39.65, 2.20038, -1.69014
39.675, 2.20038, -1.69014
39.7, 2.1987, -1.6902
39.725, 2.19712, -1.69026
39.75, 2.19712, -1.69026
39.775, 2.19712, -1.69026
39.8, 2.19712, -1.69026
39.825, 2.19712, -1.69026
39.85, 2.19712, -1.69026
39.875, 2.19504, -1.69032
39.9, 2.19257, -1.6904
39.925, 2.19257, -1.6904
39.95, 2.19037, -1.69046
39.975, 2.1885, -1.69053
40, 2.18687, -1.69059
40, 2.18537, -1.69064
40.025, 2.18537, -1.69064
40.05, 2.18537, -1.69064
40.075, 2.18537, -1.69064
40.1, 2.18425, -1.6907
40.125, 2.18425, -1.6907
40.15, 2.18425, -1.6907
40.175, 2.18132, -1.69075
40.2, 2.18132, -1.69075
40.225, 2.18132, -1.69075
40.25, 2.18132, -1.69075
40.275, 2.18132, -1.69075
40.3, 2.18132, -1.69075
40.325, 2.17805, -1.69081
40.35, 2.17805, -1.69081
40.375, 2.17805, -1.69081
40.4, 2.17506, -1.69087
40.425, 2.17506, -1.69087
40.45, 2.17506, -1.69087
40.475, 2.17506, -1.69087
40.5, 2.17506, -1.69087
40.525, 2.17506, -1.69087
40.55, 2.16883, -1.69088
40.575, 2.16405, -1.69088
40.6, 2.16405, -1.69088
40.625, 2.16405, -1.69088
40.65, 2.16405, -1.69088
40.675, 2.15847, -1.69082
40.7, 2.15847, -1.69082
40.725, 2.15847, -1.69082
40.75, 2.15847, -1.69082
40.775, 2.15184, -1.69073
40.8, 2.15184, -1.69073
40.825, 2.14525, -1.69064
40.85, 2.13969, -1.69054
40.875, 2.13969, -1.69054
40.9, 2.13401, -1.69045
40.925, 2.13401, -1.69045
40.95, 2.13401, -1.69045
40.975, 2.12881, -1.69037
41, 2.12881, -1.69037
41.025, 2.12881, -1.69037
41.05, 2.12379, -1.69029
41.075, 2.12379, -1.69029
41.1, 2.11871, -1.69022
41.125, 2.11433, -1.69014
41.15, 2.11049, -1.69005
41.175, 2.10797, -1.68996
41.2, 2.10728, -1.68985
41.225, 2.10728, -1.68985
41.25, 2.10728, -1.68985
41.275, 2.10728, -1.68985
41.3, 2.10728, -1.68985
41.325, 2.10777, -1.68968
41.35, 2.10777, -1.68968
41.375, 2.10777, -1.68968
41.4, 2.10777, -1.68968
41.425, 2.10793, -1.68951
41.45, 2.10893, -1.68933
41.475, 2.10893, -1.68933
41.5, 2.11077, -1.68918
41.525, 2.11403, -1.68902
41.55, 2.11861, -1.68887
41.575, 2.12366, -1.68873
41.6, 2.12851, -1.68859
41.625, 2.12851, -1.68859
41.65, 2.13266, -1.68846
41.675, 2.13266, -1.68846
41.7, 2.13655, -1.68834
41.725, 2.14077, -1.68821
41.75, 2.14077, -1.68821
41.775, 2.14077, -1.68821
41.8, 2.14077, -1.68821
41.825, 2.14077, -1.68821
41.85, 2.14077, -1.68821
41.875, 2.14534, -1.68807
41.9, 2.14534, -1.68807
41.925, 2.14976, -1.68794
41.95, 2.15413, -1.68781
41.975, 2.15413, -1.68781
42, 2.15831, -1.68769
42.025, 2.15831, -1.68769
42.05, 2.15831, -1.68769
42.075, 2.15831, -1.68769
42.1, 2.15831, -1.68769
42.125, 2.15831, -1.68769
42.15, 2.15831, -1.68769
42.175, 2.16231, -1.68758
42.2, 2.16231, -1.68758
42.225, 2.16592, -1.68748
42.25, 2.16592, -1.68748
42.275, 2.16592, -1.68748
42.3, 2.16899, -1.6874
42.325, 2.16899, -1.6874
42.35, 2.16899, -1.6874
42.375, 2.16899, -1.6874
42.4, 2.17105, -1.68735
42.425, 2.17218, -1.68731
42.45, 2.17218, -1.68731
42.475, 2.17218, -1.68731
42.5, 2.17218, -1.68731
42.525, 2.17218, -1.68731
42.55, 2.17218, -1.68731
42.575, 2.17218, -1.68731
42.6, 2.17249, -1.6873
42.625, 2.17249, -1.6873
42.65, 2.17011, -1.68734
42.675, 2.16494, -1.68743
42.7, 2.16494, -1.68743
42.725, 2.15875, -1.68755
42.75, 2.15875, -1.68755
42.775, 2.15384, -1.68764
42.8, 2.15384, -1.68764
42.825, 2.15384, -1.68764
42.85, 2.15384, -1.68764
42.875, 2.15384, -1.68764
42.9, 2.1487, -1.68773
42.925, 2.14299, -1.68783
42.95, 2.1365, -1.68793
42.975, 2.1365, -1.68793
43, 2.1365, -1.68793
43.025, 2.1365, -1.68793
43.05, 2.1365, -1.68793
43.075, 2.1365, -1.68793
43.1, 2.13107, -1.68803
43.125, 2.12651, -1.68811
43.15, 2.12651, -1.68811
43.175, 2.12651, -1.68811
43.2, 2.12651, -1.68811
43.225, 2.12651, -1.68811
43.25, 2.12651, -1.68811
43.275, 2.12651, -1.68811
43.3, 2.12651, -1.68811
43.325, 2.12651, -1.68811
43.35, 2.12651, -1.68811
43.375, 2.12651, -1.68811
43.4, 2.1221, -1.68819
43.425, 2.1221, -1.68819
43.45, 2.11808, -1.68827
43.475, 2.11808, -1.68827
43.5, 2.11808, -1.68827
43.525, 2.11808, -1.68827
43.55, 2.11808, -1.68827
43.575, 2.11418, -1.68834
43.6, 2.11418, -1.68834
43.625, 2.11049, -1.68841
43.65, 2.11049, -1.68841
43.675, 2.11049, -1.68841
43.7, 2.11049, -1.68841
43.725, 2.11049, -1.68841
43.75, 2.11049, -1.68841
43.775, 2.11049, -1.68841
43.8, 2.11049, -1.68841
43.825, 2.10654, -1.68848
43.85, 2.10654, -1.68848
43.875, 2.10654, -1.68848
43.9, 2.1034, -1.68853
43.925, 2.10097, -1.68858
43.95, 2.10097, -1.68858
43.975, 2.09907, -1.68862
44, 2.09907, -1.68862
44.025, 2.09907, -1.68862
44.05, 2.09907, -1.68862
44.075, 2.09907, -1.68862
44.1, 2.09628, -1.68867
44.125, 2.09299, -1.68874
44.15, 2.09299, -1.68874
44.175, 2.09299, -1.68874
44.2, 2.09299, -1.68874
44.225, 2.09026, -1.6888
44.25, 2.09026, -1.6888
44.275, 2.09026, -1.6888
44.3, 2.08773, -1.68885
44.325, 2.08773, -1.68885
44.35, 2.08773, -1.68885
44.375, 2.08482, -1.68891
44.4, 2.08482, -1.68891
44.425, 2.08482, -1.68891
44.45, 2.08247, -1.68896
44.475, 2.08048, -1.68901
44.5, 2.08048, -1.68901
44.525, 2.07871, -1.68905
44.55, 2.07871, -1.68905
44.575, 2.07697, -1.68909
44.6, 2.07697, -1.68909
44.625, 2.07697, -1.68909
44.65, 2.07529, -1.68913
44.675, 2.0738, -1.68916
44.7, 2.0738, -1.68916
44.725, 2.07251, -1.68919
44.75, 2.07144, -1.68922
44.775, 2.07144, -1.68922
44.8, 2.07051, -1.68924
44.825, 2.07051, -1.68924
44.85, 2.07051, -1.68924
44.875, 2.07051, -1.68924
44.9, 2.07051, -1.68924
44.925, 2.06952, -1.68927
44.95, 2.0684, -1.6893
44.975, 2.0684, -1.6893
45, 2.0684, -1.6893
45.025, 2.0684, -1.6893
45.05, 2.0684, -1.6893
45.075, 2.06775, -1.68932
45.1, 2.06775, -1.68932
45.125, 2.06775, -1.68932
45.15, 2.06775, -1.68932
45.175, 2.06775, -1.68932
45.2, 2.06706, -1.68933
45.225, 2.06706, -1.68933
45.25, 2.06521, -1.68937
45.275, 2.06244, -1.68943
45.3, 2.06244, -1.68943
45.325, 2.06244, -1.68943
45.35, 2.06102, -1.68946
45.375, 2.06102, -1.68946
45.4, 2.05952, -1.68949
45.425, 2.05812, -1.68953
45.45, 2.05676, -1.68957
45.475, 2.05526, -1.68961
45.5, 2.05326, -1.68966
45.525, 2.05326, -1.68966
45.55, 2.05069, -1.68972
45.575, 2.04841, -1.68978
45.6, 2.04665, -1.68983
45.625, 2.04517, -1.68987
45.65, 2.04517, -1.68987
45.675, 2.04517, -1.68987
45.7, 2.04517, -1.68987
45.725, 2.04517, -1.68987
45.75, 2.04403, -1.68991
45.775, 2.04403, -1.68991
45.8, 2.04295, -1.68994
45.825, 2.04194, -1.68997
45.85, 2.041, -1.68999
45.875, 2.041, -1.68999
45.9, 2.03998, -1.69002
45.925, 2.03892, -1.69004
45.95, 2.03892, -1.69004
45.975, 2.03782, -1.69006
46, 2.03673, -1.69008
46.025, 2.03673, -1.69008
46.05, 2.03565, -1.6901
46.075, 2.03565, -1.6901
46.1, 2.03565, -1.6901
46.125, 2.03451, -1.69012
46.15, 2.03451, -1.69012
46.175, 2.03329, -1.69014
46.2, 2.03198, -1.69016
46.225, 2.03198, -1.69016
46.25, 2.03198, -1.69016
46.275, 2.03198, -1.69016
46.3, 2.03198, -1.69016
46.325, 2.03063, -1.69018
46.35, 2.02921, -1.6902
46.375, 2.02756, -1.69024
46.4, 2.02552, -1.69028
46.425, 2.02552, -1.69028
46.45, 2.02552, -1.69028
46.475, 2.02403, -1.69032
46.5, 2.02403, -1.69032
46.525, 2.02281, -1.69035
46.55, 2.02281, -1.69035
46.575, 2.02157, -1.69038
46.6, 2.02035, -1.69041
46.625, 2.02035, -1.69041
46.65, 2.01816, -1.69046
46.675, 2.01816, -1.69046
46.7, 2.01816, -1.69046
46.725, 2.01816, -1.69046
46.75, 2.01876, -1.69045
46.775, 2.01876, -1.69045
46.8, 2.01876, -1.69045
46.825, 2.01876, -1.69045
46.85, 2.01876, -1.69045
46.875, 2.01983, -1.69042
46.9, 2.01983, -1.69042
46.925, 2.01983, -1.69042
46.95, 2.02005, -1.6904
46.975, 2.02005, -1.6904
47, 2.02005, -1.6904
47.025, 2.02057, -1.69038
47.05, 2.02144, -1.69035
47.075, 2.02144, -1.69035
47.1, 2.02144, -1.69035
47.125, 2.02144, -1.69035
47.15, 2.02144, -1.69035
47.175, 2.02183, -1.69033
47.2, 2.02183, -1.69033
47.225, 2.02167, -1.69032
47.25, 2.02124, -1.69031
47.275, 2.02066, -1.6903
47.3, 2.02001, -1.6903
47.325, 2.01938, -1.6903
47.35, 2.01882, -1.69029
47.375, 2.01822, -1.69029
47.4, 2.01822, -1.69029
47.425, 2.01747, -1.69029
47.45, 2.01747, -1.69029
47.475, 2.01747, -1.69029
47.5, 2.01747, -1.69029
47.525, 2.01747, -1.69029
47.55, 2.01747, -1.69029
47.575, 2.01747, -1.69029
47.6, 2.01747, -1.69029
47.625, 2.01747, -1.69029
47.65, 2.01747, -1.69029
47.675, 2.01747, -1.69029
47.7, 2.01747, -1.69029
47.725, 2.01747, -1.69029
47.75, 2.01747, -1.69029
47.775, 2.01747, -1.69029
47.8, 2.01747, -1.69029
47.825, 2.01509, -1.69032
47.85, 2.01509, -1.69032
47.875, 2.01509, -1.69032
47.9, 2.01495, -1.69029
47.925, 2.01495, -1.69029
47.95, 2.01495, -1.69029
47.975, 2.01356, -1.69032
48, 2.01356, -1.69032
48.025, 2.01206, -1.69034
48.05, 2.01062, -1.69036
48.075, 2.01062, -1.69036
48.1, 2.01062, -1.69036
48.125, 2.01062, -1.69036
48.15, 2.00978, -1.69037
48.175, 2.00978, -1.69037
48.2, 2.00978, -1.69037
48.225, 2.00978, -1.69037
48.25, 2.00978, -1.69037
48.275, 2.00824, -1.6904
48.3, 2.00824, -1.6904
48.325, 2.00662, -1.69042
48.35, 2.00662, -1.69042
48.375, 2.00506, -1.69044
48.4, 2.00351, -1.69046
48.425, 2.00196, -1.69049
48.45, 2.00196, -1.69049
48.475, 2.00043, -1.69051
48.5, 2.00043, -1.69051
48.525, 2.00043, -1.69051
48.55, 2.00043, -1.69051
48.575, 2.00043, -1.69051
48.6, 2.00043, -1.69051
48.625, 1.99892, -1.69053
48.65, 1.99744, -1.69055
48.675, 1.99744, -1.69055
48.7, 1.99744, -1.69055
48.725, 1.99576, -1.69058
48.75, 1.99576, -1.69058
48.775, 1.9938, -1.69061
48.8, 1.99162, -1.69065
48.825, 1.99162, -1.69065
48.85, 1.98947, -1.69069
48.875, 1.98947, -1.69069
48.9, 1.98947, -1.69069
48.925, 1.98947, -1.69069
48.95, 1.98947, -1.69069
48.975, 1.98684, -1.69074
49, 1.98363, -1.6908
49.025, 1.98363, -1.6908
49.05, 1.98001, -1.69087
49.075, 1.98001, -1.69087
49.1, 1.98001, -1.69087
49.125, 1.98001, -1.69087
49.15, 1.98001, -1.69087
49.175, 1.98001, -1.69087
49.2, 1.98001, -1.69087
49.225, 1.98001, -1.69087
49.25, 1.97569, -1.69094
49.275, 1.97569, -1.69094
49.3, 1.97089, -1.69103
49.325, 1.97089, -1.69103
49.35, 1.96704, -1.6911
49.375, 1.96395, -1.69117
49.4, 1.96395, -1.69117
49.425, 1.96395, -1.69117
49.45, 1.96395, -1.69117
49.475, 1.96395, -1.69117
49.5, 1.9625, -1.69119
49.525, 1.96096, -1.69121
49.55, 1.9593, -1.69124
49.575, 1.95764, -1.69126
49.6, 1.95764, -1.69126
49.625, 1.95606, -1.69129
49.65, 1.95413, -1.69131
49.675, 1.95147, -1.69134
49.7, 1.95147, -1.69134
49.725, 1.95147, -1.69134
49.75, 1.94822, -1.69138
49.775, 1.94822, -1.69138
49.8, 1.94822, -1.69138
49.825, 1.94822, -1.69138
49.85, 1.945, -1.69142
49.875, 1.945, -1.69142
49.9, 1.94175, -1.69145
49.925, 1.94175, -1.69145
49.95, 1.94175, -1.69145
49.975, 1.94175, -1.69145
50, 1.93849, -1.69149
50, 1.93531, -1.69152
50.025, 1.93194, -1.69156
50.05, 1.92801, -1.69159
50.075, 1.92329, -1.69163
50.1, 1.91727, -1.69167
50.125, 1.9081, -1.69173
50.15, 1.9081, -1.69173
50.175, 1.9081, -1.69173
50.2, 1.9081, -1.69173
50.225, 1.89563, -1.69179
50.25, 1.8803, -1.69188
50.275, 1.86471, -1.69197
50.3, 1.85084, -1.69204
50.325, 1.85084, -1.69204
50.35, 1.85084, -1.69204
50.375, 1.85084, -1.69204
50.4, 1.83793, -1.69212
50.425, 1.82778, -1.69219
50.45, 1.82778, -1.69219
50.475, 1.82778, -1.69219
50.5, 1.81264, -1.69225
50.525, 1.81264, -1.69225
50.55, 1.81264, -1.69225
50.575, 1.79703, -1.6923
50.6, 1.79703, -1.6923
50.625, 1.78676, -1.69235
50.65, 1.7841, -1.69236
50.675, 1.7841, -1.69236
50.7, 1.7841, -1.69236
50.725, 1.7841, -1.69236
50.75, 1.7841, -1.69236
50.775, 1.7841, -1.69236
50.8, 1.78104, -1.69203
50.825, 1.77546, -1.69175
50.85, 1.77108, -1.69146
50.875, 1.76893, -1.69117
50.9, 1.76893, -1.69117
50.925, 1.76893, -1.69117
50.95, 1.76928, -1.69095
50.975, 1.77289, -1.69074
51, 1.77289, -1.69074
51.025, 1.77289, -1.69074
51.05, 1.77289, -1.69074
51.075, 1.77626, -1.69052
51.1, 1.77626, -1.69052
51.125, 1.77626, -1.69052
51.15, 1.77626, -1.69052
51.175, 1.77968, -1.69034
51.2, 1.78541, -1.69015
51.225, 1.79286, -1.68995
51.25, 1.80153, -1.68976
51.275, 1.81152, -1.68957
51.3, 1.81152, -1.68957
51.325, 1.81152, -1.68957
51.35, 1.81152, -1.68957
51.375, 1.82071, -1.68941
51.4, 1.83068, -1.68926
51.425, 1.84135, -1.68911
51.45, 1.84135, -1.68911
51.475, 1.85192, -1.68898
51.5, 1.86309, -1.68887
51.525, 1.87461, -1.68877
51.55, 1.87461, -1.68877
51.575, 1.87461, -1.68877
51.6, 1.87461, -1.68877
51.625, 1.88522, -1.68869
51.65, 1.88522, -1.68869
51.675, 1.88522, -1.68869
51.7, 1.88522, -1.68869
51.725, 1.88522, -1.68869
51.75, 1.88522, -1.68869
51.775, 1.88522, -1.68869
51.8, 1.88522, -1.68869
51.825, 1.89095, -1.68874
51.85, 1.89095, -1.68874
51.875, 1.89095, -1.68874
51.9, 1.89696, -1.68879
51.925, 1.89696, -1.68879
51.95, 1.89696, -1.68879
51.975, 1.9032, -1.68882
52, 1.9032, -1.68882
52.025, 1.9032, -1.68882
52.05, 1.9032, -1.68882
52.075, 1.9032, -1.68882
52.1, 1.90623, -1.68891
52.125, 1.90671, -1.68904
52.15, 1.90671, -1.68904
52.175, 1.90668, -1.68918
52.2, 1.9067, -1.68931
52.225, 1.9067, -1.68931
52.25, 1.9067, -1.68931
52.275, 1.90604, -1.68945
52.3, 1.90604, -1.68945
52.325, 1.90604, -1.68945
52.35, 1.90372, -1.68961
52.375, 1.9005, -1.68977
52.4, 1.89712, -1.68994
52.425, 1.89712, -1.68994
52.45, 1.89712, -1.68994
52.475, 1.89376, -1.6901
52.5, 1.89376, -1.6901
52.525, 1.89052, -1.69026
52.55, 1.89052, -1.69026
52.575, 1.89052, -1.69026
52.6, 1.89052, -1.69026
52.625, 1.88738, -1.69041
52.65, 1.88738, -1.69041
52.675, 1.88738, -1.69041
52.7, 1.88738, -1.69041
52.725, 1.88738, -1.69041
52.75, 1.88503, -1.69055
52.775, 1.88334, -1.69068
52.8, 1.88334, -1.69068
52.825, 1.88279, -1.69079
52.85, 1.8833, -1.69089
52.875, 1.8833, -1.69089
52.9, 1.88343, -1.69099
52.925, 1.88343, -1.69099
52.95, 1.88343, -1.69099
52.975, 1.88343, -1.69099
53, 1.88343, -1.69099
53.025, 1.88427, -1.69107
53.05, 1.88669, -1.69114
53.075, 1.89013, -1.69119
53.1, 1.89435, -1.69124
53.125, 1.89435, -1.69124
53.15, 1.89435, -1.69124
53.175, 1.89435, -1.69124
53.2, 1.89819, -1.69127
53.225, 1.89819, -1.69127
53.25, 1.89819, -1.69127
53.275, 1.90254, -1.6913
53.3, 1.90254, -1.6913
53.325, 1.90254, -1.6913
53.35, 1.90254, -1.6913
53.375, 1.90254, -1.6913
53.4, 1.90254, -1.6913
53.425, 1.90704, -1.69131
53.45, 1.90704, -1.69131
53.475, 1.90704, -1.69131
53.5, 1.90704, -1.69131
53.525, 1.91137, -1.69133
53.55, 1.91137, -1.69133
53.575, 1.91585, -1.69133
53.6, 1.91585, -1.69133
53.625, 1.91585, -1.69133
53.65, 1.91585, -1.69133
53.675, 1.91585, -1.69133
53.7, 1.91585, -1.69133
53.725, 1.91585, -1.69133
53.75, 1.91585, -1.69133
53.775, 1.91585, -1.69133
53.8, 1.92013, -1.69135
53.825, 1.92013, -1.69135
53.85, 1.92013, -1.69135
53.875, 1.9242, -1.69136
53.9, 1.9242, -1.69136
53.925, 1.9242, -1.69136
53.95, 1.9242, -1.69136
53.975, 1.92791, -1.69138
54, 1.92791, -1.69138
54.025, 1.92791, -1.69138
54.05, 1.92791, -1.69138
54.075, 1.93148, -1.69139
54.1, 1.93487, -1.69141
54.125, 1.93487, -1.69141
54.15, 1.93793, -1.69144
54.175, 1.93793, -1.69144
54.2, 1.93793, -1.69144
54.225, 1.94119, -1.69146
54.25, 1.94119, -1.69146
54.275, 1.94432, -1.69147
54.3, 1.94432, -1.69147
54.325, 1.94432, -1.69147
54.35, 1.94432, -1.69147
54.375, 1.94432, -1.69147
54.4, 1.94657, -1.69151
54.425, 1.94657, -1.69151
54.45, 1.94928, -1.69153
54.475, 1.94928, -1.69153
54.5, 1.94928, -1.69153
54.525, 1.94928, -1.69153
54.55, 1.94928, -1.69153
54.575, 1.94928, -1.69153
54.6, 1.95284, -1.69152
54.625, 1.95284, -1.69152
54.65, 1.95284, -1.69152
54.675, 1.95593, -1.69153
54.7, 1.95885, -1.69153
54.725, 1.95885, -1.69153
54.75, 1.95885, -1.69153
54.775, 1.96185, -1.69154
54.8, 1.96185, -1.69154
54.825, 1.96466, -1.69154
54.85, 1.96739, -1.69154
54.875, 1.96739, -1.69154
54.9, 1.96739, -1.69154
54.925, 1.96739, -1.69154
54.95, 1.96739, -1.69154
54.975, 1.97015, -1.69155
55, 1.97015, -1.69155
55.025, 1.9729, -1.69154
55.05, 1.97563, -1.69154
55.075, 1.97563, -1.69154
55.1, 1.97563, -1.69154
55.125, 1.97832, -1.69154
55.15, 1.97832, -1.69154
55.175, 1.97832, -1.69154
55.2, 1.98096, -1.69153
55.225, 1.98355, -1.69152
55.25, 1.98355, -1.69152
55.275, 1.98355, -1.69152
55.3, 1.98608, -1.69152
55.325, 1.98608, -1.69152
55.35, 1.98608, -1.69152
55.375, 1.98608, -1.69152
55.4, 1.98608, -1.69152
55.425, 1.98861, -1.69151
55.45, 1.98861, -1.69151
55.475, 1.98861, -1.69151
55.5, 1.98861, -1.69151
55.525, 1.98861, -1.69151
55.55, 1.99013, -1.69152
55.575, 1.99013, -1.69152
55.6, 1.99173, -1.69153
55.625, 1.99173, -1.69153
55.65, 1.99173, -1.69153
55.675, 1.99173, -1.69153
55.7, 1.9931, -1.69156
55.725, 1.99448, -1.69158
55.75, 1.99448, -1.69158
55.775, 1.99448, -1.69158
55.8, 1.99458, -1.69163
55.825, 1.99369, -1.69169
55.85, 1.99243, -1.69176
55.875, 1.99158, -1.69182
55.9, 1.99158, -1.69182
55.925, 1.99119, -1.69188
55.95, 1.99119, -1.69188
55.975, 1.99119, -1.69188
56, 1.99119, -1.69188
56.025, 1.99119, -1.69188
56.05, 1.99119, -1.69188
56.075, 1.99096, -1.69192
56.1, 1.99036, -1.69196
56.125, 1.99036, -1.69196
56.15, 1.99036, -1.69196
56.175, 1.98991, -1.69201
56.2, 1.98991, -1.69201
56.225, 1.98991, -1.69201
56.25, 1.98953, -1.69204
56.275, 1.98953, -1.69204
56.3, 1.98919, -1.69208
56.325, 1.98889, -1.69212
56.35, 1.98889, -1.69212
56.375, 1.98889, -1.69212
56.4, 1.98867, -1.69215
56.425, 1.98867, -1.69215
56.45, 1.98867, -1.69215
56.475, 1.98852, -1.69218
56.5, 1.98852, -1.69218
56.525, 1.98852, -1.69218
56.55, 1.98852, -1.69218
56.575, 1.98842, -1.69221
56.6, 1.98842, -1.69221
56.625, 1.98831, -1.69224
56.65, 1.98814, -1.69227
56.675, 1.98783, -1.6923
56.7, 1.98732, -1.69234
56.725, 1.98672, -1.69238
56.75, 1.98672, -1.69238
56.775, 1.98642, -1.69241
56.8, 1.98618, -1.69244
56.825, 1.98618, -1.69244
56.85, 1.98618, -1.69244
56.875, 1.98618, -1.69244
56.9, 1.98649, -1.69245
56.925, 1.98649, -1.69245
56.95, 1.98649, -1.69245
56.975, 1.98634, -1.69248
57, 1.98634, -1.69248
57.025, 1.98634, -1.69248
57.05, 1.98634, -1.69248
57.075, 1.98657, -1.69248
57.1, 1.98606, -1.6925
57.125, 1.98606, -1.6925
57.15, 1.98606, -1.6925
57.175, 1.98602, -1.69251
57.2, 1.98599, -1.69252
57.225, 1.9857, -1.69254
57.25, 1.98468, -1.69259
57.275, 1.98468, -1.69259
57.3, 1.98468, -1.69259
57.325, 1.98468, -1.69259
57.35, 1.98414, -1.69262
57.375, 1.98414, -1.69262
57.4, 1.98414, -1.69262
57.425, 1.98414, -1.69262
57.45, 1.98363, -1.69265
57.475, 1.98312, -1.69268
57.5, 1.98256, -1.69271
57.525, 1.98256, -1.69271
57.55, 1.98206, -1.69274
57.575, 1.98206, -1.69274
57.6, 1.98206, -1.69274
57.625, 1.98164, -1.69276
57.65, 1.98124, -1.69279
57.675, 1.98124, -1.69279
57.7, 1.98073, -1.69281
57.725, 1.98073, -1.69281
57.75, 1.98073, -1.69281
57.775, 1.98073, -1.69281
57.8, 1.98073, -1.69281
57.825, 1.98073, -1.69281
57.85, 1.98073, -1.69281
57.875, 1.98073, -1.69281
57.9, 1.98073, -1.69281
57.925, 1.98073, -1.69281
57.95, 1.98073, -1.69281
57.975, 1.98073, -1.69281
58, 1.98236, -1.69279
58.025, 1.98367, -1.69277
58.05, 1.98367, -1.69277
58.075, 1.98367, -1.69277
58.1, 1.98163, -1.6928
58.125, 1.97589, -1.69286
58.15, 1.97589, -1.69286
58.175, 1.97589, -1.69286
58.2, 1.97589, -1.69286
58.225, 1.97589, -1.69286
58.25, 1.97589, -1.69286
58.275, 1.97589, -1.69286
58.3, 1.97103, -1.69294
58.325, 1.97103, -1.69294
58.35, 1.96569, -1.69301
58.375, 1.96569, -1.69301
58.4, 1.96569, -1.69301
58.425, 1.96569, -1.69301
58.45, 1.96569, -1.69301
58.475, 1.96207, -1.69306
58.5, 1.95974, -1.6931
58.525, 1.95974, -1.6931
58.55, 1.95974, -1.6931
58.575, 1.95974, -1.6931
58.6, 1.95748, -1.69314
58.625, 1.95748, -1.69314
58.65, 1.95748, -1.69314
58.675, 1.95748, -1.69314
58.7, 1.95551, -1.69317
58.725, 1.95389, -1.6932
58.75, 1.95389, -1.6932
58.775, 1.95234, -1.69323
58.8, 1.95088, -1.69327
58.825, 1.95088, -1.69327
58.85, 1.95088, -1.69327
58.875, 1.95088, -1.69327
58.9, 1.95088, -1.69327
58.925, 1.95088, -1.69327
58.95, 1.94953, -1.6933
58.975, 1.94953, -1.6933
59, 1.94953, -1.6933
59.025, 1.94822, -1.69332
59.05, 1.94822, -1.69332
59.075, 1.94822, -1.69332
59.1, 1.94822, -1.69332
59.125, 1.94646, -1.69335
59.15, 1.94646, -1.69335
59.175, 1.94646, -1.69335
59.2, 1.94479, -1.69338
59.225, 1.94479, -1.69338
59.25, 1.94479, -1.69338
59.275, 1.94479, -1.69338
59.3, 1.94479, -1.69338
59.325, 1.94479, -1.69338
59.35, 1.94479, -1.69338
59.375, 1.94429, -1.69334
59.4, 1.94429, -1.69334
59.425, 1.94429, -1.69334
59.45, 1.94429, -1.69334
59.475, 1.94429, -1.69334
59.5, 1.94654, -1.69323
59.525, 1.9489, -1.69313
59.55, 1.9489, -1.69313
59.575, 1.95095, -1.69305
59.6, 1.95294, -1.69297
59.625, 1.95294, -1.69297
59.65, 1.95294, -1.69297
59.675, 1.95345, -1.69291
59.7, 1.95247, -1.69286
59.725, 1.95079, -1.69283
59.75, 1.94908, -1.69279
59.775, 1.94757, -1.69275
59.8, 1.94757, -1.69275
59.825, 1.94757, -1.69275
59.85, 1.94605, -1.69272
59.875, 1.94605, -1.69272
59.9, 1.94433, -1.69268
59.925, 1.94433, -1.69268
59.95, 1.94433, -1.69268
59.975, 1.94433, -1.69268
60, 1.94433, -1.69268
60, 1.94433, -1.69268
60.025, 1.94264, -1.69264
60.05, 1.94264, -1.69264
60.075, 1.94264, -1.69264
60.1, 1.94264, -1.69264
60.125, 1.93757, -1.69264
60.15, 1.92667, -1.69269
60.175, 1.92667, -1.69269
60.2, 1.92667, -1.69269
60.225, 1.92667, -1.69269
60.25, 1.92667, -1.69269
60.275, 1.90899, -1.69279
60.3, 1.88539, -1.69292
60.325, 1.85868, -1.69307
60.35, 1.85868, -1.69307
60.375, 1.82908, -1.69322
60.4, 1.82908, -1.69322
60.425, 1.82908, -1.69322
60.45, 1.82908, -1.69322
60.475, 1.80675, -1.69337
60.5, 1.78954, -1.6935
60.525, 1.77622, -1.69362
60.55, 1.77622, -1.69362
60.575, 1.76844, -1.6938
60.6, 1.76207, -1.69397
60.625, 1.76207, -1.69397
60.65, 1.75171, -1.69412
60.675, 1.75171, -1.69412
60.7, 1.75171, -1.69412
60.725, 1.74068, -1.69427
60.75, 1.74068, -1.69427
60.775, 1.74068, -1.69427
60.8, 1.73279, -1.69452
60.825, 1.73279, -1.69452
60.85, 1.72611, -1.69481
60.875, 1.72611, -1.69481
60.9, 1.72611, -1.69481
60.925, 1.72611, -1.69481
60.95, 1.72611, -1.69481
60.975, 1.72109, -1.69487
61, 1.72109, -1.69487
61.025, 1.71786, -1.69492
61.05, 1.71834, -1.69495
61.075, 1.71834, -1.69495
61.1, 1.71834, -1.69495
61.125, 1.71834, -1.69495
61.15, 1.71834, -1.69495
61.175, 1.71834, -1.69495
61.2, 1.72094, -1.69486
61.225, 1.72094, -1.69486
61.25, 1.72436, -1.69478
61.275, 1.72436, -1.69478
61.3, 1.72436, -1.69478
61.325, 1.72436, -1.69478
61.35, 1.72764, -1.69469
61.375, 1.72764, -1.69469
61.4, 1.72764, -1.69469
61.425, 1.73088, -1.69463
61.45, 1.73568, -1.69454
61.475, 1.73568, -1.69454
61.5, 1.74054, -1.69447
61.525, 1.74054, -1.69447
61.55, 1.74536, -1.69439
61.575, 1.75044, -1.69431
61.6, 1.75615, -1.69421
61.625, 1.76264, -1.6941
61.65, 1.76985, -1.69398
61.675, 1.77748, -1.69384
61.7, 1.78499, -1.6937
61.725, 1.78499, -1.6937
61.75, 1.78499, -1.6937
61.775, 1.78499, -1.6937
61.8, 1.78499, -1.6937
61.825, 1.79461, -1.69351
61.85, 1.79461, -1.69351
61.875, 1.80387, -1.69333
61.9, 1.81274, -1.69314
61.925, 1.81274, -1.69314
61.95, 1.81274, -1.69314
61.975, 1.81274, -1.69314
62, 1.81274, -1.69314
62.025, 1.82101, -1.69296
62.05, 1.82851, -1.69278
62.075, 1.82851, -1.69278
62.1, 1.82851, -1.69278
62.125, 1.83573, -1.6926
62.15, 1.84249, -1.69243
62.175, 1.84249, -1.69243
62.2, 1.84873, -1.69226
62.225, 1.84873, -1.69226
62.25, 1.84873, -1.69226
62.275, 1.84873, -1.69226
62.3, 1.85465, -1.6921
62.325, 1.85465, -1.6921
62.35, 1.86032, -1.69194
62.375, 1.86032, -1.69194
62.4, 1.86032, -1.69194
62.425, 1.86032, -1.69194
62.45, 1.86573, -1.69178
62.475, 1.87089, -1.69163
62.5, 1.87579, -1.69149
62.525, 1.87579, -1.69149
62.55, 1.87579, -1.69149
62.575, 1.88047, -1.69135
62.6, 1.88506, -1.69121
62.625, 1.88506, -1.69121
62.65, 1.88966, -1.69108
62.675, 1.88966, -1.69108
62.7, 1.89438, -1.69097
62.725, 1.89438, -1.69097
62.75, 1.89905, -1.69086
62.775, 1.90348, -1.69075
62.8, 1.90737, -1.69064
62.825, 1.91046, -1.69053
62.85, 1.91046, -1.69053
62.875, 1.91046, -1.69053
62.9, 1.91046, -1.69053
62.925, 1.91046, -1.69053
62.95, 1.91456, -1.69042
62.975, 1.91456, -1.69042
63, 1.91894, -1.69033
63.025, 1.91894, -1.69033
63.05, 1.91894, -1.69033
63.075, 1.91894, -1.69033
63.1, 1.91894, -1.69033
63.125, 1.91894, -1.69033
63.15, 1.91894, -1.69033
63.175, 1.92311, -1.69025
63.2, 1.92728, -1.69017
63.225, 1.92728, -1.69017
63.25, 1.93174, -1.6901
63.275, 1.93174, -1.6901
63.3, 1.93174, -1.6901
63.325, 1.93597, -1.69003
63.35, 1.94005, -1.68996
63.375, 1.94398, -1.6899
63.4, 1.9478, -1.68984
63.425, 1.95153, -1.68978
63.45, 1.95153, -1.68978
63.475, 1.95529, -1.68972
63.5, 1.95906, -1.68967
63.525, 1.95906, -1.68967
63.55, 1.96278, -1.68963
63.575, 1.96278, -1.68963
63.6, 1.96637, -1.68958
63.625, 1.96637, -1.68958
63.65, 1.96637, -1.68958
63.675, 1.96637, -1.68958
63.7, 1.96992, -1.68954
63.725, 1.96992, -1.68954
63.75, 1.97345, -1.6895
63.775, 1.97699, -1.68947
63.8, 1.98059, -1.68944
63.825, 1.98059, -1.68944
63.85, 1.98059, -1.68944
63.875, 1.98059, -1.68944
63.9, 1.98412, -1.68941
63.925, 1.98412, -1.68941
63.95, 1.9875, -1.68939
63.975, 1.9875, -1.68939
64, 1.9875, -1.68939
64.025, 1.9875, -1.68939
64.05, 1.9875, -1.68939
64.075, 1.99109, -1.68937
64.1, 1.99478, -1.68935
64.125, 1.99855, -1.68936
64.15, 1.99855, -1.68936
64.175, 2.00205, -1.68938
64.2, 2.00205, -1.68938
64.225, 2.00205, -1.68938
64.25, 2.00205, -1.68938
64.275, 2.00431, -1.68939
64.3, 2.00559, -1.68941
64.325, 2.0064, -1.68942
64.35, 2.0064, -1.68942
64.375, 2.00764, -1.68944
64.4, 2.00913, -1.68947
64.425, 2.00913, -1.68947
64.45, 2.00913, -1.68947
64.475, 2.00913, -1.68947
64.5, 2.0104, -1.68948
64.525, 2.011, -1.68949
64.55, 2.01094, -1.68949
64.575, 2.01094, -1.68949
64.6, 2.01047, -1.6895
64.625, 2.01047, -1.6895
64.65, 2.01047, -1.6895
64.675, 2.01047, -1.6895
64.7, 2.00994, -1.6895
64.725, 2.00936, -1.6895
64.75, 2.00936, -1.6895
64.775, 2.00873, -1.6895
64.8, 2.00873, -1.6895
64.825, 2.00873, -1.6895
64.85, 2.00873, -1.6895
64.875, 2.00873, -1.6895
64.9, 2.00873, -1.6895
64.925, 2.00873, -1.6895
64.95, 2.00818, -1.68951
64.975, 2.00786, -1.68952
65, 2.00786, -1.68952
65.025, 2.00786, -1.68952
65.05, 2.00786, -1.68952
65.075, 2.00786, -1.68952
65.1, 2.00746, -1.68952
65.125, 2.00676, -1.68952
65.15, 2.00676, -1.68952
65.175, 2.00539, -1.68951
65.2, 2.00539, -1.68951
65.225, 2.00464, -1.68951
65.25, 2.00447, -1.68952
65.275, 2.00447, -1.68952
65.3, 2.00447, -1.68952
65.325, 2.00447, -1.68952
65.35, 2.00422, -1.68953
65.375, 2.0039, -1.68954
65.4, 2.00328, -1.68954
65.425, 2.00328, -1.68954
65.45, 2.00328, -1.68954
65.475, 2.00328, -1.68954
65.5, 2.00328, -1.68954
65.525, 2.00328, -1.68954
65.55, 2.00375, -1.68954
65.575, 2.00375, -1.68954
65.6, 2.00396, -1.68956
65.625, 2.00396, -1.68956
65.65, 2.00412, -1.68957
65.675, 2.00412, -1.68957
65.7, 2.00412, -1.68957
65.725, 2.00409, -1.68958
65.75, 2.00409, -1.68959
65.775, 2.00427, -1.6896
65.8, 2.00427, -1.6896
65.825, 2.00427, -1.6896
65.85, 2.00443, -1.68962
65.875, 2.00465, -1.68965
65.9, 2.00489, -1.68967
65.925, 2.00512, -1.6897
65.95, 2.00533, -1.68972
65.975, 2.00551, -1.68974
66, 2.00571, -1.68976
66.025, 2.00593, -1.68978
66.05, 2.00615, -1.68981
66.075, 2.00615, -1.68981
66.1, 2.00615, -1.68981
66.125, 2.00615, -1.68981
66.15, 2.00606, -1.68984
66.175, 2.00606, -1.68984
66.2, 2.00606, -1.68984
66.225, 2.00606, -1.68984
66.25, 2.00606, -1.68984
66.275, 2.00592, -1.68988
66.3, 2.00592, -1.68988
66.325, 2.00592, -1.68988
66.35, 2.00592, -1.68988
66.375, 2.00584, -1.68992
66.4, 2.00557, -1.68996
66.425, 2.00557, -1.68996
66.45, 2.00483, -1.69002
66.475, 2.00483, -1.69002
66.5, 2.00435, -1.69007
66.525, 2.00435, -1.69007
66.55, 2.00323, -1.69011
66.575, 2.00323, -1.69011
66.6, 2.00323, -1.69011
66.625, 2.00323, -1.69011
66.65, 2.00323, -1.69011
66.675, 2.00323, -1.69011
66.7, 2.00323, -1.69011
66.725, 2.00323, -1.69011
66.75, 2.00274, -1.69016
66.775, 2.00231, -1.69019
66.8, 2.00153, -1.69022
66.825, 2.00153, -1.69022
66.85, 2.00153, -1.69022
66.875, 2.00153, -1.69022
66.9, 2.00153, -1.69022
66.925, 2.00153, -1.69022
66.95, 2.00206, -1.69022
66.975, 2.0026, -1.69023
67, 2.0026, -1.69023
67.025, 2.00313, -1.69023
67.05, 2.00313, -1.69023
67.075, 2.00367, -1.69024
67.1, 2.00367, -1.69024
67.125, 2.00367, -1.69024
67.15, 2.00367, -1.69024
67.175, 2.00367, -1.69024
67.2, 2.00367, -1.69024
67.225, 2.00367, -1.69024
67.25, 2.00406, -1.69025
67.275, 2.00434, -1.69025
67.3, 2.00434, -1.69025
67.325, 2.00434, -1.69025
67.35, 2.00434, -1.69025
67.375, 2.00455, -1.69025
67.4, 2.00459, -1.69026
67.425, 2.00459, -1.69026
67.45, 2.00459, -1.69026
67.475, 2.00421, -1.69026
67.5, 2.00421, -1.69026
67.525, 2.0037, -1.69026
67.55, 2.0037, -1.69026
67.575, 2.00327, -1.69027
67.6, 2.00299, -1.69027
67.625, 2.00286, -1.69028
67.65, 2.00278, -1.69029
67.675, 2.00251, -1.69029
67.7, 2.00159, -1.69029
67.725, 1.99988, -1.6903
67.75, 1.99988, -1.6903
67.775, 1.99859, -1.6903
67.8, 1.99859, -1.6903
67.825, 1.99859, -1.6903
67.85, 1.99859, -1.6903
67.875, 1.99859, -1.6903
67.9, 1.99859, -1.6903
67.925, 1.99876, -1.69025
67.95, 1.99876, -1.69025
67.975, 1.99876, -1.69025
68, 1.99736, -1.69021
68.025, 1.99736, -1.69021
68.05, 1.99736, -1.69021
68.075, 1.99698, -1.69016
68.1, 1.99698, -1.69016
68.125, 1.99698, -1.69016
68.15, 1.99698, -1.69016
68.175, 1.99698, -1.69016
68.2, 1.99648, -1.69011
68.225, 1.9956, -1.69006
68.25, 1.9956, -1.69006
68.275, 1.99461, -1.69001
68.3, 1.99363, -1.68997
68.325, 1.99363, -1.68997
68.35, 1.99363, -1.68997
68.375, 1.99363, -1.68997
68.4, 1.99363, -1.68997
68.425, 1.99363, -1.68997
68.45, 1.99363, -1.68997
68.475, 1.99261, -1.68993
68.5, 1.99261, -1.68993
68.525, 1.99261, -1.68993
68.55, 1.99146, -1.68991
68.575, 1.99146, -1.68991
68.6, 1.99146, -1.68991
68.625, 1.99146, -1.68991
68.65, 1.99146, -1.68991
68.675, 1.98992, -1.6899
68.7, 1.98992, -1.6899
68.725, 1.98794, -1.68991
68.75, 1.98794, -1.68991
68.775, 1.98794, -1.68991
68.8, 1.98794, -1.68991
68.825, 1.98692, -1.6899
68.85, 1.986, -1.68988
68.875, 1.986, -1.68988
68.9, 1.986, -1.68988
68.925, 1.98441, -1.68988
68.95, 1.98441, -1.68988
68.975, 1.98441, -1.68988
69, 1.98441, -1.68988
69.025, 1.98441, -1.68988
69.05, 1.981, -1.68992
69.075, 1.97633, -1.68998
69.1, 1.97633, -1.68998
69.125, 1.97633, -1.68998
69.15, 1.97633, -1.68998
69.175, 1.97633, -1.68998
69.2, 1.97633, -1.68998
69.225, 1.97217, -1.69003
69.25, 1.96805, -1.69008
69.275, 1.96805, -1.69008
69.3, 1.96805, -1.69008
69.325, 1.96397, -1.69013
69.35, 1.96011, -1.69018
69.375, 1.95641, -1.69022
69.4, 1.95641, -1.69022
69.425, 1.95641, -1.69022
69.45, 1.95283, -1.69027
69.475, 1.94934, -1.69031
69.5, 1.94583, -1.69035
69.525, 1.94583, -1.69035
69.55, 1.9423, -1.6904
69.575, 1.9423, -1.6904
69.6, 1.9423, -1.6904
69.625, 1.9423, -1.6904
69.65, 1.9423, -1.6904
69.675, 1.9423, -1.6904
69.7, 1.9389, -1.69044
69.725, 1.9389, -1.69044
69.75, 1.93566, -1.69049
69.775, 1.93566, -1.69049
69.8, 1.93566, -1.69049
69.825, 1.93252, -1.69053
69.85, 1.92944, -1.69057
69.875, 1.92944, -1.69057
69.9, 1.92614, -1.69062
69.925, 1.92614, -1.69062
69.95, 1.92276, -1.69067
69.975, 1.9194, -1.69072
70, 1.91631, -1.69076
70.025, 1.91631, -1.69076
70.05, 1.91352, -1.69081
70.075, 1.91352, -1.69081
70.1, 1.91352, -1.69081
70.125, 1.9004, -1.69093
70.15, 1.87533, -1.69115
70.175, 1.87533, -1.69115
70.2, 1.84148, -1.69145
70.225, 1.80793, -1.69174
70.25, 1.80793, -1.69174
70.275, 1.7789, -1.69201
70.3, 1.7789, -1.69201
70.325, 1.75935, -1.69231
70.35, 1.75935, -1.69231
70.375, 1.75935, -1.69231
70.4, 1.75935, -1.69231
70.425, 1.75935, -1.69231
70.45, 1.75935, -1.69231
70.475, 1.73472, -1.69245
70.5, 1.71507, -1.69257
70.525, 1.71507, -1.69257
70.55, 1.71507, -1.69257
70.575, 1.69958, -1.69272
70.6, 1.69302, -1.69284
70.625, 1.69302, -1.69284
70.65, 1.68928, -1.69297
70.675, 1.6898, -1.69308
70.7, 1.69241, -1.69317
70.725, 1.69691, -1.69324
70.75, 1.69691, -1.69324
70.775, 1.69691, -1.69324
70.8, 1.70131, -1.69331
70.825, 1.70921, -1.69336
70.85, 1.72055, -1.6934
70.875, 1.73448, -1.69342
70.9, 1.75001, -1.69343
70.925, 1.75001, -1.69343
70.95, 1.76533, -1.69346
70.975, 1.782, -1.69348
71, 1.7998, -1.69348
71.025, 1.8184, -1.69348
71.05, 1.8184, -1.69348
71.075, 1.8184, -1.69348
71.1, 1.8184, -1.69348
71.125, 1.83684, -1.69345
71.15, 1.83684, -1.69345
71.175, 1.83684, -1.69345
71.2, 1.83684, -1.69345
71.225, 1.83684, -1.69345
71.25, 1.85578, -1.69337
71.275, 1.87446, -1.69328
71.3, 1.89268, -1.6932
71.325, 1.89268, -1.6932
71.35, 1.89268, -1.6932
71.375, 1.91003, -1.69313
71.4, 1.91003, -1.69313
71.425, 1.92616, -1.69308
71.45, 1.92616, -1.69308
71.475, 1.92616, -1.69308
71.5, 1.94029, -1.69307
71.525, 1.95344, -1.69306
71.55, 1.96571, -1.69303
71.575, 1.97745, -1.69301
71.6, 1.98886, -1.69298
71.625, 1.98886, -1.69298
71.65, 1.98886, -1.69298
71.675, 1.98886, -1.69298
71.7, 1.99914, -1.69296
71.725, 1.99914, -1.69296
71.75, 1.99914, -1.69296
71.775, 2.00823, -1.69295
71.8, 2.00823, -1.69295
71.825, 2.01696, -1.69295
71.85, 2.01696, -1.69295
71.875, 2.0252, -1.69293
71.9, 2.0252, -1.69293
71.925, 2.03286, -1.69292
71.95, 2.03996, -1.6929
71.975, 2.03996, -1.6929
72, 2.04671, -1.69288
72.025, 2.04671, -1.69288
72.05, 2.04671, -1.69288
72.075, 2.0528, -1.69285
72.1, 2.0528, -1.69285
72.125, 2.0528, -1.69285
72.15, 2.0528, -1.69285
72.175, 2.05884, -1.69283
72.2, 2.06463, -1.69281
72.225, 2.06463, -1.69281
72.25, 2.06463, -1.69281
72.275, 2.07012, -1.69278
72.3, 2.07528, -1.69276
72.325, 2.07528, -1.69276
72.35, 2.07528, -1.69276
72.375, 2.08034, -1.69273
72.4, 2.08034, -1.69273
72.425, 2.08536, -1.69271
72.45, 2.08536, -1.69271
72.475, 2.09045, -1.6927
72.5, 2.09045, -1.6927
72.525, 2.09045, -1.6927
72.55, 2.09045, -1.6927
72.575, 2.09454, -1.69266
72.6, 2.09454, -1.69266
72.625, 2.09454, -1.69266
72.65, 2.09815, -1.69263
72.675, 2.09815, -1.69263
72.7, 2.09815, -1.69263
72.725, 2.1029, -1.69261
72.75, 2.10816, -1.69262
72.775, 2.11353, -1.69264
72.8, 2.11353, -1.69264
72.825, 2.11353, -1.69264
72.85, 2.11353, -1.69264
72.875, 2.11353, -1.69264
72.9, 2.11353, -1.69264
72.925, 2.11862, -1.69267
72.95, 2.12376, -1.69269
72.975, 2.12376, -1.69269
73, 2.12906, -1.69272
73.025, 2.13457, -1.69276
73.05, 2.13457, -1.69276
73.075, 2.13457, -1.69276
73.1, 2.13457, -1.69276
73.125, 2.13935, -1.69279
73.15, 2.1435, -1.69281
73.175, 2.1435, -1.69281
73.2, 2.1435, -1.69281
73.225, 2.1435, -1.69281
73.25, 2.1435, -1.69281
73.275, 2.1435, -1.69281
73.3, 2.14776, -1.69283
73.325, 2.14776, -1.69283
73.35, 2.15195, -1.69285
73.375, 2.15623, -1.69288
73.4, 2.16067, -1.6929
73.425, 2.16067, -1.6929
73.45, 2.16067, -1.6929
73.475, 2.16067, -1.6929
73.5, 2.16497, -1.69293
73.525, 2.16497, -1.69293
73.55, 2.16497, -1.69293
73.575, 2.16497, -1.69293
73.6, 2.16497, -1.69293
73.625, 2.16921, -1.69297
73.65, 2.16921, -1.69297
73.675, 2.17343, -1.69301
73.7, 2.17766, -1.69305
73.725, 2.1819, -1.69309
73.75, 2.1819, -1.69309
73.775, 2.18603, -1.69314
73.8, 2.19008, -1.69318
73.825, 2.19008, -1.69318
73.85, 2.19008, -1.69318
73.875, 2.19008, -1.69318
73.9, 2.19008, -1.69318
73.925, 2.1938, -1.69325
73.95, 2.19741, -1.69334
73.975, 2.2009, -1.69342
74, 2.2009, -1.69342
74.025, 2.2009, -1.69342
74.05, 2.2009, -1.69342
74.075, 2.20438, -1.6935
74.1, 2.20764, -1.69358
74.125, 2.21107, -1.69366
74.15, 2.21474, -1.69375
74.175, 2.21474, -1.69375
74.2, 2.2183, -1.69385
74.225, 2.2183, -1.69385
74.25, 2.2183, -1.69385
74.275, 2.22128, -1.69393
74.3, 2.22128, -1.69393
74.325, 2.22317, -1.69402
74.35, 2.22317, -1.69402
74.375, 2.22317, -1.69402
74.4, 2.22317, -1.69402
74.425, 2.22317, -1.69402
74.45, 2.22553, -1.69411
74.475, 2.2279, -1.6942
74.5, 2.2279, -1.6942
74.525, 2.2279, -1.6942
74.55, 2.2279, -1.6942
74.575, 2.2301, -1.69428
74.6, 2.23213, -1.69436
74.625, 2.23213, -1.69436
74.65, 2.23213, -1.69436
74.675, 2.23213, -1.69436
74.7, 2.23213, -1.69436
74.725, 2.23434, -1.69444
74.75, 2.23434, -1.69444
74.775, 2.23434, -1.69444
74.8, 2.23434, -1.69444
74.825, 2.23434, -1.69444
74.85, 2.23651, -1.69452
74.875, 2.23651, -1.69452
74.9, 2.23866, -1.6946
74.925, 2.23866, -1.6946
74.95, 2.23866, -1.6946
74.975, 2.24076, -1.69469
75, 2.24076, -1.69469
75.025, 2.24283, -1.69478
75.05, 2.24489, -1.69488
75.075, 2.24489, -1.69488
75.1, 2.24489, -1.69488
75.125, 2.24489, -1.69488
75.15, 2.24489, -1.69488
75.175, 2.24489, -1.69488
75.2, 2.24489, -1.69488
75.225, 2.24652, -1.69497
75.25, 2.24652, -1.69497
75.275, 2.24863, -1.69507
75.3, 2.24863, -1.69507
75.325, 2.25059, -1.69519
75.35, 2.25059, -1.69519
75.375, 2.25059, -1.69519
75.4, 2.25269, -1.69528
75.425, 2.25269, -1.69528
75.45, 2.25269, -1.69528
75.475, 2.25269, -1.69528
75.5, 2.25269, -1.69528
75.525, 2.25269, -1.69528
75.55, 2.25575, -1.69535
75.575, 2.25883, -1.69543
75.6, 2.25883, -1.69543
75.625, 2.25883, -1.69543
75.65, 2.25883, -1.69543
75.675, 2.26167, -1.69549
75.7, 2.26405, -1.69555
75.725, 2.26405, -1.69555
75.75, 2.26405, -1.69555
75.775, 2.26612, -1.6956
75.8, 2.26795, -1.69566
75.825, 2.26795, -1.69566
75.85, 2.26795, -1.69566
75.875, 2.26795, -1.69566
75.9, 2.26795, -1.69566
75.925, 2.26795, -1.69566
75.95, 2.26795, -1.69566
75.975, 2.26795, -1.69566
76, 2.26795, -1.69566
76.025, 2.26795, -1.69566
76.05, 2.26795, -1.69566
76.075, 2.26959, -1.69571
76.1, 2.26959, -1.69571
76.125, 2.27109, -1.69575
76.15, 2.27242, -1.6958
76.175, 2.27242, -1.6958
76.2, 2.27242, -1.6958
76.225, 2.27242, -1.6958
76.25, 2.2737, -1.69584
76.275, 2.2737, -1.69584
76.3, 2.2737, -1.69584
76.325, 2.2737, -1.69584
76.35, 2.27489, -1.69588
76.375, 2.27597, -1.69591
76.4, 2.27597, -1.69591
76.425, 2.27597, -1.69591
76.45, 2.27597, -1.69591
76.475, 2.27597, -1.69591
76.5, 2.27702, -1.69597
76.525, 2.27702, -1.69597
76.55, 2.27702, -1.69597
76.575, 2.27702, -1.69597
76.6, 2.27799, -1.696
76.625, 2.27799, -1.696
76.65, 2.27799, -1.696
76.675, 2.27799, -1.696
76.7, 2.2796, -1.69601
76.725, 2.2796, -1.69601
76.75, 2.2812, -1.69605
76.775, 2.2812, -1.69605
76.8, 2.28271, -1.69609
76.825, 2.28271, -1.69609
76.85, 2.28414, -1.69611
76.875, 2.28414, -1.69611
76.9, 2.28414, -1.69611
76.925, 2.28414, -1.69611
76.95, 2.28602, -1.69613
76.975, 2.28773, -1.69615
77, 2.28952, -1.69617
77.025, 2.28952, -1.69617
77.05, 2.28952, -1.69617
77.075, 2.28952, -1.69617
77.1, 2.29118, -1.69617
77.125, 2.29118, -1.69617
77.15, 2.29268, -1.69618
77.175, 2.29399, -1.69618
77.2, 2.29399, -1.69618
77.225, 2.29523, -1.69619
77.25, 2.29523, -1.69619
77.275, 2.29645, -1.69619
77.3, 2.29645, -1.69619
77.325, 2.29761, -1.69619
77.35, 2.29872, -1.69619
77.375, 2.29872, -1.69619
77.4, 2.2997, -1.69619
77.425, 2.30054, -1.69619
77.45, 2.30054, -1.69619
77.475, 2.30094, -1.69619
77.5, 2.30094, -1.69619
77.525, 2.30094, -1.69619
77.55, 2.30071, -1.69619
77.575, 2.30071, -1.69619
77.6, 2.30071, -1.69619
77.625, 2.30071, -1.69619
77.65, 2.30071, -1.69619
77.675, 2.30071, -1.69619
77.7, 2.30071, -1.69619
77.725, 2.30071, -1.69619
77.75, 2.30071, -1.69619
77.775, 2.30071, -1.69619
77.8, 2.30071, -1.69619
77.825, 2.30052, -1.69619
77.85, 2.30078, -1.69619
77.875, 2.30129, -1.69619
77.9, 2.30129, -1.69619
77.925, 2.30237, -1.69621
77.95, 2.30237, -1.69621
77.975, 2.30237, -1.69621
78, 2.30237, -1.69621
78.025, 2.30237, -1.69621
78.05, 2.30283, -1.69616
78.075, 2.30283, -1.69616
78.1, 2.30247, -1.69613
78.125, 2.30247, -1.69613
78.15, 2.30247, -1.69613
78.175, 2.3031, -1.6961
78.2, 2.3031, -1.6961
78.225, 2.3031, -1.6961
78.25, 2.3036, -1.69605
78.275, 2.30329, -1.696
78.3, 2.30166, -1.69596
78.325, 2.30166, -1.69596
78.35, 2.30166, -1.69596
78.375, 2.30166, -1.69596
78.4, 2.30166, -1.69596
78.425, 2.30166, -1.69596
78.45, 2.30143, -1.69589
78.475, 2.30164, -1.69584
78.5, 2.30164, -1.69584
78.525, 2.30164, -1.69584
78.55, 2.30164, -1.69584
78.575, 2.30164, -1.69584
78.6, 2.30164, -1.69584
78.625, 2.30164, -1.69584
78.65, 2.3012, -1.69577
78.675, 2.3012, -1.69577
78.7, 2.30034, -1.6957
78.725, 2.29916, -1.69564
78.75, 2.29916, -1.69564
78.775, 2.29916, -1.69564
78.8, 2.29916, -1.69564
78.825, 2.29916, -1.69564
78.85, 2.29811, -1.69558
78.875, 2.29811, -1.69558
78.9, 2.29719, -1.69553
78.925, 2.29648, -1.69548
78.95, 2.29601, -1.69544
78.975, 2.29601, -1.69544
79, 2.29601, -1.69544
79.025, 2.29601, -1.69544
79.05, 2.29601, -1.69544
79.075, 2.29508, -1.69543
79.1, 2.2939, -1.69545
79.125, 2.29243, -1.69549
79.15, 2.29073, -1.69554
79.175, 2.29073, -1.69554
79.2, 2.28901, -1.6956
79.225, 2.28901, -1.6956
79.25, 2.28901, -1.6956
79.275, 2.28709, -1.69566
79.3, 2.28456, -1.69574
79.325, 2.28456, -1.69574
79.35, 2.28038, -1.69587
79.375, 2.27442, -1.69603
79.4, 2.27442, -1.69603
79.425, 2.26979, -1.69616
79.45, 2.26588, -1.69628
79.475, 2.26265, -1.69639
79.5, 2.26265, -1.69639
79.525, 2.2594, -1.69651
79.55, 2.25625, -1.69663
79.575, 2.25309, -1.69674
79.6, 2.25309, -1.69674
79.625, 2.25309, -1.69674
79.65, 2.25309, -1.69674
79.675, 2.25309, -1.69674
79.7, 2.25309, -1.69674
79.725, 2.25041, -1.69685
79.75, 2.25041, -1.69685
79.775, 2.25041, -1.69685
79.8, 2.25041, -1.69685
79.825, 2.25041, -1.69685
79.85, 2.24849, -1.69692
79.875, 2.24663, -1.69698
79.9, 2.24663, -1.69698
79.925, 2.24481, -1.69705
79.95, 2.24306, -1.69711
79.975, 2.24306, -1.69711
80, 2.24306, -1.69711
80.025, 2.24106, -1.69718
80.05, 2.24106, -1.69718
80.075, 2.23842, -1.69724
80.1, 2.2345, -1.69732
80.125, 2.2345, -1.69732
80.15, 2.2345, -1.69732
80.175, 2.22384, -1.69745
80.2, 2.20874, -1.69761
80.225, 2.20874, -1.69761
80.25, 2.18981, -1.6978
80.275, 2.18981, -1.6978
80.3, 2.18981, -1.6978
80.325, 2.16907, -1.698
80.35, 2.14914, -1.69819
80.375, 2.14914, -1.69819
80.4, 2.12792, -1.69837
80.425, 2.12792, -1.69837
80.45, 2.10562, -1.69856
80.475, 2.10562, -1.69856
80.5, 2.10562, -1.69856
80.525, 2.10562, -1.69856
80.55, 2.10562, -1.69856
80.575, 2.08152, -1.69868
80.6, 2.08152, -1.69868
80.625, 2.06178, -1.69882
80.65, 2.06178, -1.69882
80.675, 2.06178, -1.69882
80.7, 2.0415, -1.6989
80.725, 2.02462, -1.69896
80.75, 2.02462, -1.69896
80.775, 2.00681, -1.69902
80.8, 1.99194, -1.69905
80.825, 1.98109, -1.69905
80.85, 1.9747, -1.69901
80.875, 1.9747, -1.69901
80.9, 1.9747, -1.69901
80.925, 1.96868, -1.69903
80.95, 1.96868, -1.69903
80.975, 1.96868, -1.69903
81, 1.96868, -1.69903
81.025, 1.96868, -1.69903
81.05, 1.96868, -1.69903
81.075, 1.96631, -1.6988
81.1, 1.96631, -1.6988
81.125, 1.96631, -1.6988
81.15, 1.96432, -1.6986
81.175, 1.96432, -1.6986
81.2, 1.96432, -1.6986
81.225, 1.96432, -1.6986
81.25, 1.96236, -1.69841
81.275, 1.96236, -1.69841
81.3, 1.96236, -1.69841
81.325, 1.96056, -1.69824
81.35, 1.96056, -1.69824
81.375, 1.96056, -1.69824
81.4, 1.95884, -1.69807
81.425, 1.95884, -1.69807
81.45, 1.95754, -1.69791
81.475, 1.95722, -1.69775
81.5, 1.95794, -1.69758
81.525, 1.95794, -1.69758
81.55, 1.95794, -1.69758
81.575, 1.95794, -1.69758
81.6, 1.95861, -1.69741
81.625, 1.95974, -1.69725
81.65, 1.96131, -1.69708
81.675, 1.96131, -1.69708
81.7, 1.96131, -1.69708
81.725, 1.96131, -1.69708
81.75, 1.96131, -1.69708
81.775, 1.96131, -1.69708
81.8, 1.96131, -1.69708
81.825, 1.96286, -1.69692
81.85, 1.96421, -1.69675
81.875, 1.96539, -1.69659
81.9, 1.96539, -1.69659
81.925, 1.96539, -1.69659
81.95, 1.96641, -1.69643
81.975, 1.96641, -1.69643
82, 1.96641, -1.69643
82.025, 1.96641, -1.69643
82.05, 1.96662, -1.69629
82.075, 1.96662, -1.69629
82.1, 1.96662, -1.69629
82.125, 1.96662, -1.69629
82.15, 1.96739, -1.69614
82.175, 1.96739, -1.69614
82.2, 1.96739, -1.69614
82.225, 1.96739, -1.69614
82.25, 1.96739, -1.69614
82.275, 1.96734, -1.69599
82.3, 1.96734, -1.69599
82.325, 1.96554, -1.69585
82.35, 1.96239, -1.6957
82.375, 1.95833, -1.69555
82.4, 1.95833, -1.69555
82.425, 1.95833, -1.69555
82.45, 1.95833, -1.69555
82.475, 1.95445, -1.69541
82.5, 1.95445, -1.69541
82.525, 1.95087, -1.69528
82.55, 1.95087, -1.69528
82.575, 1.94745, -1.69515
82.6, 1.94745, -1.69515
82.625, 1.94745, -1.69515
82.65, 1.94424, -1.69502
82.675, 1.94424, -1.69502
82.7, 1.94121, -1.69491
82.725, 1.93837, -1.6948
82.75, 1.93837, -1.6948
82.775, 1.93837, -1.6948
82.8, 1.93837, -1.6948
82.825, 1.93542, -1.69468
82.85, 1.93542, -1.69468
82.875, 1.93542, -1.69468
82.9, 1.93256, -1.69457
82.925, 1.93256, -1.69457
82.95, 1.92974, -1.69447
82.975, 1.92974, -1.69447
83, 1.92714, -1.69437
83.025, 1.92487, -1.69427
83.05, 1.92487, -1.69427
83.075, 1.92487, -1.69427
83.1, 1.92279, -1.69419
83.125, 1.92279, -1.69419
83.15, 1.92077, -1.69411
83.175, 1.92077, -1.69411
83.2, 1.92077, -1.69411
83.225, 1.92077, -1.69411
83.25, 1.91885, -1.69404
83.275, 1.91711, -1.69397
83.3, 1.91561, -1.6939
83.325, 1.91561, -1.6939
83.35, 1.91561, -1.6939
83.375, 1.91561, -1.6939
83.4, 1.91402, -1.69383
83.425, 1.91402, -1.69383
83.45, 1.91402, -1.69383
83.475, 1.91402, -1.69383
83.5, 1.91402, -1.69383
83.525, 1.91402, -1.69383
83.55, 1.91282, -1.69375
83.575, 1.91282, -1.69375
83.6, 1.91149, -1.69368
83.625, 1.91006, -1.69361
83.65, 1.90861, -1.69354
83.675, 1.90861, -1.69354
83.7, 1.90861, -1.69354
83.725, 1.90861, -1.69354
83.75, 1.90861, -1.69354
83.775, 1.90861, -1.69354
83.8, 1.90861, -1.69354
83.825, 1.90706, -1.69347
83.85, 1.90706, -1.69347
83.875, 1.9053, -1.6934
83.9, 1.9053, -1.6934
83.925, 1.9053, -1.6934
83.95, 1.90368, -1.69333
83.975, 1.90368, -1.69333
84, 1.90229, -1.69327
84.025, 1.90229, -1.69327
84.05, 1.9011, -1.69321
84.075, 1.9001, -1.69316
84.1, 1.89929, -1.69311
84.125, 1.89867, -1.69307
84.15, 1.8983, -1.69303
84.175, 1.8982, -1.69299
84.2, 1.89827, -1.69296
84.225, 1.89827, -1.69296
84.25, 1.8984, -1.69293
84.275, 1.8984, -1.69293
84.3, 1.89856, -1.69291
84.325, 1.89856, -1.69291
84.35, 1.89856, -1.69291
84.375, 1.89856, -1.69291
84.4, 1.89875, -1.69288
84.425, 1.89875, -1.69288
84.45, 1.89875, -1.69288
84.475, 1.89875, -1.69288
84.5, 1.89875, -1.69288
84.525, 1.89875, -1.69288
84.55, 1.89875, -1.69288
84.575, 1.89875, -1.69288
84.6, 1.89875, -1.69288
84.625, 1.89875, -1.69288
84.65, 1.89972, -1.69282
84.675, 1.90066, -1.69275
84.7, 1.90166, -1.69269
84.725, 1.90273, -1.69264
84.75, 1.90382, -1.6926
84.775, 1.90382, -1.6926
84.8, 1.90465, -1.69258
84.825, 1.90533, -1.69258
84.85, 1.90533, -1.69258
84.875, 1.906, -1.69256
84.9, 1.90648, -1.69254
84.925, 1.90648, -1.69254
84.95, 1.90648, -1.69254
84.975, 1.90648, -1.69254
85, 1.90648, -1.69254
85.025, 1.90767, -1.69252
85.05, 1.90767, -1.69252
85.075, 1.90767, -1.69252
85.1, 1.9088, -1.69249
85.125, 1.9088, -1.69249
85.15, 1.9088, -1.69249
85.175, 1.9088, -1.69249
85.2, 1.9088, -1.69249
85.225, 1.9088, -1.69249
85.25, 1.90992, -1.69247
85.275, 1.90992, -1.69247
85.3, 1.90992, -1.69247
85.325, 1.90992, -1.69247
85.35, 1.90992, -1.69247
85.375, 1.91101, -1.69245
85.4, 1.91209, -1.69242
85.425, 1.91209, -1.69242
85.45, 1.91312, -1.6924
85.475, 1.91413, -1.69238
85.5, 1.91508, -1.69235
85.525, 1.91593, -1.69232
85.55, 1.91667, -1.69229
85.575, 1.91733, -1.69226
85.6, 1.91733, -1.69226
85.625, 1.91733, -1.69226
85.65, 1.91733, -1.69226
85.675, 1.91733, -1.69226
85.7, 1.91733, -1.69226
85.725, 1.91792, -1.69223
85.75, 1.91838, -1.69219
85.775, 1.91838, -1.69219
85.8, 1.91851, -1.69215
85.825, 1.91851, -1.69215
85.85, 1.91834, -1.69212
85.875, 1.91817, -1.69208
85.9, 1.91819, -1.69205
85.925, 1.91819, -1.69205
85.95, 1.91833, -1.69203
85.975, 1.91833, -1.69203
86, 1.91833, -1.69203
86.025, 1.91774, -1.69201
86.05, 1.91774, -1.69201
86.075, 1.91774, -1.69201
86.1, 1.91774, -1.69201
86.125, 1.9164, -1.69198
86.15, 1.9164, -1.69198
86.175, 1.9164, -1.69198
86.2, 1.91567, -1.69196
86.225, 1.91567, -1.69196
86.25, 1.91567, -1.69196
86.275, 1.91482, -1.69194
86.3, 1.91482, -1.69194
86.325, 1.91482, -1.69194
86.35, 1.91386, -1.69192
86.375, 1.91386, -1.69192
86.4, 1.913, -1.6919
86.425, 1.91229, -1.69188
86.45, 1.91169, -1.69186
86.475, 1.91169, -1.69186
86.5, 1.91169, -1.69186
86.525, 1.91108, -1.69184
86.55, 1.91057, -1.69182
86.575, 1.91013, -1.69181
86.6, 1.90971, -1.69179
86.625, 1.90971, -1.69179
86.65, 1.90971, -1.69179
86.675, 1.90937, -1.69178
86.7, 1.90915, -1.69177
86.725, 1.90915, -1.69177
86.75, 1.90915, -1.69177
86.775, 1.90898, -1.69177
86.8, 1.90895, -1.69178
86.825, 1.90895, -1.69178
86.85, 1.90895, -1.69178
86.875, 1.90895, -1.69178
86.9, 1.90895, -1.69178
86.925, 1.90895, -1.69178
86.95, 1.90915, -1.69178
86.975, 1.90935, -1.69177
87, 1.90935, -1.69177
87.025, 1.90935, -1.69177
87.05, 1.90935, -1.69177
87.075, 1.90937, -1.69178
87.1, 1.90909, -1.69181
87.125, 1.90909, -1.69181
87.15, 1.90909, -1.69181
87.175, 1.90909, -1.69181
87.2, 1.90899, -1.69182
87.225, 1.90896, -1.69183
87.25, 1.90891, -1.69183
87.275, 1.90883, -1.69183
87.3, 1.90883, -1.69183
87.325, 1.90883, -1.69183
87.35, 1.9088, -1.69184
87.375, 1.90877, -1.69185
87.4, 1.90877, -1.69185
87.425, 1.90877, -1.69185
87.45, 1.90877, -1.69185
87.475, 1.90877, -1.69185
87.5, 1.90766, -1.69187
87.525, 1.90766, -1.69187
87.55, 1.90766, -1.69187
87.575, 1.90634, -1.69189
87.6, 1.90634, -1.69189
87.625, 1.90634, -1.69189
87.65, 1.90634, -1.69189
87.675, 1.90634, -1.69189
87.7, 1.90634, -1.69189
87.725, 1.90634, -1.69189
87.75, 1.90493, -1.69191
87.775, 1.90493, -1.69191
87.8, 1.90364, -1.69193
87.825, 1.90364, -1.69193
87.85, 1.90364, -1.69193
87.875, 1.90364, -1.69193
87.9, 1.90364, -1.69193
87.925, 1.90243, -1.69195
87.95, 1.90135, -1.69197
87.975, 1.90135, -1.69197
88, 1.90135, -1.69197
88.025, 1.90135, -1.69197
88.05, 1.90135, -1.69197
88.075, 1.90135, -1.69197
88.1, 1.90031, -1.69199
88.125, 1.90031, -1.69199
88.15, 1.89933, -1.69202
88.175, 1.89933, -1.69202
88.2, 1.89933, -1.69202
88.225, 1.89839, -1.69204
88.25, 1.89839, -1.69204
88.275, 1.89839, -1.69204
88.3, 1.89748, -1.69206
88.325, 1.89658, -1.69209
88.35, 1.89658, -1.69209
88.375, 1.89658, -1.69209
88.4, 1.89551, -1.69211
88.425, 1.89551, -1.69211
88.45, 1.89551, -1.69211
88.475, 1.89551, -1.69211
88.5, 1.89551, -1.69211
88.525, 1.89462, -1.69213
88.55, 1.89462, -1.69213
88.575, 1.89368, -1.69215
88.6, 1.89201, -1.69216
88.625, 1.89201, -1.69216
88.65, 1.89201, -1.69216
88.675, 1.88895, -1.69219
88.7, 1.88895, -1.69219
88.725, 1.88895, -1.69219
88.75, 1.88895, -1.69219
88.775, 1.88895, -1.69219
88.8, 1.88665, -1.69222
88.825, 1.88665, -1.69222
88.85, 1.88421, -1.69224
88.875, 1.88421, -1.69224
88.9, 1.88136, -1.69226
88.925, 1.87815, -1.69228
88.95, 1.87462, -1.69229
88.975, 1.87097, -1.69231
89, 1.87097, -1.69231
89.025, 1.87097, -1.69231
89.05, 1.86765, -1.69232
89.075, 1.86765, -1.69232
89.1, 1.86442, -1.69234
89.125, 1.86133, -1.69236
89.15, 1.86133, -1.69236
89.175, 1.85831, -1.69237
89.2, 1.85831, -1.69237
89.225, 1.85541, -1.69238
89.25, 1.85541, -1.69238
89.275, 1.85262, -1.6924
89.3, 1.84994, -1.69241
89.325, 1.84738, -1.69243
89.35, 1.84738, -1.69243
89.375, 1.84496, -1.69244
89.4, 1.84496, -1.69244
89.425, 1.84496, -1.69244
89.45, 1.84496, -1.69244
89.475, 1.84496, -1.69244
89.5, 1.84496, -1.69244
89.525, 1.84496, -1.69244
89.55, 1.84262, -1.69246
89.575, 1.84032, -1.69248
89.6, 1.84032, -1.69248
89.625, 1.83795, -1.6925
89.65, 1.83795, -1.6925
89.675, 1.83537, -1.69253
89.7, 1.83537, -1.69253
89.725, 1.83537, -1.69253
89.75, 1.83312, -1.69255
89.775, 1.83312, -1.69255
89.8, 1.83312, -1.69255
89.825, 1.83312, -1.69255
89.85, 1.83106, -1.69257
89.875, 1.83106, -1.69257
89.9, 1.82878, -1.6926
89.925, 1.82878, -1.6926
89.95, 1.82533, -1.69266
89.975, 1.82157, -1.69273
