20, 1, -0.0108534, -0.0307602
20.025, 1, -0.0108534, -0.0307602
20.05, 1, -0.0108534, -0.0307602
20.075, 1, -0.0108534, -0.0307602
20.1, 1, -0.0108534, -0.0307602
20.125, 1, -0.0125789, -0.0310492
20.15, 1, -0.0125789, -0.0310492
20.175, 1, -0.0143886, -0.0316796
20.2, 1, -0.0143886, -0.0316796
20.225, 1, -0.0143886, -0.0316796
20.25, 1, -0.0143886, -0.0316796
20.275, 1, -0.0143886, -0.0316796
20.3, 1, -0.0160922, -0.0321743
20.325, 1, -0.0177337, -0.0326387
20.35, 1, -0.0193179, -0.033078
20.375, 1, -0.0193179, -0.033078
20.4, 1, -0.0208556, -0.0334911
20.425, 1, -0.0208556, -0.0334911
20.45, 1, -0.0208556, -0.0334911
20.475, 1, -0.0224269, -0.033916
20.5, 1, -0.0241016, -0.0344726
20.525, 1, -0.0241016, -0.0344726
20.55, 1, -0.0263144, -0.0354495
20.575, 1, -0.0290633, -0.0371109
20.6, 1, -0.0290633, -0.0371109
20.625, 1, -0.0290633, -0.0371109
20.65, 1, -0.0350801, -0.0408198
20.675, 1, -0.0350801, -0.0408198
20.7, 1, -0.0350801, -0.0408198
20.725, 1, -0.0350801, -0.0408198
20.75, 1, -0.0350801, -0.0408198
20.775, 1, -0.052087, -0.0514471
20.8, 1, -0.0684831, -0.0615572
20.825, 1, -0.0684831, -0.0615572
20.85, 1, -0.0684831, -0.0615572
20.875, 1, -0.0859952, -0.0723716
20.9, 1, -0.0859952, -0.0723716
20.925, 1, -0.102893, -0.082747
20.95, 1, -0.102893, -0.082747
20.975, 1, -0.119254, -0.0928254
21, 1, -0.119254, -0.0928254
21.025, 1, -0.119254, -0.0928254
21.05, 1, -0.135792, -0.102623
21.075, 1, -0.135792, -0.102623
21.1, 1, -0.151766, -0.112048
21.125, 1, -0.151766, -0.112048
21.15, 1, -0.167206, -0.121155
21.175, 1, -0.167206, -0.121155
21.2, 1, -0.167206, -0.121155
21.225, 1, -0.167206, -0.121155
21.25, 1, -0.167206, -0.121155
21.275, 1, -0.167206, -0.121155
21.3, 1, -0.167206, -0.121155
21.325, 1, -0.167206, -0.121155
21.35, 1, -0.167206, -0.121155
21.375, 1, -0.167206, -0.121155
21.4, 1, -0.190888, -0.12272
21.425, 1, -0.216635, -0.120007
21.45, 1, -0.241623, -0.117184
21.475, 1, -0.241623, -0.117184
21.5, 1, -0.241623, -0.117184
21.525, 1, -0.265622, -0.114577
21.55, 1, -0.265622, -0.114577
21.575, 1, -0.265622, -0.114577
21.6, 1, -0.288961, -0.112109
21.625, 1, -0.311633, -0.109583
21.65, 1, -0.333532, -0.107165
21.675, 1, -0.354698, -0.104834
21.7, 1, -0.354698, -0.104834
21.725, 1, -0.354698, -0.104834
21.75, 1, -0.354698, -0.104834
21.775, 1, -0.354698, -0.104834
21.8, 1, -0.354698, -0.104834
21.825, 1, -0.354698, -0.104834
21.85, 1, -0.354698, -0.104834
21.875, 1, -0.37574, -0.102044
21.9, 1, -0.396202, -0.0991907
21.925, 1, -0.396202, -0.0991907
21.95, 1, -0.396202, -0.0991907
21.975, 1, -0.396202, -0.0991907
22, 1, -0.396202, -0.0991907
22.025, 1, -0.396202, -0.0991907
22.05, 1, -0.396202, -0.0991907
22.075, 1, -0.396202, -0.0991907
22.1, 1, -0.415663, -0.096671
22.125, 1, -0.415663, -0.096671
22.15, 1, -0.415663, -0.096671
22.175, 1, -0.4345, -0.0942042
22.2, 1, -0.452685, -0.0918484
22.225, 1, -0.452685, -0.0918484
22.25, 1, -0.452685, -0.0918484
22.275, 1, -0.470329, -0.0894811
22.3, 1, -0.487605, -0.0869408
22.325, 1, -0.504435, -0.0843357
22.35, 1, -0.520769, -0.0817438
22.375, 1, -0.520769, -0.0817438
22.4, 1, -0.520769, -0.0817438
22.425, 1, -0.520769, -0.0817438
22.45, 1, -0.536569, -0.0792342
22.475, 1, -0.536569, -0.0792342
22.5, 1, -0.536569, -0.0792342
22.525, 1, -0.551843, -0.0768052
22.55, 1, -0.566623, -0.0744402
22.575, 1, -0.566623, -0.0744402
22.6, 1, -0.566623, -0.0744402
22.625, 1, -0.566623, -0.0744402
22.65, 1, -0.58091, -0.0721544
22.675, 1, -0.594738, -0.0699252
22.7, 1, -0.608129, -0.0677424
22.725, 1, -0.608129, -0.0677424
22.75, 1, -0.608129, -0.0677424
22.775, 1, -0.621082, -0.0656223
22.8, 1, -0.621082, -0.0656223
22.825, 1, -0.621082, -0.0656223
22.85, 1, -0.621082, -0.0656223
22.875, 1, -0.621082, -0.0656223
22.9, 1, -0.621082, -0.0656223
22.925, 1, -0.621082, -0.0656223
22.95, 1, -0.621082, -0.0656223
22.975, 1, -0.621082, -0.0656223
23, 1, -0.621082, -0.0656223
23.025, 1, -0.633603, -0.0635732
23.05, 1, -0.633603, -0.0635732
23.075, 1, -0.633603, -0.0635732
23.1, 1, -0.633603, -0.0635732
23.125, 1, -0.645709, -0.0615905
23.15, 1, -0.645709, -0.0615905
23.175, 1, -0.657448, -0.0596321
23.2, 1, -0.657448, -0.0596321
23.225, 1, -0.668897, -0.0576299
23.25, 1, -0.668897, -0.0576299
23.275, 1, -0.680032, -0.0556212
23.3, 1, -0.6908, -0.0536762
23.325, 1, -0.701204, -0.0518016
23.35, 1, -0.711253, -0.0499989
23.375, 1, -0.720965, -0.0482583
23.4, 1, -0.730358, -0.0465707
23.425, 1, -0.730358, -0.0465707
23.45, 1, -0.739505, -0.0448669
23.475, 1, -0.739505, -0.0448669
23.5, 1, -0.748468, -0.0430943
23.525, 1, -0.757181, -0.0413279
23.55, 1, -0.757181, -0.0413279
23.575, 1, -0.76562, -0.0396034
23.6, 1, -0.76562, -0.0396034
23.625, 1, -0.76562, -0.0396034
23.65, 1, -0.773782, -0.0379313
23.675, 1, -0.773782, -0.0379313
23.7, 1, -0.781683, -0.0363026
23.725, 1, -0.789333, -0.0347149
23.75, 1, -0.796741, -0.0331652
23.775, 1, -0.796741, -0.0331652
23.8, 1, -0.796741, -0.0331652
23.825, 1, -0.796741, -0.0331652
23.85, 1, -0.803927, -0.0316407
23.875, 1, -0.803927, -0.0316407
23.9, 1, -0.803927, -0.0316407
23.925, 1, -0.803927, -0.0316407
23.95, 1, -0.803927, -0.0316407
23.975, 1, -0.810865, -0.0301765
24, 1, -0.810865, -0.0301765
24.025, 1, -0.810865, -0.0301765
24.05, 1, -0.810865, -0.0301765
24.075, 1, -0.817573, -0.0287611
24.1, 1, -0.817573, -0.0287611
24.125, 1, -0.817573, -0.0287611
24.15, 1, -0.824058, -0.0273924
24.175, 1, -0.830327, -0.0260695
24.2, 1, -0.830327, -0.0260695
24.225, 1, -0.83639, -0.0247892
24.25, 1, -0.83639, -0.0247892
24.275, 1, -0.83639, -0.0247892
24.3, 1, -0.842251, -0.0235513
24.325, 1, -0.842251, -0.0235513
24.35, 1, -0.842251, -0.0235513
24.375, 1, -0.842251, -0.0235513
24.4, 1, -0.842251, -0.0235513
24.425, 1, -0.842251, -0.0235513
24.45, 1, -0.842251, -0.0235513
24.475, 1, -0.847897, -0.0223741
24.5, 1, -0.853356, -0.0212361
24.525, 1, -0.858635, -0.0201343
24.55, 1, -0.86374, -0.0190683
24.575, 1, -0.86374, -0.0190683
24.6, 1, -0.86374, -0.0190683
24.625, 1, -0.86374, -0.0190683
24.65, 1, -0.868757, -0.0179527
24.675, 1, -0.868757, -0.0179527
24.7, 1, -0.873627, -0.0168538
24.725, 1, -0.878335, -0.0157915
24.75, 1, -0.882884, -0.0147671
24.775, 1, -0.887282, -0.0137764
24.8, 1, -0.887282, -0.0137764
24.825, 1, -0.887282, -0.0137764
24.85, 1, -0.891525, -0.0128256
24.875, 1, -0.89565, -0.0118822
24.9, 1, -0.89565, -0.0118822
24.925, 1, -0.89565, -0.0118822
24.95, 1, -0.89565, -0.0118822
24.975, 1, -0.89565, -0.0118822
25, 1, -0.89565, -0.0118822
25.025, 1, -0.89565, -0.0118822
25.05, 1, -0.89565, -0.0118822
25.075, 1, -0.89565, -0.0118822
25.1, 1, -0.89565, -0.0118822
25.125, 1, -0.89565, -0.0118822
25.15, 1, -0.89565, -0.0118822
25.175, 1, -0.899708, -0.0108988
25.2, 1, -0.899708, -0.0108988
25.225, 1, -0.899708, -0.0108988
25.25, 1, -0.899708, -0.0108988
25.275, 1, -0.903638, -0.00994086
25.3, 1, -0.903638, -0.00994086
25.325, 1, -0.903638, -0.00994086
25.35, 1, -0.907439, -0.00901232
25.375, 1, -0.907439, -0.00901232
25.4, 1, -0.907439, -0.00901232
25.425, 1, -0.907439, -0.00901232
25.45, 1, -0.911117, -0.00811108
25.475, 1, -0.914674, -0.00723811
25.5, 1, -0.918113, -0.0063926
25.525, 1, -0.918113, -0.0063926
25.55, 1, -0.918113, -0.0063926
25.575, 1, -0.918113, -0.0063926
25.6, 1, -0.918113, -0.0063926
25.625, 1, -0.918113, -0.0063926
25.65, 1, -0.918113, -0.0063926
25.675, 1, -0.921437, -0.00557655
25.7, 1, -0.921437, -0.00557655
25.725, 1, -0.921437, -0.00557655
25.75, 1, -0.921437, -0.00557655
25.775, 1, -0.921437, -0.00557655
25.8, 1, -0.924655, -0.00478294
25.825, 1, -0.924655, -0.00478294
25.85, 1, -0.927762, -0.00401889
25.875, 1, -0.927762, -0.00401889
25.9, 1, -0.927762, -0.00401889
25.925, 1, -0.927762, -0.00401889
25.95, 1, -0.930816, -0.00323157
25.975, 1, -0.930816, -0.00323157
26, 1, -0.930816, -0.00323157
26.025, 1, -0.930816, -0.00323157
26.05, 1, -0.930816, -0.00323157
26.075, 1, -0.930816, -0.00323157
26.1, 1, -0.93391, -0.00232751
26.125, 1, -0.93391, -0.00232751
26.15, 1, -0.93391, -0.00232751
26.175, 1, -0.936886, -0.00146864
26.2, 1, -0.936886, -0.00146864
26.225, 1, -0.936886, -0.00146864
26.25, 1, -0.936886, -0.00146864
26.275, 1, -0.939751, -0.000648824
26.3, 1, -0.939751, -0.000648824
26.325, 1, -0.942587, 0.00021096
26.35, 1, -0.942587, 0.00021096
26.375, 1, -0.945381, 0.00109526
26.4, 1, -0.945381, 0.00109526
26.425, 1, -0.945381, 0.00109526
26.45, 1, -0.948087, 0.00195551
26.475, 1, -0.948087, 0.00195551
26.5, 1, -0.948087, 0.00195551
26.525, 1, -0.948087, 0.00195551
26.55, 1, -0.950704, 0.00278824
26.575, 1, -0.950704, 0.00278824
26.6, 1, -0.950704, 0.00278824
26.625, 1, -0.953238, 0.00359853
26.65, 1, -0.953238, 0.00359853
26.675, 1, -0.953238, 0.00359853
26.7, 1, -0.955717, 0.00441142
26.725, 1, -0.955717, 0.00441142
26.75, 1, -0.95813, 0.00521423
26.775, 1, -0.95813, 0.00521423
26.8, 1, -0.960467, 0.00599537
26.825, 1, -0.960467, 0.00599537
26.85, 1, -0.96273, 0.00675359
26.875, 1, -0.96273, 0.00675359
26.9, 1, -0.964916, 0.00748603
26.925, 1, -0.964916, 0.00748603
26.95, 1, -0.967031, 0.00819489
26.975, 1, -0.969075, 0.00888019
27, 1, -0.969075, 0.00888019
27.025, 1, -0.971054, 0.00954486
27.05, 1, -0.972967, 0.010188
27.075, 1, -0.972967, 0.010188
27.1, 1, -0.974822, 0.0108138
27.125, 1, -0.976614, 0.0114187
27.15, 1, -0.978351, 0.0120088
27.175, 1, -0.978351, 0.0120088
27.2, 1, -0.980067, 0.0126164
27.225, 1, -0.980067, 0.0126164
27.25, 1, -0.981785, 0.013263
27.275, 1, -0.981785, 0.013263
27.3, 1, -0.983437, 0.0138803
27.325, 1, -0.98503, 0.0144726
27.35, 1, -0.98503, 0.0144726
27.375, 1, -0.98503, 0.0144726
27.4, 1, -0.98503, 0.0144726
27.425, 1, -0.98503, 0.0144726
27.45, 1, -0.98651, 0.014986
27.475, 1, -0.988003, 0.0155458
27.5, 1, -0.988003, 0.0155458
27.525, 1, -0.989513, 0.0161548
27.55, 1, -0.989513, 0.0161548
27.575, 1, -0.990971, 0.0167409
27.6, 1, -0.990971, 0.0167409
27.625, 1, -0.992382, 0.0173094
27.65, 1, -0.992382, 0.0173094
27.675, 1, -0.993746, 0.0178595
27.7, 1, -0.993746, 0.0178595
27.725, 1, -0.993746, 0.0178595
27.75, 1, -0.993746, 0.0178595
27.775, 1, -0.993746, 0.0178595
27.8, 1, -0.993746, 0.0178595
27.825, 1, -0.995071, 0.0183964
27.85, 1, -0.995071, 0.0183964
27.875, 1, -0.996355, 0.0189191
27.9, 1, -0.996355, 0.0189191
27.925, 1, -0.996355, 0.0189191
27.95, 1, -0.997613, 0.019441
27.975, 1, -0.998836, 0.0199512
28, 1, -1.00002, 0.0204496
28.025, 1, -1.00118, 0.0209372
28.05, 1, -1.0023, 0.021416
28.075, 1, -1.0023, 0.021416
28.1, 1, -1.0023, 0.021416
28.125, 1, -1.00341, 0.0219027
28.15, 1, -1.00341, 0.0219027
28.175, 1, -1.00341, 0.0219027
28.2, 1, -1.00341, 0.0219027
28.225, 1, -1.00341, 0.0219027
28.25, 1, -1.00341, 0.0219027
28.275, 1, -1.00341, 0.0219027
28.3, 1, -1.00452, 0.0224119
28.325, 1, -1.00452, 0.0224119
28.35, 1, -1.0056, 0.0229008
28.375, 1, -1.0056, 0.0229008
28.4, 1, -1.0056, 0.0229008
28.425, 1, -1.0056, 0.0229008
28.45, 1, -1.0066, 0.0233413
28.475, 1, -1.0066, 0.0233413
28.5, 1, -1.00775, 0.023943
28.525, 1, -1.00897, 0.0246281
28.55, 1, -1.01018, 0.025328
28.575, 1, -1.01134, 0.0259939
28.6, 1, -1.01245, 0.0266269
28.625, 1, -1.01245, 0.0266269
28.65, 1, -1.01362, 0.0273266
28.675, 1, -1.01362, 0.0273266
28.7, 1, -1.01473, 0.0279976
28.725, 1, -1.01473, 0.0279976
28.75, 1, -1.01473, 0.0279976
28.775, 1, -1.01582, 0.028656
28.8, 1, -1.01582, 0.028656
28.825, 1, -1.01582, 0.028656
28.85, 1, -1.01582, 0.028656
28.875, 1, -1.01582, 0.028656
28.9, 1, -1.01692, 0.0293379
28.925, 1, -1.01692, 0.0293379
28.95, 1, -1.01692, 0.0293379
28.975, 1, -1.01692, 0.0293379
29, 1, -1.01796, 0.029975
29.025, 1, -1.01897, 0.0305936
29.05, 1, -1.01897, 0.0305936
29.075, 1, -1.01897, 0.0305936
29.1, 1, -1.01994, 0.0311883
29.125, 1, -1.01994, 0.0311883
29.15, 1, -1.01994, 0.0311883
29.175, 1, -1.01994, 0.0311883
29.2, 1, -1.01994, 0.0311883
29.225, 1, -1.01994, 0.0311883
29.25, 1, -1.02089, 0.0317705
29.275, 1, -1.02181, 0.0323343
29.3, 1, -1.02269, 0.0328803
29.325, 1, -1.02355, 0.0334087
29.35, 1, -1.02438, 0.0339196
29.375, 1, -1.02438, 0.0339196
29.4, 1, -1.02438, 0.0339196
29.425, 1, -1.02518, 0.0344165
29.45, 1, -1.02518, 0.0344165
29.475, 1, -1.02596, 0.034901
29.5, 1, -1.02672, 0.0353755
29.525, 1, -1.02672, 0.0353755
29.55, 1, -1.02672, 0.0353755
29.575, 1, -1.02746, 0.0358382
29.6, 1, -1.02746, 0.0358382
29.625, 1, -1.02746, 0.0358382
29.65, 1, -1.02746, 0.0358382
29.675, 1, -1.0282, 0.0363098
29.7, 1, -1.0282, 0.0363098
29.725, 1, -1.02892, 0.0367627
29.75, 1, -1.02892, 0.0367627
29.775, 1, -1.02961, 0.0372109
29.8, 1, -1.02961, 0.0372109
29.825, 1, -1.02961, 0.0372109
29.85, 1, -1.03028, 0.0376304
29.875, 1, -1.03028, 0.0376304
29.9, 1, -1.03028, 0.0376304
29.925, 1, -1.03028, 0.0376304
29.95, 1, -1.03097, 0.0380916
29.975, 1, -1.03164, 0.038531
30, 1, -1.03164, 0.038531
30, 1, -1.03245, 0.0391221
30.025, 1, -1.03245, 0.0391221
30.05, 1, -1.03245, 0.0391221
30.075, 1, -1.03395, 0.0404214
30.1, 1, -1.03395, 0.0404214
30.125, 1, -1.03395, 0.0404214
30.15, 1, -1.0354, 0.041667
30.175, 1, -1.03676, 0.0428249
30.2, 1, -1.03676, 0.0428249
30.225, 1, -1.03676, 0.0428249
30.25, 1, -1.03676, 0.0428249
30.275, 1, -1.03676, 0.0428249
30.3, 1, -1.03676, 0.0428249
30.325, 1, -1.03676, 0.0428249
30.35, 1, -1.03813, 0.0440087
30.375, 1, -1.03813, 0.0440087
30.4, 1, -1.03813, 0.0440087
30.425, 1, -1.03947, 0.0451659
30.45, 1, -1.04076, 0.0462729
30.475, 1, -1.04076, 0.0462729
30.5, 1, -1.04076, 0.0462729
30.525, 1, -1.04076, 0.0462729
30.55, 1, -1.04076, 0.0462729
30.575, 1, -1.04161, 0.0469527
30.6, 1, -1.04238, 0.0475541
30.625, 1, -1.04238, 0.0475541
30.65, 1, -1.04238, 0.0475541
30.675, 1, -1.04311, 0.0481241
30.7, 1, -1.04311, 0.0481241
30.725, 1, -1.04311, 0.0481241
30.75, 1, -1.04311, 0.0481241
30.775, 1, -1.04379, 0.048651
30.8, 1, -1.04442, 0.0491297
30.825, 1, -1.04442, 0.0491297
30.85, 1, -1.04442, 0.0491297
30.875, 1, -1.04502, 0.0495884
30.9, 1, -1.04502, 0.0495884
30.925, 1, -1.0456, 0.0500274
30.95, 1, -1.04613, 0.0504244
30.975, 1, -1.04661, 0.0507723
31, 1, -1.04704, 0.0510739
31.025, 1, -1.04704, 0.0510739
31.05, 1, -1.04704, 0.0510739
31.075, 1, -1.04704, 0.0510739
31.1, 1, -1.04747, 0.0513888
31.125, 1, -1.04747, 0.0513888
31.15, 1, -1.0479, 0.0516925
31.175, 1, -1.0479, 0.0516925
31.2, 1, -1.0479, 0.0516925
31.225, 1, -1.04829, 0.0519699
31.25, 1, -1.04829, 0.0519699
31.275, 1, -1.04829, 0.0519699
31.3, 1, -1.04877, 0.0523406
31.325, 1, -1.04909, 0.0525511
31.35, 1, -1.04909, 0.0525511
31.375, 1, -1.0495, 0.0528645
31.4, 1, -1.0495, 0.0528645
31.425, 1, -1.0495, 0.0528645
31.45, 1, -1.0495, 0.0528645
31.475, 1, -1.04965, 0.0529132
31.5, 1, -1.04965, 0.0529132
31.525, 1, -1.04965, 0.0529132
31.55, 1, -1.04977, 0.052936
31.575, 1, -1.04977, 0.052936
31.6, 1, -1.05007, 0.0531447
31.625, 1, -1.05032, 0.0532993
31.65, 1, -1.05032, 0.0532993
31.675, 1, -1.05032, 0.0532993
31.7, 1, -1.05044, 0.0533326
31.725, 1, -1.05059, 0.0533945
31.75, 1, -1.05059, 0.0533945
31.775, 1, -1.05059, 0.0533945
31.8, 1, -1.05059, 0.0533945
31.825, 1, -1.05059, 0.0533945
31.85, 1, -1.05059, 0.0533945
31.875, 1, -1.05059, 0.0533945
31.9, 1, -1.0509, 0.0536202
31.925, 1, -1.0509, 0.0536202
31.95, 1, -1.0509, 0.0536202
31.975, 1, -1.0509, 0.0536202
32, 1, -1.05143, 0.0540667
32.025, 1, -1.05194, 0.0544952
32.05, 1, -1.05244, 0.0549168
32.075, 1, -1.05294, 0.0553425
32.1, 1, -1.05346, 0.0557818
32.125, 1, -1.05399, 0.0562318
32.15, 1, -1.05451, 0.056681
32.175, 1, -1.05503, 0.0571216
32.2, 1, -1.05553, 0.0575491
32.225, 1, -1.05553, 0.0575491
32.25, 1, -1.05553, 0.0575491
32.275, 1, -1.05553, 0.0575491
32.3, 1, -1.05553, 0.0575491
32.325, 1, -1.056, 0.0579522
32.35, 1, -1.056, 0.0579522
32.375, 1, -1.056, 0.0579522
32.4, 1, -1.056, 0.0579522
32.425, 1, -1.056, 0.0579522
32.45, 1, -1.056, 0.0579522
32.475, 1, -1.05653, 0.058412
32.5, 1, -1.05653, 0.058412
32.525, 1, -1.05653, 0.058412
32.55, 1, -1.05703, 0.0588462
32.575, 1, -1.05751, 0.0592707
32.6, 1, -1.05751, 0.0592707
32.625, 1, -1.05751, 0.0592707
32.65, 1, -1.05751, 0.0592707
32.675, 1, -1.05751, 0.0592707
32.7, 1, -1.05751, 0.0592707
32.725, 1, -1.05751, 0.0592707
32.75, 1, -1.05751, 0.0592707
32.775, 1, -1.05751, 0.0592707
32.8, 1, -1.05801, 0.0597002
32.825, 1, -1.05801, 0.0597002
32.85, 1, -1.05801, 0.0597002
32.875, 1, -1.05801, 0.0597002
32.9, 1, -1.05801, 0.0597002
32.925, 1, -1.05801, 0.0597002
32.95, 1, -1.05845, 0.0600821
32.975, 1, -1.05887, 0.0604513
33, 1, -1.05887, 0.0604513
33.025, 1, -1.05931, 0.0608313
33.05, 1, -1.05931, 0.0608313
33.075, 1, -1.05971, 0.0611801
33.1, 1, -1.05971, 0.0611801
33.125, 1, -1.05971, 0.0611801
33.15, 1, -1.06031, 0.0617257
33.175, 1, -1.06031, 0.0617257
33.2, 1, -1.06031, 0.0617257
33.225, 1, -1.06031, 0.0617257
33.25, 1, -1.0609, 0.0622625
33.275, 1, -1.06147, 0.0627858
33.3, 1, -1.06147, 0.0627858
33.325, 1, -1.06202, 0.0632958
33.35, 1, -1.06256, 0.0637975
33.375, 1, -1.06311, 0.0642973
33.4, 1, -1.06365, 0.0647985
33.425, 1, -1.06365, 0.0647985
33.45, 1, -1.06365, 0.0647985
33.475, 1, -1.06365, 0.0647985
33.5, 1, -1.06365, 0.0647985
33.525, 1, -1.06422, 0.065332
33.55, 1, -1.06422, 0.065332
33.575, 1, -1.06422, 0.065332
33.6, 1, -1.06422, 0.065332
33.625, 1, -1.0648, 0.0658839
33.65, 1, -1.06539, 0.0664374
33.675, 1, -1.06539, 0.0664374
33.7, 1, -1.06598, 0.0669957
33.725, 1, -1.06657, 0.067556
33.75, 1, -1.06716, 0.0681149
33.775, 1, -1.06716, 0.0681149
33.8, 1, -1.06774, 0.0686669
33.825, 1, -1.06774, 0.0686669
33.85, 1, -1.06831, 0.0692029
33.875, 1, -1.06885, 0.069725
33.9, 1, -1.06885, 0.069725
33.925, 1, -1.06885, 0.069725
33.95, 1, -1.0694, 0.0702413
33.975, 1, -1.0694, 0.0702413
34, 1, -1.07, 0.0708189
34.025, 1, -1.07, 0.0708189
34.05, 1, -1.07, 0.0708189
34.075, 1, -1.07065, 0.0714498
34.1, 1, -1.07065, 0.0714498
34.125, 1, -1.07127, 0.0720485
34.15, 1, -1.07127, 0.0720485
34.175, 1, -1.07127, 0.0720485
34.2, 1, -1.07127, 0.0720485
34.225, 1, -1.07127, 0.0720485
34.25, 1, -1.0717, 0.0724608
34.275, 1, -1.0717, 0.0724608
34.3, 1, -1.0717, 0.0724608
34.325, 1, -1.0717, 0.0724608
34.35, 1, -1.0717, 0.0724608
34.375, 1, -1.0717, 0.0724608
34.4, 1, -1.07194, 0.0726806
34.425, 1, -1.07218, 0.0728957
34.45, 1, -1.07241, 0.0731056
34.475, 1, -1.07241, 0.0731056
34.5, 1, -1.07241, 0.0731056
34.525, 1, -1.07265, 0.0733298
34.55, 1, -1.07265, 0.0733298
34.575, 1, -1.07265, 0.0733298
34.6, 1, -1.07304, 0.0737087
34.625, 1, -1.07348, 0.074129
34.65, 1, -1.07348, 0.074129
34.675, 1, -1.07348, 0.074129
34.7, 1, -1.0739, 0.0745338
34.725, 1, -1.0739, 0.0745338
34.75, 1, -1.0739, 0.0745338
34.775, 1, -1.07432, 0.074935
34.8, 1, -1.07432, 0.074935
34.825, 1, -1.07432, 0.074935
34.85, 1, -1.07432, 0.074935
34.875, 1, -1.07432, 0.074935
34.9, 1, -1.07432, 0.074935
34.925, 1, -1.07469, 0.0752915
34.95, 1, -1.07469, 0.0752915
34.975, 1, -1.07469, 0.0752915
35, 1, -1.07469, 0.0752915
35.025, 1, -1.07506, 0.0756515
35.05, 1, -1.07506, 0.0756515
35.075, 1, -1.07547, 0.076046
35.1, 1, -1.07547, 0.076046
35.125, 1, -1.07547, 0.076046
35.15, 1, -1.07591, 0.0764707
35.175, 1, -1.07635, 0.0768971
35.2, 1, -1.07635, 0.0768971
35.225, 1, -1.07679, 0.0773225
35.25, 1, -1.07724, 0.0777557
35.275, 1, -1.07724, 0.0777557
35.3, 1, -1.07772, 0.0782214
35.325, 1, -1.07772, 0.0782214
35.35, 1, -1.07772, 0.0782214
35.375, 1, -1.07772, 0.0782214
35.4, 1, -1.07772, 0.0782214
35.425, 1, -1.07772, 0.0782214
35.45, 1, -1.07772, 0.0782214
35.475, 1, -1.07772, 0.0782214
35.5, 1, -1.07772, 0.0782214
35.525, 1, -1.07772, 0.0782214
35.55, 1, -1.07772, 0.0782214
35.575, 1, -1.07842, 0.0789069
35.6, 1, -1.07924, 0.0797176
35.625, 1, -1.08009, 0.0805548
35.65, 1, -1.08089, 0.0813363
35.675, 1, -1.08165, 0.0820805
35.7, 1, -1.08165, 0.0820805
35.725, 1, -1.08165, 0.0820805
35.75, 1, -1.08252, 0.0829355
35.775, 1, -1.08337, 0.083778
35.8, 1, -1.08419, 0.0845913
35.825, 1, -1.085, 0.0853827
35.85, 1, -1.085, 0.0853827
35.875, 1, -1.085, 0.0853827
35.9, 1, -1.08575, 0.0861274
35.925, 1, -1.08575, 0.0861274
35.95, 1, -1.08661, 0.0869779
35.975, 1, -1.08661, 0.0869779
36, 1, -1.08661, 0.0869779
36.025, 1, -1.08661, 0.0869779
36.05, 1, -1.08752, 0.0878757
36.075, 1, -1.08842, 0.0887664
36.1, 1, -1.08842, 0.0887664
36.125, 1, -1.08842, 0.0887664
36.15, 1, -1.08842, 0.0887664
36.175, 1, -1.08929, 0.0896287
36.2, 1, -1.08929, 0.0896287
36.225, 1, -1.09013, 0.0904636
36.25, 1, -1.09094, 0.0912712
36.275, 1, -1.09094, 0.0912712
36.3, 1, -1.09174, 0.0920582
36.325, 1, -1.09251, 0.0928273
36.35, 1, -1.09327, 0.0935808
36.375, 1, -1.09401, 0.0943146
36.4, 1, -1.09401, 0.0943146
36.425, 1, -1.09473, 0.0950233
36.45, 1, -1.09473, 0.0950233
36.475, 1, -1.09542, 0.0957114
36.5, 1, -1.09542, 0.0957114
36.525, 1, -1.09542, 0.0957114
36.55, 1, -1.09542, 0.0957114
36.575, 1, -1.09608, 0.0963676
36.6, 1, -1.09608, 0.0963676
36.625, 1, -1.09608, 0.0963676
36.65, 1, -1.09608, 0.0963676
36.675, 1, -1.09608, 0.0963676
36.7, 1, -1.09608, 0.0963676
36.725, 1, -1.09608, 0.0963676
36.75, 1, -1.09608, 0.0963676
36.775, 1, -1.09608, 0.0963676
36.8, 1, -1.09666, 0.0969445
36.825, 1, -1.09723, 0.0975036
36.85, 1, -1.09779, 0.0980652
36.875, 1, -1.09779, 0.0980652
36.9, 1, -1.09779, 0.0980652
36.925, 1, -1.09779, 0.0980652
36.95, 1, -1.09779, 0.0980652
36.975, 1, -1.09818, 0.0984551
37, 1, -1.09818, 0.0984551
37.025, 1, -1.09818, 0.0984551
37.05, 1, -1.09818, 0.0984551
37.075, 1, -1.09841, 0.0986754
37.1, 1, -1.09869, 0.0989585
37.125, 1, -1.09869, 0.0989585
37.15, 1, -1.09869, 0.0989585
37.175, 1, -1.09869, 0.0989585
37.2, 1, -1.09869, 0.0989585
37.225, 1, -1.09867, 0.0989292
37.25, 1, -1.09867, 0.0989292
37.275, 1, -1.09867, 0.0989292
37.3, 1, -1.09867, 0.0989292
37.325, 1, -1.09867, 0.0989292
37.35, 1, -1.09867, 0.0989292
37.375, 1, -1.09854, 0.0988001
37.4, 1, -1.09854, 0.0988001
37.425, 1, -1.09849, 0.0987534
37.45, 1, -1.09849, 0.0987451
37.475, 1, -1.09849, 0.0987451
37.5, 1, -1.09849, 0.0987451
37.525, 1, -1.09849, 0.0987451
37.55, 1, -1.09849, 0.0987451
37.575, 1, -1.09848, 0.0987364
37.6, 1, -1.09848, 0.0987364
37.625, 1, -1.09847, 0.0987302
37.65, 1, -1.09847, 0.0987302
37.675, 1, -1.09847, 0.0987302
37.7, 1, -1.09847, 0.0987266
37.725, 1, -1.09847, 0.0987247
37.75, 1, -1.09847, 0.0987247
37.775, 1, -1.09847, 0.0987247
37.8, 1, -1.09847, 0.0987231
37.825, 1, -1.09847, 0.0987194
37.85, 1, -1.09847, 0.0987194
37.875, 1, -1.09847, 0.0987194
37.9, 1, -1.09847, 0.0987194
37.925, 1, -1.0985, 0.0987478
37.95, 1, -1.09853, 0.0987818
37.975, 1, -1.09857, 0.0988181
38, 1, -1.09861, 0.098854
38.025, 1, -1.09861, 0.098854
38.05, 1, -1.09861, 0.098854
38.075, 1, -1.09865, 0.0988937
38.1, 1, -1.09865, 0.0988937
38.125, 1, -1.09865, 0.0988937
38.15, 1, -1.09865, 0.0988937
38.175, 1, -1.09875, 0.0989959
38.2, 1, -1.09875, 0.0989959
38.225, 1, -1.09883, 0.0990727
38.25, 1, -1.09883, 0.0990727
38.275, 1, -1.09883, 0.0990727
38.3, 1, -1.09902, 0.0992663
38.325, 1, -1.09923, 0.099474
38.35, 1, -1.09942, 0.0996658
38.375, 1, -1.09963, 0.0998665
38.4, 1, -1.09963, 0.0998665
38.425, 1, -1.09998, 0.10022
38.45, 1, -1.09998, 0.10022
38.475, 1, -1.09998, 0.10022
38.5, 1, -1.09998, 0.10022
38.525, 1, -1.10021, 0.100444
38.55, 1, -1.10021, 0.100444
38.575, 1, -1.10021, 0.100444
38.6, 1, -1.10021, 0.100444
38.625, 1, -1.10021, 0.100444
38.65, 1, -1.10021, 0.100444
38.675, 1, -1.10005, 0.100287
38.7, 1, -1.09998, 0.10021
38.725, 1, -1.09998, 0.10021
38.75, 1, -1.09998, 0.10021
38.775, 1, -1.09998, 0.10021
38.8, 1, -1.09998, 0.10021
38.825, 1, -1.0999, 0.100137
38.85, 1, -1.09984, 0.100073
38.875, 1, -1.09984, 0.100073
38.9, 1, -1.09984, 0.100073
38.925, 1, -1.09978, 0.100012
38.95, 1, -1.09978, 0.100012
38.975, 1, -1.09978, 0.100012
39, 1, -1.09978, 0.100012
39.025, 1, -1.09974, 0.099963
39.05, 1, -1.0997, 0.0999198
39.075, 1, -1.0997, 0.0999198
39.1, 1, -1.0997, 0.0999198
39.125, 1, -1.09965, 0.0998777
39.15, 1, -1.09965, 0.0998777
39.175, 1, -1.09965, 0.0998777
39.2, 1, -1.09962, 0.0998387
39.225, 1, -1.09958, 0.0998008
39.25, 1, -1.09955, 0.0997645
39.275, 1, -1.09951, 0.0997307
39.3, 1, -1.09951, 0.0997307
39.325, 1, -1.09949, 0.0997025
39.35, 1, -1.09947, 0.0996798
39.375, 1, -1.09947, 0.0996798
39.4, 1, -1.09944, 0.0996555
39.425, 1, -1.09944, 0.0996555
39.45, 1, -1.09942, 0.099632
39.475, 1, -1.09942, 0.099632
39.5, 1, -1.09942, 0.0996288
39.525, 1, -1.09942, 0.0996288
39.55, 1, -1.09942, 0.0996288
39.575, 1, -1.09962, 0.0998317
39.6, 1, -1.09997, 0.10017
39.625, 1, -1.10034, 0.100541
39.65, 1, -1.10034, 0.100541
39.675, 1, -1.10034, 0.100541
39.7, 1, -1.10034, 0.100541
39.725, 1, -1.10085, 0.101048
39.75, 1, -1.10085, 0.101048
39.775, 1, -1.10085, 0.101048
39.8, 1, -1.10085, 0.101048
39.825, 1, -1.10085, 0.101048
39.85, 1, -1.10085, 0.101048
39.875, 1, -1.10085, 0.101048
39.9, 1, -1.10115, 0.101347
39.925, 1, -1.10145, 0.101649
39.95, 1, -1.10145, 0.101649
39.975, 1, -1.10145, 0.101649
40, 1, -1.10145, 0.101649
40, 1, -1.10189, 0.102081
40.025, 1, -1.10189, 0.102081
40.05, 1, -1.10189, 0.102081
40.075, 1, -1.10189, 0.102081
40.1, 1, -1.10268, 0.102868
40.125, 1, -1.10268, 0.102868
40.15, 1, -1.10409, 0.104277
40.175, 1, -1.10409, 0.104277
40.2, 1, -1.10601, 0.106197
40.225, 1, -1.10601, 0.106197
40.25, 1, -1.10601, 0.106197
40.275, 1, -1.10601, 0.106197
40.3, 1, -1.10788, 0.108065
40.325, 1, -1.10788, 0.108065
40.35, 1, -1.10788, 0.108065
40.375, 1, -1.10967, 0.109851
40.4, 1, -1.11129, 0.111477
40.425, 1, -1.11278, 0.112959
40.45, 1, -1.11278, 0.112959
40.475, 1, -1.11419, 0.114374
40.5, 1, -1.11419, 0.114374
40.525, 1, -1.11419, 0.114374
40.55, 1, -1.11419, 0.114374
40.575, 1, -1.11494, 0.115124
40.6, 1, -1.11549, 0.115665
40.625, 1, -1.11549, 0.115665
40.65, 1, -1.11602, 0.116201
40.675, 1, -1.11602, 0.116201
40.7, 1, -1.11602, 0.116201
40.725, 1, -1.11602, 0.116201
40.75, 1, -1.11602, 0.116201
40.775, 1, -1.11602, 0.116201
40.8, 1, -1.11602, 0.116201
40.825, 1, -1.11602, 0.116201
40.85, 1, -1.1146, 0.114773
40.875, 1, -1.1146, 0.114773
40.9, 1, -1.11317, 0.113351
40.925, 1, -1.11158, 0.111755
40.95, 1, -1.10984, 0.110018
40.975, 1, -1.10984, 0.110018
41, 1, -1.10825, 0.108428
41.025, 1, -1.10825, 0.108428
41.05, 1, -1.10825, 0.108428
41.075, 1, -1.10659, 0.106767
41.1, 1, -1.10659, 0.106767
41.125, 1, -1.10502, 0.105202
41.15, 1, -1.10338, 0.103558
41.175, 1, -1.1016, 0.10178
41.2, 1, -1.1016, 0.10178
41.225, 1, -1.10014, 0.100318
41.25, 1, -1.09867, 0.0988462
41.275, 1, -1.09867, 0.0988462
41.3, 1, -1.09722, 0.0974005
41.325, 1, -1.09592, 0.0961021
41.35, 1, -1.09592, 0.0961021
41.375, 1, -1.09478, 0.0949608
41.4, 1, -1.09371, 0.0938936
41.425, 1, -1.09371, 0.0938936
41.45, 1, -1.09268, 0.092865
41.475, 1, -1.09162, 0.091796
41.5, 1, -1.09051, 0.0906881
41.525, 1, -1.08939, 0.0895729
41.55, 1, -1.08939, 0.0895729
41.575, 1, -1.08837, 0.0885488
41.6, 1, -1.08736, 0.0875373
41.625, 1, -1.08736, 0.0875373
41.65, 1, -1.08736, 0.0875373
41.675, 1, -1.08736, 0.0875373
41.7, 1, -1.08736, 0.0875373
41.725, 1, -1.08664, 0.0868118
41.75, 1, -1.08664, 0.0868118
41.775, 1, -1.08607, 0.0862383
41.8, 1, -1.0855, 0.0856664
41.825, 1, -1.0855, 0.0856664
41.85, 1, -1.08498, 0.0851485
41.875, 1, -1.08447, 0.0846269
41.9, 1, -1.08447, 0.0846269
41.925, 1, -1.08447, 0.0846269
41.95, 1, -1.08408, 0.084235
41.975, 1, -1.08369, 0.0838464
42, 1, -1.08333, 0.0834753
42.025, 1, -1.08333, 0.0834753
42.05, 1, -1.08333, 0.0834753
42.075, 1, -1.08314, 0.0832763
42.1, 1, -1.08296, 0.0830961
42.125, 1, -1.08296, 0.0830961
42.15, 1, -1.08296, 0.0830961
42.175, 1, -1.08296, 0.0830961
42.2, 1, -1.08284, 0.0829629
42.225, 1, -1.08284, 0.0829629
42.25, 1, -1.08272, 0.0828389
42.275, 1, -1.08272, 0.0828389
42.3, 1, -1.08262, 0.0827308
42.325, 1, -1.08254, 0.0826361
42.35, 1, -1.08254, 0.0826361
42.375, 1, -1.08254, 0.0826361
42.4, 1, -1.08254, 0.0826361
42.425, 1, -1.08255, 0.0826441
42.45, 1, -1.08257, 0.0826509
42.475, 1, -1.0826, 0.0826754
42.5, 1, -1.08268, 0.0827539
42.525, 1, -1.08268, 0.0827539
42.55, 1, -1.08268, 0.0827539
42.575, 1, -1.08268, 0.0827539
42.6, 1, -1.08269, 0.0827549
42.625, 1, -1.08269, 0.0827549
42.65, 1, -1.08285, 0.0829006
42.675, 1, -1.08285, 0.0829006
42.7, 1, -1.08285, 0.0829006
42.725, 1, -1.08285, 0.0829006
42.75, 1, -1.08288, 0.0829276
42.775, 1, -1.08288, 0.0829276
42.8, 1, -1.08288, 0.0829276
42.825, 1, -1.08288, 0.0829276
42.85, 1, -1.08289, 0.0829294
42.875, 1, -1.08289, 0.0829294
42.9, 1, -1.08289, 0.0829294
42.925, 1, -1.0829, 0.0829336
42.95, 1, -1.08292, 0.0829377
42.975, 1, -1.08293, 0.0829448
43, 1, -1.08296, 0.0829686
43.025, 1, -1.08296, 0.0829686
43.05, 1, -1.08296, 0.0829686
43.075, 1, -1.08296, 0.0829686
43.1, 1, -1.08296, 0.0829686
43.125, 1, -1.08296, 0.0829686
43.15, 1, -1.083, 0.0830024
43.175, 1, -1.08304, 0.08304
43.2, 1, -1.08304, 0.08304
43.225, 1, -1.08304, 0.08304
43.25, 1, -1.08304, 0.08304
43.275, 1, -1.08304, 0.08304
43.3, 1, -1.08304, 0.08304
43.325, 1, -1.08304, 0.08304
43.35, 1, -1.08307, 0.0830723
43.375, 1, -1.08311, 0.083104
43.4, 1, -1.08311, 0.083104
43.425, 1, -1.08315, 0.0831365
43.45, 1, -1.08315, 0.0831365
43.475, 1, -1.08315, 0.0831365
43.5, 1, -1.08315, 0.0831365
43.525, 1, -1.08318, 0.083166
43.55, 1, -1.08318, 0.083166
43.575, 1, -1.08321, 0.0831967
43.6, 1, -1.08321, 0.0831967
43.625, 1, -1.08329, 0.0832724
43.65, 1, -1.08342, 0.0834029
43.675, 1, -1.08342, 0.0834029
43.7, 1, -1.08359, 0.0835701
43.725, 1, -1.08359, 0.0835701
43.75, 1, -1.08374, 0.0837165
43.775, 1, -1.08374, 0.0837165
43.8, 1, -1.08374, 0.0837165
43.825, 1, -1.08374, 0.0837165
43.85, 1, -1.08374, 0.0837165
43.875, 1, -1.08359, 0.0835673
43.9, 1, -1.08359, 0.0835673
43.925, 1, -1.08372, 0.0836905
43.95, 1, -1.08401, 0.0839851
43.975, 1, -1.08401, 0.0839851
44, 1, -1.08401, 0.0839851
44.025, 1, -1.08418, 0.0841561
44.05, 1, -1.08418, 0.0841561
44.075, 1, -1.08418, 0.0841561
44.1, 1, -1.08418, 0.0841561
44.125, 1, -1.08418, 0.0841561
44.15, 1, -1.08419, 0.0841725
44.175, 1, -1.08419, 0.0841725
44.2, 1, -1.08437, 0.0843517
44.225, 1, -1.08437, 0.0843517
44.25, 1, -1.08437, 0.0843517
44.275, 1, -1.08447, 0.0844576
44.3, 1, -1.08447, 0.0844576
44.325, 1, -1.0846, 0.0845822
44.35, 1, -1.08473, 0.0847128
44.375, 1, -1.08473, 0.0847128
44.4, 1, -1.08473, 0.0847128
44.425, 1, -1.08473, 0.0847128
44.45, 1, -1.08473, 0.0847128
44.475, 1, -1.08473, 0.0847128
44.5, 1, -1.08473, 0.0847128
44.525, 1, -1.08487, 0.0848588
44.55, 1, -1.08502, 0.0850073
44.575, 1, -1.08516, 0.0851549
44.6, 1, -1.08516, 0.0851549
44.625, 1, -1.08516, 0.0851549
44.65, 1, -1.0853, 0.0852973
44.675, 1, -1.08544, 0.0854363
44.7, 1, -1.08544, 0.0854363
44.725, 1, -1.08544, 0.0854363
44.75, 1, -1.08558, 0.0855754
44.775, 1, -1.08558, 0.0855754
44.8, 1, -1.08571, 0.0857107
44.825, 1, -1.08571, 0.0857107
44.85, 1, -1.08584, 0.0858418
44.875, 1, -1.08584, 0.0858418
44.9, 1, -1.08584, 0.0858418
44.925, 1, -1.08584, 0.0858418
44.95, 1, -1.08584, 0.0858418
44.975, 1, -1.08602, 0.0860198
45, 1, -1.08602, 0.0860198
45.025, 1, -1.08617, 0.0861705
45.05, 1, -1.08633, 0.0863327
45.075, 1, -1.08652, 0.0865204
45.1, 1, -1.08652, 0.0865204
45.125, 1, -1.08652, 0.0865204
45.15, 1, -1.08652, 0.0865204
45.175, 1, -1.08658, 0.0865838
45.2, 1, -1.08658, 0.0865838
45.225, 1, -1.08658, 0.0865838
45.25, 1, -1.08658, 0.0865838
45.275, 1, -1.08658, 0.0865838
45.3, 1, -1.08659, 0.0866008
45.325, 1, -1.08679, 0.0868022
45.35, 1, -1.08679, 0.0868022
45.375, 1, -1.08745, 0.0874656
45.4, 1, -1.08745, 0.0874656
45.425, 1, -1.08797, 0.0879848
45.45, 1, -1.08797, 0.0879848
45.475, 1, -1.08797, 0.0879848
45.5, 1, -1.08797, 0.0879848
45.525, 1, -1.08843, 0.088454
45.55, 1, -1.08843, 0.088454
45.575, 1, -1.08843, 0.088454
45.6, 1, -1.08895, 0.0889734
45.625, 1, -1.0895, 0.0895334
45.65, 1, -1.09008, 0.0901177
45.675, 1, -1.09008, 0.0901177
45.7, 1, -1.09008, 0.0901177
45.725, 1, -1.09008, 0.0901177
45.75, 1, -1.09008, 0.0901177
45.775, 1, -1.09066, 0.0906942
45.8, 1, -1.09066, 0.0906942
45.825, 1, -1.09066, 0.0906942
45.85, 1, -1.09066, 0.0906942
45.875, 1, -1.09066, 0.0906942
45.9, 1, -1.09129, 0.0913363
45.925, 1, -1.09129, 0.0913363
45.95, 1, -1.09129, 0.0913363
45.975, 1, -1.09129, 0.0913363
46, 1, -1.09129, 0.0913363
46.025, 1, -1.0919, 0.0919503
46.05, 1, -1.0925, 0.0925483
46.075, 1, -1.0925, 0.0925483
46.1, 1, -1.09307, 0.0931273
46.125, 1, -1.09307, 0.0931273
46.15, 1, -1.09363, 0.0936905
46.175, 1, -1.09363, 0.0936905
46.2, 1, -1.09363, 0.0936905
46.225, 1, -1.09417, 0.0942362
46.25, 1, -1.09417, 0.0942362
46.275, 1, -1.0947, 0.0947655
46.3, 1, -1.09521, 0.09528
46.325, 1, -1.09521, 0.09528
46.35, 1, -1.09521, 0.09528
46.375, 1, -1.09582, 0.0958986
46.4, 1, -1.09649, 0.0965694
46.425, 1, -1.09649, 0.0965694
46.45, 1, -1.09711, 0.0971944
46.475, 1, -1.09772, 0.0978056
46.5, 1, -1.09835, 0.0984339
46.525, 1, -1.09835, 0.0984339
46.55, 1, -1.09835, 0.0984339
46.575, 1, -1.09892, 0.0990092
46.6, 1, -1.09892, 0.0990092
46.625, 1, -1.09892, 0.0990092
46.65, 1, -1.09892, 0.0990092
46.675, 1, -1.09892, 0.0990092
46.7, 1, -1.09892, 0.0990092
46.725, 1, -1.09892, 0.0990092
46.75, 1, -1.09892, 0.0990092
46.775, 1, -1.09892, 0.0990092
46.8, 1, -1.09954, 0.0996326
46.825, 1, -1.09954, 0.0996326
46.85, 1, -1.09954, 0.0996326
46.875, 1, -1.09954, 0.0996326
46.9, 1, -1.09954, 0.0996326
46.925, 1, -1.09954, 0.0996326
46.95, 1, -1.09954, 0.0996326
46.975, 1, -1.10013, 0.100222
47, 1, -1.10013, 0.100222
47.025, 1, -1.10013, 0.100222
47.05, 1, -1.10013, 0.100222
47.075, 1, -1.10013, 0.100222
47.1, 1, -1.10013, 0.100222
47.125, 1, -1.10071, 0.100808
47.15, 1, -1.10129, 0.101387
47.175, 1, -1.10129, 0.101387
47.2, 1, -1.10193, 0.102037
47.225, 1, -1.10193, 0.102037
47.25, 1, -1.10193, 0.102037
47.275, 1, -1.10193, 0.102037
47.3, 1, -1.10193, 0.102037
47.325, 1, -1.10255, 0.102657
47.35, 1, -1.10255, 0.102657
47.375, 1, -1.10315, 0.103259
47.4, 1, -1.10375, 0.103859
47.425, 1, -1.10435, 0.104464
47.45, 1, -1.10435, 0.104464
47.475, 1, -1.10435, 0.104464
47.5, 1, -1.10496, 0.105074
47.525, 1, -1.10556, 0.105671
47.55, 1, -1.10614, 0.106255
47.575, 1, -1.10614, 0.106255
47.6, 1, -1.10614, 0.106255
47.625, 1, -1.10614, 0.106255
47.65, 1, -1.10614, 0.106255
47.675, 1, -1.10673, 0.106846
47.7, 1, -1.10732, 0.107431
47.725, 1, -1.10791, 0.108024
47.75, 1, -1.10791, 0.108024
47.775, 1, -1.10862, 0.108733
47.8, 1, -1.10943, 0.109544
47.825, 1, -1.11037, 0.110479
47.85, 1, -1.11037, 0.110479
47.875, 1, -1.11129, 0.111397
47.9, 1, -1.11216, 0.112263
47.925, 1, -1.11216, 0.112263
47.95, 1, -1.11216, 0.112263
47.975, 1, -1.11216, 0.112263
48, 1, -1.11216, 0.112263
48.025, 1, -1.11216, 0.112263
48.05, 1, -1.11293, 0.113032
48.075, 1, -1.11293, 0.113032
48.1, 1, -1.11293, 0.113032
48.125, 1, -1.11353, 0.11363
48.15, 1, -1.11353, 0.11363
48.175, 1, -1.11429, 0.114388
48.2, 1, -1.11429, 0.114388
48.225, 1, -1.11541, 0.115507
48.25, 1, -1.11541, 0.115507
48.275, 1, -1.11541, 0.115507
48.3, 1, -1.11541, 0.115507
48.325, 1, -1.11618, 0.116279
48.35, 1, -1.11618, 0.116279
48.375, 1, -1.11692, 0.117022
48.4, 1, -1.11763, 0.117729
48.425, 1, -1.11837, 0.118465
48.45, 1, -1.11919, 0.119285
48.475, 1, -1.11919, 0.119285
48.5, 1, -1.11919, 0.119285
48.525, 1, -1.11919, 0.119285
48.55, 1, -1.11919, 0.119285
48.575, 1, -1.11919, 0.119285
48.6, 1, -1.11974, 0.119837
48.625, 1, -1.11974, 0.119837
48.65, 1, -1.11974, 0.119837
48.675, 1, -1.1203, 0.120402
48.7, 1, -1.1203, 0.120402
48.725, 1, -1.1203, 0.120402
48.75, 1, -1.1209, 0.120996
48.775, 1, -1.1209, 0.120996
48.8, 1, -1.1215, 0.121597
48.825, 1, -1.1215, 0.121597
48.85, 1, -1.1215, 0.121597
48.875, 1, -1.1215, 0.121597
48.9, 1, -1.12207, 0.122167
48.925, 1, -1.12262, 0.122718
48.95, 1, -1.12262, 0.122718
48.975, 1, -1.12262, 0.122718
49, 1, -1.12262, 0.122718
49.025, 1, -1.12315, 0.123249
49.05, 1, -1.12315, 0.123249
49.075, 1, -1.12367, 0.123772
49.1, 1, -1.12367, 0.123772
49.125, 1, -1.12418, 0.12428
49.15, 1, -1.12418, 0.12428
49.175, 1, -1.12418, 0.12428
49.2, 1, -1.12418, 0.12428
49.225, 1, -1.12418, 0.12428
49.25, 1, -1.12418, 0.12428
49.275, 1, -1.12461, 0.124712
49.3, 1, -1.12461, 0.124712
49.325, 1, -1.12461, 0.124712
49.35, 1, -1.12508, 0.125187
49.375, 1, -1.12508, 0.125187
49.4, 1, -1.12554, 0.125643
49.425, 1, -1.12597, 0.126073
49.45, 1, -1.12597, 0.126073
49.475, 1, -1.12597, 0.126073
49.5, 1, -1.12674, 0.126844
49.525, 1, -1.12674, 0.126844
49.55, 1, -1.12674, 0.126844
49.575, 1, -1.12674, 0.126844
49.6, 1, -1.12674, 0.126844
49.625, 1, -1.12674, 0.126844
49.65, 1, -1.12674, 0.126844
49.675, 1, -1.12674, 0.126844
49.7, 1, -1.12664, 0.126749
49.725, 1, -1.12664, 0.126749
49.75, 1, -1.12657, 0.126679
49.775, 1, -1.12657, 0.126679
49.8, 1, -1.12648, 0.126581
49.825, 1, -1.12648, 0.126581
49.85, 1, -1.12643, 0.126533
49.875, 1, -1.12643, 0.126533
49.9, 1, -1.12648, 0.126589
49.925, 1, -1.12648, 0.126589
49.95, 1, -1.12648, 0.126589
49.975, 1, -1.12648, 0.126589
50, 1, -1.12648, 0.126589
50, 1, -1.12648, 0.126589
50.025, 1, -1.12656, 0.126671
50.05, 1, -1.12672, 0.126828
50.075, 1, -1.12672, 0.126828
50.1, 1, -1.12672, 0.126828
50.125, 1, -1.12746, 0.127566
50.15, 1, -1.12746, 0.127566
50.175, 1, -1.12826, 0.128369
50.2, 1, -1.12917, 0.129281
50.225, 1, -1.1302, 0.130309
50.25, 1, -1.1302, 0.130309
50.275, 1, -1.1312, 0.131304
50.3, 1, -1.1312, 0.131304
50.325, 1, -1.13216, 0.132268
50.35, 1, -1.13216, 0.132268
50.375, 1, -1.13216, 0.132268
50.4, 1, -1.13216, 0.132268
50.425, 1, -1.13266, 0.132767
50.45, 1, -1.13304, 0.133149
50.475, 1, -1.13304, 0.133149
50.5, 1, -1.13342, 0.133526
50.525, 1, -1.13342, 0.133526
50.55, 1, -1.13342, 0.133526
50.575, 1, -1.134, 0.134107
50.6, 1, -1.13437, 0.134478
50.625, 1, -1.13437, 0.134478
50.65, 1, -1.13437, 0.134478
50.675, 1, -1.13437, 0.134478
50.7, 1, -1.13437, 0.134478
50.725, 1, -1.13276, 0.13287
50.75, 1, -1.13276, 0.13287
50.775, 1, -1.13139, 0.131499
50.8, 1, -1.13139, 0.131499
50.825, 1, -1.13139, 0.131499
50.85, 1, -1.13139, 0.131499
50.875, 1, -1.13139, 0.131499
50.9, 1, -1.13139, 0.131499
50.925, 1, -1.12994, 0.13005
50.95, 1, -1.12994, 0.13005
50.975, 1, -1.12994, 0.13005
51, 1, -1.12994, 0.13005
51.025, 1, -1.12994, 0.13005
51.05, 1, -1.12835, 0.128459
51.075, 1, -1.12679, 0.126905
51.1, 1, -1.12679, 0.126905
51.125, 1, -1.12679, 0.126905
51.15, 1, -1.12534, 0.125455
51.175, 1, -1.12534, 0.125455
51.2, 1, -1.12398, 0.124096
51.225, 1, -1.12398, 0.124096
51.25, 1, -1.12268, 0.122793
51.275, 1, -1.12131, 0.121421
51.3, 1, -1.12131, 0.121421
51.325, 1, -1.12131, 0.121421
51.35, 1, -1.12131, 0.121421
51.375, 1, -1.12007, 0.12018
51.4, 1, -1.12007, 0.12018
51.425, 1, -1.12007, 0.12018
51.45, 1, -1.11897, 0.119084
51.475, 1, -1.1178, 0.117912
51.5, 1, -1.1178, 0.117912
51.525, 1, -1.1178, 0.117912
51.55, 1, -1.1178, 0.117912
51.575, 1, -1.1178, 0.117912
51.6, 1, -1.1178, 0.117912
51.625, 1, -1.1178, 0.117912
51.65, 1, -1.1178, 0.117912
51.675, 1, -1.1178, 0.117912
51.7, 1, -1.1178, 0.117912
51.725, 1, -1.11632, 0.116439
51.75, 1, -1.11632, 0.116439
51.775, 1, -1.11632, 0.116439
51.8, 1, -1.11504, 0.115156
51.825, 1, -1.11378, 0.113895
51.85, 1, -1.11254, 0.112658
51.875, 1, -1.11133, 0.111443
51.9, 1, -1.11133, 0.111443
51.925, 1, -1.11133, 0.111443
51.95, 1, -1.11133, 0.111443
51.975, 1, -1.11133, 0.111443
52, 1, -1.11036, 0.110469
52.025, 1, -1.10944, 0.109548
52.05, 1, -1.10859, 0.108687
52.075, 1, -1.10859, 0.108687
52.1, 1, -1.1078, 0.107891
52.125, 1, -1.1078, 0.107891
52.15, 1, -1.1078, 0.107891
52.175, 1, -1.1078, 0.107891
52.2, 1, -1.10704, 0.107125
52.225, 1, -1.10629, 0.10637
52.25, 1, -1.10629, 0.10637
52.275, 1, -1.10577, 0.105843
52.3, 1, -1.10577, 0.105843
52.325, 1, -1.10577, 0.105843
52.35, 1, -1.10539, 0.105454
52.375, 1, -1.10539, 0.105454
52.4, 1, -1.10539, 0.105454
52.425, 1, -1.10539, 0.105454
52.45, 1, -1.10539, 0.105454
52.475, 1, -1.10539, 0.105454
52.5, 1, -1.10539, 0.105454
52.525, 1, -1.10539, 0.105454
52.55, 1, -1.10539, 0.105454
52.575, 1, -1.10512, 0.105174
52.6, 1, -1.10512, 0.105174
52.625, 1, -1.10512, 0.105174
52.65, 1, -1.10512, 0.105174
52.675, 1, -1.10512, 0.105174
52.7, 1, -1.10512, 0.105174
52.725, 1, -1.10512, 0.105174
52.75, 1, -1.10512, 0.105174
52.775, 1, -1.10487, 0.104913
52.8, 1, -1.10463, 0.104664
52.825, 1, -1.10463, 0.104664
52.85, 1, -1.10463, 0.104664
52.875, 1, -1.10463, 0.104664
52.9, 1, -1.10463, 0.104664
52.925, 1, -1.10441, 0.104428
52.95, 1, -1.10419, 0.104201
52.975, 1, -1.10419, 0.104201
53, 1, -1.10398, 0.103982
53.025, 1, -1.10398, 0.103982
53.05, 1, -1.10398, 0.103982
53.075, 1, -1.10398, 0.103982
53.1, 1, -1.10398, 0.103982
53.125, 1, -1.10398, 0.103982
53.15, 1, -1.10398, 0.103982
53.175, 1, -1.10377, 0.103769
53.2, 1, -1.10357, 0.103562
53.225, 1, -1.10357, 0.103562
53.25, 1, -1.10357, 0.103562
53.275, 1, -1.10357, 0.103562
53.3, 1, -1.10357, 0.103562
53.325, 1, -1.10357, 0.103562
53.35, 1, -1.10345, 0.103432
53.375, 1, -1.10334, 0.103316
53.4, 1, -1.10323, 0.103203
53.425, 1, -1.10323, 0.103203
53.45, 1, -1.10314, 0.103106
53.475, 1, -1.10306, 0.103028
53.5, 1, -1.10298, 0.102939
53.525, 1, -1.10298, 0.102939
53.55, 1, -1.10298, 0.102937
53.575, 1, -1.10298, 0.102937
53.6, 1, -1.10298, 0.102937
53.625, 1, -1.10312, 0.103072
53.65, 1, -1.10312, 0.103072
53.675, 1, -1.10312, 0.103072
53.7, 1, -1.10312, 0.103072
53.725, 1, -1.10312, 0.103072
53.75, 1, -1.10312, 0.103072
53.775, 1, -1.10312, 0.103072
53.8, 1, -1.10336, 0.103312
53.825, 1, -1.10375, 0.103699
53.85, 1, -1.10375, 0.103699
53.875, 1, -1.10375, 0.103699
53.9, 1, -1.10423, 0.104182
53.925, 1, -1.10423, 0.104182
53.95, 1, -1.10423, 0.104182
53.975, 1, -1.10423, 0.104182
54, 1, -1.10423, 0.104182
54.025, 1, -1.10423, 0.104182
54.05, 1, -1.10476, 0.104708
54.075, 1, -1.10534, 0.105289
54.1, 1, -1.10534, 0.105289
54.125, 1, -1.10603, 0.105987
54.15, 1, -1.10677, 0.106731
54.175, 1, -1.10753, 0.107486
54.2, 1, -1.10753, 0.107486
54.225, 1, -1.10827, 0.108232
54.25, 1, -1.10827, 0.108232
54.275, 1, -1.10827, 0.108232
54.3, 1, -1.10827, 0.108232
54.325, 1, -1.10827, 0.108232
54.35, 1, -1.10827, 0.108232
54.375, 1, -1.10899, 0.108959
54.4, 1, -1.1097, 0.109667
54.425, 1, -1.1097, 0.109667
54.45, 1, -1.1097, 0.109667
54.475, 1, -1.1097, 0.109667
54.5, 1, -1.1097, 0.109667
54.525, 1, -1.11038, 0.110353
54.55, 1, -1.11105, 0.111022
54.575, 1, -1.1117, 0.111679
54.6, 1, -1.1117, 0.111679
54.625, 1, -1.1117, 0.111679
54.65, 1, -1.11234, 0.112326
54.675, 1, -1.11301, 0.112991
54.7, 1, -1.1137, 0.113684
54.725, 1, -1.11441, 0.114406
54.75, 1, -1.11514, 0.115141
54.775, 1, -1.11587, 0.11587
54.8, 1, -1.11587, 0.11587
54.825, 1, -1.11655, 0.116553
54.85, 1, -1.11655, 0.116553
54.875, 1, -1.11723, 0.117237
54.9, 1, -1.11723, 0.117237
54.925, 1, -1.11723, 0.117237
54.95, 1, -1.11723, 0.117237
54.975, 1, -1.11791, 0.117925
55, 1, -1.1187, 0.118714
55.025, 1, -1.11957, 0.119597
55.05, 1, -1.11957, 0.119597
55.075, 1, -1.11957, 0.119597
55.1, 1, -1.12036, 0.120387
55.125, 1, -1.12036, 0.120387
55.15, 1, -1.12119, 0.121224
55.175, 1, -1.12119, 0.121224
55.2, 1, -1.12119, 0.121224
55.225, 1, -1.12119, 0.121224
55.25, 1, -1.12119, 0.121224
55.275, 1, -1.12119, 0.121224
55.3, 1, -1.12119, 0.121224
55.325, 1, -1.12196, 0.12199
55.35, 1, -1.12196, 0.12199
55.375, 1, -1.12279, 0.122826
55.4, 1, -1.12279, 0.122826
55.425, 1, -1.12279, 0.122826
55.45, 1, -1.12356, 0.123598
55.475, 1, -1.12356, 0.123598
55.5, 1, -1.1243, 0.124343
55.525, 1, -1.12504, 0.12508
55.55, 1, -1.12504, 0.12508
55.575, 1, -1.12574, 0.12578
55.6, 1, -1.12574, 0.12578
55.625, 1, -1.12574, 0.12578
55.65, 1, -1.12574, 0.12578
55.675, 1, -1.12574, 0.12578
55.7, 1, -1.12643, 0.126471
55.725, 1, -1.12643, 0.126471
55.75, 1, -1.1271, 0.127146
55.775, 1, -1.1271, 0.127146
55.8, 1, -1.12775, 0.127802
55.825, 1, -1.12775, 0.127802
55.85, 1, -1.12775, 0.127802
55.875, 1, -1.12775, 0.127802
55.9, 1, -1.12775, 0.127802
55.925, 1, -1.12775, 0.127802
55.95, 1, -1.12775, 0.127802
55.975, 1, -1.12775, 0.127802
56, 1, -1.12775, 0.127802
56.025, 1, -1.12775, 0.127802
56.05, 1, -1.12838, 0.128433
56.075, 1, -1.12838, 0.128433
56.1, 1, -1.12838, 0.128433
56.125, 1, -1.12899, 0.129042
56.15, 1, -1.12899, 0.129042
56.175, 1, -1.12958, 0.12963
56.2, 1, -1.12958, 0.12963
56.225, 1, -1.12958, 0.12963
56.25, 1, -1.12958, 0.12963
56.275, 1, -1.12958, 0.12963
56.3, 1, -1.13024, 0.130291
56.325, 1, -1.13024, 0.130291
56.35, 1, -1.13024, 0.130291
56.375, 1, -1.13083, 0.130884
56.4, 1, -1.13083, 0.130884
56.425, 1, -1.13083, 0.130884
56.45, 1, -1.13083, 0.130884
56.475, 1, -1.13083, 0.130884
56.5, 1, -1.13083, 0.130884
56.525, 1, -1.13083, 0.130884
56.55, 1, -1.13124, 0.131297
56.575, 1, -1.13183, 0.13189
56.6, 1, -1.13183, 0.13189
56.625, 1, -1.13183, 0.13189
56.65, 1, -1.13231, 0.132363
56.675, 1, -1.13283, 0.132888
56.7, 1, -1.13339, 0.133445
56.725, 1, -1.13339, 0.133445
56.75, 1, -1.13339, 0.133445
56.775, 1, -1.13339, 0.133445
56.8, 1, -1.13339, 0.133445
56.825, 1, -1.13339, 0.133445
56.85, 1, -1.13339, 0.133445
56.875, 1, -1.13339, 0.133445
56.9, 1, -1.13339, 0.133445
56.925, 1, -1.13339, 0.133445
56.95, 1, -1.13339, 0.133445
56.975, 1, -1.13339, 0.133445
57, 1, -1.13339, 0.133445
57.025, 1, -1.13392, 0.133981
57.05, 1, -1.13392, 0.133981
57.075, 1, -1.13392, 0.133981
57.1, 1, -1.13444, 0.134497
57.125, 1, -1.13444, 0.134497
57.15, 1, -1.13444, 0.134497
57.175, 1, -1.13493, 0.134996
57.2, 1, -1.13493, 0.134996
57.225, 1, -1.13541, 0.135478
57.25, 1, -1.13541, 0.135478
57.275, 1, -1.13541, 0.135478
57.3, 1, -1.13541, 0.135478
57.325, 1, -1.13588, 0.135943
57.35, 1, -1.13588, 0.135943
57.375, 1, -1.13588, 0.135943
57.4, 1, -1.13588, 0.135943
57.425, 1, -1.13588, 0.135943
57.45, 1, -1.13588, 0.135943
57.475, 1, -1.13588, 0.135943
57.5, 1, -1.13588, 0.135943
57.525, 1, -1.13588, 0.135943
57.55, 1, -1.13588, 0.135943
57.575, 1, -1.13632, 0.13639
57.6, 1, -1.13676, 0.136822
57.625, 1, -1.13676, 0.136822
57.65, 1, -1.13723, 0.137302
57.675, 1, -1.13723, 0.137302
57.7, 1, -1.13723, 0.137302
57.725, 1, -1.13723, 0.137302
57.75, 1, -1.13723, 0.137302
57.775, 1, -1.13726, 0.137333
57.8, 1, -1.13732, 0.137392
57.825, 1, -1.13732, 0.137392
57.85, 1, -1.13759, 0.137663
57.875, 1, -1.13759, 0.137663
57.9, 1, -1.13759, 0.137663
57.925, 1, -1.13759, 0.137663
57.95, 1, -1.13759, 0.137663
57.975, 1, -1.13759, 0.137663
58, 1, -1.13788, 0.137952
58.025, 1, -1.13788, 0.137952
58.05, 1, -1.13788, 0.137952
58.075, 1, -1.13788, 0.137952
58.1, 1, -1.13788, 0.137952
58.125, 1, -1.13856, 0.138633
58.15, 1, -1.13856, 0.138633
58.175, 1, -1.13913, 0.139211
58.2, 1, -1.13968, 0.139764
58.225, 1, -1.14021, 0.140292
58.25, 1, -1.14021, 0.140292
58.275, 1, -1.14021, 0.140292
58.3, 1, -1.14021, 0.140292
58.325, 1, -1.14021, 0.140292
58.35, 1, -1.14021, 0.140292
58.375, 1, -1.14021, 0.140292
58.4, 1, -1.14081, 0.140895
58.425, 1, -1.14081, 0.140895
58.45, 1, -1.14081, 0.140895
58.475, 1, -1.14081, 0.140895
58.5, 1, -1.14081, 0.140895
58.525, 1, -1.14136, 0.141445
58.55, 1, -1.14189, 0.141978
58.575, 1, -1.14189, 0.141978
58.6, 1, -1.14189, 0.141978
58.625, 1, -1.14241, 0.142494
58.65, 1, -1.14289, 0.142984
58.675, 1, -1.14289, 0.142984
58.7, 1, -1.14289, 0.142984
58.725, 1, -1.14338, 0.143468
58.75, 1, -1.14384, 0.14393
58.775, 1, -1.14384, 0.14393
58.8, 1, -1.14384, 0.14393
58.825, 1, -1.1443, 0.144391
58.85, 1, -1.14474, 0.144837
58.875, 1, -1.14474, 0.144837
58.9, 1, -1.14474, 0.144837
58.925, 1, -1.14474, 0.144837
58.95, 1, -1.14474, 0.144837
58.975, 1, -1.14513, 0.145228
59, 1, -1.14513, 0.145228
59.025, 1, -1.14513, 0.145228
59.05, 1, -1.14513, 0.145228
59.075, 1, -1.14513, 0.145228
59.1, 1, -1.14551, 0.145602
59.125, 1, -1.14551, 0.145602
59.15, 1, -1.14551, 0.145602
59.175, 1, -1.14551, 0.145602
59.2, 1, -1.14551, 0.145602
59.225, 1, -1.14551, 0.145602
59.25, 1, -1.14551, 0.145602
59.275, 1, -1.14615, 0.146249
59.3, 1, -1.14615, 0.146249
59.325, 1, -1.14615, 0.146249
59.35, 1, -1.14615, 0.146249
59.375, 1, -1.14682, 0.14692
59.4, 1, -1.14682, 0.14692
59.425, 1, -1.14682, 0.14692
59.45, 1, -1.14682, 0.14692
59.475, 1, -1.14682, 0.14692
59.5, 1, -1.14722, 0.14732
59.525, 1, -1.14722, 0.14732
59.55, 1, -1.14769, 0.147789
59.575, 1, -1.14813, 0.148228
59.6, 1, -1.14854, 0.148643
59.625, 1, -1.14854, 0.148643
59.65, 1, -1.14854, 0.148643
59.675, 1, -1.14894, 0.149044
59.7, 1, -1.14894, 0.149044
59.725, 1, -1.14894, 0.149044
59.75, 1, -1.14936, 0.149468
59.775, 1, -1.14936, 0.149468
59.8, 1, -1.14983, 0.149935
59.825, 1, -1.14983, 0.149935
59.85, 1, -1.14983, 0.149935
59.875, 1, -1.14983, 0.149935
59.9, 1, -1.14983, 0.149935
59.925, 1, -1.14983, 0.149935
59.95, 1, -1.14983, 0.149935
59.975, 1, -1.15019, 0.150296
60, 1, -1.15019, 0.150296
60, 1, -1.15019, 0.150296
60.025, 1, -1.15019, 0.150296
60.05, 1, -1.15019, 0.150296
60.075, 1, -1.15064, 0.150747
60.1, 1, -1.15064, 0.150747
60.125, 1, -1.15064, 0.150747
60.15, 1, -1.15064, 0.150747
60.175, 1, -1.15064, 0.150747
60.2, 1, -1.15064, 0.150747
60.225, 1, -1.15064, 0.150747
60.25, 1, -1.15158, 0.151688
60.275, 1, -1.15272, 0.15282
60.3, 1, -1.15388, 0.153982
60.325, 1, -1.15388, 0.153982
60.35, 1, -1.15388, 0.153982
60.375, 1, -1.155, 0.155104
60.4, 1, -1.15606, 0.156162
60.425, 1, -1.15606, 0.156162
60.45, 1, -1.15606, 0.156162
60.475, 1, -1.15606, 0.156162
60.5, 1, -1.15606, 0.156162
60.525, 1, -1.15606, 0.156162
60.55, 1, -1.15606, 0.156162
60.575, 1, -1.15606, 0.156162
60.6, 1, -1.15722, 0.157314
60.625, 1, -1.15819, 0.158289
60.65, 1, -1.15819, 0.158289
60.675, 1, -1.15819, 0.158289
60.7, 1, -1.15819, 0.158289
60.725, 1, -1.15819, 0.158289
60.75, 1, -1.15819, 0.158289
60.775, 1, -1.15651, 0.156609
60.8, 1, -1.15651, 0.156609
60.825, 1, -1.1546, 0.154698
60.85, 1, -1.1546, 0.154698
60.875, 1, -1.15278, 0.152874
60.9, 1, -1.15278, 0.152874
60.925, 1, -1.15127, 0.151362
60.95, 1, -1.14948, 0.14958
60.975, 1, -1.14948, 0.14958
61, 1, -1.14784, 0.147937
61.025, 1, -1.14784, 0.147937
61.05, 1, -1.14629, 0.146393
61.075, 1, -1.14629, 0.146393
61.1, 1, -1.14629, 0.146393
61.125, 1, -1.14512, 0.145221
61.15, 1, -1.14512, 0.145221
61.175, 1, -1.14512, 0.145221
61.2, 1, -1.14421, 0.144316
61.225, 1, -1.14309, 0.143203
61.25, 1, -1.14309, 0.143203
61.275, 1, -1.14309, 0.143203
61.3, 1, -1.14309, 0.143203
61.325, 1, -1.14196, 0.142074
61.35, 1, -1.14196, 0.142074
61.375, 1, -1.14196, 0.142074
61.4, 1, -1.14196, 0.142074
61.425, 1, -1.14196, 0.142074
61.45, 1, -1.14196, 0.142074
61.475, 1, -1.14044, 0.140559
61.5, 1, -1.13887, 0.138991
61.525, 1, -1.13887, 0.138991
61.55, 1, -1.13887, 0.138991
61.575, 1, -1.13742, 0.137544
61.6, 1, -1.13596, 0.136087
61.625, 1, -1.13596, 0.136087
61.65, 1, -1.13596, 0.136087
61.675, 1, -1.13596, 0.136087
61.7, 1, -1.13596, 0.136087
61.725, 1, -1.13596, 0.136087
61.75, 1, -1.13596, 0.136087
61.775, 1, -1.13596, 0.136087
61.8, 1, -1.13596, 0.136087
61.825, 1, -1.13419, 0.134323
61.85, 1, -1.13247, 0.132601
61.875, 1, -1.13247, 0.132601
61.9, 1, -1.13247, 0.132601
61.925, 1, -1.13247, 0.132601
61.95, 1, -1.13247, 0.132601
61.975, 1, -1.13081, 0.130951
62, 1, -1.13081, 0.130951
62.025, 1, -1.13081, 0.130951
62.05, 1, -1.13081, 0.130951
62.075, 1, -1.1296, 0.129748
62.1, 1, -1.12849, 0.128643
62.125, 1, -1.12849, 0.128643
62.15, 1, -1.12849, 0.128643
62.175, 1, -1.12849, 0.128643
62.2, 1, -1.12849, 0.128643
62.225, 1, -1.12849, 0.128643
62.25, 1, -1.12849, 0.128643
62.275, 1, -1.12849, 0.128643
62.3, 1, -1.12849, 0.128643
62.325, 1, -1.12849, 0.128643
62.35, 1, -1.12773, 0.127885
62.375, 1, -1.12703, 0.127198
62.4, 1, -1.12703, 0.127198
62.425, 1, -1.12637, 0.126538
62.45, 1, -1.12637, 0.126538
62.475, 1, -1.12572, 0.125899
62.5, 1, -1.12572, 0.125899
62.525, 1, -1.12572, 0.125899
62.55, 1, -1.12509, 0.125277
62.575, 1, -1.12448, 0.124674
62.6, 1, -1.12448, 0.124674
62.625, 1, -1.12389, 0.124093
62.65, 1, -1.12389, 0.124093
62.675, 1, -1.12332, 0.123532
62.7, 1, -1.12278, 0.122991
62.725, 1, -1.12278, 0.122991
62.75, 1, -1.12278, 0.122991
62.775, 1, -1.12278, 0.122991
62.8, 1, -1.12227, 0.122486
62.825, 1, -1.12178, 0.122009
62.85, 1, -1.12133, 0.121558
62.875, 1, -1.12133, 0.121558
62.9, 1, -1.12133, 0.121558
62.925, 1, -1.12133, 0.121558
62.95, 1, -1.12092, 0.121153
62.975, 1, -1.12092, 0.121153
63, 1, -1.12092, 0.121153
63.025, 1, -1.12058, 0.120819
63.05, 1, -1.1203, 0.12054
63.075, 1, -1.12008, 0.120322
63.1, 1, -1.12008, 0.120322
63.125, 1, -1.12008, 0.120322
63.15, 1, -1.12008, 0.120322
63.175, 1, -1.11984, 0.120087
63.2, 1, -1.11961, 0.11986
63.225, 1, -1.1194, 0.119645
63.25, 1, -1.1194, 0.119645
63.275, 1, -1.11924, 0.119489
63.3, 1, -1.11921, 0.119457
63.325, 1, -1.11935, 0.119594
63.35, 1, -1.11935, 0.119594
63.375, 1, -1.11959, 0.119831
63.4, 1, -1.11959, 0.119831
63.425, 1, -1.11977, 0.120008
63.45, 1, -1.11977, 0.120008
63.475, 1, -1.12, 0.120237
63.5, 1, -1.12026, 0.120496
63.525, 1, -1.12026, 0.120496
63.55, 1, -1.12048, 0.120721
63.575, 1, -1.12073, 0.120971
63.6, 1, -1.12073, 0.120971
63.625, 1, -1.12073, 0.120971
63.65, 1, -1.121, 0.121239
63.675, 1, -1.121, 0.121239
63.7, 1, -1.12124, 0.121476
63.725, 1, -1.12124, 0.121476
63.75, 1, -1.12148, 0.121713
63.775, 1, -1.12171, 0.121942
63.8, 1, -1.12193, 0.122169
63.825, 1, -1.12193, 0.122169
63.85, 1, -1.12193, 0.122169
63.875, 1, -1.12219, 0.12242
63.9, 1, -1.12244, 0.122677
63.925, 1, -1.12244, 0.122677
63.95, 1, -1.12269, 0.122921
63.975, 1, -1.12269, 0.122921
64, 1, -1.12292, 0.123155
64.025, 1, -1.12292, 0.123155
64.05, 1, -1.12292, 0.123155
64.075, 1, -1.12315, 0.123381
64.1, 1, -1.12315, 0.123381
64.125, 1, -1.12315, 0.123381
64.15, 1, -1.12337, 0.1236
64.175, 1, -1.12337, 0.1236
64.2, 1, -1.12337, 0.1236
64.225, 1, -1.12337, 0.1236
64.25, 1, -1.12362, 0.123853
64.275, 1, -1.12362, 0.123853
64.3, 1, -1.12362, 0.123853
64.325, 1, -1.12362, 0.123853
64.35, 1, -1.12387, 0.124096
64.375, 1, -1.12387, 0.124096
64.4, 1, -1.12387, 0.124096
64.425, 1, -1.12387, 0.124096
64.45, 1, -1.12412, 0.124343
64.475, 1, -1.1244, 0.124625
64.5, 1, -1.12473, 0.124953
64.525, 1, -1.12473, 0.124953
64.55, 1, -1.12473, 0.124953
64.575, 1, -1.12502, 0.12524
64.6, 1, -1.12502, 0.12524
64.625, 1, -1.12532, 0.12554
64.65, 1, -1.12563, 0.125846
64.675, 1, -1.12593, 0.126146
64.7, 1, -1.12593, 0.126146
64.725, 1, -1.12624, 0.126454
64.75, 1, -1.12661, 0.126823
64.775, 1, -1.12661, 0.126823
64.8, 1, -1.12661, 0.126823
64.825, 1, -1.12661, 0.126823
64.85, 1, -1.12661, 0.126823
64.875, 1, -1.12697, 0.127188
64.9, 1, -1.12697, 0.127188
64.925, 1, -1.12697, 0.127188
64.95, 1, -1.12697, 0.127188
64.975, 1, -1.12697, 0.127188
65, 1, -1.12697, 0.127188
65.025, 1, -1.12717, 0.127386
65.05, 1, -1.12717, 0.127386
65.075, 1, -1.12735, 0.127563
65.1, 1, -1.12751, 0.127723
65.125, 1, -1.12768, 0.127891
65.15, 1, -1.12787, 0.128084
65.175, 1, -1.12787, 0.128084
65.2, 1, -1.12787, 0.128084
65.225, 1, -1.12787, 0.128084
65.25, 1, -1.12787, 0.128084
65.275, 1, -1.12806, 0.128265
65.3, 1, -1.12806, 0.128265
65.325, 1, -1.12806, 0.128265
65.35, 1, -1.12806, 0.128265
65.375, 1, -1.12806, 0.128265
65.4, 1, -1.12823, 0.128443
65.425, 1, -1.12823, 0.128443
65.45, 1, -1.12823, 0.128443
65.475, 1, -1.12823, 0.128443
65.5, 1, -1.12823, 0.128443
65.525, 1, -1.12823, 0.128443
65.55, 1, -1.12823, 0.128443
65.575, 1, -1.12841, 0.12862
65.6, 1, -1.12841, 0.12862
65.625, 1, -1.12859, 0.128804
65.65, 1, -1.12859, 0.128804
65.675, 1, -1.12878, 0.128989
65.7, 1, -1.12896, 0.129168
65.725, 1, -1.12913, 0.129342
65.75, 1, -1.12913, 0.129342
65.775, 1, -1.12931, 0.12952
65.8, 1, -1.1295, 0.129705
65.825, 1, -1.1295, 0.129705
65.85, 1, -1.12966, 0.129874
65.875, 1, -1.12966, 0.129874
65.9, 1, -1.12966, 0.129874
65.925, 1, -1.12966, 0.129874
65.95, 1, -1.12966, 0.129874
65.975, 1, -1.12957, 0.129781
66, 1, -1.12957, 0.129781
66.025, 1, -1.12957, 0.129781
66.05, 1, -1.12968, 0.129891
66.075, 1, -1.12968, 0.129891
66.1, 1, -1.12968, 0.129891
66.125, 1, -1.12968, 0.129891
66.15, 1, -1.1297, 0.129916
66.175, 1, -1.1297, 0.129916
66.2, 1, -1.1297, 0.129916
66.225, 1, -1.1297, 0.129916
66.25, 1, -1.1297, 0.129916
66.275, 1, -1.12941, 0.129626
66.3, 1, -1.12941, 0.129626
66.325, 1, -1.12941, 0.129626
66.35, 1, -1.12941, 0.129626
66.375, 1, -1.12941, 0.129626
66.4, 1, -1.12941, 0.129626
66.425, 1, -1.12899, 0.129208
66.45, 1, -1.12899, 0.129208
66.475, 1, -1.12899, 0.129208
66.5, 1, -1.12861, 0.128827
66.525, 1, -1.12861, 0.128827
66.55, 1, -1.12861, 0.128827
66.575, 1, -1.12826, 0.128478
66.6, 1, -1.12793, 0.128154
66.625, 1, -1.12793, 0.128154
66.65, 1, -1.12765, 0.127873
66.675, 1, -1.12741, 0.127632
66.7, 1, -1.12722, 0.127435
66.725, 1, -1.12707, 0.127285
66.75, 1, -1.12697, 0.127188
66.775, 1, -1.12697, 0.127188
66.8, 1, -1.12695, 0.127164
66.825, 1, -1.12696, 0.127175
66.85, 1, -1.12696, 0.127175
66.875, 1, -1.12698, 0.127191
66.9, 1, -1.12698, 0.127196
66.925, 1, -1.12698, 0.12719
66.95, 1, -1.12697, 0.127179
66.975, 1, -1.12697, 0.127178
67, 1, -1.12697, 0.127178
67.025, 1, -1.12704, 0.127249
67.05, 1, -1.12704, 0.127249
67.075, 1, -1.12704, 0.127249
67.1, 1, -1.12704, 0.127249
67.125, 1, -1.12718, 0.127389
67.15, 1, -1.12718, 0.127389
67.175, 1, -1.12718, 0.127389
67.2, 1, -1.12735, 0.127555
67.225, 1, -1.12756, 0.12776
67.25, 1, -1.12782, 0.128024
67.275, 1, -1.12821, 0.128411
67.3, 1, -1.12881, 0.129
67.325, 1, -1.12881, 0.129
67.35, 1, -1.12938, 0.129568
67.375, 1, -1.12938, 0.129568
67.4, 1, -1.12994, 0.130131
67.425, 1, -1.12994, 0.130131
67.45, 1, -1.12994, 0.130131
67.475, 1, -1.13092, 0.131101
67.5, 1, -1.13192, 0.132102
67.525, 1, -1.13288, 0.133056
67.55, 1, -1.13288, 0.133056
67.575, 1, -1.13288, 0.133056
67.6, 1, -1.13383, 0.134007
67.625, 1, -1.13383, 0.134007
67.65, 1, -1.1347, 0.134876
67.675, 1, -1.1347, 0.134876
67.7, 1, -1.13596, 0.136133
67.725, 1, -1.13739, 0.137565
67.75, 1, -1.13739, 0.137565
67.775, 1, -1.13739, 0.137565
67.8, 1, -1.13868, 0.138855
67.825, 1, -1.13868, 0.138855
67.85, 1, -1.13993, 0.1401
67.875, 1, -1.13993, 0.1401
67.9, 1, -1.14114, 0.141312
67.925, 1, -1.14114, 0.141312
67.95, 1, -1.14235, 0.142526
67.975, 1, -1.14235, 0.142526
68, 1, -1.14357, 0.143745
68.025, 1, -1.14357, 0.143745
68.05, 1, -1.14357, 0.143745
68.075, 1, -1.14474, 0.14491
68.1, 1, -1.14474, 0.14491
68.125, 1, -1.14474, 0.14491
68.15, 1, -1.14474, 0.14491
68.175, 1, -1.14474, 0.14491
68.2, 1, -1.14474, 0.14491
68.225, 1, -1.14474, 0.14491
68.25, 1, -1.14583, 0.146007
68.275, 1, -1.14689, 0.147063
68.3, 1, -1.14689, 0.147063
68.325, 1, -1.14791, 0.148082
68.35, 1, -1.14791, 0.148082
68.375, 1, -1.14791, 0.148082
68.4, 1, -1.14791, 0.148082
68.425, 1, -1.14791, 0.148082
68.45, 1, -1.14891, 0.149079
68.475, 1, -1.14891, 0.149079
68.5, 1, -1.14891, 0.149079
68.525, 1, -1.14987, 0.150043
68.55, 1, -1.14987, 0.150043
68.575, 1, -1.1508, 0.150971
68.6, 1, -1.1508, 0.150971
68.625, 1, -1.1508, 0.150971
68.65, 1, -1.1508, 0.150971
68.675, 1, -1.1508, 0.150971
68.7, 1, -1.1519, 0.152071
68.725, 1, -1.1519, 0.152071
68.75, 1, -1.15338, 0.153548
68.775, 1, -1.15486, 0.155032
68.8, 1, -1.15624, 0.156405
68.825, 1, -1.15758, 0.157749
68.85, 1, -1.15893, 0.159102
68.875, 1, -1.15893, 0.159102
68.9, 1, -1.1605, 0.160671
68.925, 1, -1.16203, 0.162199
68.95, 1, -1.16348, 0.163643
68.975, 1, -1.16489, 0.165061
69, 1, -1.16489, 0.165061
69.025, 1, -1.16627, 0.166435
69.05, 1, -1.1676, 0.167764
69.075, 1, -1.1676, 0.167764
69.1, 1, -1.16891, 0.169074
69.125, 1, -1.16891, 0.169074
69.15, 1, -1.16891, 0.169074
69.175, 1, -1.17016, 0.170327
69.2, 1, -1.17016, 0.170327
69.225, 1, -1.17138, 0.171543
69.25, 1, -1.17138, 0.171543
69.275, 1, -1.17255, 0.172718
69.3, 1, -1.17369, 0.173856
69.325, 1, -1.17369, 0.173856
69.35, 1, -1.1748, 0.174964
69.375, 1, -1.1748, 0.174964
69.4, 1, -1.1748, 0.174964
69.425, 1, -1.1748, 0.174964
69.45, 1, -1.1748, 0.174964
69.475, 1, -1.1748, 0.174964
69.5, 1, -1.1748, 0.174964
69.525, 1, -1.17585, 0.176016
69.55, 1, -1.17686, 0.177027
69.575, 1, -1.17784, 0.178006
69.6, 1, -1.17879, 0.178957
69.625, 1, -1.17973, 0.17989
69.65, 1, -1.18065, 0.180809
69.675, 1, -1.18154, 0.181704
69.7, 1, -1.18154, 0.181704
69.725, 1, -1.18154, 0.181704
69.75, 1, -1.1824, 0.18256
69.775, 1, -1.18323, 0.183394
69.8, 1, -1.18323, 0.183394
69.825, 1, -1.18403, 0.184191
69.85, 1, -1.18403, 0.184191
69.875, 1, -1.18483, 0.184984
69.9, 1, -1.18483, 0.184984
69.925, 1, -1.18483, 0.184984
69.95, 1, -1.18555, 0.185709
69.975, 1, -1.18555, 0.185709
70, 1, -1.18632, 0.186474
70.025, 1, -1.18632, 0.186474
70.05, 1, -1.18698, 0.187139
70.075, 1, -1.18782, 0.187972
70.1, 1, -1.18782, 0.187972
70.125, 1, -1.18782, 0.187972
70.15, 1, -1.18782, 0.187972
70.175, 1, -1.19007, 0.190221
70.2, 1, -1.19007, 0.190221
70.225, 1, -1.19007, 0.190221
70.25, 1, -1.19185, 0.191994
70.275, 1, -1.1935, 0.19365
70.3, 1, -1.1935, 0.19365
70.325, 1, -1.1935, 0.19365
70.35, 1, -1.1935, 0.19365
70.375, 1, -1.1935, 0.19365
70.4, 1, -1.1935, 0.19365
70.425, 1, -1.19383, 0.19397
70.45, 1, -1.19399, 0.194128
70.475, 1, -1.19408, 0.194215
70.5, 1, -1.19408, 0.194215
70.525, 1, -1.1942, 0.194335
70.55, 1, -1.1942, 0.194335
70.575, 1, -1.1942, 0.194335
70.6, 1, -1.19426, 0.194391
70.625, 1, -1.19426, 0.194391
70.65, 1, -1.19433, 0.19446
70.675, 1, -1.19433, 0.19446
70.7, 1, -1.1944, 0.194531
70.725, 1, -1.1944, 0.194531
70.75, 1, -1.1944, 0.194531
70.775, 1, -1.1944, 0.194531
70.8, 1, -1.19415, 0.194285
70.825, 1, -1.19368, 0.193812
70.85, 1, -1.19301, 0.193135
70.875, 1, -1.19301, 0.193135
70.9, 1, -1.19301, 0.193135
70.925, 1, -1.19301, 0.193135
70.95, 1, -1.19193, 0.192055
70.975, 1, -1.19066, 0.190792
71, 1, -1.19066, 0.190792
71.025, 1, -1.19066, 0.190792
71.05, 1, -1.19066, 0.190792
71.075, 1, -1.18936, 0.189487
71.1, 1, -1.18936, 0.189487
71.125, 1, -1.18936, 0.189487
71.15, 1, -1.18835, 0.188481
71.175, 1, -1.18835, 0.188481
71.2, 1, -1.18761, 0.187734
71.225, 1, -1.18673, 0.18686
71.25, 1, -1.18673, 0.18686
71.275, 1, -1.1859, 0.186027
71.3, 1, -1.1859, 0.186027
71.325, 1, -1.1851, 0.185224
71.35, 1, -1.1851, 0.185224
71.375, 1, -1.1851, 0.185224
71.4, 1, -1.1851, 0.185224
71.425, 1, -1.1847, 0.184829
71.45, 1, -1.1847, 0.184829
71.475, 1, -1.1847, 0.184829
71.5, 1, -1.1847, 0.184829
71.525, 1, -1.1847, 0.184829
71.55, 1, -1.18332, 0.183449
71.575, 1, -1.18194, 0.182074
71.6, 1, -1.18057, 0.180698
71.625, 1, -1.18057, 0.180698
71.65, 1, -1.18057, 0.180698
71.675, 1, -1.17946, 0.179596
71.7, 1, -1.17946, 0.179596
71.725, 1, -1.17866, 0.178796
71.75, 1, -1.17866, 0.178796
71.775, 1, -1.17801, 0.178151
71.8, 1, -1.17801, 0.178151
71.825, 1, -1.17801, 0.178151
71.85, 1, -1.17801, 0.178151
71.875, 1, -1.1773, 0.177443
71.9, 1, -1.1773, 0.177443
71.925, 1, -1.17664, 0.176788
71.95, 1, -1.17664, 0.176788
71.975, 1, -1.17664, 0.176788
72, 1, -1.17664, 0.176788
72.025, 1, -1.176, 0.176149
72.05, 1, -1.176, 0.176149
72.075, 1, -1.17539, 0.175541
72.1, 1, -1.1748, 0.174948
72.125, 1, -1.1748, 0.174948
72.15, 1, -1.1748, 0.174948
72.175, 1, -1.17424, 0.174396
72.2, 1, -1.17424, 0.174396
72.225, 1, -1.17371, 0.173865
72.25, 1, -1.17319, 0.173349
72.275, 1, -1.17319, 0.173349
72.3, 1, -1.17319, 0.173349
72.325, 1, -1.1727, 0.172867
72.35, 1, -1.17224, 0.172405
72.375, 1, -1.17224, 0.172405
72.4, 1, -1.17224, 0.172405
72.425, 1, -1.17179, 0.171957
72.45, 1, -1.17136, 0.171531
72.475, 1, -1.17096, 0.17113
72.5, 1, -1.17057, 0.170745
72.525, 1, -1.17019, 0.170367
72.55, 1, -1.16981, 0.169997
72.575, 1, -1.16981, 0.169997
72.6, 1, -1.16949, 0.169679
72.625, 1, -1.16922, 0.169407
72.65, 1, -1.16922, 0.169407
72.675, 1, -1.16922, 0.169407
72.7, 1, -1.16922, 0.169407
72.725, 1, -1.16893, 0.169118
72.75, 1, -1.16868, 0.168871
72.775, 1, -1.16868, 0.168871
72.8, 1, -1.16868, 0.168871
72.825, 1, -1.16868, 0.168871
72.85, 1, -1.1684, 0.168597
72.875, 1, -1.1684, 0.168597
72.9, 1, -1.1684, 0.168597
72.925, 1, -1.16809, 0.168287
72.95, 1, -1.16809, 0.168287
72.975, 1, -1.16779, 0.167987
73, 1, -1.16779, 0.167987
73.025, 1, -1.16779, 0.167987
73.05, 1, -1.16747, 0.167674
73.075, 1, -1.16717, 0.167375
73.1, 1, -1.16689, 0.1671
73.125, 1, -1.16689, 0.1671
73.15, 1, -1.16665, 0.166862
73.175, 1, -1.16665, 0.166862
73.2, 1, -1.16665, 0.166862
73.225, 1, -1.16643, 0.166642
73.25, 1, -1.16643, 0.166642
73.275, 1, -1.16643, 0.166642
73.3, 1, -1.16621, 0.166429
73.325, 1, -1.166, 0.166223
73.35, 1, -1.1658, 0.166023
73.375, 1, -1.1658, 0.166023
73.4, 1, -1.1658, 0.166023
73.425, 1, -1.1658, 0.166023
73.45, 1, -1.1658, 0.166023
73.475, 1, -1.1658, 0.166023
73.5, 1, -1.1658, 0.166023
73.525, 1, -1.1658, 0.166023
73.55, 1, -1.1658, 0.166023
73.575, 1, -1.16561, 0.16584
73.6, 1, -1.16546, 0.165685
73.625, 1, -1.16533, 0.165562
73.65, 1, -1.16524, 0.16547
73.675, 1, -1.16524, 0.16547
73.7, 1, -1.16524, 0.16547
73.725, 1, -1.16524, 0.16547
73.75, 1, -1.16524, 0.16547
73.775, 1, -1.16515, 0.165378
73.8, 1, -1.16515, 0.165378
73.825, 1, -1.16515, 0.165378
73.85, 1, -1.16515, 0.165378
73.875, 1, -1.16515, 0.165378
73.9, 1, -1.16515, 0.165378
73.925, 1, -1.16515, 0.165378
73.95, 1, -1.16515, 0.165378
73.975, 1, -1.16515, 0.165378
74, 1, -1.16515, 0.165378
74.025, 1, -1.16515, 0.165378
74.05, 1, -1.16515, 0.165378
74.075, 1, -1.16515, 0.165378
74.1, 1, -1.16515, 0.165378
74.125, 1, -1.16515, 0.165378
74.15, 1, -1.16515, 0.165378
74.175, 1, -1.16515, 0.165378
74.2, 1, -1.16487, 0.165104
74.225, 1, -1.16459, 0.164821
74.25, 1, -1.16459, 0.164821
74.275, 1, -1.16459, 0.164821
74.3, 1, -1.16437, 0.164604
74.325, 1, -1.16437, 0.164604
74.35, 1, -1.16437, 0.164604
74.375, 1, -1.1641, 0.164342
74.4, 1, -1.1641, 0.164342
74.425, 1, -1.16388, 0.164118
74.45, 1, -1.16388, 0.164118
74.475, 1, -1.16388, 0.164118
74.5, 1, -1.16364, 0.163883
74.525, 1, -1.16341, 0.163657
74.55, 1, -1.16341, 0.163657
74.575, 1, -1.16341, 0.163657
74.6, 1, -1.16319, 0.163438
74.625, 1, -1.16319, 0.163438
74.65, 1, -1.16319, 0.163438
74.675, 1, -1.16319, 0.163438
74.7, 1, -1.16298, 0.163222
74.725, 1, -1.16277, 0.163018
74.75, 1, -1.16258, 0.162831
74.775, 1, -1.16242, 0.16267
74.8, 1, -1.16242, 0.16267
74.825, 1, -1.16242, 0.16267
74.85, 1, -1.16242, 0.16267
74.875, 1, -1.16226, 0.162511
74.9, 1, -1.16211, 0.162361
74.925, 1, -1.16197, 0.16222
74.95, 1, -1.16197, 0.16222
74.975, 1, -1.16197, 0.16222
75, 1, -1.16197, 0.16222
75.025, 1, -1.16185, 0.162096
75.05, 1, -1.16174, 0.161988
75.075, 1, -1.16165, 0.161899
75.1, 1, -1.16165, 0.161899
75.125, 1, -1.16165, 0.161899
75.15, 1, -1.16165, 0.161899
75.175, 1, -1.16165, 0.161899
75.2, 1, -1.16165, 0.161899
75.225, 1, -1.16165, 0.161899
75.25, 1, -1.16165, 0.161899
75.275, 1, -1.16153, 0.161781
75.3, 1, -1.16153, 0.161781
75.325, 1, -1.16153, 0.161779
75.35, 1, -1.16153, 0.161779
75.375, 1, -1.16153, 0.161779
75.4, 1, -1.16147, 0.161713
75.425, 1, -1.16142, 0.161663
75.45, 1, -1.16142, 0.161663
75.475, 1, -1.16142, 0.161663
75.5, 1, -1.16129, 0.161533
75.525, 1, -1.16117, 0.161413
75.55, 1, -1.1611, 0.161341
75.575, 1, -1.1611, 0.161341
75.6, 1, -1.1611, 0.161341
75.625, 1, -1.1611, 0.161341
75.65, 1, -1.1609, 0.161139
75.675, 1, -1.1609, 0.161139
75.7, 1, -1.16074, 0.160979
75.725, 1, -1.16074, 0.160979
75.75, 1, -1.16074, 0.160979
75.775, 1, -1.16051, 0.160753
75.8, 1, -1.16051, 0.160753
75.825, 1, -1.16033, 0.16057
75.85, 1, -1.16033, 0.16057
75.875, 1, -1.16016, 0.160397
75.9, 1, -1.15998, 0.160225
75.925, 1, -1.15998, 0.160225
75.95, 1, -1.15982, 0.160063
75.975, 1, -1.15982, 0.160063
76, 1, -1.15967, 0.159914
76.025, 1, -1.15953, 0.15977
76.05, 1, -1.15953, 0.15977
76.075, 1, -1.15953, 0.15977
76.1, 1, -1.15953, 0.15977
76.125, 1, -1.15939, 0.159629
76.15, 1, -1.15925, 0.159492
76.175, 1, -1.15925, 0.159492
76.2, 1, -1.15925, 0.159492
76.225, 1, -1.15925, 0.159492
76.25, 1, -1.15913, 0.159364
76.275, 1, -1.159, 0.159243
76.3, 1, -1.15889, 0.159129
76.325, 1, -1.15889, 0.159129
76.35, 1, -1.15879, 0.159025
76.375, 1, -1.15869, 0.158926
76.4, 1, -1.15869, 0.158926
76.425, 1, -1.15859, 0.158833
76.45, 1, -1.15852, 0.158754
76.475, 1, -1.15852, 0.158754
76.5, 1, -1.15845, 0.158692
76.525, 1, -1.15845, 0.158692
76.55, 1, -1.15839, 0.158626
76.575, 1, -1.15833, 0.158563
76.6, 1, -1.15827, 0.158504
76.625, 1, -1.15827, 0.158504
76.65, 1, -1.15827, 0.158504
76.675, 1, -1.15827, 0.158504
76.7, 1, -1.15827, 0.158504
76.725, 1, -1.15827, 0.158504
76.75, 1, -1.15826, 0.158498
76.775, 1, -1.15826, 0.158498
76.8, 1, -1.15826, 0.158498
76.825, 1, -1.15825, 0.158488
76.85, 1, -1.15825, 0.158488
76.875, 1, -1.15825, 0.158488
76.9, 1, -1.15824, 0.158482
76.925, 1, -1.15822, 0.158456
76.95, 1, -1.1582, 0.158438
76.975, 1, -1.15822, 0.158454
77, 1, -1.15822, 0.158454
77.025, 1, -1.15827, 0.158509
77.05, 1, -1.15832, 0.158557
77.075, 1, -1.15832, 0.158557
77.1, 1, -1.15832, 0.158557
77.125, 1, -1.15844, 0.158678
77.15, 1, -1.1586, 0.158831
77.175, 1, -1.15875, 0.158987
77.2, 1, -1.1589, 0.159136
77.225, 1, -1.15904, 0.159278
77.25, 1, -1.15904, 0.159278
77.275, 1, -1.15904, 0.159278
77.3, 1, -1.15904, 0.159278
77.325, 1, -1.15919, 0.159423
77.35, 1, -1.15933, 0.159566
77.375, 1, -1.15933, 0.159566
77.4, 1, -1.15933, 0.159566
77.425, 1, -1.15948, 0.159712
77.45, 1, -1.15962, 0.159857
77.475, 1, -1.15977, 0.160004
77.5, 1, -1.15992, 0.16015
77.525, 1, -1.15992, 0.16015
77.55, 1, -1.15992, 0.16015
77.575, 1, -1.16007, 0.160298
77.6, 1, -1.16007, 0.160298
77.625, 1, -1.16007, 0.160298
77.65, 1, -1.16007, 0.160298
77.675, 1, -1.16007, 0.160298
77.7, 1, -1.16007, 0.160298
77.725, 1, -1.16007, 0.160298
77.75, 1, -1.16007, 0.160298
77.775, 1, -1.16007, 0.160298
77.8, 1, -1.16007, 0.160298
77.825, 1, -1.16007, 0.160298
77.85, 1, -1.16028, 0.160506
77.875, 1, -1.16028, 0.160506
77.9, 1, -1.16028, 0.160506
77.925, 1, -1.16051, 0.160738
77.95, 1, -1.16074, 0.160964
77.975, 1, -1.16094, 0.161172
78, 1, -1.16094, 0.161172
78.025, 1, -1.16094, 0.161172
78.05, 1, -1.16094, 0.161172
78.075, 1, -1.16105, 0.161282
78.1, 1, -1.16105, 0.161282
78.125, 1, -1.16105, 0.161282
78.15, 1, -1.16105, 0.161282
78.175, 1, -1.16105, 0.161282
78.2, 1, -1.16105, 0.161282
78.225, 1, -1.16066, 0.160886
78.25, 1, -1.16027, 0.160492
78.275, 1, -1.16027, 0.160492
78.3, 1, -1.16027, 0.160492
78.325, 1, -1.15988, 0.160108
78.35, 1, -1.15988, 0.160108
78.375, 1, -1.15988, 0.160108
78.4, 1, -1.15988, 0.160108
78.425, 1, -1.15988, 0.160108
78.45, 1, -1.15957, 0.159795
78.475, 1, -1.15957, 0.159795
78.5, 1, -1.15957, 0.159795
78.525, 1, -1.15957, 0.159795
78.55, 1, -1.15927, 0.1595
78.575, 1, -1.15927, 0.1595
78.6, 1, -1.159, 0.159224
78.625, 1, -1.159, 0.159224
78.65, 1, -1.159, 0.159224
78.675, 1, -1.15873, 0.158955
78.7, 1, -1.15873, 0.158955
78.725, 1, -1.15873, 0.158955
78.75, 1, -1.15873, 0.158955
78.775, 1, -1.15873, 0.158955
78.8, 1, -1.15873, 0.158955
78.825, 1, -1.15843, 0.158654
78.85, 1, -1.15814, 0.158363
78.875, 1, -1.15786, 0.158084
78.9, 1, -1.15786, 0.158084
78.925, 1, -1.15759, 0.15782
78.95, 1, -1.15759, 0.15782
78.975, 1, -1.15759, 0.15782
79, 1, -1.15737, 0.157595
79.025, 1, -1.15718, 0.157406
79.05, 1, -1.15718, 0.157406
79.075, 1, -1.15701, 0.157237
79.1, 1, -1.15684, 0.157066
79.125, 1, -1.15668, 0.156903
79.15, 1, -1.15668, 0.156903
79.175, 1, -1.1566, 0.156821
79.2, 1, -1.1566, 0.156821
79.225, 1, -1.1566, 0.156821
79.25, 1, -1.15647, 0.156695
79.275, 1, -1.15635, 0.156575
79.3, 1, -1.15625, 0.156469
79.325, 1, -1.15616, 0.156386
79.35, 1, -1.15616, 0.156386
79.375, 1, -1.15616, 0.156386
79.4, 1, -1.15611, 0.156327
79.425, 1, -1.15612, 0.156341
79.45, 1, -1.15612, 0.156341
79.475, 1, -1.15612, 0.156338
79.5, 1, -1.15612, 0.156338
79.525, 1, -1.15614, 0.156362
79.55, 1, -1.15614, 0.156362
79.575, 1, -1.15614, 0.156362
79.6, 1, -1.15614, 0.156362
79.625, 1, -1.15614, 0.156362
79.65, 1, -1.15614, 0.156362
79.675, 1, -1.15614, 0.156362
79.7, 1, -1.15614, 0.156362
79.725, 1, -1.15614, 0.156362
79.75, 1, -1.15617, 0.156391
79.775, 1, -1.15617, 0.156391
79.8, 1, -1.15617, 0.156391
79.825, 1, -1.15617, 0.156391
79.85, 1, -1.1562, 0.156425
79.875, 1, -1.15624, 0.156457
79.9, 1, -1.15628, 0.156498
79.925, 1, -1.15628, 0.156498
79.95, 1, -1.15628, 0.156498
79.975, 1, -1.1564, 0.156618
80, 1, -1.15655, 0.156773
80.025, 1, -1.15655, 0.156773
80.05, 1, -1.15655, 0.156773
80.075, 1, -1.15655, 0.156773
80.1, 1, -1.15655, 0.156773
80.125, 1, -1.15655, 0.156773
80.15, 1, -1.15677, 0.156994
80.175, 1, -1.15734, 0.157558
80.2, 1, -1.15829, 0.158504
80.225, 1, -1.15829, 0.158504
80.25, 1, -1.15958, 0.159796
80.275, 1, -1.15958, 0.159796
80.3, 1, -1.16109, 0.161301
80.325, 1, -1.16272, 0.162927
80.35, 1, -1.16272, 0.162927
80.375, 1, -1.16272, 0.162927
80.4, 1, -1.16272, 0.162927
80.425, 1, -1.1643, 0.1645
80.45, 1, -1.1643, 0.1645
80.475, 1, -1.1643, 0.1645
80.5, 1, -1.16581, 0.16601
80.525, 1, -1.16581, 0.16601
80.55, 1, -1.16726, 0.16746
80.575, 1, -1.16852, 0.168717
80.6, 1, -1.16852, 0.168717
80.625, 1, -1.16978, 0.16997
80.65, 1, -1.17086, 0.171049
80.675, 1, -1.1718, 0.171984
80.7, 1, -1.1718, 0.171984
80.725, 1, -1.1727, 0.172884
80.75, 1, -1.1734, 0.173584
80.775, 1, -1.17392, 0.174102
80.8, 1, -1.17392, 0.174102
80.825, 1, -1.17392, 0.174102
80.85, 1, -1.17449, 0.174666
80.875, 1, -1.17449, 0.174666
80.9, 1, -1.17449, 0.174666
80.925, 1, -1.1746, 0.174783
80.95, 1, -1.1746, 0.174783
80.975, 1, -1.17473, 0.174913
81, 1, -1.17473, 0.174913
81.025, 1, -1.17473, 0.174913
81.05, 1, -1.1752, 0.175383
81.075, 1, -1.1752, 0.175383
81.1, 1, -1.17619, 0.176362
81.125, 1, -1.17714, 0.177316
81.15, 1, -1.17806, 0.178238
81.175, 1, -1.17891, 0.17909
81.2, 1, -1.17968, 0.179854
81.225, 1, -1.18036, 0.180532
81.25, 1, -1.18092, 0.181098
81.275, 1, -1.18092, 0.181098
81.3, 1, -1.18159, 0.18177
81.325, 1, -1.18159, 0.18177
81.35, 1, -1.1825, 0.182681
81.375, 1, -1.1825, 0.182681
81.4, 1, -1.18359, 0.183765
81.425, 1, -1.18359, 0.183765
81.45, 1, -1.18359, 0.183765
81.475, 1, -1.18447, 0.184648
81.5, 1, -1.18447, 0.184648
81.525, 1, -1.18447, 0.184648
81.55, 1, -1.18447, 0.184648
81.575, 1, -1.18447, 0.184648
81.6, 1, -1.18447, 0.184648
81.625, 1, -1.18447, 0.184648
81.65, 1, -1.18362, 0.183798
81.675, 1, -1.18362, 0.183798
81.7, 1, -1.18362, 0.183798
81.725, 1, -1.18284, 0.183021
81.75, 1, -1.18209, 0.18227
81.775, 1, -1.18209, 0.18227
81.8, 1, -1.18209, 0.18227
81.825, 1, -1.18209, 0.18227
81.85, 1, -1.18132, 0.181505
81.875, 1, -1.18059, 0.180769
81.9, 1, -1.18059, 0.180769
81.925, 1, -1.18059, 0.180769
81.95, 1, -1.18059, 0.180769
81.975, 1, -1.17989, 0.180073
82, 1, -1.17922, 0.179403
82.025, 1, -1.17922, 0.179403
82.05, 1, -1.17857, 0.178762
82.075, 1, -1.17857, 0.178762
82.1, 1, -1.17795, 0.178141
82.125, 1, -1.17735, 0.17754
82.15, 1, -1.17735, 0.17754
82.175, 1, -1.17735, 0.17754
82.2, 1, -1.17735, 0.17754
82.225, 1, -1.17686, 0.177056
82.25, 1, -1.17686, 0.177056
82.275, 1, -1.17686, 0.177056
82.3, 1, -1.17686, 0.177056
82.325, 1, -1.17629, 0.176484
82.35, 1, -1.17629, 0.176484
82.375, 1, -1.17573, 0.175925
82.4, 1, -1.17519, 0.175389
82.425, 1, -1.17467, 0.174868
82.45, 1, -1.17467, 0.174868
82.475, 1, -1.17418, 0.174382
82.5, 1, -1.17375, 0.173955
82.525, 1, -1.17375, 0.173955
82.55, 1, -1.17375, 0.173955
82.575, 1, -1.17335, 0.173557
82.6, 1, -1.17335, 0.173557
82.625, 1, -1.17296, 0.17317
82.65, 1, -1.17258, 0.172797
82.675, 1, -1.17258, 0.172797
82.7, 1, -1.17258, 0.172797
82.725, 1, -1.17218, 0.172394
82.75, 1, -1.17178, 0.172003
82.775, 1, -1.17178, 0.172003
82.8, 1, -1.17178, 0.172003
82.825, 1, -1.17178, 0.172003
82.85, 1, -1.17178, 0.172003
82.875, 1, -1.17178, 0.172003
82.9, 1, -1.17178, 0.172003
82.925, 1, -1.17178, 0.172003
82.95, 1, -1.17141, 0.171627
82.975, 1, -1.17141, 0.171627
83, 1, -1.17141, 0.171627
83.025, 1, -1.17104, 0.171267
83.05, 1, -1.17104, 0.171267
83.075, 1, -1.17071, 0.170934
83.1, 1, -1.1704, 0.170625
83.125, 1, -1.1704, 0.170625
83.15, 1, -1.17012, 0.17035
83.175, 1, -1.17012, 0.17035
83.2, 1, -1.17012, 0.17035
83.225, 1, -1.17012, 0.17035
83.25, 1, -1.16992, 0.170147
83.275, 1, -1.16992, 0.170147
83.3, 1, -1.16992, 0.170147
83.325, 1, -1.16992, 0.170147
83.35, 1, -1.16992, 0.170147
83.375, 1, -1.16961, 0.169841
83.4, 1, -1.16961, 0.169841
83.425, 1, -1.16932, 0.169548
83.45, 1, -1.16932, 0.169548
83.475, 1, -1.16932, 0.169548
83.5, 1, -1.16932, 0.169548
83.525, 1, -1.16932, 0.169548
83.55, 1, -1.16915, 0.169379
83.575, 1, -1.16915, 0.169379
83.6, 1, -1.16899, 0.169223
83.625, 1, -1.16899, 0.169223
83.65, 1, -1.16899, 0.169223
83.675, 1, -1.16899, 0.169223
83.7, 1, -1.16886, 0.169097
83.725, 1, -1.16886, 0.169097
83.75, 1, -1.16886, 0.169097
83.775, 1, -1.16886, 0.169097
83.8, 1, -1.16886, 0.169097
83.825, 1, -1.16886, 0.169097
83.85, 1, -1.16874, 0.168979
83.875, 1, -1.16874, 0.168979
83.9, 1, -1.16874, 0.168979
83.925, 1, -1.16874, 0.168979
83.95, 1, -1.16874, 0.168979
83.975, 1, -1.16867, 0.168905
84, 1, -1.16867, 0.168905
84.025, 1, -1.16859, 0.16883
84.05, 1, -1.16852, 0.168759
84.075, 1, -1.16846, 0.168694
84.1, 1, -1.16846, 0.168694
84.125, 1, -1.16846, 0.168694
84.15, 1, -1.16846, 0.168694
84.175, 1, -1.16846, 0.168694
84.2, 1, -1.16846, 0.168694
84.225, 1, -1.16846, 0.168694
84.25, 1, -1.16839, 0.168632
84.275, 1, -1.16839, 0.168632
84.3, 1, -1.16839, 0.168632
84.325, 1, -1.16839, 0.168632
84.35, 1, -1.16839, 0.168632
84.375, 1, -1.16839, 0.168632
84.4, 1, -1.16839, 0.168632
84.425, 1, -1.16833, 0.16857
84.45, 1, -1.16833, 0.16857
84.475, 1, -1.16833, 0.16857
84.5, 1, -1.16833, 0.16857
84.525, 1, -1.16833, 0.16857
84.55, 1, -1.16827, 0.168506
84.575, 1, -1.16821, 0.168445
84.6, 1, -1.16821, 0.168445
84.625, 1, -1.16815, 0.168389
84.65, 1, -1.16815, 0.168389
84.675, 1, -1.16813, 0.168367
84.7, 1, -1.16813, 0.168367
84.725, 1, -1.16815, 0.168392
84.75, 1, -1.16818, 0.168424
84.775, 1, -1.16818, 0.168424
84.8, 1, -1.16821, 0.168448
84.825, 1, -1.16821, 0.168448
84.85, 1, -1.16821, 0.168448
84.875, 1, -1.16821, 0.168448
84.9, 1, -1.16821, 0.168448
84.925, 1, -1.16821, 0.168448
84.95, 1, -1.16823, 0.168467
84.975, 1, -1.16827, 0.16851
85, 1, -1.16827, 0.16851
85.025, 1, -1.16827, 0.16851
85.05, 1, -1.16826, 0.168496
85.075, 1, -1.16826, 0.168496
85.1, 1, -1.16826, 0.168496
85.125, 1, -1.16826, 0.168496
85.15, 1, -1.16823, 0.168472
85.175, 1, -1.16823, 0.168472
85.2, 1, -1.16821, 0.168444
85.225, 1, -1.16821, 0.168442
85.25, 1, -1.16821, 0.168443
85.275, 1, -1.16821, 0.168443
85.3, 1, -1.16821, 0.168443
85.325, 1, -1.16821, 0.168443
85.35, 1, -1.16821, 0.168443
85.375, 1, -1.16821, 0.168443
85.4, 1, -1.16821, 0.168443
85.425, 1, -1.16821, 0.168443
85.45, 1, -1.16821, 0.168443
85.475, 1, -1.16817, 0.168409
85.5, 1, -1.16817, 0.168409
85.525, 1, -1.16814, 0.168378
85.55, 1, -1.16814, 0.168378
85.575, 1, -1.16814, 0.168378
85.6, 1, -1.16811, 0.168347
85.625, 1, -1.16811, 0.168347
85.65, 1, -1.16809, 0.168319
85.675, 1, -1.16806, 0.168293
85.7, 1, -1.16804, 0.168268
85.725, 1, -1.16802, 0.168246
85.75, 1, -1.168, 0.168225
85.775, 1, -1.16798, 0.168208
85.8, 1, -1.16798, 0.168208
85.825, 1, -1.16797, 0.168198
85.85, 1, -1.16797, 0.168198
85.875, 1, -1.16797, 0.168196
85.9, 1, -1.16798, 0.168198
85.925, 1, -1.16798, 0.168198
85.95, 1, -1.16798, 0.168204
85.975, 1, -1.16799, 0.168214
86, 1, -1.16799, 0.168214
86.025, 1, -1.16802, 0.168242
86.05, 1, -1.16802, 0.168242
86.075, 1, -1.16802, 0.168242
86.1, 1, -1.16812, 0.168336
86.125, 1, -1.16812, 0.168336
86.15, 1, -1.16812, 0.168336
86.175, 1, -1.16821, 0.168422
86.2, 1, -1.16821, 0.168422
86.225, 1, -1.1683, 0.168511
86.25, 1, -1.1683, 0.168511
86.275, 1, -1.1683, 0.168511
86.3, 1, -1.1683, 0.168511
86.325, 1, -1.16842, 0.168626
86.35, 1, -1.16842, 0.168626
86.375, 1, -1.16842, 0.168626
86.4, 1, -1.16853, 0.168743
86.425, 1, -1.16853, 0.168743
86.45, 1, -1.16853, 0.168743
86.475, 1, -1.16853, 0.168743
86.5, 1, -1.16853, 0.168743
86.525, 1, -1.16865, 0.16886
86.55, 1, -1.16865, 0.16886
86.575, 1, -1.16865, 0.16886
86.6, 1, -1.16865, 0.16886
86.625, 1, -1.16865, 0.16886
86.65, 1, -1.16865, 0.16886
86.675, 1, -1.16865, 0.16886
86.7, 1, -1.16866, 0.168862
86.725, 1, -1.16866, 0.168865
86.75, 1, -1.16866, 0.168865
86.775, 1, -1.16869, 0.168895
86.8, 1, -1.16869, 0.168895
86.825, 1, -1.16875, 0.168951
86.85, 1, -1.16875, 0.168951
86.875, 1, -1.16875, 0.168951
86.9, 1, -1.16881, 0.169007
86.925, 1, -1.16881, 0.169007
86.95, 1, -1.16881, 0.169007
86.975, 1, -1.16886, 0.16906
87, 1, -1.16886, 0.16906
87.025, 1, -1.16886, 0.16906
87.05, 1, -1.16886, 0.16906
87.075, 1, -1.16891, 0.16911
87.1, 1, -1.16896, 0.169159
87.125, 1, -1.16896, 0.169159
87.15, 1, -1.16896, 0.169159
87.175, 1, -1.16896, 0.169159
87.2, 1, -1.16896, 0.169159
87.225, 1, -1.16896, 0.169159
87.25, 1, -1.16901, 0.169206
87.275, 1, -1.16901, 0.169206
87.3, 1, -1.16905, 0.169253
87.325, 1, -1.16905, 0.169253
87.35, 1, -1.16905, 0.169253
87.375, 1, -1.16905, 0.169253
87.4, 1, -1.16905, 0.169253
87.425, 1, -1.16911, 0.169306
87.45, 1, -1.16918, 0.169375
87.475, 1, -1.16927, 0.169465
87.5, 1, -1.16927, 0.169465
87.525, 1, -1.16927, 0.169465
87.55, 1, -1.16927, 0.169465
87.575, 1, -1.16927, 0.169465
87.6, 1, -1.16927, 0.169465
87.625, 1, -1.16927, 0.169465
87.65, 1, -1.16932, 0.169516
87.675, 1, -1.16932, 0.169516
87.7, 1, -1.16932, 0.169516
87.725, 1, -1.16929, 0.169488
87.75, 1, -1.16934, 0.169528
87.775, 1, -1.16934, 0.169528
87.8, 1, -1.16934, 0.169528
87.825, 1, -1.16934, 0.169528
87.85, 1, -1.16934, 0.169528
87.875, 1, -1.16934, 0.169528
87.9, 1, -1.16915, 0.169338
87.925, 1, -1.16901, 0.169205
87.95, 1, -1.16901, 0.169205
87.975, 1, -1.16901, 0.169205
88, 1, -1.16901, 0.169205
88.025, 1, -1.16901, 0.169205
88.05, 1, -1.16875, 0.168946
88.075, 1, -1.16875, 0.168946
88.1, 1, -1.1685, 0.168695
88.125, 1, -1.1685, 0.168695
88.15, 1, -1.16826, 0.168454
88.175, 1, -1.16826, 0.168454
88.2, 1, -1.16826, 0.168454
88.225, 1, -1.16803, 0.168222
88.25, 1, -1.16803, 0.168222
88.275, 1, -1.16803, 0.168222
88.3, 1, -1.16803, 0.168222
88.325, 1, -1.16803, 0.168222
88.35, 1, -1.16803, 0.168222
88.375, 1, -1.16803, 0.168222
88.4, 1, -1.16803, 0.168222
88.425, 1, -1.16779, 0.167981
88.45, 1, -1.16779, 0.167981
88.475, 1, -1.16779, 0.167981
88.5, 1, -1.16755, 0.167743
88.525, 1, -1.16755, 0.167743
88.55, 1, -1.16732, 0.167513
88.575, 1, -1.16732, 0.167513
88.6, 1, -1.16732, 0.167513
88.625, 1, -1.16732, 0.167513
88.65, 1, -1.16732, 0.167513
88.675, 1, -1.16732, 0.167513
88.7, 1, -1.16732, 0.167513
88.725, 1, -1.1671, 0.167289
88.75, 1, -1.16688, 0.167072
88.775, 1, -1.16688, 0.167072
88.8, 1, -1.16688, 0.167072
88.825, 1, -1.16668, 0.166868
88.85, 1, -1.16668, 0.166868
88.875, 1, -1.16649, 0.166682
88.9, 1, -1.16649, 0.166682
88.925, 1, -1.16649, 0.166682
88.95, 1, -1.16651, 0.166696
88.975, 1, -1.16651, 0.166696
89, 1, -1.1665, 0.166692
89.025, 1, -1.16646, 0.16665
89.05, 1, -1.16646, 0.16665
89.075, 1, -1.1665, 0.166686
89.1, 1, -1.1665, 0.166686
89.125, 1, -1.16659, 0.16678
89.15, 1, -1.16668, 0.166865
89.175, 1, -1.16678, 0.166967
89.2, 1, -1.16693, 0.167115
89.225, 1, -1.16708, 0.167272
89.25, 1, -1.16722, 0.167407
89.275, 1, -1.16722, 0.167407
89.3, 1, -1.16722, 0.167407
89.325, 1, -1.16722, 0.167407
89.35, 1, -1.16754, 0.167731
89.375, 1, -1.16754, 0.167731
89.4, 1, -1.16792, 0.168111
89.425, 1, -1.16792, 0.168111
89.45, 1, -1.1683, 0.168488
89.475, 1, -1.1683, 0.168488
89.5, 1, -1.16866, 0.168851
89.525, 1, -1.16866, 0.168851
89.55, 1, -1.16866, 0.168851
89.575, 1, -1.16902, 0.169205
89.6, 1, -1.16902, 0.169205
89.625, 1, -1.16937, 0.169562
89.65, 1, -1.16937, 0.169562
89.675, 1, -1.16972, 0.169908
89.7, 1, -1.16972, 0.169908
89.725, 1, -1.17006, 0.170244
89.75, 1, -1.17006, 0.170244
89.775, 1, -1.17006, 0.170244
89.8, 1, -1.17006, 0.170244
89.825, 1, -1.17039, 0.170579
89.85, 1, -1.17072, 0.170913
89.875, 1, -1.17072, 0.170913
89.9, 1, -1.17106, 0.171245
89.925, 1, -1.17106, 0.171245
89.95, 1, -1.17106, 0.171245
89.975, 1, -1.17106, 0.171245
