20, 1, 0.0770812
20.025, 1, 0.122954
20.05, 1, 0.170821
20.075, 1, 0.170821
20.1, 1, 0.170821
20.125, 1, 0.170821
20.15, 1, 0.170821
20.175, 1, 0.170821
20.2, 1, -0.0367155
20.225, 1, -0.0646734
20.25, 1, -0.0646734
20.275, 1, -0.0721341
20.3, 1, -0.0724791
20.325, 1, -0.0724791
20.35, 1, -0.0724791
20.375, 1, -0.0615278
20.4, 1, -0.0615278
20.425, 1, -0.0615278
20.45, 1, -0.0615278
20.475, 1, -0.0385891
20.5, 1, -0.0133787
20.525, 1, 0.0131727
20.55, 1, 0.0447582
20.575, 1, 0.0447582
20.6, 1, 0.0793864
20.625, 1, 0.0793864
20.65, 1, 0.11866
20.675, 1, 0.11866
20.7, 1, 0.11866
20.725, 1, 0.11866
20.75, 1, 0.11866
20.775, 1, 0.11866
20.8, 1, 0.11866
20.825, 1, 0.139276
20.85, 1, 0.161549
20.875, 1, 0.161549
20.9, 1, 0.161549
20.925, 1, 0.176535
20.95, 1, 0.190997
20.975, 1, 0.204173
21, 1, 0.204173
21.025, 1, 0.212286
21.05, 1, 0.219144
21.075, 1, 0.219144
21.1, 1, 0.223434
21.125, 1, 0.223434
21.15, 1, 0.227011
21.175, 1, 0.227011
21.2, 1, 0.227011
21.225, 1, 0.227011
21.25, 1, 0.227345
21.275, 1, 0.227345
21.3, 1, 0.227345
21.325, 1, 0.226221
21.35, 1, 0.226006
21.375, 1, 0.226006
21.4, 1, 0.226355
21.425, 1, 0.227239
21.45, 1, 0.227239
21.475, 1, 0.228295
21.5, 1, 0.229431
21.525, 1, 0.230531
21.55, 1, 0.230531
21.575, 1, 0.230531
21.6, 1, 0.230356
21.625, 1, 0.230174
21.65, 1, 0.230049
21.675, 1, 0.229969
21.7, 1, 0.229969
21.725, 1, 0.229724
21.75, 1, 0.229724
21.775, 1, 0.229724
21.8, 1, 0.229724
21.825, 1, 0.229724
21.85, 1, 0.227948
21.875, 1, 0.227948
21.9, 1, 0.226121
21.925, 1, 0.226121
21.95, 1, 0.224317
21.975, 1, 0.224317
22, 1, 0.222519
22.025, 1, 0.222519
22.05, 1, 0.222519
22.075, 1, 0.220612
22.1, 1, 0.218807
22.125, 1, 0.218807
22.15, 1, 0.216957
22.175, 1, 0.216957
22.2, 1, 0.216957
22.225, 1, 0.214976
22.25, 1, 0.21309
22.275, 1, 0.21309
22.3, 1, 0.21309
22.325, 1, 0.21309
22.35, 1, 0.21309
22.375, 1, 0.211303
22.4, 1, 0.209649
22.425, 1, 0.209649
22.45, 1, 0.208052
22.475, 1, 0.208052
22.5, 1, 0.208052
22.525, 1, 0.208052
22.55, 1, 0.208052
22.575, 1, 0.208052
22.6, 1, 0.208052
22.625, 1, 0.208052
22.65, 1, 0.208052
22.675, 1, 0.20655
22.7, 1, 0.205139
22.725, 1, 0.203798
22.75, 1, 0.203798
22.775, 1, 0.202591
22.8, 1, 0.202591
22.825, 1, 0.202591
22.85, 1, 0.202591
22.875, 1, 0.201525
22.9, 1, 0.201525
22.925, 1, 0.201525
22.95, 1, 0.201525
22.975, 1, 0.20053
23, 1, 0.199606
23.025, 1, 0.199606
23.05, 1, 0.199606
23.075, 1, 0.199606
23.1, 1, 0.198772
23.125, 1, 0.198007
23.15, 1, 0.197301
23.175, 1, 0.197301
23.2, 1, 0.196635
23.225, 1, 0.196015
23.25, 1, 0.195438
23.275, 1, 0.195438
23.3, 1, 0.195438
23.325, 1, 0.19489
23.35, 1, 0.19489
23.375, 1, 0.19489
23.4, 1, 0.194355
23.425, 1, 0.194355
23.45, 1, 0.193879
23.475, 1, 0.193437
23.5, 1, 0.193437
23.525, 1, 0.193018
23.55, 1, 0.193018
23.575, 1, 0.193018
23.6, 1, 0.192604
23.625, 1, 0.192604
23.65, 1, 0.192604
23.675, 1, 0.192604
23.7, 1, 0.192604
23.725, 1, 0.192604
23.75, 1, 0.192604
23.775, 1, 0.192196
23.8, 1, 0.192196
23.825, 1, 0.191803
23.85, 1, 0.191803
23.875, 1, 0.191419
23.9, 1, 0.191419
23.925, 1, 0.191419
23.95, 1, 0.191085
23.975, 1, 0.191085
24, 1, 0.190734
24.025, 1, 0.190398
24.05, 1, 0.190398
24.075, 1, 0.190398
24.1, 1, 0.190073
24.125, 1, 0.190073
24.15, 1, 0.190073
24.175, 1, 0.189765
24.2, 1, 0.189486
24.225, 1, 0.189486
24.25, 1, 0.189204
24.275, 1, 0.189204
24.3, 1, 0.189204
24.325, 1, 0.189204
24.35, 1, 0.189204
24.375, 1, 0.188912
24.4, 1, 0.188912
24.425, 1, 0.188633
24.45, 1, 0.188366
24.475, 1, 0.188366
24.5, 1, 0.188112
24.525, 1, 0.188112
24.55, 1, 0.188112
24.575, 1, 0.188112
24.6, 1, 0.187866
24.625, 1, 0.187866
24.65, 1, 0.187629
24.675, 1, 0.187629
24.7, 1, 0.187629
24.725, 1, 0.187629
24.75, 1, 0.187401
24.775, 1, 0.187401
24.8, 1, 0.187181
24.825, 1, 0.186973
24.85, 1, 0.186775
24.875, 1, 0.186587
24.9, 1, 0.186587
24.925, 1, 0.186587
24.95, 1, 0.186405
24.975, 1, 0.186405
25, 1, 0.186405
25.025, 1, 0.186405
25.05, 1, 0.186405
25.075, 1, 0.186405
25.1, 1, 0.186405
25.125, 1, 0.186236
25.15, 1, 0.186236
25.175, 1, 0.186236
25.2, 1, 0.186063
25.225, 1, 0.185895
25.25, 1, 0.185895
25.275, 1, 0.185709
25.3, 1, 0.185709
25.325, 1, 0.185507
25.35, 1, 0.185507
25.375, 1, 0.185507
25.4, 1, 0.185507
25.425, 1, 0.185507
25.45, 1, 0.185243
25.475, 1, 0.185243
25.5, 1, 0.185243
25.525, 1, 0.185
25.55, 1, 0.185
25.575, 1, 0.185
25.6, 1, 0.184754
25.625, 1, 0.184518
25.65, 1, 0.184298
25.675, 1, 0.184091
25.7, 1, 0.183898
25.725, 1, 0.183898
25.75, 1, 0.18371
25.775, 1, 0.18371
25.8, 1, 0.183506
25.825, 1, 0.183506
25.85, 1, 0.18328
25.875, 1, 0.18328
25.9, 1, 0.183058
25.925, 1, 0.183058
25.95, 1, 0.183058
25.975, 1, 0.183058
26, 1, 0.183058
26.025, 1, 0.183058
26.05, 1, 0.182843
26.075, 1, 0.182631
26.1, 1, 0.182422
26.125, 1, 0.182215
26.15, 1, 0.182215
26.175, 1, 0.182215
26.2, 1, 0.182
26.225, 1, 0.182
26.25, 1, 0.181799
26.275, 1, 0.181612
26.3, 1, 0.181437
26.325, 1, 0.181437
26.35, 1, 0.181263
26.375, 1, 0.181263
26.4, 1, 0.18109
26.425, 1, 0.18109
26.45, 1, 0.180884
26.475, 1, 0.180884
26.5, 1, 0.18067
26.525, 1, 0.18067
26.55, 1, 0.180476
26.575, 1, 0.180476
26.6, 1, 0.180476
26.625, 1, 0.180476
26.65, 1, 0.180321
26.675, 1, 0.180154
26.7, 1, 0.180154
26.725, 1, 0.179962
26.75, 1, 0.179962
26.775, 1, 0.179801
26.8, 1, 0.179637
26.825, 1, 0.179421
26.85, 1, 0.179119
26.875, 1, 0.179119
26.9, 1, 0.178766
26.925, 1, 0.178766
26.95, 1, 0.17843
26.975, 1, 0.178105
27, 1, 0.178105
27.025, 1, 0.178105
27.05, 1, 0.177778
27.075, 1, 0.177778
27.1, 1, 0.177407
27.125, 1, 0.177407
27.15, 1, 0.177407
27.175, 1, 0.177407
27.2, 1, 0.177407
27.225, 1, 0.177012
27.25, 1, 0.177012
27.275, 1, 0.177012
27.3, 1, 0.176628
27.325, 1, 0.176628
27.35, 1, 0.176628
27.375, 1, 0.176628
27.4, 1, 0.176628
27.425, 1, 0.176256
27.45, 1, 0.176256
27.475, 1, 0.175898
27.5, 1, 0.175898
27.525, 1, 0.175898
27.55, 1, 0.175898
27.575, 1, 0.175536
27.6, 1, 0.175536
27.625, 1, 0.175536
27.65, 1, 0.175178
27.675, 1, 0.174831
27.7, 1, 0.174831
27.725, 1, 0.174493
27.75, 1, 0.174493
27.775, 1, 0.174493
27.8, 1, 0.174493
27.825, 1, 0.174153
27.85, 1, 0.174153
27.875, 1, 0.174153
27.9, 1, 0.173717
27.925, 1, 0.173277
27.95, 1, 0.172855
27.975, 1, 0.172855
28, 1, 0.172434
28.025, 1, 0.172434
28.05, 1, 0.172434
28.075, 1, 0.172434
28.1, 1, 0.171993
28.125, 1, 0.171993
28.15, 1, 0.171409
28.175, 1, 0.171409
28.2, 1, 0.170874
28.225, 1, 0.170874
28.25, 1, 0.170874
28.275, 1, 0.170288
28.3, 1, 0.170288
28.325, 1, 0.169693
28.35, 1, 0.169116
28.375, 1, 0.168557
28.4, 1, 0.168017
28.425, 1, 0.167493
28.45, 1, 0.166984
28.475, 1, 0.166984
28.5, 1, 0.166481
28.525, 1, 0.166481
28.55, 1, 0.166481
28.575, 1, 0.166481
28.6, 1, 0.166481
28.625, 1, 0.166481
28.65, 1, 0.165986
28.675, 1, 0.165986
28.7, 1, 0.16552
28.725, 1, 0.16552
28.75, 1, 0.16552
28.775, 1, 0.16552
28.8, 1, 0.16552
28.825, 1, 0.16552
28.85, 1, 0.16552
28.875, 1, 0.16552
28.9, 1, 0.16552
28.925, 1, 0.16552
28.95, 1, 0.165096
28.975, 1, 0.164688
29, 1, 0.164293
29.025, 1, 0.163906
29.05, 1, 0.16353
29.075, 1, 0.163167
29.1, 1, 0.162814
29.125, 1, 0.162464
29.15, 1, 0.162109
29.175, 1, 0.162109
29.2, 1, 0.162109
29.225, 1, 0.162109
29.25, 1, 0.162109
29.275, 1, 0.162109
29.3, 1, 0.162109
29.325, 1, 0.162109
29.35, 1, 0.161811
29.375, 1, 0.161811
29.4, 1, 0.161811
29.425, 1, 0.161446
29.45, 1, 0.161066
29.475, 1, 0.161066
29.5, 1, 0.160719
29.525, 1, 0.160719
29.55, 1, 0.160356
29.575, 1, 0.160356
29.6, 1, 0.159993
29.625, 1, 0.159643
29.65, 1, 0.159301
29.675, 1, 0.158965
29.7, 1, 0.158965
29.725, 1, 0.158965
29.75, 1, 0.15864
29.775, 1, 0.158326
29.8, 1, 0.158024
29.825, 1, 0.158024
29.85, 1, 0.158024
29.875, 1, 0.157717
29.9, 1, 0.157407
29.925, 1, 0.15709
29.95, 1, 0.15709
29.975, 1, 0.156737
30, 1, 0.156737
30, 1, 0.15636
30.025, 1, 0.155995
30.05, 1, 0.155995
30.075, 1, 0.15563
30.1, 1, 0.15563
30.125, 1, 0.155249
30.15, 1, 0.155249
30.175, 1, 0.155249
30.2, 1, 0.15488
30.225, 1, 0.15488
30.25, 1, 0.15488
30.275, 1, 0.15488
30.3, 1, 0.154311
30.325, 1, 0.153717
30.35, 1, 0.153232
30.375, 1, 0.153232
30.4, 1, 0.153232
30.425, 1, 0.152786
30.45, 1, 0.152552
30.475, 1, 0.152552
30.5, 1, 0.152552
30.525, 1, 0.152552
30.55, 1, 0.152552
30.575, 1, 0.152552
30.6, 1, 0.152355
30.625, 1, 0.152355
30.65, 1, 0.152355
30.675, 1, 0.152355
30.7, 1, 0.152355
30.725, 1, 0.152355
30.75, 1, 0.15274
30.775, 1, 0.152755
30.8, 1, 0.152755
30.825, 1, 0.152755
30.85, 1, 0.152755
30.875, 1, 0.152755
30.9, 1, 0.152816
30.925, 1, 0.153052
30.95, 1, 0.153052
30.975, 1, 0.153052
31, 1, 0.153052
31.025, 1, 0.153052
31.05, 1, 0.153281
31.075, 1, 0.153609
31.1, 1, 0.154
31.125, 1, 0.15444
31.15, 1, 0.154928
31.175, 1, 0.155481
31.2, 1, 0.156096
31.225, 1, 0.156096
31.25, 1, 0.156096
31.275, 1, 0.156096
31.3, 1, 0.156096
31.325, 1, 0.156096
31.35, 1, 0.156096
31.375, 1, 0.156096
31.4, 1, 0.156096
31.425, 1, 0.156096
31.45, 1, 0.156096
31.475, 1, 0.156096
31.5, 1, 0.156681
31.525, 1, 0.156681
31.55, 1, 0.156681
31.575, 1, 0.156681
31.6, 1, 0.156681
31.625, 1, 0.156681
31.65, 1, 0.157289
31.675, 1, 0.15785
31.7, 1, 0.15785
31.725, 1, 0.15785
31.75, 1, 0.15785
31.775, 1, 0.158402
31.8, 1, 0.158402
31.825, 1, 0.158907
31.85, 1, 0.159402
31.875, 1, 0.159402
31.9, 1, 0.159402
31.925, 1, 0.159892
31.95, 1, 0.160364
31.975, 1, 0.160818
32, 1, 0.160818
32.025, 1, 0.160818
32.05, 1, 0.161225
32.075, 1, 0.161582
32.1, 1, 0.161582
32.125, 1, 0.161582
32.15, 1, 0.161582
32.175, 1, 0.161924
32.2, 1, 0.161924
32.225, 1, 0.161924
32.25, 1, 0.161924
32.275, 1, 0.161924
32.3, 1, 0.162195
32.325, 1, 0.162404
32.35, 1, 0.162404
32.375, 1, 0.162404
32.4, 1, 0.16253
32.425, 1, 0.162615
32.45, 1, 0.162659
32.475, 1, 0.162663
32.5, 1, 0.162634
32.525, 1, 0.162634
32.55, 1, 0.162634
32.575, 1, 0.162629
32.6, 1, 0.162629
32.625, 1, 0.162629
32.65, 1, 0.162613
32.675, 1, 0.162562
32.7, 1, 0.162562
32.725, 1, 0.162562
32.75, 1, 0.162562
32.775, 1, 0.162492
32.8, 1, 0.162414
32.825, 1, 0.162414
32.85, 1, 0.162341
32.875, 1, 0.162341
32.9, 1, 0.162341
32.925, 1, 0.162341
32.95, 1, 0.162341
32.975, 1, 0.162164
33, 1, 0.162164
33.025, 1, 0.162164
33.05, 1, 0.162053
33.075, 1, 0.162062
33.1, 1, 0.162176
33.125, 1, 0.162176
33.15, 1, 0.162284
33.175, 1, 0.1624
33.2, 1, 0.1624
33.225, 1, 0.1624
33.25, 1, 0.162451
33.275, 1, 0.162431
33.3, 1, 0.162431
33.325, 1, 0.162431
33.35, 1, 0.16247
33.375, 1, 0.16247
33.4, 1, 0.162474
33.425, 1, 0.162474
33.45, 1, 0.162474
33.475, 1, 0.162474
33.5, 1, 0.16248
33.525, 1, 0.162486
33.55, 1, 0.162495
33.575, 1, 0.162511
33.6, 1, 0.162511
33.625, 1, 0.162528
33.65, 1, 0.162549
33.675, 1, 0.162549
33.7, 1, 0.162565
33.725, 1, 0.162565
33.75, 1, 0.162565
33.775, 1, 0.162565
33.8, 1, 0.162564
33.825, 1, 0.162555
33.85, 1, 0.162555
33.875, 1, 0.162526
33.9, 1, 0.162526
33.925, 1, 0.16246
33.95, 1, 0.16246
33.975, 1, 0.162354
34, 1, 0.162354
34.025, 1, 0.162354
34.05, 1, 0.162354
34.075, 1, 0.162241
34.1, 1, 0.162241
34.125, 1, 0.16214
34.15, 1, 0.162053
34.175, 1, 0.161973
34.2, 1, 0.161888
34.225, 1, 0.161888
34.25, 1, 0.161767
34.275, 1, 0.161602
34.3, 1, 0.161602
34.325, 1, 0.161447
34.35, 1, 0.161315
34.375, 1, 0.161187
34.4, 1, 0.161026
34.425, 1, 0.161026
34.45, 1, 0.160869
34.475, 1, 0.160869
34.5, 1, 0.16067
34.525, 1, 0.16067
34.55, 1, 0.16067
34.575, 1, 0.16067
34.6, 1, 0.16067
34.625, 1, 0.160534
34.65, 1, 0.160534
34.675, 1, 0.160534
34.7, 1, 0.160534
34.725, 1, 0.160534
34.75, 1, 0.160534
34.775, 1, 0.160422
34.8, 1, 0.160422
34.825, 1, 0.160422
34.85, 1, 0.160422
34.875, 1, 0.160422
34.9, 1, 0.160311
34.925, 1, 0.160311
34.95, 1, 0.160311
34.975, 1, 0.160311
35, 1, 0.160311
35.025, 1, 0.16017
35.05, 1, 0.16017
35.075, 1, 0.16017
35.1, 1, 0.16017
35.125, 1, 0.16017
35.15, 1, 0.16017
35.175, 1, 0.159985
35.2, 1, 0.159754
35.225, 1, 0.159467
35.25, 1, 0.159467
35.275, 1, 0.159467
35.3, 1, 0.159467
35.325, 1, 0.159467
35.35, 1, 0.159467
35.375, 1, 0.159467
35.4, 1, 0.159467
35.425, 1, 0.159263
35.45, 1, 0.159263
35.475, 1, 0.159263
35.5, 1, 0.159263
35.525, 1, 0.159263
35.55, 1, 0.159263
35.575, 1, 0.159263
35.6, 1, 0.15903
35.625, 1, 0.158874
35.65, 1, 0.158874
35.675, 1, 0.158765
35.7, 1, 0.158765
35.725, 1, 0.158765
35.75, 1, 0.158765
35.775, 1, 0.158765
35.8, 1, 0.158765
35.825, 1, 0.158765
35.85, 1, 0.158636
35.875, 1, 0.158636
35.9, 1, 0.158531
35.925, 1, 0.158465
35.95, 1, 0.158465
35.975, 1, 0.158465
36, 1, 0.1584
36.025, 1, 0.1584
36.05, 1, 0.1584
36.075, 1, 0.158326
36.1, 1, 0.158244
36.125, 1, 0.158156
36.15, 1, 0.158156
36.175, 1, 0.158156
36.2, 1, 0.15808
36.225, 1, 0.15808
36.25, 1, 0.15808
36.275, 1, 0.158005
36.3, 1, 0.158005
36.325, 1, 0.158005
36.35, 1, 0.15793
36.375, 1, 0.157855
36.4, 1, 0.157782
36.425, 1, 0.157782
36.45, 1, 0.157782
36.475, 1, 0.15771
36.5, 1, 0.157644
36.525, 1, 0.157644
36.55, 1, 0.157644
36.575, 1, 0.157644
36.6, 1, 0.157644
36.625, 1, 0.157644
36.65, 1, 0.157644
36.675, 1, 0.157644
36.7, 1, 0.157644
36.725, 1, 0.157644
36.75, 1, 0.157644
36.775, 1, 0.157587
36.8, 1, 0.157587
36.825, 1, 0.157587
36.85, 1, 0.157587
36.875, 1, 0.157587
36.9, 1, 0.157492
36.925, 1, 0.157412
36.95, 1, 0.157412
36.975, 1, 0.157266
37, 1, 0.157266
37.025, 1, 0.157112
37.05, 1, 0.157112
37.075, 1, 0.157112
37.1, 1, 0.157112
37.125, 1, 0.157112
37.15, 1, 0.156868
37.175, 1, 0.156621
37.2, 1, 0.156621
37.225, 1, 0.156621
37.25, 1, 0.156382
37.275, 1, 0.156382
37.3, 1, 0.156382
37.325, 1, 0.156155
37.35, 1, 0.156155
37.375, 1, 0.15592
37.4, 1, 0.155685
37.425, 1, 0.155456
37.45, 1, 0.155237
37.475, 1, 0.155026
37.5, 1, 0.155026
37.525, 1, 0.155026
37.55, 1, 0.155026
37.575, 1, 0.154822
37.6, 1, 0.154822
37.625, 1, 0.154822
37.65, 1, 0.154822
37.675, 1, 0.154822
37.7, 1, 0.15462
37.725, 1, 0.15442
37.75, 1, 0.154217
37.775, 1, 0.154009
37.8, 1, 0.153791
37.825, 1, 0.153791
37.85, 1, 0.153555
37.875, 1, 0.153301
37.9, 1, 0.153301
37.925, 1, 0.153301
37.95, 1, 0.153301
37.975, 1, 0.153077
38, 1, 0.153077
38.025, 1, 0.152857
38.05, 1, 0.152857
38.075, 1, 0.152642
38.1, 1, 0.152404
38.125, 1, 0.152404
38.15, 1, 0.152109
38.175, 1, 0.151786
38.2, 1, 0.151496
38.225, 1, 0.151496
38.25, 1, 0.151496
38.275, 1, 0.151496
38.3, 1, 0.151496
38.325, 1, 0.15128
38.35, 1, 0.15128
38.375, 1, 0.150976
38.4, 1, 0.150556
38.425, 1, 0.150556
38.45, 1, 0.150556
38.475, 1, 0.150556
38.5, 1, 0.150556
38.525, 1, 0.150556
38.55, 1, 0.150172
38.575, 1, 0.150172
38.6, 1, 0.149801
38.625, 1, 0.149801
38.65, 1, 0.149801
38.675, 1, 0.149801
38.7, 1, 0.149409
38.725, 1, 0.149409
38.75, 1, 0.149409
38.775, 1, 0.149011
38.8, 1, 0.149011
38.825, 1, 0.149011
38.85, 1, 0.148619
38.875, 1, 0.148244
38.9, 1, 0.148244
38.925, 1, 0.148244
38.95, 1, 0.148244
38.975, 1, 0.147876
39, 1, 0.147516
39.025, 1, 0.147516
39.05, 1, 0.147516
39.075, 1, 0.147516
39.1, 1, 0.147516
39.125, 1, 0.147516
39.15, 1, 0.147516
39.175, 1, 0.147516
39.2, 1, 0.147149
39.225, 1, 0.146773
39.25, 1, 0.146773
39.275, 1, 0.146773
39.3, 1, 0.146773
39.325, 1, 0.146362
39.35, 1, 0.146362
39.375, 1, 0.146018
39.4, 1, 0.146018
39.425, 1, 0.14571
39.45, 1, 0.145418
39.475, 1, 0.145418
39.5, 1, 0.145048
39.525, 1, 0.145048
39.55, 1, 0.144453
39.575, 1, 0.144453
39.6, 1, 0.144453
39.625, 1, 0.144079
39.65, 1, 0.14382
39.675, 1, 0.14361
39.7, 1, 0.14361
39.725, 1, 0.14361
39.75, 1, 0.143446
39.775, 1, 0.143446
39.8, 1, 0.143261
39.825, 1, 0.143261
39.85, 1, 0.143261
39.875, 1, 0.143261
39.9, 1, 0.143261
39.925, 1, 0.143261
39.95, 1, 0.143261
39.975, 1, 0.142642
40, 1, 0.141803
40, 1, 0.141803
40.025, 1, 0.141803
40.05, 1, 0.141803
40.075, 1, 0.141803
40.1, 1, 0.140799
40.125, 1, 0.140799
40.15, 1, 0.140799
40.175, 1, 0.140799
40.2, 1, 0.139379
40.225, 1, 0.13785
40.25, 1, 0.136399
40.275, 1, 0.136399
40.3, 1, 0.136399
40.325, 1, 0.134857
40.35, 1, 0.133386
40.375, 1, 0.132042
40.4, 1, 0.132042
40.425, 1, 0.130694
40.45, 1, 0.130694
40.475, 1, 0.129347
40.5, 1, 0.128143
40.525, 1, 0.128143
40.55, 1, 0.128143
40.575, 1, 0.128143
40.6, 1, 0.128143
40.625, 1, 0.126975
40.65, 1, 0.126975
40.675, 1, 0.126975
40.7, 1, 0.12589
40.725, 1, 0.12589
40.75, 1, 0.12484
40.775, 1, 0.12484
40.8, 1, 0.123827
40.825, 1, 0.122933
40.85, 1, 0.122933
40.875, 1, 0.122933
40.9, 1, 0.122933
40.925, 1, 0.122933
40.95, 1, 0.122933
40.975, 1, 0.122191
41, 1, 0.122191
41.025, 1, 0.121482
41.05, 1, 0.120823
41.075, 1, 0.120186
41.1, 1, 0.120186
41.125, 1, 0.120186
41.15, 1, 0.120186
41.175, 1, 0.119579
41.2, 1, 0.119177
41.225, 1, 0.119177
41.25, 1, 0.119177
41.275, 1, 0.119177
41.3, 1, 0.119177
41.325, 1, 0.119177
41.35, 1, 0.119177
41.375, 1, 0.119177
41.4, 1, 0.119177
41.425, 1, 0.119119
41.45, 1, 0.119138
41.475, 1, 0.119225
41.5, 1, 0.119368
41.525, 1, 0.119368
41.55, 1, 0.119524
41.575, 1, 0.119524
41.6, 1, 0.119692
41.625, 1, 0.119692
41.65, 1, 0.119692
41.675, 1, 0.119856
41.7, 1, 0.119856
41.725, 1, 0.119856
41.75, 1, 0.119856
41.775, 1, 0.119989
41.8, 1, 0.119989
41.825, 1, 0.119989
41.85, 1, 0.120069
41.875, 1, 0.120159
41.9, 1, 0.120159
41.925, 1, 0.120247
41.95, 1, 0.12033
41.975, 1, 0.12033
42, 1, 0.12033
42.025, 1, 0.120396
42.05, 1, 0.120396
42.075, 1, 0.120396
42.1, 1, 0.120396
42.125, 1, 0.120289
42.15, 1, 0.120289
42.175, 1, 0.120289
42.2, 1, 0.120289
42.225, 1, 0.120289
42.25, 1, 0.120372
42.275, 1, 0.120457
42.3, 1, 0.120457
42.325, 1, 0.120457
42.35, 1, 0.120457
42.375, 1, 0.120457
42.4, 1, 0.120457
42.425, 1, 0.120602
42.45, 1, 0.120602
42.475, 1, 0.120602
42.5, 1, 0.120602
42.525, 1, 0.120602
42.55, 1, 0.120602
42.575, 1, 0.120602
42.6, 1, 0.120651
42.625, 1, 0.120596
42.65, 1, 0.120435
42.675, 1, 0.120176
42.7, 1, 0.120176
42.725, 1, 0.119858
42.75, 1, 0.11952
42.775, 1, 0.11952
42.8, 1, 0.11952
42.825, 1, 0.119161
42.85, 1, 0.118792
42.875, 1, 0.118792
42.9, 1, 0.118792
42.925, 1, 0.118792
42.95, 1, 0.11841
42.975, 1, 0.11841
43, 1, 0.11841
43.025, 1, 0.11841
43.05, 1, 0.11841
43.075, 1, 0.118059
43.1, 1, 0.118059
43.125, 1, 0.118059
43.15, 1, 0.118059
43.175, 1, 0.117709
43.2, 1, 0.117709
43.225, 1, 0.117709
43.25, 1, 0.117709
43.275, 1, 0.117709
43.3, 1, 0.117709
43.325, 1, 0.117451
43.35, 1, 0.11728
43.375, 1, 0.11728
43.4, 1, 0.11728
43.425, 1, 0.11712
43.45, 1, 0.11712
43.475, 1, 0.11712
43.5, 1, 0.116872
43.525, 1, 0.116872
43.55, 1, 0.116503
43.575, 1, 0.116146
43.6, 1, 0.115865
43.625, 1, 0.115865
43.65, 1, 0.115865
43.675, 1, 0.115603
43.7, 1, 0.115603
43.725, 1, 0.115603
43.75, 1, 0.115603
43.775, 1, 0.115337
43.8, 1, 0.115043
43.825, 1, 0.114772
43.85, 1, 0.114772
43.875, 1, 0.114772
43.9, 1, 0.114526
43.925, 1, 0.114526
43.95, 1, 0.114526
43.975, 1, 0.114526
44, 1, 0.114526
44.025, 1, 0.114299
44.05, 1, 0.114299
44.075, 1, 0.114299
44.1, 1, 0.114299
44.125, 1, 0.114299
44.15, 1, 0.114299
44.175, 1, 0.114093
44.2, 1, 0.113907
44.225, 1, 0.113907
44.25, 1, 0.113907
44.275, 1, 0.113907
44.3, 1, 0.113731
44.325, 1, 0.113575
44.35, 1, 0.113439
44.375, 1, 0.113439
44.4, 1, 0.113439
44.425, 1, 0.113309
44.45, 1, 0.113195
44.475, 1, 0.113099
44.5, 1, 0.113014
44.525, 1, 0.112932
44.55, 1, 0.112932
44.575, 1, 0.112932
44.6, 1, 0.112861
44.625, 1, 0.112783
44.65, 1, 0.112681
44.675, 1, 0.112545
44.7, 1, 0.112545
44.725, 1, 0.112444
44.75, 1, 0.112444
44.775, 1, 0.112444
44.8, 1, 0.112444
44.825, 1, 0.112444
44.85, 1, 0.112278
44.875, 1, 0.112278
44.9, 1, 0.112134
44.925, 1, 0.112134
44.95, 1, 0.111947
44.975, 1, 0.111765
45, 1, 0.111765
45.025, 1, 0.111599
45.05, 1, 0.111599
45.075, 1, 0.111363
45.1, 1, 0.111363
45.125, 1, 0.111363
45.15, 1, 0.11114
45.175, 1, 0.110919
45.2, 1, 0.110704
45.225, 1, 0.110496
45.25, 1, 0.110295
45.275, 1, 0.110098
45.3, 1, 0.110098
45.325, 1, 0.110098
45.35, 1, 0.109904
45.375, 1, 0.109904
45.4, 1, 0.109904
45.425, 1, 0.109904
45.45, 1, 0.109904
45.475, 1, 0.109712
45.5, 1, 0.109712
45.525, 1, 0.109712
45.55, 1, 0.109523
45.575, 1, 0.109523
45.6, 1, 0.109523
45.625, 1, 0.109523
45.65, 1, 0.109339
45.675, 1, 0.109339
45.7, 1, 0.109339
45.725, 1, 0.109162
45.75, 1, 0.108992
45.775, 1, 0.108992
45.8, 1, 0.108992
45.825, 1, 0.108992
45.85, 1, 0.108992
45.875, 1, 0.108992
45.9, 1, 0.108992
45.925, 1, 0.108936
45.95, 1, 0.10876
45.975, 1, 0.10876
46, 1, 0.10876
46.025, 1, 0.10876
46.05, 1, 0.108783
46.075, 1, 0.108783
46.1, 1, 0.108783
46.125, 1, 0.108783
46.15, 1, 0.108849
46.175, 1, 0.108849
46.2, 1, 0.108849
46.225, 1, 0.108849
46.25, 1, 0.108644
46.275, 1, 0.108644
46.3, 1, 0.108468
46.325, 1, 0.108468
46.35, 1, 0.108335
46.375, 1, 0.108227
46.4, 1, 0.108227
46.425, 1, 0.108227
46.45, 1, 0.108107
46.475, 1, 0.10795
46.5, 1, 0.10795
46.525, 1, 0.107762
46.55, 1, 0.107556
46.575, 1, 0.107556
46.6, 1, 0.107556
46.625, 1, 0.107556
46.65, 1, 0.107326
46.675, 1, 0.107326
46.7, 1, 0.10712
46.725, 1, 0.10712
46.75, 1, 0.10712
46.775, 1, 0.106917
46.8, 1, 0.106721
46.825, 1, 0.106721
46.85, 1, 0.106535
46.875, 1, 0.106365
46.9, 1, 0.106365
46.925, 1, 0.106205
46.95, 1, 0.106205
46.975, 1, 0.106205
47, 1, 0.106205
47.025, 1, 0.106061
47.05, 1, 0.106061
47.075, 1, 0.105917
47.1, 1, 0.105758
47.125, 1, 0.105758
47.15, 1, 0.105584
47.175, 1, 0.105584
47.2, 1, 0.105584
47.225, 1, 0.105584
47.25, 1, 0.105208
47.275, 1, 0.10471
47.3, 1, 0.10471
47.325, 1, 0.104289
47.35, 1, 0.103942
47.375, 1, 0.103942
47.4, 1, 0.103599
47.425, 1, 0.103599
47.45, 1, 0.103278
47.475, 1, 0.102919
47.5, 1, 0.102919
47.525, 1, 0.102919
47.55, 1, 0.102919
47.575, 1, 0.102642
47.6, 1, 0.102393
47.625, 1, 0.102173
47.65, 1, 0.102173
47.675, 1, 0.101966
47.7, 1, 0.101774
47.725, 1, 0.101589
47.75, 1, 0.101589
47.775, 1, 0.101589
47.8, 1, 0.101589
47.825, 1, 0.101589
47.85, 1, 0.101589
47.875, 1, 0.101589
47.9, 1, 0.101589
47.925, 1, 0.101589
47.95, 1, 0.101589
47.975, 1, 0.101589
48, 1, 0.101426
48.025, 1, 0.101182
48.05, 1, 0.100831
48.075, 1, 0.100831
48.1, 1, 0.100446
48.125, 1, 0.100446
48.15, 1, 0.100052
48.175, 1, 0.099651
48.2, 1, 0.0992585
48.225, 1, 0.0989097
48.25, 1, 0.0989097
48.275, 1, 0.0986041
48.3, 1, 0.0986041
48.325, 1, 0.0986041
48.35, 1, 0.0986041
48.375, 1, 0.0986041
48.4, 1, 0.0986041
48.425, 1, 0.0986041
48.45, 1, 0.0982985
48.475, 1, 0.0982985
48.5, 1, 0.0982985
48.525, 1, 0.0979817
48.55, 1, 0.0979817
48.575, 1, 0.0979817
48.6, 1, 0.0979817
48.625, 1, 0.0979817
48.65, 1, 0.0979817
48.675, 1, 0.0979817
48.7, 1, 0.0979817
48.725, 1, 0.0979817
48.75, 1, 0.0979817
48.775, 1, 0.0976677
48.8, 1, 0.0973624
48.825, 1, 0.0970566
48.85, 1, 0.0970566
48.875, 1, 0.0970566
48.9, 1, 0.0970566
48.925, 1, 0.0967781
48.95, 1, 0.0965004
48.975, 1, 0.0962294
49, 1, 0.0959717
49.025, 1, 0.0959717
49.05, 1, 0.0957251
49.075, 1, 0.0957251
49.1, 1, 0.0957251
49.125, 1, 0.0954865
49.15, 1, 0.0954865
49.175, 1, 0.0954865
49.2, 1, 0.0954865
49.225, 1, 0.0954865
49.25, 1, 0.095258
49.275, 1, 0.095258
49.3, 1, 0.0950381
49.325, 1, 0.0950381
49.35, 1, 0.0950381
49.375, 1, 0.0950381
49.4, 1, 0.0948186
49.425, 1, 0.0948186
49.45, 1, 0.0948186
49.475, 1, 0.0948186
49.5, 1, 0.0948186
49.525, 1, 0.0948186
49.55, 1, 0.0946391
49.575, 1, 0.0946391
49.6, 1, 0.0944584
49.625, 1, 0.0942958
49.65, 1, 0.0942958
49.675, 1, 0.0940475
49.7, 1, 0.0940475
49.725, 1, 0.0937391
49.75, 1, 0.0937391
49.775, 1, 0.0935114
49.8, 1, 0.0935114
49.825, 1, 0.0935114
49.85, 1, 0.0931911
49.875, 1, 0.0931911
49.9, 1, 0.0931911
49.925, 1, 0.0931911
49.95, 1, 0.0931911
49.975, 1, 0.0928842
50, 1, 0.0928842
50, 1, 0.0926186
50.025, 1, 0.0926186
50.05, 1, 0.0926186
50.075, 1, 0.0926186
50.1, 1, 0.0922162
50.125, 1, 0.0917078
50.15, 1, 0.0911437
50.175, 1, 0.0911437
50.2, 1, 0.0911437
50.225, 1, 0.0903202
50.25, 1, 0.0903202
50.275, 1, 0.0903202
50.3, 1, 0.0903202
50.325, 1, 0.0903202
50.35, 1, 0.0895186
50.375, 1, 0.0895186
50.4, 1, 0.0888727
50.425, 1, 0.0888727
50.45, 1, 0.0888727
50.475, 1, 0.0888727
50.5, 1, 0.0880654
50.525, 1, 0.0880654
50.55, 1, 0.0880654
50.575, 1, 0.0874571
50.6, 1, 0.0873398
50.625, 1, 0.0873398
50.65, 1, 0.0873398
50.675, 1, 0.0873398
50.7, 1, 0.0873398
50.725, 1, 0.0872628
50.75, 1, 0.0875222
50.775, 1, 0.0875222
50.8, 1, 0.0878057
50.825, 1, 0.0878057
50.85, 1, 0.0878057
50.875, 1, 0.0878057
50.9, 1, 0.0878057
50.925, 1, 0.0880421
50.95, 1, 0.0888726
50.975, 1, 0.0901841
51, 1, 0.0901841
51.025, 1, 0.0914346
51.05, 1, 0.0926418
51.075, 1, 0.0926418
51.1, 1, 0.093682
51.125, 1, 0.093682
51.15, 1, 0.0948466
51.175, 1, 0.09636
51.2, 1, 0.0981104
51.225, 1, 0.100067
51.25, 1, 0.102081
51.275, 1, 0.102081
51.3, 1, 0.102081
51.325, 1, 0.102081
51.35, 1, 0.104337
51.375, 1, 0.104337
51.4, 1, 0.106503
51.425, 1, 0.106503
51.45, 1, 0.108621
51.475, 1, 0.110799
51.5, 1, 0.110799
51.525, 1, 0.110799
51.55, 1, 0.112908
51.575, 1, 0.112908
51.6, 1, 0.114947
51.625, 1, 0.114947
51.65, 1, 0.116921
51.675, 1, 0.118882
51.7, 1, 0.118882
51.725, 1, 0.118882
51.75, 1, 0.118882
51.775, 1, 0.120568
51.8, 1, 0.120568
51.825, 1, 0.122122
51.85, 1, 0.122122
51.875, 1, 0.123551
51.9, 1, 0.123551
51.925, 1, 0.123551
51.95, 1, 0.123551
51.975, 1, 0.124797
52, 1, 0.124797
52.025, 1, 0.125877
52.05, 1, 0.126825
52.075, 1, 0.126825
52.1, 1, 0.126825
52.125, 1, 0.126825
52.15, 1, 0.126825
52.175, 1, 0.126825
52.2, 1, 0.126825
52.225, 1, 0.126825
52.25, 1, 0.126825
52.275, 1, 0.126825
52.3, 1, 0.126825
52.325, 1, 0.126825
52.35, 1, 0.126825
52.375, 1, 0.126825
52.4, 1, 0.127817
52.425, 1, 0.128565
52.45, 1, 0.12923
52.475, 1, 0.129901
52.5, 1, 0.129901
52.525, 1, 0.129901
52.55, 1, 0.130504
52.575, 1, 0.130504
52.6, 1, 0.130504
52.625, 1, 0.130759
52.65, 1, 0.130759
52.675, 1, 0.130759
52.7, 1, 0.130759
52.725, 1, 0.131345
52.75, 1, 0.131345
52.775, 1, 0.131345
52.8, 1, 0.131946
52.825, 1, 0.131946
52.85, 1, 0.131946
52.875, 1, 0.132382
52.9, 1, 0.132631
52.925, 1, 0.132703
52.95, 1, 0.132703
52.975, 1, 0.132854
53, 1, 0.1331
53.025, 1, 0.1331
53.05, 1, 0.1331
53.075, 1, 0.1331
53.1, 1, 0.1331
53.125, 1, 0.1331
53.15, 1, 0.1331
53.175, 1, 0.1331
53.2, 1, 0.13331
53.225, 1, 0.13331
53.25, 1, 0.13331
53.275, 1, 0.133572
53.3, 1, 0.133572
53.325, 1, 0.133847
53.35, 1, 0.133847
53.375, 1, 0.134126
53.4, 1, 0.13441
53.425, 1, 0.134693
53.45, 1, 0.134975
53.475, 1, 0.135257
53.5, 1, 0.135257
53.525, 1, 0.135532
53.55, 1, 0.135532
53.575, 1, 0.135532
53.6, 1, 0.135532
53.625, 1, 0.135814
53.65, 1, 0.135814
53.675, 1, 0.135814
53.7, 1, 0.135814
53.725, 1, 0.135814
53.75, 1, 0.136102
53.775, 1, 0.136102
53.8, 1, 0.136102
53.825, 1, 0.13637
53.85, 1, 0.136676
53.875, 1, 0.136676
53.9, 1, 0.136676
53.925, 1, 0.136676
53.95, 1, 0.136676
53.975, 1, 0.136676
54, 1, 0.137068
54.025, 1, 0.137068
54.05, 1, 0.137068
54.075, 1, 0.137068
54.1, 1, 0.137477
54.125, 1, 0.1379
54.15, 1, 0.1379
54.175, 1, 0.1379
54.2, 1, 0.1379
54.225, 1, 0.1379
54.25, 1, 0.1379
54.275, 1, 0.138366
54.3, 1, 0.138816
54.325, 1, 0.138816
54.35, 1, 0.138816
54.375, 1, 0.138816
54.4, 1, 0.138816
54.425, 1, 0.138816
54.45, 1, 0.139258
54.475, 1, 0.139258
54.5, 1, 0.139258
54.525, 1, 0.139258
54.55, 1, 0.139258
54.575, 1, 0.139671
54.6, 1, 0.140062
54.625, 1, 0.140062
54.65, 1, 0.140062
54.675, 1, 0.140398
54.7, 1, 0.140398
54.725, 1, 0.140398
54.75, 1, 0.140684
54.775, 1, 0.140948
54.8, 1, 0.141195
54.825, 1, 0.141195
54.85, 1, 0.141195
54.875, 1, 0.141195
54.9, 1, 0.141195
54.925, 1, 0.141195
54.95, 1, 0.141195
54.975, 1, 0.141195
55, 1, 0.141474
55.025, 1, 0.141474
55.05, 1, 0.141722
55.075, 1, 0.141927
55.1, 1, 0.141927
55.125, 1, 0.141927
55.15, 1, 0.142146
55.175, 1, 0.142346
55.2, 1, 0.142346
55.225, 1, 0.142346
55.25, 1, 0.142346
55.275, 1, 0.14271
55.3, 1, 0.14271
55.325, 1, 0.143004
55.35, 1, 0.143215
55.375, 1, 0.143215
55.4, 1, 0.143215
55.425, 1, 0.143215
55.45, 1, 0.143461
55.475, 1, 0.143461
55.5, 1, 0.143461
55.525, 1, 0.143711
55.55, 1, 0.14396
55.575, 1, 0.14396
55.6, 1, 0.14396
55.625, 1, 0.144181
55.65, 1, 0.144181
55.675, 1, 0.144181
55.7, 1, 0.144181
55.725, 1, 0.144397
55.75, 1, 0.144606
55.775, 1, 0.144606
55.8, 1, 0.144606
55.825, 1, 0.144808
55.85, 1, 0.144808
55.875, 1, 0.144808
55.9, 1, 0.144808
55.925, 1, 0.144808
55.95, 1, 0.145002
55.975, 1, 0.145188
56, 1, 0.145188
56.025, 1, 0.145369
56.05, 1, 0.145543
56.075, 1, 0.145543
56.1, 1, 0.145543
56.125, 1, 0.145708
56.15, 1, 0.145865
56.175, 1, 0.146018
56.2, 1, 0.146018
56.225, 1, 0.146018
56.25, 1, 0.146018
56.275, 1, 0.146165
56.3, 1, 0.146165
56.325, 1, 0.146165
56.35, 1, 0.146165
56.375, 1, 0.146229
56.4, 1, 0.146229
56.425, 1, 0.146229
56.45, 1, 0.146229
56.475, 1, 0.146229
56.5, 1, 0.146229
56.525, 1, 0.146229
56.55, 1, 0.146229
56.575, 1, 0.146229
56.6, 1, 0.146229
56.625, 1, 0.146229
56.65, 1, 0.146229
56.675, 1, 0.146229
56.7, 1, 0.146362
56.725, 1, 0.146362
56.75, 1, 0.146362
56.775, 1, 0.146407
56.8, 1, 0.146407
56.825, 1, 0.146441
56.85, 1, 0.146441
56.875, 1, 0.146477
56.9, 1, 0.146511
56.925, 1, 0.146511
56.95, 1, 0.146545
56.975, 1, 0.146574
57, 1, 0.146574
57.025, 1, 0.146592
57.05, 1, 0.146592
57.075, 1, 0.146592
57.1, 1, 0.14661
57.125, 1, 0.14661
57.15, 1, 0.146626
57.175, 1, 0.146626
57.2, 1, 0.146626
57.225, 1, 0.146626
57.25, 1, 0.146626
57.275, 1, 0.146626
57.3, 1, 0.146626
57.325, 1, 0.146626
57.35, 1, 0.146646
57.375, 1, 0.14666
57.4, 1, 0.14666
57.425, 1, 0.14666
57.45, 1, 0.146644
57.475, 1, 0.146644
57.5, 1, 0.146545
57.525, 1, 0.146545
57.55, 1, 0.146362
57.575, 1, 0.146362
57.6, 1, 0.146362
57.625, 1, 0.146362
57.65, 1, 0.146362
57.675, 1, 0.146191
57.7, 1, 0.145999
57.725, 1, 0.145999
57.75, 1, 0.145999
57.775, 1, 0.145999
57.8, 1, 0.145449
57.825, 1, 0.145449
57.85, 1, 0.145449
57.875, 1, 0.145128
57.9, 1, 0.144927
57.925, 1, 0.144775
57.95, 1, 0.144643
57.975, 1, 0.144643
58, 1, 0.144643
58.025, 1, 0.144475
58.05, 1, 0.144475
58.075, 1, 0.144232
58.1, 1, 0.144232
58.125, 1, 0.144232
58.15, 1, 0.144075
58.175, 1, 0.144075
58.2, 1, 0.143875
58.225, 1, 0.143875
58.25, 1, 0.143875
58.275, 1, 0.143875
58.3, 1, 0.143875
58.325, 1, 0.143875
58.35, 1, 0.143686
58.375, 1, 0.143686
58.4, 1, 0.143686
58.425, 1, 0.143686
58.45, 1, 0.143686
58.475, 1, 0.143501
58.5, 1, 0.14332
58.525, 1, 0.14332
58.55, 1, 0.14332
58.575, 1, 0.143145
58.6, 1, 0.142976
58.625, 1, 0.142976
58.65, 1, 0.142976
58.675, 1, 0.142976
58.7, 1, 0.142976
58.725, 1, 0.142804
58.75, 1, 0.142635
58.775, 1, 0.142635
58.8, 1, 0.142477
58.825, 1, 0.142324
58.85, 1, 0.142324
58.875, 1, 0.142151
58.9, 1, 0.141908
58.925, 1, 0.141567
58.95, 1, 0.141567
58.975, 1, 0.141177
59, 1, 0.140812
59.025, 1, 0.140494
59.05, 1, 0.140494
59.075, 1, 0.140494
59.1, 1, 0.140122
59.125, 1, 0.140122
59.15, 1, 0.139762
59.175, 1, 0.139762
59.2, 1, 0.139762
59.225, 1, 0.139762
59.25, 1, 0.139762
59.275, 1, 0.139762
59.3, 1, 0.139762
59.325, 1, 0.139873
59.35, 1, 0.140008
59.375, 1, 0.140008
59.4, 1, 0.140008
59.425, 1, 0.140008
59.45, 1, 0.140008
59.475, 1, 0.140008
59.5, 1, 0.140008
59.525, 1, 0.140136
59.55, 1, 0.140136
59.575, 1, 0.140136
59.6, 1, 0.140136
59.625, 1, 0.140136
59.65, 1, 0.140136
59.675, 1, 0.140136
59.7, 1, 0.140136
59.725, 1, 0.140136
59.75, 1, 0.140136
59.775, 1, 0.140136
59.8, 1, 0.140263
59.825, 1, 0.140263
59.85, 1, 0.140351
59.875, 1, 0.140351
59.9, 1, 0.140351
59.925, 1, 0.140351
59.95, 1, 0.14043
59.975, 1, 0.140494
60, 1, 0.140494
60, 1, 0.140494
60.025, 1, 0.140494
60.05, 1, 0.140115
60.075, 1, 0.139064
60.1, 1, 0.137608
60.125, 1, 0.137608
60.15, 1, 0.136143
60.175, 1, 0.136143
60.2, 1, 0.134734
60.225, 1, 0.134734
60.25, 1, 0.134734
60.275, 1, 0.134734
60.3, 1, 0.134734
60.325, 1, 0.134734
60.35, 1, 0.134734
60.375, 1, 0.134734
60.4, 1, 0.134734
60.425, 1, 0.134734
60.45, 1, 0.134734
60.475, 1, 0.134734
60.5, 1, 0.134734
60.525, 1, 0.134734
60.55, 1, 0.134734
60.575, 1, 0.134734
60.6, 1, 0.13315
60.625, 1, 0.131621
60.65, 1, 0.131621
60.675, 1, 0.131621
60.7, 1, 0.131621
60.725, 1, 0.131621
60.75, 1, 0.130541
60.775, 1, 0.130541
60.8, 1, 0.129951
60.825, 1, 0.129951
60.85, 1, 0.129574
60.875, 1, 0.129331
60.9, 1, 0.129331
60.925, 1, 0.129331
60.95, 1, 0.129331
60.975, 1, 0.129331
61, 1, 0.129331
61.025, 1, 0.129331
61.05, 1, 0.129331
61.075, 1, 0.129331
61.1, 1, 0.129078
61.125, 1, 0.129078
61.15, 1, 0.129078
61.175, 1, 0.129078
61.2, 1, 0.128865
61.225, 1, 0.128818
61.25, 1, 0.128818
61.275, 1, 0.128818
61.3, 1, 0.128818
61.325, 1, 0.128818
61.35, 1, 0.128818
61.375, 1, 0.128718
61.4, 1, 0.128811
61.425, 1, 0.129014
61.45, 1, 0.129014
61.475, 1, 0.129219
61.5, 1, 0.129437
61.525, 1, 0.12968
61.55, 1, 0.130055
61.575, 1, 0.130055
61.6, 1, 0.130507
61.625, 1, 0.130507
61.65, 1, 0.130931
61.675, 1, 0.131407
61.7, 1, 0.131904
61.725, 1, 0.132398
61.75, 1, 0.132398
61.775, 1, 0.132398
61.8, 1, 0.132895
61.825, 1, 0.132895
61.85, 1, 0.133312
61.875, 1, 0.133625
61.9, 1, 0.13377
61.925, 1, 0.13377
61.95, 1, 0.133736
61.975, 1, 0.133736
62, 1, 0.133671
62.025, 1, 0.133583
62.05, 1, 0.133583
62.075, 1, 0.133412
62.1, 1, 0.13318
62.125, 1, 0.13318
62.15, 1, 0.132873
62.175, 1, 0.132475
62.2, 1, 0.132475
62.225, 1, 0.132475
62.25, 1, 0.132044
62.275, 1, 0.132044
62.3, 1, 0.132044
62.325, 1, 0.131577
62.35, 1, 0.131577
62.375, 1, 0.131577
62.4, 1, 0.131124
62.425, 1, 0.130673
62.45, 1, 0.130204
62.475, 1, 0.130204
62.5, 1, 0.130204
62.525, 1, 0.130204
62.55, 1, 0.129744
62.575, 1, 0.129744
62.6, 1, 0.129744
62.625, 1, 0.129378
62.65, 1, 0.129378
62.675, 1, 0.129378
62.7, 1, 0.129378
62.725, 1, 0.129004
62.75, 1, 0.129004
62.775, 1, 0.129004
62.8, 1, 0.129004
62.825, 1, 0.129004
62.85, 1, 0.129004
62.875, 1, 0.129004
62.9, 1, 0.129004
62.925, 1, 0.128592
62.95, 1, 0.128217
62.975, 1, 0.128217
63, 1, 0.128217
63.025, 1, 0.128217
63.05, 1, 0.128217
63.075, 1, 0.127745
63.1, 1, 0.127745
63.125, 1, 0.127383
63.15, 1, 0.127383
63.175, 1, 0.127074
63.2, 1, 0.127074
63.225, 1, 0.127074
63.25, 1, 0.127074
63.275, 1, 0.127074
63.3, 1, 0.126745
63.325, 1, 0.126745
63.35, 1, 0.12642
63.375, 1, 0.12642
63.4, 1, 0.126134
63.425, 1, 0.125891
63.45, 1, 0.125891
63.475, 1, 0.125891
63.5, 1, 0.125891
63.525, 1, 0.125891
63.55, 1, 0.125891
63.575, 1, 0.125891
63.6, 1, 0.125891
63.625, 1, 0.125891
63.65, 1, 0.12565
63.675, 1, 0.12565
63.7, 1, 0.125434
63.725, 1, 0.125434
63.75, 1, 0.12527
63.775, 1, 0.12527
63.8, 1, 0.12514
63.825, 1, 0.12514
63.85, 1, 0.12514
63.875, 1, 0.125013
63.9, 1, 0.125013
63.925, 1, 0.125013
63.95, 1, 0.125013
63.975, 1, 0.125013
64, 1, 0.124905
64.025, 1, 0.124905
64.05, 1, 0.124806
64.075, 1, 0.124806
64.1, 1, 0.124806
64.125, 1, 0.124707
64.15, 1, 0.124611
64.175, 1, 0.124611
64.2, 1, 0.12451
64.225, 1, 0.12451
64.25, 1, 0.12451
64.275, 1, 0.124436
64.3, 1, 0.124322
64.325, 1, 0.124322
64.35, 1, 0.124322
64.375, 1, 0.124322
64.4, 1, 0.124322
64.425, 1, 0.124322
64.45, 1, 0.124322
64.475, 1, 0.124322
64.5, 1, 0.124322
64.525, 1, 0.124322
64.55, 1, 0.124322
64.575, 1, 0.124322
64.6, 1, 0.124204
64.625, 1, 0.124059
64.65, 1, 0.123916
64.675, 1, 0.123916
64.7, 1, 0.123769
64.725, 1, 0.123613
64.75, 1, 0.123455
64.775, 1, 0.123301
64.8, 1, 0.123301
64.825, 1, 0.123157
64.85, 1, 0.123157
64.875, 1, 0.123157
64.9, 1, 0.123016
64.925, 1, 0.123016
64.95, 1, 0.122878
64.975, 1, 0.122743
65, 1, 0.122613
65.025, 1, 0.122483
65.05, 1, 0.122344
65.075, 1, 0.122196
65.1, 1, 0.122196
65.125, 1, 0.122196
65.15, 1, 0.122026
65.175, 1, 0.121843
65.2, 1, 0.121843
65.225, 1, 0.121656
65.25, 1, 0.121467
65.275, 1, 0.121278
65.3, 1, 0.121278
65.325, 1, 0.121097
65.35, 1, 0.121097
65.375, 1, 0.120904
65.4, 1, 0.120904
65.425, 1, 0.120743
65.45, 1, 0.120743
65.475, 1, 0.120743
65.5, 1, 0.120501
65.525, 1, 0.120501
65.55, 1, 0.120501
65.575, 1, 0.120501
65.6, 1, 0.120501
65.625, 1, 0.120501
65.65, 1, 0.120501
65.675, 1, 0.120367
65.7, 1, 0.120367
65.725, 1, 0.120265
65.75, 1, 0.120265
65.775, 1, 0.120103
65.8, 1, 0.120103
65.825, 1, 0.120103
65.85, 1, 0.119905
65.875, 1, 0.119905
65.9, 1, 0.119905
65.925, 1, 0.119905
65.95, 1, 0.119788
65.975, 1, 0.119788
66, 1, 0.119788
66.025, 1, 0.119788
66.05, 1, 0.119788
66.075, 1, 0.119647
66.1, 1, 0.119453
66.125, 1, 0.119189
66.15, 1, 0.118863
66.175, 1, 0.118863
66.2, 1, 0.118495
66.225, 1, 0.118094
66.25, 1, 0.118094
66.275, 1, 0.118094
66.3, 1, 0.118094
66.325, 1, 0.117698
66.35, 1, 0.117315
66.375, 1, 0.117315
66.4, 1, 0.117315
66.425, 1, 0.117315
66.45, 1, 0.11694
66.475, 1, 0.116554
66.5, 1, 0.116554
66.525, 1, 0.116554
66.55, 1, 0.116194
66.575, 1, 0.115876
66.6, 1, 0.115599
66.625, 1, 0.115356
66.65, 1, 0.115356
66.675, 1, 0.11509
66.7, 1, 0.11509
66.725, 1, 0.11509
66.75, 1, 0.11484
66.775, 1, 0.114572
66.8, 1, 0.114572
66.825, 1, 0.114337
66.85, 1, 0.114067
66.875, 1, 0.113689
66.9, 1, 0.113689
66.925, 1, 0.113019
66.95, 1, 0.112314
66.975, 1, 0.112314
67, 1, 0.111712
67.025, 1, 0.111712
67.05, 1, 0.111712
67.075, 1, 0.111712
67.1, 1, 0.111712
67.125, 1, 0.111459
67.15, 1, 0.111459
67.175, 1, 0.111459
67.2, 1, 0.111459
67.225, 1, 0.111459
67.25, 1, 0.111379
67.275, 1, 0.111379
67.3, 1, 0.111217
67.325, 1, 0.111217
67.35, 1, 0.111217
67.375, 1, 0.111217
67.4, 1, 0.1111
67.425, 1, 0.1111
67.45, 1, 0.1111
67.475, 1, 0.1111
67.5, 1, 0.1111
67.525, 1, 0.110983
67.55, 1, 0.110864
67.575, 1, 0.110744
67.6, 1, 0.110744
67.625, 1, 0.110623
67.65, 1, 0.110498
67.675, 1, 0.11037
67.7, 1, 0.110238
67.725, 1, 0.110238
67.75, 1, 0.110238
67.775, 1, 0.110238
67.8, 1, 0.110238
67.825, 1, 0.110238
67.85, 1, 0.110086
67.875, 1, 0.109897
67.9, 1, 0.109665
67.925, 1, 0.109391
67.95, 1, 0.109391
67.975, 1, 0.109128
68, 1, 0.108906
68.025, 1, 0.10874
68.05, 1, 0.108626
68.075, 1, 0.10855
68.1, 1, 0.10855
68.125, 1, 0.108448
68.15, 1, 0.108448
68.175, 1, 0.108448
68.2, 1, 0.108149
68.225, 1, 0.107749
68.25, 1, 0.107749
68.275, 1, 0.107749
68.3, 1, 0.107749
68.325, 1, 0.107749
68.35, 1, 0.107362
68.375, 1, 0.107362
68.4, 1, 0.107362
68.425, 1, 0.106733
68.45, 1, 0.105769
68.475, 1, 0.104436
68.5, 1, 0.104436
68.525, 1, 0.104436
68.55, 1, 0.104436
68.575, 1, 0.104436
68.6, 1, 0.103278
68.625, 1, 0.102177
68.65, 1, 0.101106
68.675, 1, 0.100026
68.7, 1, 0.0989448
68.725, 1, 0.09786
68.75, 1, 0.09786
68.775, 1, 0.0968459
68.8, 1, 0.0958893
68.825, 1, 0.0949957
68.85, 1, 0.0941556
68.875, 1, 0.093362
68.9, 1, 0.0926074
68.925, 1, 0.0926074
68.95, 1, 0.0918785
68.975, 1, 0.0918785
69, 1, 0.0918785
69.025, 1, 0.0911653
69.05, 1, 0.0904749
69.075, 1, 0.0904749
69.1, 1, 0.0904749
69.125, 1, 0.0904749
69.15, 1, 0.0904749
69.175, 1, 0.0904749
69.2, 1, 0.0898225
69.225, 1, 0.0898225
69.25, 1, 0.0891932
69.275, 1, 0.0885695
69.3, 1, 0.0879232
69.325, 1, 0.0879232
69.35, 1, 0.0871863
69.375, 1, 0.0863773
69.4, 1, 0.0863773
69.425, 1, 0.0863773
69.45, 1, 0.0863773
69.475, 1, 0.0863773
69.5, 1, 0.0854518
69.525, 1, 0.0854518
69.55, 1, 0.0854518
69.575, 1, 0.0845807
69.6, 1, 0.0845807
69.625, 1, 0.0845807
69.65, 1, 0.0845807
69.675, 1, 0.0845807
69.7, 1, 0.0844829
69.725, 1, 0.084463
69.75, 1, 0.084463
69.775, 1, 0.084463
69.8, 1, 0.084463
69.825, 1, 0.084463
69.85, 1, 0.084463
69.875, 1, 0.084463
69.9, 1, 0.084463
69.925, 1, 0.0844487
69.95, 1, 0.0844491
69.975, 1, 0.0844491
70, 1, 0.0844491
70.025, 1, 0.0844491
70.05, 1, 0.0843556
70.075, 1, 0.0841091
70.1, 1, 0.0841091
70.125, 1, 0.0835234
70.15, 1, 0.0835234
70.175, 1, 0.0835234
70.2, 1, 0.0823742
70.225, 1, 0.0823742
70.25, 1, 0.0823742
70.275, 1, 0.0823742
70.3, 1, 0.0809699
70.325, 1, 0.0809699
70.35, 1, 0.07941
70.375, 1, 0.0777843
70.4, 1, 0.076281
70.425, 1, 0.0749528
70.45, 1, 0.0739146
70.475, 1, 0.0739146
70.5, 1, 0.0731263
70.525, 1, 0.0726119
70.55, 1, 0.0726119
70.575, 1, 0.0726119
70.6, 1, 0.0726119
70.625, 1, 0.0720479
70.65, 1, 0.0720479
70.675, 1, 0.0720479
70.7, 1, 0.0720479
70.725, 1, 0.0720479
70.75, 1, 0.0720479
70.775, 1, 0.0720479
70.8, 1, 0.0720479
70.825, 1, 0.0720479
70.85, 1, 0.0720479
70.875, 1, 0.0720479
70.9, 1, 0.0720479
70.925, 1, 0.0718952
70.95, 1, 0.0721147
70.975, 1, 0.0727531
71, 1, 0.0737642
71.025, 1, 0.0751151
71.05, 1, 0.0751151
71.075, 1, 0.0765804
71.1, 1, 0.0781811
71.125, 1, 0.0781811
71.15, 1, 0.0798046
71.175, 1, 0.0814724
71.2, 1, 0.0831625
71.225, 1, 0.0848631
71.25, 1, 0.0865828
71.275, 1, 0.0865828
71.3, 1, 0.0883091
71.325, 1, 0.0883091
71.35, 1, 0.0900435
71.375, 1, 0.0900435
71.4, 1, 0.0900435
71.425, 1, 0.0900435
71.45, 1, 0.091674
71.475, 1, 0.0933096
71.5, 1, 0.094948
71.525, 1, 0.094948
71.55, 1, 0.096548
71.575, 1, 0.096548
71.6, 1, 0.096548
71.625, 1, 0.096548
71.65, 1, 0.096548
71.675, 1, 0.096548
71.7, 1, 0.096548
71.725, 1, 0.096548
71.75, 1, 0.0981395
71.775, 1, 0.0981395
71.8, 1, 0.0996791
71.825, 1, 0.0996791
71.85, 1, 0.0996791
71.875, 1, 0.101117
71.9, 1, 0.102471
71.925, 1, 0.103724
71.95, 1, 0.103724
71.975, 1, 0.103724
72, 1, 0.103724
72.025, 1, 0.104981
72.05, 1, 0.104981
72.075, 1, 0.104981
72.1, 1, 0.104981
72.125, 1, 0.104981
72.15, 1, 0.104981
72.175, 1, 0.105987
72.2, 1, 0.105987
72.225, 1, 0.105987
72.25, 1, 0.105987
72.275, 1, 0.107017
72.3, 1, 0.107017
72.325, 1, 0.107017
72.35, 1, 0.107017
72.375, 1, 0.108002
72.4, 1, 0.108002
72.425, 1, 0.108002
72.45, 1, 0.108002
72.475, 1, 0.108928
72.5, 1, 0.108928
72.525, 1, 0.109802
72.55, 1, 0.110629
72.575, 1, 0.110629
72.6, 1, 0.110629
72.625, 1, 0.111425
72.65, 1, 0.112191
72.675, 1, 0.112932
72.7, 1, 0.112932
72.725, 1, 0.113654
72.75, 1, 0.113654
72.775, 1, 0.113654
72.8, 1, 0.113654
72.825, 1, 0.113654
72.85, 1, 0.114349
72.875, 1, 0.115017
72.9, 1, 0.115665
72.925, 1, 0.115665
72.95, 1, 0.115665
72.975, 1, 0.115665
73, 1, 0.115665
73.025, 1, 0.116282
73.05, 1, 0.116857
73.075, 1, 0.11738
73.1, 1, 0.117868
73.125, 1, 0.118341
73.15, 1, 0.118826
73.175, 1, 0.118826
73.2, 1, 0.119336
73.225, 1, 0.119336
73.25, 1, 0.119336
73.275, 1, 0.119336
73.3, 1, 0.119336
73.325, 1, 0.119797
73.35, 1, 0.120215
73.375, 1, 0.120215
73.4, 1, 0.120215
73.425, 1, 0.120689
73.45, 1, 0.120689
73.475, 1, 0.121166
73.5, 1, 0.121649
73.525, 1, 0.122125
73.55, 1, 0.122125
73.575, 1, 0.122568
73.6, 1, 0.122971
73.625, 1, 0.123336
73.65, 1, 0.123336
73.675, 1, 0.123336
73.7, 1, 0.123709
73.725, 1, 0.124089
73.75, 1, 0.124089
73.775, 1, 0.124089
73.8, 1, 0.124464
73.825, 1, 0.124464
73.85, 1, 0.124464
73.875, 1, 0.12483
73.9, 1, 0.125192
73.925, 1, 0.125192
73.95, 1, 0.125192
73.975, 1, 0.125192
74, 1, 0.125192
74.025, 1, 0.125545
74.05, 1, 0.125545
74.075, 1, 0.125891
74.1, 1, 0.125891
74.125, 1, 0.125891
74.15, 1, 0.12623
74.175, 1, 0.12623
74.2, 1, 0.12623
74.225, 1, 0.126563
74.25, 1, 0.126563
74.275, 1, 0.126892
74.3, 1, 0.127223
74.325, 1, 0.127554
74.35, 1, 0.12788
74.375, 1, 0.12788
74.4, 1, 0.128189
74.425, 1, 0.128189
74.45, 1, 0.128484
74.475, 1, 0.128751
74.5, 1, 0.128751
74.525, 1, 0.128751
74.55, 1, 0.128751
74.575, 1, 0.128751
74.6, 1, 0.128751
74.625, 1, 0.129065
74.65, 1, 0.12937
74.675, 1, 0.12937
74.7, 1, 0.12937
74.725, 1, 0.12937
74.75, 1, 0.12937
74.775, 1, 0.12937
74.8, 1, 0.12937
74.825, 1, 0.12937
74.85, 1, 0.12937
74.875, 1, 0.12937
74.9, 1, 0.12937
74.925, 1, 0.129771
74.95, 1, 0.130158
74.975, 1, 0.130158
75, 1, 0.130158
75.025, 1, 0.130506
75.05, 1, 0.130506
75.075, 1, 0.130506
75.1, 1, 0.130506
75.125, 1, 0.130843
75.15, 1, 0.130843
75.175, 1, 0.131166
75.2, 1, 0.131166
75.225, 1, 0.131166
75.25, 1, 0.131166
75.275, 1, 0.131166
75.3, 1, 0.131166
75.325, 1, 0.13147
75.35, 1, 0.13147
75.375, 1, 0.13147
75.4, 1, 0.13147
75.425, 1, 0.13147
75.45, 1, 0.13147
75.475, 1, 0.13176
75.5, 1, 0.132042
75.525, 1, 0.132319
75.55, 1, 0.132319
75.575, 1, 0.132319
75.6, 1, 0.132319
75.625, 1, 0.132319
75.65, 1, 0.132319
75.675, 1, 0.132519
75.7, 1, 0.132519
75.725, 1, 0.132519
75.75, 1, 0.132753
75.775, 1, 0.133009
75.8, 1, 0.133009
75.825, 1, 0.133258
75.85, 1, 0.133258
75.875, 1, 0.133458
75.9, 1, 0.133576
75.925, 1, 0.133576
75.95, 1, 0.133576
75.975, 1, 0.133576
76, 1, 0.133778
76.025, 1, 0.134002
76.05, 1, 0.134002
76.075, 1, 0.134002
76.1, 1, 0.134002
76.125, 1, 0.134246
76.15, 1, 0.134246
76.175, 1, 0.134418
76.2, 1, 0.134536
76.225, 1, 0.134536
76.25, 1, 0.134636
76.275, 1, 0.134636
76.3, 1, 0.134738
76.325, 1, 0.134738
76.35, 1, 0.134738
76.375, 1, 0.134825
76.4, 1, 0.134825
76.425, 1, 0.134825
76.45, 1, 0.134825
76.475, 1, 0.1349
76.5, 1, 0.134966
76.525, 1, 0.135025
76.55, 1, 0.135025
76.575, 1, 0.135025
76.6, 1, 0.13509
76.625, 1, 0.13516
76.65, 1, 0.13516
76.675, 1, 0.135226
76.7, 1, 0.135226
76.725, 1, 0.135226
76.75, 1, 0.135226
76.775, 1, 0.135226
76.8, 1, 0.135285
76.825, 1, 0.135285
76.85, 1, 0.135285
76.875, 1, 0.135285
76.9, 1, 0.135349
76.925, 1, 0.135349
76.95, 1, 0.135395
76.975, 1, 0.13544
77, 1, 0.13544
77.025, 1, 0.13544
77.05, 1, 0.13544
77.075, 1, 0.13544
77.1, 1, 0.135465
77.125, 1, 0.135506
77.15, 1, 0.135506
77.175, 1, 0.135506
77.2, 1, 0.135506
77.225, 1, 0.135506
77.25, 1, 0.135506
77.275, 1, 0.135506
77.3, 1, 0.13573
77.325, 1, 0.13573
77.35, 1, 0.135882
77.375, 1, 0.136009
77.4, 1, 0.136135
77.425, 1, 0.136135
77.45, 1, 0.136135
77.475, 1, 0.136135
77.5, 1, 0.136248
77.525, 1, 0.136248
77.55, 1, 0.136357
77.575, 1, 0.136458
77.6, 1, 0.136458
77.625, 1, 0.136553
77.65, 1, 0.136643
77.675, 1, 0.136643
77.7, 1, 0.136729
77.725, 1, 0.136811
77.75, 1, 0.136811
77.775, 1, 0.13689
77.8, 1, 0.136966
77.825, 1, 0.13704
77.85, 1, 0.13704
77.875, 1, 0.13704
77.9, 1, 0.137112
77.925, 1, 0.137179
77.95, 1, 0.137179
77.975, 1, 0.137234
78, 1, 0.137276
78.025, 1, 0.137301
78.05, 1, 0.137301
78.075, 1, 0.137301
78.1, 1, 0.137298
78.125, 1, 0.137273
78.15, 1, 0.137273
78.175, 1, 0.137273
78.2, 1, 0.137253
78.225, 1, 0.137253
78.25, 1, 0.137253
78.275, 1, 0.137253
78.3, 1, 0.137253
78.325, 1, 0.137253
78.35, 1, 0.137161
78.375, 1, 0.137161
78.4, 1, 0.137161
78.425, 1, 0.137161
78.45, 1, 0.137171
78.475, 1, 0.137171
78.5, 1, 0.137118
78.525, 1, 0.137118
78.55, 1, 0.137118
78.575, 1, 0.137129
78.6, 1, 0.137129
78.625, 1, 0.137065
78.65, 1, 0.137065
78.675, 1, 0.137013
78.7, 1, 0.13697
78.725, 1, 0.136925
78.75, 1, 0.136859
78.775, 1, 0.136756
78.8, 1, 0.136638
78.825, 1, 0.136638
78.85, 1, 0.136638
78.875, 1, 0.136638
78.9, 1, 0.136528
78.925, 1, 0.136528
78.95, 1, 0.136528
78.975, 1, 0.136407
79, 1, 0.136407
79.025, 1, 0.136266
79.05, 1, 0.136266
79.075, 1, 0.136122
79.1, 1, 0.136122
79.125, 1, 0.136122
79.15, 1, 0.136122
79.175, 1, 0.135996
79.2, 1, 0.135885
79.225, 1, 0.135789
79.25, 1, 0.135707
79.275, 1, 0.135707
79.3, 1, 0.135629
79.325, 1, 0.135553
79.35, 1, 0.135553
79.375, 1, 0.135553
79.4, 1, 0.135553
79.425, 1, 0.135485
79.45, 1, 0.135485
79.475, 1, 0.135376
79.5, 1, 0.135376
79.525, 1, 0.135376
79.55, 1, 0.135234
79.575, 1, 0.13511
79.6, 1, 0.134996
79.625, 1, 0.134996
79.65, 1, 0.134996
79.675, 1, 0.134996
79.7, 1, 0.134932
79.725, 1, 0.134932
79.75, 1, 0.134932
79.775, 1, 0.134771
79.8, 1, 0.134771
79.825, 1, 0.134771
79.85, 1, 0.134771
79.875, 1, 0.134646
79.9, 1, 0.134646
79.925, 1, 0.134389
79.95, 1, 0.134085
79.975, 1, 0.134085
80, 1, 0.134085
80.025, 1, 0.134085
80.05, 1, 0.134085
80.075, 1, 0.133595
80.1, 1, 0.132806
80.125, 1, 0.131618
80.15, 1, 0.13013
80.175, 1, 0.128441
80.2, 1, 0.126718
80.225, 1, 0.125072
80.25, 1, 0.125072
80.275, 1, 0.123486
80.3, 1, 0.123486
80.325, 1, 0.122021
80.35, 1, 0.122021
80.375, 1, 0.12066
80.4, 1, 0.12066
80.425, 1, 0.119334
80.45, 1, 0.118117
80.475, 1, 0.116996
80.5, 1, 0.116017
80.525, 1, 0.115176
80.55, 1, 0.114486
80.575, 1, 0.114486
80.6, 1, 0.114486
80.625, 1, 0.113842
80.65, 1, 0.113379
80.675, 1, 0.113379
80.7, 1, 0.113379
80.725, 1, 0.11294
80.75, 1, 0.112755
80.775, 1, 0.11282
80.8, 1, 0.11282
80.825, 1, 0.11282
80.85, 1, 0.11282
80.875, 1, 0.113004
80.9, 1, 0.113221
80.925, 1, 0.113221
80.95, 1, 0.113454
80.975, 1, 0.113454
81, 1, 0.113454
81.025, 1, 0.113454
81.05, 1, 0.113571
81.075, 1, 0.113571
81.1, 1, 0.113571
81.125, 1, 0.113692
81.15, 1, 0.113692
81.175, 1, 0.113807
81.2, 1, 0.113974
81.225, 1, 0.113974
81.25, 1, 0.114198
81.275, 1, 0.114198
81.3, 1, 0.11444
81.325, 1, 0.11444
81.35, 1, 0.11444
81.375, 1, 0.11444
81.4, 1, 0.114682
81.425, 1, 0.114996
81.45, 1, 0.114996
81.475, 1, 0.114996
81.5, 1, 0.114996
81.525, 1, 0.114996
81.55, 1, 0.11531
81.575, 1, 0.11531
81.6, 1, 0.115603
81.625, 1, 0.115603
81.65, 1, 0.115603
81.675, 1, 0.115603
81.7, 1, 0.115859
81.725, 1, 0.115859
81.75, 1, 0.115859
81.775, 1, 0.116084
81.8, 1, 0.116084
81.825, 1, 0.116084
81.85, 1, 0.116292
81.875, 1, 0.116494
81.9, 1, 0.116682
81.925, 1, 0.116682
81.95, 1, 0.116682
81.975, 1, 0.116682
82, 1, 0.116865
82.025, 1, 0.117038
82.05, 1, 0.117205
82.075, 1, 0.117368
82.1, 1, 0.117368
82.125, 1, 0.117368
82.15, 1, 0.117368
82.175, 1, 0.117368
82.2, 1, 0.117368
82.225, 1, 0.117387
82.25, 1, 0.117387
82.275, 1, 0.117381
82.3, 1, 0.117381
82.325, 1, 0.117409
82.35, 1, 0.117409
82.375, 1, 0.117409
82.4, 1, 0.117409
82.425, 1, 0.117398
82.45, 1, 0.1173
82.475, 1, 0.1173
82.5, 1, 0.1173
82.525, 1, 0.1173
82.55, 1, 0.117192
82.575, 1, 0.11707
82.6, 1, 0.11707
82.625, 1, 0.11707
82.65, 1, 0.116942
82.675, 1, 0.116942
82.7, 1, 0.116942
82.725, 1, 0.116807
82.75, 1, 0.116665
82.775, 1, 0.116516
82.8, 1, 0.116516
82.825, 1, 0.116516
82.85, 1, 0.116516
82.875, 1, 0.116516
82.9, 1, 0.116516
82.925, 1, 0.116392
82.95, 1, 0.116291
82.975, 1, 0.11621
83, 1, 0.11621
83.025, 1, 0.11621
83.05, 1, 0.116133
83.075, 1, 0.116133
83.1, 1, 0.116063
83.125, 1, 0.116063
83.15, 1, 0.116063
83.175, 1, 0.115988
83.2, 1, 0.115917
83.225, 1, 0.115849
83.25, 1, 0.115784
83.275, 1, 0.115718
83.3, 1, 0.115639
83.325, 1, 0.115538
83.35, 1, 0.115538
83.375, 1, 0.115422
83.4, 1, 0.115422
83.425, 1, 0.115325
83.45, 1, 0.115325
83.475, 1, 0.115325
83.5, 1, 0.115239
83.525, 1, 0.115187
83.55, 1, 0.115187
83.575, 1, 0.115127
83.6, 1, 0.115127
83.625, 1, 0.115021
83.65, 1, 0.115021
83.675, 1, 0.115021
83.7, 1, 0.115021
83.725, 1, 0.114983
83.75, 1, 0.114983
83.775, 1, 0.114983
83.8, 1, 0.114983
83.825, 1, 0.114983
83.85, 1, 0.114982
83.875, 1, 0.114982
83.9, 1, 0.114978
83.925, 1, 0.114978
83.95, 1, 0.114978
83.975, 1, 0.114988
84, 1, 0.11501
84.025, 1, 0.11501
84.05, 1, 0.11501
84.075, 1, 0.11501
84.1, 1, 0.11501
84.125, 1, 0.115029
84.15, 1, 0.115051
84.175, 1, 0.115051
84.2, 1, 0.115051
84.225, 1, 0.115051
84.25, 1, 0.115073
84.275, 1, 0.115073
84.3, 1, 0.115102
84.325, 1, 0.115102
84.35, 1, 0.115132
84.375, 1, 0.115164
84.4, 1, 0.115164
84.425, 1, 0.115173
84.45, 1, 0.115173
84.475, 1, 0.115173
84.5, 1, 0.115174
84.525, 1, 0.115174
84.55, 1, 0.115174
84.575, 1, 0.115166
84.6, 1, 0.115166
84.625, 1, 0.115166
84.65, 1, 0.115128
84.675, 1, 0.115066
84.7, 1, 0.115066
84.725, 1, 0.115027
84.75, 1, 0.115027
84.775, 1, 0.115027
84.8, 1, 0.115027
84.825, 1, 0.114996
84.85, 1, 0.114996
84.875, 1, 0.114985
84.9, 1, 0.11496
84.925, 1, 0.114905
84.95, 1, 0.114905
84.975, 1, 0.114905
85, 1, 0.114856
85.025, 1, 0.114856
85.05, 1, 0.114636
85.075, 1, 0.114636
85.1, 1, 0.114636
85.125, 1, 0.114636
85.15, 1, 0.114636
85.175, 1, 0.114565
85.2, 1, 0.11448
85.225, 1, 0.11448
85.25, 1, 0.11448
85.275, 1, 0.114359
85.3, 1, 0.114359
85.325, 1, 0.114206
85.35, 1, 0.114049
85.375, 1, 0.114049
85.4, 1, 0.114049
85.425, 1, 0.114049
85.45, 1, 0.114049
85.475, 1, 0.113894
85.5, 1, 0.113752
85.525, 1, 0.113752
85.55, 1, 0.113618
85.575, 1, 0.113495
85.6, 1, 0.113495
85.625, 1, 0.113495
85.65, 1, 0.113375
85.675, 1, 0.113375
85.7, 1, 0.113375
85.725, 1, 0.113255
85.75, 1, 0.113137
85.775, 1, 0.113025
85.8, 1, 0.113025
85.825, 1, 0.113025
85.85, 1, 0.11292
85.875, 1, 0.112827
85.9, 1, 0.112827
85.925, 1, 0.112744
85.95, 1, 0.112744
85.975, 1, 0.112744
86, 1, 0.112744
86.025, 1, 0.112744
86.05, 1, 0.112744
86.075, 1, 0.112655
86.1, 1, 0.112568
86.125, 1, 0.112484
86.15, 1, 0.112484
86.175, 1, 0.112373
86.2, 1, 0.112373
86.225, 1, 0.112373
86.25, 1, 0.112293
86.275, 1, 0.112293
86.3, 1, 0.112293
86.325, 1, 0.112293
86.35, 1, 0.112168
86.375, 1, 0.112168
86.4, 1, 0.112062
86.425, 1, 0.112062
86.45, 1, 0.111938
86.475, 1, 0.111938
86.5, 1, 0.111938
86.525, 1, 0.111938
86.55, 1, 0.111938
86.575, 1, 0.111938
86.6, 1, 0.111938
86.625, 1, 0.111938
86.65, 1, 0.111809
86.675, 1, 0.111809
86.7, 1, 0.111659
86.725, 1, 0.111659
86.75, 1, 0.111659
86.775, 1, 0.111659
86.8, 1, 0.11151
86.825, 1, 0.11151
86.85, 1, 0.11151
86.875, 1, 0.11151
86.9, 1, 0.11151
86.925, 1, 0.11151
86.95, 1, 0.11151
86.975, 1, 0.11151
87, 1, 0.11151
87.025, 1, 0.11151
87.05, 1, 0.11137
87.075, 1, 0.11124
87.1, 1, 0.11124
87.125, 1, 0.11124
87.15, 1, 0.111114
87.175, 1, 0.111114
87.2, 1, 0.111114
87.225, 1, 0.111114
87.25, 1, 0.111114
87.275, 1, 0.111114
87.3, 1, 0.110991
87.325, 1, 0.110991
87.35, 1, 0.110991
87.375, 1, 0.110876
87.4, 1, 0.110876
87.425, 1, 0.110876
87.45, 1, 0.110876
87.475, 1, 0.110876
87.5, 1, 0.110748
87.525, 1, 0.110623
87.55, 1, 0.110501
87.575, 1, 0.110367
87.6, 1, 0.110367
87.625, 1, 0.110367
87.65, 1, 0.110367
87.675, 1, 0.110314
87.7, 1, 0.110273
87.725, 1, 0.110222
87.75, 1, 0.110222
87.775, 1, 0.110222
87.8, 1, 0.110222
87.825, 1, 0.110273
87.85, 1, 0.110305
87.875, 1, 0.110305
87.9, 1, 0.110305
87.925, 1, 0.110305
87.95, 1, 0.110305
87.975, 1, 0.110505
88, 1, 0.110709
88.025, 1, 0.110709
88.05, 1, 0.110709
88.075, 1, 0.110709
88.1, 1, 0.110709
88.125, 1, 0.110709
88.15, 1, 0.110709
88.175, 1, 0.110872
88.2, 1, 0.111017
88.225, 1, 0.111017
88.25, 1, 0.11115
88.275, 1, 0.111274
88.3, 1, 0.111393
88.325, 1, 0.111393
88.35, 1, 0.111393
88.375, 1, 0.111513
88.4, 1, 0.111637
88.425, 1, 0.111637
88.45, 1, 0.111759
88.475, 1, 0.11188
88.5, 1, 0.11188
88.525, 1, 0.111998
88.55, 1, 0.111998
88.575, 1, 0.111998
88.6, 1, 0.112113
88.625, 1, 0.112227
88.65, 1, 0.112227
88.675, 1, 0.112337
88.7, 1, 0.112337
88.725, 1, 0.11243
88.75, 1, 0.11243
88.775, 1, 0.112456
88.8, 1, 0.112456
88.825, 1, 0.112456
88.85, 1, 0.112577
88.875, 1, 0.112699
88.9, 1, 0.1128
88.925, 1, 0.112869
88.95, 1, 0.112869
88.975, 1, 0.112869
89, 1, 0.112988
89.025, 1, 0.112988
89.05, 1, 0.112988
89.075, 1, 0.112988
89.1, 1, 0.113168
89.125, 1, 0.113344
89.15, 1, 0.113502
89.175, 1, 0.113641
89.2, 1, 0.113641
89.225, 1, 0.113641
89.25, 1, 0.113794
89.275, 1, 0.11393
89.3, 1, 0.11393
89.325, 1, 0.11393
89.35, 1, 0.11393
89.375, 1, 0.114083
89.4, 1, 0.114234
89.425, 1, 0.114234
89.45, 1, 0.114383
89.475, 1, 0.114529
89.5, 1, 0.114529
89.525, 1, 0.114529
89.55, 1, 0.114529
89.575, 1, 0.114529
89.6, 1, 0.114669
89.625, 1, 0.114802
89.65, 1, 0.114802
89.675, 1, 0.114802
89.7, 1, 0.114802
89.725, 1, 0.114802
89.75, 1, 0.114802
89.775, 1, 0.114802
89.8, 1, 0.114916
89.825, 1, 0.115007
89.85, 1, 0.115007
89.875, 1, 0.11508
89.9, 1, 0.11508
89.925, 1, 0.11508
89.95, 1, 0.115154
89.975, 1, 0.115154
