20, 0.0804021, -0.155643
20.025, 0.0804021, -0.155643
20.05, 0.128529, -0.155856
20.075, 0.128529, -0.155856
20.1, 0.212696, -0.156043
20.125, 0.212696, -0.156043
20.15, 0.1728, -0.156289
20.175, 0.161477, -0.156514
20.2, 0.161477, -0.156514
20.225, 0.157738, -0.156729
20.25, 0.157163, -0.156936
20.275, 0.158744, -0.157135
20.3, 0.158744, -0.157135
20.325, 0.158744, -0.157135
20.35, 0.158744, -0.157135
20.375, 0.166363, -0.157326
20.4, 0.166363, -0.157326
20.425, 0.166363, -0.157326
20.45, 0.180949, -0.157513
20.475, 0.180949, -0.157513
20.5, 0.201218, -0.157699
20.525, 0.201218, -0.157699
20.55, 0.226589, -0.157889
20.575, 0.226589, -0.157889
20.6, 0.260044, -0.158103
20.625, 0.260044, -0.158103
20.65, 0.260044, -0.158103
20.675, 0.260044, -0.158103
20.7, 0.307297, -0.158434
20.725, 0.360905, -0.158928
20.75, 0.415909, -0.159511
20.775, 0.415909, -0.159511
20.8, 0.472626, -0.16033
20.825, 0.472626, -0.16033
20.85, 0.526365, -0.161865
20.875, 0.526365, -0.161865
20.9, 0.526365, -0.161865
20.925, 0.526365, -0.161865
20.95, 0.539762, -0.165881
20.975, 0.539762, -0.165881
21, 0.561786, -0.169451
21.025, 0.588051, -0.172816
21.05, 0.588051, -0.172816
21.075, 0.588051, -0.172816
21.1, 0.588051, -0.172816
21.125, 0.595709, -0.176474
21.15, 0.605386, -0.180095
21.175, 0.61539, -0.183836
21.2, 0.625327, -0.187719
21.225, 0.625327, -0.187719
21.25, 0.625327, -0.187719
21.275, 0.63327, -0.191704
21.3, 0.642295, -0.195768
21.325, 0.642295, -0.195768
21.35, 0.651776, -0.199969
21.375, 0.651776, -0.199969
21.4, 0.651776, -0.199969
21.425, 0.660666, -0.204299
21.45, 0.670138, -0.208746
21.475, 0.680062, -0.213331
21.5, 0.680062, -0.213331
21.525, 0.680062, -0.213331
21.55, 0.680062, -0.213331
21.575, 0.680062, -0.213331
21.6, 0.689102, -0.217984
21.625, 0.698755, -0.222757
21.65, 0.708979, -0.22766
21.675, 0.719712, -0.232708
21.7, 0.719712, -0.232708
21.725, 0.730795, -0.237925
21.75, 0.742195, -0.24332
21.775, 0.753858, -0.248903
21.8, 0.765745, -0.254682
21.825, 0.765745, -0.254682
21.85, 0.765745, -0.254682
21.875, 0.765745, -0.254682
21.9, 0.778148, -0.260666
21.925, 0.778148, -0.260666
21.95, 0.778148, -0.260666
21.975, 0.791229, -0.266845
22, 0.804842, -0.273209
22.025, 0.804842, -0.273209
22.05, 0.804842, -0.273209
22.075, 0.804842, -0.273209
22.1, 0.818178, -0.279737
22.125, 0.831909, -0.28648
22.15, 0.831909, -0.28648
22.175, 0.831909, -0.28648
22.2, 0.831909, -0.28648
22.225, 0.846317, -0.29345
22.25, 0.861312, -0.300615
22.275, 0.876813, -0.307998
22.3, 0.892768, -0.315616
22.325, 0.909164, -0.323475
22.35, 0.909164, -0.323475
22.375, 0.909164, -0.323475
22.4, 0.909164, -0.323475
22.425, 0.925896, -0.331574
22.45, 0.943126, -0.339921
22.475, 0.943126, -0.339921
22.5, 0.943126, -0.339921
22.525, 0.960976, -0.348526
22.55, 0.979434, -0.357372
22.575, 0.979434, -0.357372
22.6, 0.979434, -0.357372
22.625, 0.979434, -0.357372
22.65, 0.979434, -0.357372
22.675, 0.998498, -0.366489
22.7, 1.01814, -0.375864
22.725, 1.01814, -0.375864
22.75, 1.01814, -0.375864
22.775, 1.03842, -0.385508
22.8, 1.05933, -0.395408
22.825, 1.08084, -0.405573
22.85, 1.08084, -0.405573
22.875, 1.10291, -0.416018
22.9, 1.12549, -0.426752
22.925, 1.12549, -0.426752
22.95, 1.12549, -0.426752
22.975, 1.12549, -0.426752
23, 1.12549, -0.426752
23.025, 1.12549, -0.426752
23.05, 1.14892, -0.437812
23.075, 1.17305, -0.449122
23.1, 1.19788, -0.460666
23.125, 1.22333, -0.472447
23.15, 1.24936, -0.48449
23.175, 1.27589, -0.496822
23.2, 1.27589, -0.496822
23.225, 1.30276, -0.509461
23.25, 1.32993, -0.522408
23.275, 1.32993, -0.522408
23.3, 1.32993, -0.522408
23.325, 1.32993, -0.522408
23.35, 1.35766, -0.535623
23.375, 1.35766, -0.535623
23.4, 1.35766, -0.535623
23.425, 1.35766, -0.535623
23.45, 1.35766, -0.535623
23.475, 1.35766, -0.535623
23.5, 1.35766, -0.535623
23.525, 1.35766, -0.535623
23.55, 1.35766, -0.535623
23.575, 1.35766, -0.535623
23.6, 1.35766, -0.535623
23.625, 1.38571, -0.549101
23.65, 1.41422, -0.56286
23.675, 1.41422, -0.56286
23.7, 1.41422, -0.56286
23.725, 1.44309, -0.576885
23.75, 1.44309, -0.576885
23.775, 1.44309, -0.576885
23.8, 1.44309, -0.576885
23.825, 1.44309, -0.576885
23.85, 1.44309, -0.576885
23.875, 1.47223, -0.59117
23.9, 1.47223, -0.59117
23.925, 1.50172, -0.60572
23.95, 1.50172, -0.60572
23.975, 1.50172, -0.60572
24, 1.50172, -0.60572
24.025, 1.5314, -0.620508
24.05, 1.56125, -0.635554
24.075, 1.56125, -0.635554
24.1, 1.56125, -0.635554
24.125, 1.59098, -0.650843
24.15, 1.62053, -0.666364
24.175, 1.62053, -0.666364
24.2, 1.65045, -0.682113
24.225, 1.68053, -0.698005
24.25, 1.68053, -0.698005
24.275, 1.68053, -0.698005
24.3, 1.70992, -0.7139
24.325, 1.70992, -0.7139
24.35, 1.73923, -0.729981
24.375, 1.73923, -0.729981
24.4, 1.73923, -0.729981
24.425, 1.7684, -0.746238
24.45, 1.7684, -0.746238
24.475, 1.79744, -0.762649
24.5, 1.82632, -0.779195
24.525, 1.82632, -0.779195
24.55, 1.85493, -0.795843
24.575, 1.88327, -0.812583
24.6, 1.91128, -0.829398
24.625, 1.91128, -0.829398
24.65, 1.91128, -0.829398
24.675, 1.93879, -0.846242
24.7, 1.93879, -0.846242
24.725, 1.93879, -0.846242
24.75, 1.9657, -0.863094
24.775, 1.99211, -0.87996
24.8, 2.01797, -0.896824
24.825, 2.01797, -0.896824
24.85, 2.04323, -0.913675
24.875, 2.04323, -0.913675
24.9, 2.04323, -0.913675
24.925, 2.04323, -0.913675
24.95, 2.06789, -0.930507
24.975, 2.06789, -0.930507
25, 2.06789, -0.930507
25.025, 2.09183, -0.947299
25.05, 2.11503, -0.964035
25.075, 2.11503, -0.964035
25.1, 2.11503, -0.964035
25.125, 2.13759, -0.980682
25.15, 2.13759, -0.980682
25.175, 2.15941, -0.997215
25.2, 2.1805, -1.01364
25.225, 2.1805, -1.01364
25.25, 2.20075, -1.02993
25.275, 2.20075, -1.02993
25.3, 2.20075, -1.02993
25.325, 2.20075, -1.02993
25.35, 2.2206, -1.04611
25.375, 2.23968, -1.06208
25.4, 2.23968, -1.06208
25.425, 2.23968, -1.06208
25.45, 2.25741, -1.07775
25.475, 2.27431, -1.0932
25.5, 2.29046, -1.10846
25.525, 2.29046, -1.10846
25.55, 2.29046, -1.10846
25.575, 2.30587, -1.12351
25.6, 2.30587, -1.12351
25.625, 2.30587, -1.12351
25.65, 2.30587, -1.12351
25.675, 2.32055, -1.13834
25.7, 2.32055, -1.13834
25.725, 2.32055, -1.13834
25.75, 2.33449, -1.15295
25.775, 2.34771, -1.16732
25.8, 2.3602, -1.18145
25.825, 2.3602, -1.18145
25.85, 2.3602, -1.18145
25.875, 2.3602, -1.18145
25.9, 2.37194, -1.19533
25.925, 2.38295, -1.20896
25.95, 2.39325, -1.22232
25.975, 2.39325, -1.22232
26, 2.40288, -1.23543
26.025, 2.41187, -1.24826
26.05, 2.41187, -1.24826
26.075, 2.41187, -1.24826
26.1, 2.42024, -1.26082
26.125, 2.42804, -1.27311
26.15, 2.42804, -1.27311
26.175, 2.43527, -1.28512
26.2, 2.43527, -1.28512
26.225, 2.442, -1.29685
26.25, 2.442, -1.29685
26.275, 2.442, -1.29685
26.3, 2.442, -1.29685
26.325, 2.44824, -1.30831
26.35, 2.44824, -1.30831
26.375, 2.45373, -1.3195
26.4, 2.45821, -1.3304
26.425, 2.46146, -1.34101
26.45, 2.46146, -1.34101
26.475, 2.46146, -1.34101
26.5, 2.46146, -1.34101
26.525, 2.46146, -1.34101
26.55, 2.46146, -1.34101
26.575, 2.46146, -1.34101
26.6, 2.46146, -1.34101
26.625, 2.46146, -1.34101
26.65, 2.46442, -1.35138
26.675, 2.46442, -1.35138
26.7, 2.46686, -1.36147
26.725, 2.46686, -1.36147
26.75, 2.46686, -1.36147
26.775, 2.46686, -1.36147
26.8, 2.46908, -1.3713
26.825, 2.47107, -1.38084
26.85, 2.47281, -1.39012
26.875, 2.47281, -1.39012
26.9, 2.47426, -1.39913
26.925, 2.47426, -1.39913
26.95, 2.47547, -1.40789
26.975, 2.47649, -1.4164
27, 2.47733, -1.42468
27.025, 2.47733, -1.42468
27.05, 2.47733, -1.42468
27.075, 2.47733, -1.42468
27.1, 2.47733, -1.42468
27.125, 2.47788, -1.4327
27.15, 2.47822, -1.44049
27.175, 2.47822, -1.44049
27.2, 2.47836, -1.44806
27.225, 2.47832, -1.4554
27.25, 2.47832, -1.4554
27.275, 2.47832, -1.4554
27.3, 2.47832, -1.4554
27.325, 2.47817, -1.46253
27.35, 2.47817, -1.46253
27.375, 2.47817, -1.46253
27.4, 2.47789, -1.46944
27.425, 2.47746, -1.47615
27.45, 2.47686, -1.48264
27.475, 2.47686, -1.48264
27.5, 2.47686, -1.48264
27.525, 2.47686, -1.48264
27.55, 2.47686, -1.48264
27.575, 2.47613, -1.48895
27.6, 2.47613, -1.48895
27.625, 2.47613, -1.48895
27.65, 2.47613, -1.48895
27.675, 2.47613, -1.48895
27.7, 2.47564, -1.49507
27.725, 2.47489, -1.50099
27.75, 2.47489, -1.50099
27.775, 2.47418, -1.50673
27.8, 2.47418, -1.50673
27.825, 2.47313, -1.51231
27.85, 2.47165, -1.51772
27.875, 2.47165, -1.51772
27.9, 2.47165, -1.51772
27.925, 2.47024, -1.52296
27.95, 2.47024, -1.52296
27.975, 2.46882, -1.52804
28, 2.46736, -1.53295
28.025, 2.46736, -1.53295
28.05, 2.46585, -1.5377
28.075, 2.46435, -1.54231
28.1, 2.46284, -1.54677
28.125, 2.46134, -1.55109
28.15, 2.45983, -1.55528
28.175, 2.45983, -1.55528
28.2, 2.45832, -1.55933
28.225, 2.45832, -1.55933
28.25, 2.45832, -1.55933
28.275, 2.45832, -1.55933
28.3, 2.45678, -1.56327
28.325, 2.45678, -1.56327
28.35, 2.45678, -1.56327
28.375, 2.45509, -1.56708
28.4, 2.4533, -1.57078
28.425, 2.45139, -1.57436
28.45, 2.45139, -1.57436
28.475, 2.45139, -1.57436
28.5, 2.45139, -1.57436
28.525, 2.44923, -1.57784
28.55, 2.44692, -1.58121
28.575, 2.44692, -1.58121
28.6, 2.4445, -1.58448
28.625, 2.4445, -1.58448
28.65, 2.4445, -1.58448
28.675, 2.4445, -1.58448
28.7, 2.4445, -1.58448
28.725, 2.4445, -1.58448
28.75, 2.4445, -1.58448
28.775, 2.4445, -1.58448
28.8, 2.4445, -1.58448
28.825, 2.4423, -1.58765
28.85, 2.4423, -1.58765
28.875, 2.4423, -1.58765
28.9, 2.4423, -1.58765
28.925, 2.44014, -1.59072
28.95, 2.44014, -1.59072
28.975, 2.44014, -1.59072
29, 2.4368, -1.59371
29.025, 2.43243, -1.59662
29.05, 2.43243, -1.59662
29.075, 2.42817, -1.59945
29.1, 2.42817, -1.59945
29.125, 2.42817, -1.59945
29.15, 2.424, -1.60217
29.175, 2.424, -1.60217
29.2, 2.424, -1.60217
29.225, 2.41999, -1.60481
29.25, 2.41999, -1.60481
29.275, 2.41999, -1.60481
29.3, 2.416, -1.60738
29.325, 2.41215, -1.60986
29.35, 2.40849, -1.61226
29.375, 2.40849, -1.61226
29.4, 2.40496, -1.61458
29.425, 2.40496, -1.61458
29.45, 2.40152, -1.61683
29.475, 2.40152, -1.61683
29.5, 2.39818, -1.619
29.525, 2.39493, -1.62111
29.55, 2.39177, -1.62315
29.575, 2.39177, -1.62315
29.6, 2.39177, -1.62315
29.625, 2.39177, -1.62315
29.65, 2.38869, -1.62512
29.675, 2.38869, -1.62512
29.7, 2.38869, -1.62512
29.725, 2.38869, -1.62512
29.75, 2.38869, -1.62512
29.775, 2.38869, -1.62512
29.8, 2.38869, -1.62512
29.825, 2.38869, -1.62512
29.85, 2.38869, -1.62512
29.875, 2.38869, -1.62512
29.9, 2.38554, -1.62704
29.925, 2.38241, -1.62891
29.95, 2.37938, -1.63071
29.975, 2.37642, -1.63245
30, 2.37642, -1.63245
30, 2.37642, -1.63245
30.025, 2.37224, -1.63414
30.05, 2.36699, -1.63577
30.075, 2.36699, -1.63577
30.1, 2.36699, -1.63577
30.125, 2.36699, -1.63577
30.15, 2.36699, -1.63577
30.175, 2.36699, -1.63577
30.2, 2.36699, -1.63577
30.225, 2.35825, -1.63734
30.25, 2.35825, -1.63734
30.275, 2.35825, -1.63734
30.3, 2.35825, -1.63734
30.325, 2.35825, -1.63734
30.35, 2.35825, -1.63734
30.375, 2.34942, -1.63886
30.4, 2.34079, -1.64034
30.425, 2.34079, -1.64034
30.45, 2.34079, -1.64034
30.475, 2.33119, -1.64176
30.5, 2.32197, -1.64313
30.525, 2.32197, -1.64313
30.55, 2.32197, -1.64313
30.575, 2.31179, -1.64446
30.6, 2.30244, -1.64573
30.625, 2.30244, -1.64573
30.65, 2.30244, -1.64573
30.675, 2.30244, -1.64573
30.7, 2.30244, -1.64573
30.725, 2.30244, -1.64573
30.75, 2.30244, -1.64573
30.775, 2.2943, -1.64688
30.8, 2.2943, -1.64688
30.825, 2.2943, -1.64688
30.85, 2.2943, -1.64688
30.875, 2.2943, -1.64688
30.9, 2.28645, -1.64798
30.925, 2.28089, -1.64903
30.95, 2.27692, -1.65004
30.975, 2.27417, -1.65101
31, 2.27309, -1.65193
31.025, 2.27419, -1.65281
31.05, 2.27419, -1.65281
31.075, 2.27604, -1.65367
31.1, 2.27604, -1.65367
31.125, 2.27757, -1.65449
31.15, 2.27847, -1.65529
31.175, 2.27847, -1.65529
31.2, 2.27914, -1.65607
31.225, 2.27914, -1.65607
31.25, 2.27914, -1.65607
31.275, 2.27979, -1.65688
31.3, 2.27979, -1.65688
31.325, 2.28011, -1.65774
31.35, 2.28011, -1.65774
31.375, 2.28038, -1.65855
31.4, 2.28038, -1.65855
31.425, 2.28038, -1.65855
31.45, 2.28048, -1.65933
31.475, 2.28124, -1.66009
31.5, 2.28309, -1.66083
31.525, 2.28309, -1.66083
31.55, 2.28309, -1.66083
31.575, 2.28309, -1.66083
31.6, 2.28309, -1.66083
31.625, 2.28531, -1.66152
31.65, 2.28531, -1.66152
31.675, 2.28745, -1.6622
31.7, 2.28745, -1.6622
31.725, 2.28745, -1.6622
31.75, 2.28745, -1.6622
31.775, 2.28745, -1.6622
31.8, 2.28745, -1.6622
31.825, 2.28745, -1.6622
31.85, 2.28828, -1.66289
31.875, 2.28844, -1.66359
31.9, 2.28844, -1.66359
31.925, 2.28844, -1.66359
31.95, 2.28844, -1.66359
31.975, 2.28842, -1.66427
32, 2.28842, -1.66427
32.025, 2.2882, -1.66493
32.05, 2.2882, -1.66493
32.075, 2.2882, -1.66493
32.1, 2.28768, -1.66559
32.125, 2.28673, -1.66624
32.15, 2.28673, -1.66624
32.175, 2.28515, -1.66689
32.2, 2.28301, -1.66754
32.225, 2.28301, -1.66754
32.25, 2.28301, -1.66754
32.275, 2.28076, -1.66817
32.3, 2.28076, -1.66817
32.325, 2.2786, -1.66878
32.35, 2.27612, -1.66938
32.375, 2.27612, -1.66938
32.4, 2.27612, -1.66938
32.425, 2.2718, -1.67001
32.45, 2.2718, -1.67001
32.475, 2.26513, -1.67069
32.5, 2.25765, -1.67136
32.525, 2.25071, -1.67201
32.55, 2.25071, -1.67201
32.575, 2.25071, -1.67201
32.6, 2.25071, -1.67201
32.625, 2.25071, -1.67201
32.65, 2.25071, -1.67201
32.675, 2.24358, -1.67265
32.7, 2.24358, -1.67265
32.725, 2.23567, -1.67329
32.75, 2.23567, -1.67329
32.775, 2.23567, -1.67329
32.8, 2.23567, -1.67329
32.825, 2.23567, -1.67329
32.85, 2.22901, -1.67389
32.875, 2.22901, -1.67389
32.9, 2.22901, -1.67389
32.925, 2.22901, -1.67389
32.95, 2.22901, -1.67389
32.975, 2.22239, -1.67447
33, 2.22239, -1.67447
33.025, 2.22239, -1.67447
33.05, 2.22239, -1.67447
33.075, 2.22239, -1.67447
33.1, 2.22239, -1.67447
33.125, 2.22239, -1.67447
33.15, 2.22239, -1.67447
33.175, 2.21605, -1.67503
33.2, 2.21605, -1.67503
33.225, 2.21605, -1.67503
33.25, 2.21605, -1.67503
33.275, 2.21026, -1.67557
33.3, 2.20497, -1.67608
33.325, 2.20497, -1.67608
33.35, 2.20497, -1.67608
33.375, 2.20497, -1.67608
33.4, 2.20497, -1.67608
33.425, 2.20017, -1.67657
33.45, 2.20017, -1.67657
33.475, 2.1959, -1.67702
33.5, 2.1959, -1.67702
33.525, 2.1959, -1.67702
33.55, 2.1959, -1.67702
33.575, 2.1959, -1.67702
33.6, 2.1959, -1.67702
33.625, 2.1959, -1.67702
33.65, 2.1959, -1.67702
33.675, 2.19214, -1.67746
33.7, 2.19214, -1.67746
33.725, 2.18889, -1.67786
33.75, 2.18889, -1.67786
33.775, 2.18586, -1.67825
33.8, 2.18586, -1.67825
33.825, 2.1826, -1.67864
33.85, 2.1826, -1.67864
33.875, 2.1826, -1.67864
33.9, 2.17948, -1.67901
33.925, 2.17948, -1.67901
33.95, 2.17948, -1.67901
33.975, 2.17948, -1.67901
34, 2.17948, -1.67901
34.025, 2.17948, -1.67901
34.05, 2.17948, -1.67901
34.075, 2.17948, -1.67901
34.1, 2.17948, -1.67901
34.125, 2.17665, -1.67937
34.15, 2.17395, -1.6797
34.175, 2.17395, -1.6797
34.2, 2.17135, -1.68003
34.225, 2.17135, -1.68003
34.25, 2.17135, -1.68003
34.275, 2.17135, -1.68003
34.3, 2.16891, -1.68034
34.325, 2.1666, -1.68064
34.35, 2.16441, -1.68092
34.375, 2.16234, -1.68119
34.4, 2.16234, -1.68119
34.425, 2.16234, -1.68119
34.45, 2.16038, -1.68145
34.475, 2.15851, -1.68169
34.5, 2.15851, -1.68169
34.525, 2.15851, -1.68169
34.55, 2.15679, -1.68192
34.575, 2.15519, -1.68214
34.6, 2.15519, -1.68214
34.625, 2.15519, -1.68214
34.65, 2.15519, -1.68214
34.675, 2.15349, -1.68235
34.7, 2.15349, -1.68235
34.725, 2.15349, -1.68235
34.75, 2.15166, -1.68256
34.775, 2.15166, -1.68256
34.8, 2.15166, -1.68256
34.825, 2.15166, -1.68256
34.85, 2.15166, -1.68256
34.875, 2.15166, -1.68256
34.9, 2.15166, -1.68256
34.925, 2.15025, -1.68274
34.95, 2.15025, -1.68274
34.975, 2.14873, -1.68293
35, 2.14677, -1.68313
35.025, 2.14677, -1.68313
35.05, 2.14677, -1.68313
35.075, 2.14677, -1.68313
35.1, 2.14604, -1.68329
35.125, 2.14604, -1.68329
35.15, 2.14604, -1.68329
35.175, 2.14604, -1.68329
35.2, 2.145, -1.68345
35.225, 2.145, -1.68345
35.25, 2.145, -1.68345
35.275, 2.14393, -1.68361
35.3, 2.14393, -1.68361
35.325, 2.1428, -1.68376
35.35, 2.1428, -1.68376
35.375, 2.1428, -1.68376
35.4, 2.14173, -1.68391
35.425, 2.14173, -1.68391
35.45, 2.14173, -1.68391
35.475, 2.14173, -1.68391
35.5, 2.14173, -1.68391
35.525, 2.14066, -1.68406
35.55, 2.14066, -1.68406
35.575, 2.13963, -1.6842
35.6, 2.13963, -1.6842
35.625, 2.13963, -1.6842
35.65, 2.13963, -1.6842
35.675, 2.13872, -1.68434
35.7, 2.13872, -1.68434
35.725, 2.13872, -1.68434
35.75, 2.13795, -1.68446
35.775, 2.13729, -1.68458
35.8, 2.13673, -1.6847
35.825, 2.1362, -1.68481
35.85, 2.13556, -1.68492
35.875, 2.13556, -1.68492
35.9, 2.13556, -1.68492
35.925, 2.13556, -1.68492
35.95, 2.1347, -1.68503
35.975, 2.13399, -1.68513
36, 2.13399, -1.68513
36.025, 2.13399, -1.68513
36.05, 2.13399, -1.68513
36.075, 2.13399, -1.68513
36.1, 2.1333, -1.68524
36.125, 2.13236, -1.68534
36.15, 2.13086, -1.68546
36.175, 2.12833, -1.68561
36.2, 2.12497, -1.68577
36.225, 2.12497, -1.68577
36.25, 2.12497, -1.68577
36.275, 2.12308, -1.68589
36.3, 2.12308, -1.68589
36.325, 2.12308, -1.68589
36.35, 2.12308, -1.68589
36.375, 2.12308, -1.68589
36.4, 2.12155, -1.686
36.425, 2.12155, -1.686
36.45, 2.12, -1.6861
36.475, 2.12, -1.6861
36.5, 2.12, -1.6861
36.525, 2.12, -1.6861
36.55, 2.12, -1.6861
36.575, 2.12, -1.6861
36.6, 2.12, -1.6861
36.625, 2.12, -1.6861
36.65, 2.12, -1.6861
36.675, 2.11865, -1.68621
36.7, 2.11736, -1.6863
36.725, 2.11736, -1.6863
36.75, 2.11736, -1.6863
36.775, 2.11592, -1.6864
36.8, 2.11431, -1.6865
36.825, 2.1125, -1.68661
36.85, 2.11052, -1.68671
36.875, 2.11052, -1.68671
36.9, 2.11052, -1.68671
36.925, 2.10872, -1.68681
36.95, 2.10704, -1.6869
36.975, 2.10704, -1.6869
37, 2.10704, -1.6869
37.025, 2.105, -1.68701
37.05, 2.10245, -1.68711
37.075, 2.10245, -1.68711
37.1, 2.09945, -1.68723
37.125, 2.09635, -1.68735
37.15, 2.09635, -1.68735
37.175, 2.09396, -1.68745
37.2, 2.09396, -1.68745
37.225, 2.09199, -1.68755
37.25, 2.09199, -1.68755
37.275, 2.08971, -1.68765
37.3, 2.08659, -1.68776
37.325, 2.08212, -1.68789
37.35, 2.08212, -1.68789
37.375, 2.08212, -1.68789
37.4, 2.07846, -1.68801
37.425, 2.07846, -1.68801
37.45, 2.07846, -1.68801
37.475, 2.07542, -1.68812
37.5, 2.07542, -1.68812
37.525, 2.07542, -1.68812
37.55, 2.07542, -1.68812
37.575, 2.07542, -1.68812
37.6, 2.07542, -1.68812
37.625, 2.07204, -1.68823
37.65, 2.06864, -1.68834
37.675, 2.06864, -1.68834
37.7, 2.06546, -1.68845
37.725, 2.06546, -1.68845
37.75, 2.06546, -1.68845
37.775, 2.06546, -1.68845
37.8, 2.06236, -1.68855
37.825, 2.05931, -1.68865
37.85, 2.05931, -1.68865
37.875, 2.05931, -1.68865
37.9, 2.05931, -1.68865
37.925, 2.05931, -1.68865
37.95, 2.05625, -1.68875
37.975, 2.05625, -1.68875
38, 2.05625, -1.68875
38.025, 2.05625, -1.68875
38.05, 2.05338, -1.68884
38.075, 2.05338, -1.68884
38.1, 2.05338, -1.68884
38.125, 2.05338, -1.68884
38.15, 2.05053, -1.68893
38.175, 2.05053, -1.68893
38.2, 2.05053, -1.68893
38.225, 2.05053, -1.68893
38.25, 2.05053, -1.68893
38.275, 2.04753, -1.68902
38.3, 2.04753, -1.68902
38.325, 2.04513, -1.68911
38.35, 2.04334, -1.68918
38.375, 2.04334, -1.68918
38.4, 2.04166, -1.68925
38.425, 2.04166, -1.68925
38.45, 2.03853, -1.68934
38.475, 2.03853, -1.68934
38.5, 2.03853, -1.68934
38.525, 2.03123, -1.68951
38.55, 2.03123, -1.68951
38.575, 2.02646, -1.68965
38.6, 2.02646, -1.68965
38.625, 2.02646, -1.68965
38.65, 2.02646, -1.68965
38.675, 2.02646, -1.68965
38.7, 2.02646, -1.68965
38.725, 2.02247, -1.68974
38.75, 2.01872, -1.68983
38.775, 2.01872, -1.68983
38.8, 2.01531, -1.68992
38.825, 2.01531, -1.68992
38.85, 2.01531, -1.68992
38.875, 2.01531, -1.68992
38.9, 2.01531, -1.68992
38.925, 2.01194, -1.69
38.95, 2.00881, -1.69008
38.975, 2.00585, -1.69016
39, 2.00585, -1.69016
39.025, 2.00585, -1.69016
39.05, 2.00585, -1.69016
39.075, 2.00585, -1.69016
39.1, 2.00585, -1.69016
39.125, 2.00585, -1.69016
39.15, 2.00303, -1.69023
39.175, 2.00303, -1.69023
39.2, 2.00303, -1.69023
39.225, 2.00303, -1.69023
39.25, 2.00303, -1.69023
39.275, 2.00303, -1.69023
39.3, 2.00303, -1.69023
39.325, 2.00031, -1.6903
39.35, 2.00031, -1.6903
39.375, 2.00031, -1.6903
39.4, 2.00031, -1.6903
39.425, 2.00031, -1.6903
39.45, 1.99764, -1.69037
39.475, 1.99505, -1.69043
39.5, 1.99505, -1.69043
39.525, 1.99505, -1.69043
39.55, 1.99241, -1.69049
39.575, 1.99241, -1.69049
39.6, 1.99241, -1.69049
39.625, 1.99241, -1.69049
39.65, 1.99241, -1.69049
39.675, 1.98987, -1.69055
39.7, 1.98732, -1.6906
39.725, 1.98431, -1.69064
39.75, 1.98431, -1.69064
39.775, 1.97933, -1.69071
39.8, 1.97933, -1.69071
39.825, 1.97256, -1.6908
39.85, 1.97256, -1.6908
39.875, 1.97256, -1.6908
39.9, 1.9664, -1.69089
39.925, 1.9664, -1.69089
39.95, 1.96021, -1.69097
39.975, 1.96021, -1.69097
40, 1.96021, -1.69097
40, 1.96021, -1.69097
40.025, 1.96021, -1.69097
40.05, 1.94523, -1.69114
40.075, 1.94523, -1.69114
40.1, 1.92975, -1.69131
40.125, 1.92975, -1.69131
40.15, 1.91592, -1.69148
40.175, 1.90361, -1.69164
40.2, 1.89073, -1.6918
40.225, 1.87692, -1.69196
40.25, 1.87692, -1.69196
40.275, 1.87692, -1.69196
40.3, 1.87692, -1.69196
40.325, 1.85926, -1.69211
40.35, 1.85926, -1.69211
40.375, 1.85926, -1.69211
40.4, 1.85926, -1.69211
40.425, 1.85926, -1.69211
40.45, 1.85926, -1.69211
40.475, 1.85926, -1.69211
40.5, 1.85926, -1.69211
40.525, 1.85926, -1.69211
40.55, 1.85926, -1.69211
40.575, 1.8382, -1.69203
40.6, 1.82315, -1.69192
40.625, 1.82315, -1.69192
40.65, 1.82315, -1.69192
40.675, 1.82315, -1.69192
40.7, 1.82315, -1.69192
40.725, 1.80983, -1.69184
40.75, 1.80983, -1.69184
40.775, 1.80983, -1.69184
40.8, 1.80983, -1.69184
40.825, 1.80983, -1.69184
40.85, 1.79645, -1.69171
40.875, 1.79645, -1.69171
40.9, 1.79645, -1.69171
40.925, 1.79645, -1.69171
40.95, 1.78266, -1.6916
40.975, 1.77315, -1.69145
41, 1.77315, -1.69145
41.025, 1.76841, -1.6913
41.05, 1.76841, -1.6913
41.075, 1.76688, -1.69116
41.1, 1.76688, -1.69116
41.125, 1.76688, -1.69116
41.15, 1.76688, -1.69116
41.175, 1.76688, -1.69116
41.2, 1.76312, -1.691
41.225, 1.76312, -1.691
41.25, 1.76312, -1.691
41.275, 1.76312, -1.691
41.3, 1.76049, -1.69085
41.325, 1.76092, -1.69068
41.35, 1.76092, -1.69068
41.375, 1.76092, -1.69068
41.4, 1.76138, -1.69052
41.425, 1.76138, -1.69052
41.45, 1.76138, -1.69052
41.475, 1.76178, -1.69036
41.5, 1.76178, -1.69036
41.525, 1.76237, -1.69021
41.55, 1.76339, -1.69006
41.575, 1.76339, -1.69006
41.6, 1.76425, -1.68992
41.625, 1.76477, -1.68978
41.65, 1.76477, -1.68978
41.675, 1.76469, -1.68966
41.7, 1.76404, -1.68954
41.725, 1.76404, -1.68954
41.75, 1.76404, -1.68954
41.775, 1.7629, -1.68942
41.8, 1.7629, -1.68942
41.825, 1.76126, -1.68931
41.85, 1.75965, -1.68921
41.875, 1.75965, -1.68921
41.9, 1.75838, -1.68911
41.925, 1.75838, -1.68911
41.95, 1.75736, -1.68902
41.975, 1.75689, -1.68893
42, 1.75689, -1.68893
42.025, 1.75618, -1.68884
42.05, 1.75618, -1.68884
42.075, 1.75416, -1.68875
42.1, 1.75136, -1.68868
42.125, 1.75136, -1.68868
42.15, 1.75136, -1.68868
42.175, 1.75136, -1.68868
42.2, 1.74778, -1.68865
42.225, 1.74778, -1.68865
42.25, 1.74778, -1.68865
42.275, 1.74778, -1.68865
42.3, 1.74648, -1.68855
42.325, 1.74648, -1.68855
42.35, 1.74648, -1.68855
42.375, 1.74399, -1.68846
42.4, 1.74133, -1.68838
42.425, 1.74133, -1.68838
42.45, 1.73875, -1.68831
42.475, 1.73621, -1.68824
42.5, 1.73621, -1.68824
42.525, 1.73621, -1.68824
42.55, 1.73621, -1.68824
42.575, 1.73621, -1.68824
42.6, 1.73464, -1.68815
42.625, 1.73464, -1.68815
42.65, 1.73308, -1.68806
42.675, 1.73308, -1.68806
42.7, 1.73308, -1.68806
42.725, 1.73308, -1.68806
42.75, 1.7317, -1.68797
42.775, 1.7317, -1.68797
42.8, 1.7317, -1.68797
42.825, 1.73063, -1.68787
42.85, 1.73063, -1.68787
42.875, 1.72972, -1.68777
42.9, 1.72891, -1.68767
42.925, 1.72891, -1.68767
42.95, 1.72891, -1.68767
42.975, 1.72818, -1.68757
43, 1.72818, -1.68757
43.025, 1.72818, -1.68757
43.05, 1.72735, -1.68748
43.075, 1.72636, -1.6874
43.1, 1.72636, -1.6874
43.125, 1.72511, -1.68732
43.15, 1.72511, -1.68732
43.175, 1.72511, -1.68732
43.2, 1.72511, -1.68732
43.225, 1.7246, -1.68723
43.25, 1.7246, -1.68723
43.275, 1.72416, -1.68715
43.3, 1.72416, -1.68715
43.325, 1.72204, -1.6871
43.35, 1.72204, -1.6871
43.375, 1.72204, -1.6871
43.4, 1.72204, -1.6871
43.425, 1.7227, -1.687
43.45, 1.7227, -1.687
43.475, 1.7227, -1.687
43.5, 1.72401, -1.68689
43.525, 1.72401, -1.68689
43.55, 1.72528, -1.68678
43.575, 1.72528, -1.68678
43.6, 1.72528, -1.68678
43.625, 1.72498, -1.68671
43.65, 1.72376, -1.68667
43.675, 1.72376, -1.68667
43.7, 1.72376, -1.68667
43.725, 1.72354, -1.6866
43.75, 1.72354, -1.6866
43.775, 1.72388, -1.68653
43.8, 1.72388, -1.68653
43.825, 1.72423, -1.68646
43.85, 1.72423, -1.68646
43.875, 1.72444, -1.68639
43.9, 1.72444, -1.68639
43.925, 1.72444, -1.68639
43.95, 1.72444, -1.68639
43.975, 1.72444, -1.68639
44, 1.72496, -1.68632
44.025, 1.72496, -1.68632
44.05, 1.72496, -1.68632
44.075, 1.7255, -1.68625
44.1, 1.7255, -1.68625
44.125, 1.7255, -1.68625
44.15, 1.7255, -1.68625
44.175, 1.72573, -1.68619
44.2, 1.72573, -1.68619
44.225, 1.72573, -1.68619
44.25, 1.72517, -1.68615
44.275, 1.72517, -1.68615
44.3, 1.72437, -1.68611
44.325, 1.72381, -1.68607
44.35, 1.72381, -1.68607
44.375, 1.72381, -1.68607
44.4, 1.72373, -1.68603
44.425, 1.72373, -1.68603
44.45, 1.72373, -1.68603
44.475, 1.72373, -1.68603
44.5, 1.72373, -1.68603
44.525, 1.71832, -1.68608
44.55, 1.71832, -1.68608
44.575, 1.71832, -1.68608
44.6, 1.71832, -1.68608
44.625, 1.71682, -1.68607
44.65, 1.71734, -1.68603
44.675, 1.71734, -1.68603
44.7, 1.71796, -1.686
44.725, 1.71721, -1.68598
44.75, 1.71721, -1.68598
44.775, 1.71313, -1.68602
44.8, 1.71313, -1.68602
44.825, 1.70764, -1.68609
44.85, 1.70189, -1.68616
44.875, 1.6967, -1.68622
44.9, 1.69213, -1.68628
44.925, 1.69213, -1.68628
44.95, 1.69213, -1.68628
44.975, 1.69213, -1.68628
45, 1.69213, -1.68628
45.025, 1.69213, -1.68628
45.05, 1.68597, -1.68635
45.075, 1.68597, -1.68635
45.1, 1.68597, -1.68635
45.125, 1.68597, -1.68635
45.15, 1.68597, -1.68635
45.175, 1.67982, -1.68643
45.2, 1.67982, -1.68643
45.225, 1.6733, -1.68651
45.25, 1.66647, -1.6866
45.275, 1.65941, -1.68669
45.3, 1.65941, -1.68669
45.325, 1.65941, -1.68669
45.35, 1.65941, -1.68669
45.375, 1.65941, -1.68669
45.4, 1.65179, -1.68678
45.425, 1.65179, -1.68678
45.45, 1.65179, -1.68678
45.475, 1.64529, -1.68687
45.5, 1.64529, -1.68687
45.525, 1.63962, -1.68694
45.55, 1.63514, -1.687
45.575, 1.63514, -1.687
45.6, 1.63514, -1.687
45.625, 1.63514, -1.687
45.65, 1.62872, -1.68707
45.675, 1.62872, -1.68707
45.7, 1.62004, -1.68719
45.725, 1.62004, -1.68719
45.75, 1.62004, -1.68719
45.775, 1.62004, -1.68719
45.8, 1.62004, -1.68719
45.825, 1.62004, -1.68719
45.85, 1.61166, -1.68731
45.875, 1.61166, -1.68731
45.9, 1.60264, -1.68743
45.925, 1.59233, -1.68758
45.95, 1.58082, -1.68775
45.975, 1.56849, -1.68793
46, 1.56849, -1.68793
46.025, 1.55794, -1.68809
46.05, 1.54879, -1.68823
46.075, 1.54879, -1.68823
46.1, 1.54879, -1.68823
46.125, 1.54879, -1.68823
46.15, 1.54879, -1.68823
46.175, 1.54879, -1.68823
46.2, 1.54879, -1.68823
46.225, 1.54025, -1.68834
46.25, 1.54025, -1.68834
46.275, 1.53242, -1.68844
46.3, 1.53242, -1.68844
46.325, 1.53242, -1.68844
46.35, 1.53242, -1.68844
46.375, 1.52485, -1.68854
46.4, 1.52485, -1.68854
46.425, 1.52485, -1.68854
46.45, 1.52485, -1.68854
46.475, 1.52485, -1.68854
46.5, 1.52485, -1.68854
46.525, 1.51755, -1.68864
46.55, 1.51065, -1.68872
46.575, 1.51065, -1.68872
46.6, 1.51065, -1.68872
46.625, 1.51065, -1.68872
46.65, 1.51065, -1.68872
46.675, 1.51065, -1.68872
46.7, 1.51065, -1.68872
46.725, 1.50388, -1.68881
46.75, 1.50388, -1.68881
46.775, 1.4973, -1.6889
46.8, 1.4973, -1.6889
46.825, 1.49059, -1.68899
46.85, 1.49059, -1.68899
46.875, 1.49059, -1.68899
46.9, 1.49059, -1.68899
46.925, 1.49059, -1.68899
46.95, 1.49059, -1.68899
46.975, 1.49059, -1.68899
47, 1.49059, -1.68899
47.025, 1.49059, -1.68899
47.05, 1.49059, -1.68899
47.075, 1.48565, -1.68905
47.1, 1.48565, -1.68905
47.125, 1.48565, -1.68905
47.15, 1.48565, -1.68905
47.175, 1.48328, -1.68903
47.2, 1.48328, -1.68903
47.225, 1.48035, -1.68902
47.25, 1.48035, -1.68902
47.275, 1.47722, -1.68903
47.3, 1.47722, -1.68903
47.325, 1.47722, -1.68903
47.35, 1.47722, -1.68903
47.375, 1.47722, -1.68903
47.4, 1.4741, -1.68904
47.425, 1.4741, -1.68904
47.45, 1.47116, -1.68904
47.475, 1.46819, -1.68904
47.5, 1.46819, -1.68904
47.525, 1.46819, -1.68904
47.55, 1.46819, -1.68904
47.575, 1.46819, -1.68904
47.6, 1.46819, -1.68904
47.625, 1.46819, -1.68904
47.65, 1.46819, -1.68904
47.675, 1.46819, -1.68904
47.7, 1.46819, -1.68904
47.725, 1.46819, -1.68904
47.75, 1.46819, -1.68904
47.775, 1.46819, -1.68904
47.8, 1.46819, -1.68904
47.825, 1.46819, -1.68904
47.85, 1.46819, -1.68904
47.875, 1.46586, -1.68903
47.9, 1.46586, -1.68903
47.925, 1.46366, -1.68902
47.95, 1.46366, -1.68902
47.975, 1.46156, -1.68902
48, 1.45957, -1.68902
48.025, 1.45764, -1.68903
48.05, 1.45577, -1.68904
48.075, 1.45383, -1.68905
48.1, 1.45383, -1.68905
48.125, 1.45383, -1.68905
48.15, 1.45134, -1.68906
48.175, 1.45134, -1.68906
48.2, 1.44926, -1.68907
48.225, 1.44926, -1.68907
48.25, 1.44926, -1.68907
48.275, 1.44926, -1.68907
48.3, 1.44771, -1.68907
48.325, 1.44602, -1.68905
48.35, 1.44602, -1.68905
48.375, 1.44197, -1.68907
48.4, 1.43596, -1.68912
48.425, 1.42861, -1.68919
48.45, 1.42172, -1.68925
48.475, 1.41579, -1.68932
48.5, 1.41025, -1.6894
48.525, 1.40452, -1.68953
48.55, 1.39854, -1.68968
48.575, 1.39854, -1.68968
48.6, 1.39305, -1.68981
48.625, 1.39305, -1.68981
48.65, 1.39305, -1.68981
48.675, 1.39305, -1.68981
48.7, 1.39305, -1.68981
48.725, 1.38902, -1.6899
48.75, 1.3853, -1.69
48.775, 1.3853, -1.69
48.8, 1.3853, -1.69
48.825, 1.38162, -1.69009
48.85, 1.37806, -1.69019
48.875, 1.37462, -1.69028
48.9, 1.37462, -1.69028
48.925, 1.37462, -1.69028
48.95, 1.37462, -1.69028
48.975, 1.37129, -1.69038
49, 1.36803, -1.69047
49.025, 1.36482, -1.69055
49.05, 1.36482, -1.69055
49.075, 1.36158, -1.69064
49.1, 1.35819, -1.69073
49.125, 1.35819, -1.69073
49.15, 1.35447, -1.69083
49.175, 1.35447, -1.69083
49.2, 1.35068, -1.69094
49.225, 1.35068, -1.69094
49.25, 1.34714, -1.69103
49.275, 1.34714, -1.69103
49.3, 1.34365, -1.69113
49.325, 1.34365, -1.69113
49.35, 1.34365, -1.69113
49.375, 1.33751, -1.69126
49.4, 1.33751, -1.69126
49.425, 1.33751, -1.69126
49.45, 1.33124, -1.69141
49.475, 1.32602, -1.69153
49.5, 1.32267, -1.69164
49.525, 1.32143, -1.69173
49.55, 1.32174, -1.69183
49.575, 1.32174, -1.69183
49.6, 1.32174, -1.69183
49.625, 1.32174, -1.69183
49.65, 1.32174, -1.69183
49.675, 1.32009, -1.69191
49.7, 1.32009, -1.69191
49.725, 1.3186, -1.69199
49.75, 1.3186, -1.69199
49.775, 1.3186, -1.69199
49.8, 1.31788, -1.69206
49.825, 1.31782, -1.69215
49.85, 1.31782, -1.69215
49.875, 1.31771, -1.69222
49.9, 1.31771, -1.69222
49.925, 1.31771, -1.69222
49.95, 1.31667, -1.69231
49.975, 1.31667, -1.69231
50, 1.31574, -1.69239
50, 1.31506, -1.69247
50.025, 1.31506, -1.69247
50.05, 1.31506, -1.69247
50.075, 1.31506, -1.69247
50.1, 1.31297, -1.69256
50.125, 1.30992, -1.69265
50.15, 1.30685, -1.69274
50.175, 1.30685, -1.69274
50.2, 1.30071, -1.69284
50.225, 1.30071, -1.69284
50.25, 1.30071, -1.69284
50.275, 1.29347, -1.69295
50.3, 1.29347, -1.69295
50.325, 1.29347, -1.69295
50.35, 1.29347, -1.69295
50.375, 1.29347, -1.69295
50.4, 1.2836, -1.69304
50.425, 1.2836, -1.69304
50.45, 1.27347, -1.69313
50.475, 1.27347, -1.69313
50.5, 1.27347, -1.69313
50.525, 1.26587, -1.69322
50.55, 1.26587, -1.69322
50.575, 1.26587, -1.69322
50.6, 1.2569, -1.69329
50.625, 1.2569, -1.69329
50.65, 1.24493, -1.69338
50.675, 1.24493, -1.69338
50.7, 1.24493, -1.69338
50.725, 1.24493, -1.69338
50.75, 1.2383, -1.69345
50.775, 1.2383, -1.69345
50.8, 1.2383, -1.69345
50.825, 1.23239, -1.69355
50.85, 1.23017, -1.6936
50.875, 1.22734, -1.69366
50.9, 1.22734, -1.69366
50.925, 1.22734, -1.69366
50.95, 1.21788, -1.6938
50.975, 1.20788, -1.69395
51, 1.20012, -1.69406
51.025, 1.20012, -1.69406
51.05, 1.20012, -1.69406
51.075, 1.193, -1.69418
51.1, 1.193, -1.69418
51.125, 1.193, -1.69418
51.15, 1.18411, -1.69425
51.175, 1.18411, -1.69425
51.2, 1.18411, -1.69425
51.225, 1.17317, -1.69435
51.25, 1.17317, -1.69435
51.275, 1.17317, -1.69435
51.3, 1.16223, -1.69445
51.325, 1.15222, -1.69453
51.35, 1.15222, -1.69453
51.375, 1.14175, -1.69462
51.4, 1.131, -1.69472
51.425, 1.131, -1.69472
51.45, 1.131, -1.69472
51.475, 1.131, -1.69472
51.5, 1.11901, -1.69482
51.525, 1.11901, -1.69482
51.55, 1.11901, -1.69482
51.575, 1.11901, -1.69482
51.6, 1.10595, -1.69493
51.625, 1.10595, -1.69493
51.65, 1.10595, -1.69493
51.675, 1.09235, -1.69505
51.7, 1.07895, -1.69517
51.725, 1.06561, -1.6953
51.75, 1.06561, -1.6953
51.775, 1.06561, -1.6953
51.8, 1.06561, -1.6953
51.825, 1.05119, -1.69544
51.85, 1.05119, -1.69544
51.875, 1.05119, -1.69544
51.9, 1.05119, -1.69544
51.925, 1.05119, -1.69544
51.95, 1.03712, -1.69557
51.975, 1.03712, -1.69557
52, 1.03712, -1.69557
52.025, 1.03712, -1.69557
52.05, 1.03712, -1.69557
52.075, 1.03712, -1.69557
52.1, 1.01939, -1.69573
52.125, 1.01939, -1.69573
52.15, 1.00167, -1.6959
52.175, 1.00167, -1.6959
52.2, 1.00167, -1.6959
52.225, 1.00167, -1.6959
52.25, 1.00167, -1.6959
52.275, 1.00167, -1.6959
52.3, 1.00167, -1.6959
52.325, 1.00167, -1.6959
52.35, 1.00167, -1.6959
52.375, 0.981592, -1.69601
52.4, 0.981592, -1.69601
52.425, 0.981592, -1.69601
52.45, 0.981592, -1.69601
52.475, 0.981592, -1.69601
52.5, 0.981592, -1.69601
52.525, 0.981592, -1.69601
52.55, 0.960356, -1.69615
52.575, 0.960356, -1.69615
52.6, 0.960356, -1.69615
52.625, 0.960356, -1.69615
52.65, 0.93825, -1.69633
52.675, 0.916195, -1.69653
52.7, 0.916195, -1.69653
52.725, 0.894323, -1.69673
52.75, 0.87288, -1.69694
52.775, 0.851931, -1.69714
52.8, 0.851931, -1.69714
52.825, 0.851931, -1.69714
52.85, 0.831165, -1.69735
52.875, 0.810863, -1.69756
52.9, 0.810863, -1.69756
52.925, 0.790562, -1.69778
52.95, 0.770263, -1.69802
52.975, 0.770263, -1.69802
53, 0.770263, -1.69802
53.025, 0.770263, -1.69802
53.05, 0.770263, -1.69802
53.075, 0.751111, -1.69823
53.1, 0.751111, -1.69823
53.125, 0.751111, -1.69823
53.15, 0.751111, -1.69823
53.175, 0.751111, -1.69823
53.2, 0.751111, -1.69823
53.225, 0.751111, -1.69823
53.25, 0.751111, -1.69823
53.275, 0.751111, -1.69823
53.3, 0.731296, -1.69844
53.325, 0.731296, -1.69844
53.35, 0.731296, -1.69844
53.375, 0.731296, -1.69844
53.4, 0.731296, -1.69844
53.425, 0.711326, -1.69863
53.45, 0.691095, -1.69885
53.475, 0.691095, -1.69885
53.5, 0.691095, -1.69885
53.525, 0.670487, -1.69911
53.55, 0.670487, -1.69911
53.575, 0.650593, -1.69937
53.6, 0.650593, -1.69937
53.625, 0.631703, -1.6996
53.65, 0.631703, -1.6996
53.675, 0.613349, -1.69983
53.7, 0.595411, -1.70005
53.725, 0.595411, -1.70005
53.75, 0.57759, -1.70028
53.775, 0.57759, -1.70028
53.8, 0.559976, -1.70052
53.825, 0.542728, -1.70076
53.85, 0.525946, -1.70099
53.875, 0.50965, -1.70122
53.9, 0.50965, -1.70122
53.925, 0.50965, -1.70122
53.95, 0.493717, -1.70144
53.975, 0.493717, -1.70144
54, 0.478179, -1.70166
54.025, 0.478179, -1.70166
54.05, 0.463023, -1.70188
54.075, 0.463023, -1.70188
54.1, 0.44793, -1.7021
54.125, 0.432942, -1.70233
54.15, 0.432942, -1.70233
54.175, 0.418302, -1.70256
54.2, 0.418302, -1.70256
54.225, 0.404287, -1.70278
54.25, 0.404287, -1.70278
54.275, 0.390949, -1.70298
54.3, 0.378336, -1.70318
54.325, 0.378336, -1.70318
54.35, 0.378336, -1.70318
54.375, 0.378336, -1.70318
54.4, 0.365331, -1.7034
54.425, 0.365331, -1.7034
54.45, 0.365331, -1.7034
54.475, 0.365331, -1.7034
54.5, 0.353692, -1.70353
54.525, 0.353692, -1.70353
54.55, 0.353692, -1.70353
54.575, 0.342121, -1.70365
54.6, 0.330561, -1.70377
54.625, 0.318764, -1.70392
54.65, 0.318764, -1.70392
54.675, 0.306763, -1.7041
54.7, 0.294544, -1.70431
54.725, 0.294544, -1.70431
54.75, 0.283263, -1.70449
54.775, 0.283263, -1.70449
54.8, 0.272978, -1.70465
54.825, 0.263431, -1.70481
54.85, 0.25435, -1.70496
54.875, 0.25435, -1.70496
54.9, 0.25435, -1.70496
54.925, 0.245189, -1.70511
54.95, 0.236069, -1.70527
54.975, 0.236069, -1.70527
55, 0.236069, -1.70527
55.025, 0.227182, -1.70543
55.05, 0.227182, -1.70543
55.075, 0.218489, -1.70558
55.1, 0.218489, -1.70558
55.125, 0.218489, -1.70558
55.15, 0.218489, -1.70558
55.175, 0.218489, -1.70558
55.2, 0.210069, -1.70573
55.225, 0.201825, -1.70588
55.25, 0.201825, -1.70588
55.275, 0.201825, -1.70588
55.3, 0.201825, -1.70588
55.325, 0.201825, -1.70588
55.35, 0.201825, -1.70588
55.375, 0.194184, -1.70601
55.4, 0.194184, -1.70601
55.425, 0.194184, -1.70601
55.45, 0.194184, -1.70601
55.475, 0.194184, -1.70601
55.5, 0.185879, -1.70611
55.525, 0.185879, -1.70611
55.55, 0.185879, -1.70611
55.575, 0.185879, -1.70611
55.6, 0.185879, -1.70611
55.625, 0.185879, -1.70611
55.65, 0.178702, -1.70613
55.675, 0.178702, -1.70613
55.7, 0.178702, -1.70613
55.725, 0.178702, -1.70613
55.75, 0.170879, -1.7061
55.775, 0.170879, -1.7061
55.8, 0.162374, -1.70611
55.825, 0.162374, -1.70611
55.85, 0.162374, -1.70611
55.875, 0.162374, -1.70611
55.9, 0.162374, -1.70611
55.925, 0.162374, -1.70611
55.95, 0.162374, -1.70611
55.975, 0.162374, -1.70611
56, 0.162374, -1.70611
56.025, 0.162374, -1.70611
56.05, 0.162374, -1.70611
56.075, 0.154432, -1.70609
56.1, 0.146936, -1.70606
56.125, 0.140164, -1.70602
56.15, 0.13445, -1.70597
56.175, 0.13445, -1.70597
56.2, 0.13445, -1.70597
56.225, 0.129933, -1.70597
56.25, 0.129933, -1.70597
56.275, 0.126137, -1.70599
56.3, 0.126137, -1.70599
56.325, 0.12321, -1.70604
56.35, 0.121162, -1.70608
56.375, 0.121162, -1.70608
56.4, 0.11986, -1.70616
56.425, 0.11986, -1.70616
56.45, 0.11986, -1.70616
56.475, 0.11986, -1.70616
56.5, 0.11859, -1.70623
56.525, 0.11859, -1.70623
56.55, 0.117795, -1.70636
56.575, 0.117588, -1.70651
56.6, 0.117588, -1.70651
56.625, 0.117588, -1.70651
56.65, 0.117356, -1.70664
56.675, 0.117356, -1.70664
56.7, 0.117356, -1.70664
56.725, 0.117121, -1.70676
56.75, 0.116928, -1.70688
56.775, 0.116738, -1.70702
56.8, 0.11642, -1.7072
56.825, 0.11642, -1.7072
56.85, 0.11642, -1.7072
56.875, 0.116082, -1.70739
56.9, 0.115315, -1.70762
56.925, 0.114398, -1.70786
56.95, 0.113563, -1.70809
56.975, 0.113563, -1.70809
57, 0.113563, -1.70809
57.025, 0.113563, -1.70809
57.05, 0.113563, -1.70809
57.075, 0.112067, -1.70838
57.1, 0.112067, -1.70838
57.125, 0.109827, -1.70876
57.15, 0.109827, -1.70876
57.175, 0.109827, -1.70876
57.2, 0.109827, -1.70876
57.225, 0.109599, -1.70888
57.25, 0.109599, -1.70888
57.275, 0.109599, -1.70888
57.3, 0.109599, -1.70888
57.325, 0.109599, -1.70888
57.35, 0.109599, -1.70888
57.375, 0.109599, -1.70888
57.4, 0.109599, -1.70888
57.425, 0.109599, -1.70888
57.45, 0.109599, -1.70888
57.475, 0.112106, -1.70869
57.5, 0.113672, -1.70854
57.525, 0.113672, -1.70854
57.55, 0.114618, -1.70841
57.575, 0.114618, -1.70841
57.6, 0.114796, -1.70832
57.625, 0.11396, -1.70827
57.65, 0.11396, -1.70827
57.675, 0.112482, -1.70825
57.7, 0.112482, -1.70825
57.725, 0.112482, -1.70825
57.75, 0.110798, -1.70824
57.775, 0.110798, -1.70824
57.8, 0.109001, -1.70824
57.825, 0.109001, -1.70824
57.85, 0.109001, -1.70824
57.875, 0.108056, -1.70821
57.9, 0.108056, -1.70821
57.925, 0.10685, -1.70819
57.95, 0.10685, -1.70819
57.975, 0.104841, -1.7082
58, 0.101748, -1.70824
58.025, 0.0979405, -1.70831
58.05, 0.0979405, -1.70831
58.075, 0.0954013, -1.70833
58.1, 0.0954013, -1.70833
58.125, 0.0954013, -1.70833
58.15, 0.094945, -1.70833
58.175, 0.094945, -1.70833
58.2, 0.094945, -1.70833
58.225, 0.094945, -1.70833
58.25, 0.0922576, -1.70839
58.275, 0.0922576, -1.70839
58.3, 0.0884754, -1.70851
58.325, 0.0884754, -1.70851
58.35, 0.0884754, -1.70851
58.375, 0.0884754, -1.70851
58.4, 0.0883379, -1.70852
58.425, 0.0898059, -1.70852
58.45, 0.0898059, -1.70852
58.475, 0.0898059, -1.70852
58.5, 0.0898059, -1.70852
58.525, 0.0898059, -1.70852
58.55, 0.0902634, -1.70853
58.575, 0.0907315, -1.70854
58.6, 0.0907315, -1.70854
58.625, 0.0907315, -1.70854
58.65, 0.0925512, -1.70852
58.675, 0.0952331, -1.70849
58.7, 0.0952331, -1.70849
58.725, 0.0952331, -1.70849
58.75, 0.0980122, -1.70847
58.775, 0.0980122, -1.70847
58.8, 0.101186, -1.70845
58.825, 0.104836, -1.70842
58.85, 0.104836, -1.70842
58.875, 0.104836, -1.70842
58.9, 0.104836, -1.70842
58.925, 0.104836, -1.70842
58.95, 0.108506, -1.7084
58.975, 0.112918, -1.70838
59, 0.118017, -1.70835
59.025, 0.118017, -1.70835
59.05, 0.123252, -1.70834
59.075, 0.123252, -1.70834
59.1, 0.12846, -1.70833
59.125, 0.133969, -1.70832
59.15, 0.133969, -1.70832
59.175, 0.133969, -1.70832
59.2, 0.139258, -1.70831
59.225, 0.139258, -1.70831
59.25, 0.139258, -1.70831
59.275, 0.139258, -1.70831
59.3, 0.139258, -1.70831
59.325, 0.139258, -1.70831
59.35, 0.145184, -1.7081
59.375, 0.145184, -1.7081
59.4, 0.145184, -1.7081
59.425, 0.145184, -1.7081
59.45, 0.145184, -1.7081
59.475, 0.145184, -1.7081
59.5, 0.145184, -1.7081
59.525, 0.145184, -1.7081
59.55, 0.151401, -1.70793
59.575, 0.151401, -1.70793
59.6, 0.157485, -1.7078
59.625, 0.163671, -1.70766
59.65, 0.163671, -1.70766
59.675, 0.163671, -1.70766
59.7, 0.163671, -1.70766
59.725, 0.169521, -1.70753
59.75, 0.169521, -1.70753
59.775, 0.169521, -1.70753
59.8, 0.175429, -1.70742
59.825, 0.181982, -1.70729
59.85, 0.181982, -1.70729
59.875, 0.181982, -1.70729
59.9, 0.181982, -1.70729
59.925, 0.181982, -1.70729
59.95, 0.181982, -1.70729
59.975, 0.181982, -1.70729
60, 0.189676, -1.70698
60, 0.197693, -1.70665
60.025, 0.206106, -1.70631
60.05, 0.21477, -1.70595
60.075, 0.223628, -1.7056
60.1, 0.223628, -1.7056
60.125, 0.223628, -1.7056
60.15, 0.232094, -1.70525
60.175, 0.240746, -1.70489
60.2, 0.249419, -1.70454
60.225, 0.257887, -1.70419
60.25, 0.266505, -1.70384
60.275, 0.275499, -1.70347
60.3, 0.275499, -1.70347
60.325, 0.284279, -1.70312
60.35, 0.284279, -1.70312
60.375, 0.284279, -1.70312
60.4, 0.284279, -1.70312
60.425, 0.292748, -1.70277
60.45, 0.292748, -1.70277
60.475, 0.301255, -1.70245
60.5, 0.31055, -1.7021
60.525, 0.320548, -1.70174
60.55, 0.331157, -1.70136
60.575, 0.342363, -1.70097
60.6, 0.342363, -1.70097
60.625, 0.342363, -1.70097
60.65, 0.342363, -1.70097
60.675, 0.342363, -1.70097
60.7, 0.342363, -1.70097
60.725, 0.354459, -1.70043
60.75, 0.367032, -1.6999
60.775, 0.367032, -1.6999
60.8, 0.367032, -1.6999
60.825, 0.378529, -1.69937
60.85, 0.378529, -1.69937
60.875, 0.390574, -1.69884
60.9, 0.390574, -1.69884
60.925, 0.403411, -1.69836
60.95, 0.403411, -1.69836
60.975, 0.403411, -1.69836
61, 0.403411, -1.69836
61.025, 0.416607, -1.6978
61.05, 0.416607, -1.6978
61.075, 0.416607, -1.6978
61.1, 0.429311, -1.69727
61.125, 0.442508, -1.69673
61.15, 0.442508, -1.69673
61.175, 0.455743, -1.69621
61.2, 0.469684, -1.69566
61.225, 0.469684, -1.69566
61.25, 0.483271, -1.69515
61.275, 0.483271, -1.69515
61.3, 0.483271, -1.69515
61.325, 0.496244, -1.69467
61.35, 0.496244, -1.69467
61.375, 0.496244, -1.69467
61.4, 0.496244, -1.69467
61.425, 0.508879, -1.69419
61.45, 0.508879, -1.69419
61.475, 0.508879, -1.69419
61.5, 0.508879, -1.69419
61.525, 0.521087, -1.69373
61.55, 0.521087, -1.69373
61.575, 0.521087, -1.69373
61.6, 0.521087, -1.69373
61.625, 0.532809, -1.69329
61.65, 0.544261, -1.69285
61.675, 0.544261, -1.69285
61.7, 0.544261, -1.69285
61.725, 0.555262, -1.69242
61.75, 0.555262, -1.69242
61.775, 0.565748, -1.692
61.8, 0.565748, -1.692
61.825, 0.575544, -1.69159
61.85, 0.575544, -1.69159
61.875, 0.575544, -1.69159
61.9, 0.575544, -1.69159
61.925, 0.586249, -1.69116
61.95, 0.586249, -1.69116
61.975, 0.586249, -1.69116
62, 0.596503, -1.69078
62.025, 0.606331, -1.69044
62.05, 0.606331, -1.69044
62.075, 0.606331, -1.69044
62.1, 0.606331, -1.69044
62.125, 0.606331, -1.69044
62.15, 0.606331, -1.69044
62.175, 0.606331, -1.69044
62.2, 0.606331, -1.69044
62.225, 0.606331, -1.69044
62.25, 0.606331, -1.69044
62.275, 0.606331, -1.69044
62.3, 0.606331, -1.69044
62.325, 0.606331, -1.69044
62.35, 0.616551, -1.6901
62.375, 0.616551, -1.6901
62.4, 0.616551, -1.6901
62.425, 0.616551, -1.6901
62.45, 0.626612, -1.68977
62.475, 0.626612, -1.68977
62.5, 0.636406, -1.68948
62.525, 0.636406, -1.68948
62.55, 0.636406, -1.68948
62.575, 0.645933, -1.6892
62.6, 0.645933, -1.6892
62.625, 0.655119, -1.68894
62.65, 0.655119, -1.68894
62.675, 0.664141, -1.68869
62.7, 0.67301, -1.68848
62.725, 0.681774, -1.6883
62.75, 0.690352, -1.68815
62.775, 0.698744, -1.68803
62.8, 0.698744, -1.68803
62.825, 0.706941, -1.68793
62.85, 0.706941, -1.68793
62.875, 0.706941, -1.68793
62.9, 0.706941, -1.68793
62.925, 0.706941, -1.68793
62.95, 0.706941, -1.68793
62.975, 0.71486, -1.68784
63, 0.722529, -1.68775
63.025, 0.729953, -1.68766
63.05, 0.729953, -1.68766
63.075, 0.729953, -1.68766
63.1, 0.737189, -1.68762
63.125, 0.744087, -1.68763
63.15, 0.744087, -1.68763
63.175, 0.750502, -1.68768
63.2, 0.756697, -1.68773
63.225, 0.756697, -1.68773
63.25, 0.762487, -1.68777
63.275, 0.762487, -1.68777
63.3, 0.767982, -1.6878
63.325, 0.767982, -1.6878
63.35, 0.767982, -1.6878
63.375, 0.767982, -1.6878
63.4, 0.773429, -1.68788
63.425, 0.773429, -1.68788
63.45, 0.773429, -1.68788
63.475, 0.773429, -1.68788
63.5, 0.773429, -1.68788
63.525, 0.773429, -1.68788
63.55, 0.773429, -1.68788
63.575, 0.773429, -1.68788
63.6, 0.778857, -1.68794
63.625, 0.778857, -1.68794
63.65, 0.778857, -1.68794
63.675, 0.784137, -1.688
63.7, 0.789266, -1.68807
63.725, 0.789266, -1.68807
63.75, 0.789266, -1.68807
63.775, 0.789266, -1.68807
63.8, 0.789266, -1.68807
63.825, 0.794175, -1.68816
63.85, 0.798924, -1.68826
63.875, 0.798924, -1.68826
63.9, 0.80341, -1.68838
63.925, 0.80766, -1.68852
63.95, 0.811665, -1.68868
63.975, 0.81542, -1.68886
64, 0.81542, -1.68886
64.025, 0.818901, -1.68904
64.05, 0.818901, -1.68904
64.075, 0.82217, -1.68923
64.1, 0.82217, -1.68923
64.125, 0.825342, -1.68941
64.15, 0.825342, -1.68941
64.175, 0.825342, -1.68941
64.2, 0.828436, -1.6896
64.225, 0.828436, -1.6896
64.25, 0.828436, -1.6896
64.275, 0.828436, -1.6896
64.3, 0.830508, -1.68983
64.325, 0.830508, -1.68983
64.35, 0.830508, -1.68983
64.375, 0.833512, -1.69
64.4, 0.836637, -1.69015
64.425, 0.836637, -1.69015
64.45, 0.839666, -1.6903
64.475, 0.842593, -1.69045
64.5, 0.845201, -1.6906
64.525, 0.847188, -1.69078
64.55, 0.848397, -1.69099
64.575, 0.848716, -1.69124
64.6, 0.848716, -1.69124
64.625, 0.848716, -1.69124
64.65, 0.849498, -1.69146
64.675, 0.849498, -1.69146
64.7, 0.850242, -1.69166
64.725, 0.850242, -1.69166
64.75, 0.850968, -1.69186
64.775, 0.850968, -1.69186
64.8, 0.850968, -1.69186
64.825, 0.850968, -1.69186
64.85, 0.850968, -1.69186
64.875, 0.851627, -1.69206
64.9, 0.8522, -1.69226
64.925, 0.8522, -1.69226
64.95, 0.852668, -1.69246
64.975, 0.852668, -1.69246
65, 0.852668, -1.69246
65.025, 0.852839, -1.69267
65.05, 0.852839, -1.69267
65.075, 0.852638, -1.6929
65.1, 0.852638, -1.6929
65.125, 0.852638, -1.6929
65.15, 0.852194, -1.69313
65.175, 0.852194, -1.69313
65.2, 0.852194, -1.69313
65.225, 0.851442, -1.69337
65.25, 0.850537, -1.69361
65.275, 0.84957, -1.69385
65.3, 0.848585, -1.69408
65.325, 0.848585, -1.69408
65.35, 0.848585, -1.69408
65.375, 0.847503, -1.69431
65.4, 0.847503, -1.69431
65.425, 0.847503, -1.69431
65.45, 0.847503, -1.69431
65.475, 0.847503, -1.69431
65.5, 0.846722, -1.69452
65.525, 0.846722, -1.69452
65.55, 0.846722, -1.69452
65.575, 0.846722, -1.69452
65.6, 0.846722, -1.69452
65.625, 0.846122, -1.69472
65.65, 0.84553, -1.69491
65.675, 0.844719, -1.69512
65.7, 0.844719, -1.69512
65.725, 0.843244, -1.69536
65.75, 0.843244, -1.69536
65.775, 0.843244, -1.69536
65.8, 0.843244, -1.69536
65.825, 0.842057, -1.69556
65.85, 0.840468, -1.69576
65.875, 0.838276, -1.69595
65.9, 0.835983, -1.69614
65.925, 0.833885, -1.69632
65.95, 0.833885, -1.69632
65.975, 0.833885, -1.69632
66, 0.831854, -1.6965
66.025, 0.829886, -1.69668
66.05, 0.827866, -1.69685
66.075, 0.827866, -1.69685
66.1, 0.827866, -1.69685
66.125, 0.825488, -1.69702
66.15, 0.825488, -1.69702
66.175, 0.825488, -1.69702
66.2, 0.823493, -1.69718
66.225, 0.823493, -1.69718
66.25, 0.823493, -1.69718
66.275, 0.821693, -1.69733
66.3, 0.821693, -1.69733
66.325, 0.821693, -1.69733
66.35, 0.821693, -1.69733
66.375, 0.819987, -1.69749
66.4, 0.819987, -1.69749
66.425, 0.818276, -1.69763
66.45, 0.818276, -1.69763
66.475, 0.816545, -1.69777
66.5, 0.814814, -1.69791
66.525, 0.813125, -1.69804
66.55, 0.813125, -1.69804
66.575, 0.813125, -1.69804
66.6, 0.813125, -1.69804
66.625, 0.811608, -1.69817
66.65, 0.810135, -1.6983
66.675, 0.810135, -1.6983
66.7, 0.808429, -1.69842
66.725, 0.808429, -1.69842
66.75, 0.806313, -1.69854
66.775, 0.80384, -1.69865
66.8, 0.801893, -1.69877
66.825, 0.801893, -1.69877
66.85, 0.801893, -1.69877
66.875, 0.801893, -1.69877
66.9, 0.801893, -1.69877
66.925, 0.801265, -1.69879
66.95, 0.801265, -1.69879
66.975, 0.800333, -1.6988
67, 0.800333, -1.6988
67.025, 0.800333, -1.6988
67.05, 0.799635, -1.69881
67.075, 0.799635, -1.69881
67.1, 0.799635, -1.69881
67.125, 0.799635, -1.69881
67.15, 0.7995, -1.69882
67.175, 0.7995, -1.69882
67.2, 0.79935, -1.69883
67.225, 0.79935, -1.69883
67.25, 0.799049, -1.69883
67.275, 0.799049, -1.69883
67.3, 0.79873, -1.69884
67.325, 0.79873, -1.69884
67.35, 0.798462, -1.69885
67.375, 0.798283, -1.69885
67.4, 0.798386, -1.69887
67.425, 0.798386, -1.69887
67.45, 0.798386, -1.69887
67.475, 0.798386, -1.69887
67.5, 0.798386, -1.69887
67.525, 0.798386, -1.69887
67.55, 0.798482, -1.69887
67.575, 0.798647, -1.69888
67.6, 0.798647, -1.69888
67.625, 0.798858, -1.69889
67.65, 0.798858, -1.69889
67.675, 0.798858, -1.69889
67.7, 0.799274, -1.6989
67.725, 0.799274, -1.6989
67.75, 0.799274, -1.6989
67.775, 0.799776, -1.69892
67.8, 0.800418, -1.69895
67.825, 0.801134, -1.69898
67.85, 0.801134, -1.69898
67.875, 0.801134, -1.69898
67.9, 0.801134, -1.69898
67.925, 0.801134, -1.69898
67.95, 0.802442, -1.69901
67.975, 0.802442, -1.69901
68, 0.802442, -1.69901
68.025, 0.803269, -1.6991
68.05, 0.803269, -1.6991
68.075, 0.803269, -1.6991
68.1, 0.803269, -1.6991
68.125, 0.805596, -1.69909
68.15, 0.80766, -1.69907
68.175, 0.809308, -1.69906
68.2, 0.809308, -1.69906
68.225, 0.811312, -1.69904
68.25, 0.811312, -1.69904
68.275, 0.813326, -1.69904
68.3, 0.815281, -1.69905
68.325, 0.817097, -1.69909
68.35, 0.817097, -1.69909
68.375, 0.817097, -1.69909
68.4, 0.818947, -1.69911
68.425, 0.818947, -1.69911
68.45, 0.820723, -1.69913
68.475, 0.820723, -1.69913
68.5, 0.82247, -1.69915
68.525, 0.82247, -1.69915
68.55, 0.82247, -1.69915
68.575, 0.82247, -1.69915
68.6, 0.824104, -1.69917
68.625, 0.824104, -1.69917
68.65, 0.825646, -1.6992
68.675, 0.827088, -1.69922
68.7, 0.828397, -1.69925
68.725, 0.828397, -1.69925
68.75, 0.828397, -1.69925
68.775, 0.829472, -1.69929
68.8, 0.829472, -1.69929
68.825, 0.830315, -1.69933
68.85, 0.830315, -1.69933
68.875, 0.830315, -1.69933
68.9, 0.830315, -1.69933
68.925, 0.830315, -1.69933
68.95, 0.830315, -1.69933
68.975, 0.83137, -1.69936
69, 0.83137, -1.69936
69.025, 0.83137, -1.69936
69.05, 0.83137, -1.69936
69.075, 0.83137, -1.69936
69.1, 0.83137, -1.69936
69.125, 0.83137, -1.69936
69.15, 0.831019, -1.69942
69.175, 0.831019, -1.69942
69.2, 0.829056, -1.69952
69.225, 0.829056, -1.69952
69.25, 0.827884, -1.6996
69.275, 0.827884, -1.6996
69.3, 0.82765, -1.69968
69.325, 0.82765, -1.69968
69.35, 0.827428, -1.69975
69.375, 0.827204, -1.69983
69.4, 0.827204, -1.69983
69.425, 0.826493, -1.69991
69.45, 0.826493, -1.69991
69.475, 0.825033, -1.70001
69.5, 0.823453, -1.70012
69.525, 0.822153, -1.70021
69.55, 0.82112, -1.7003
69.575, 0.82112, -1.7003
69.6, 0.820171, -1.70039
69.625, 0.820171, -1.70039
69.65, 0.819225, -1.70047
69.675, 0.818261, -1.70055
69.7, 0.818261, -1.70055
69.725, 0.818261, -1.70055
69.75, 0.818261, -1.70055
69.775, 0.8174, -1.70063
69.8, 0.816605, -1.7007
69.825, 0.816605, -1.7007
69.85, 0.816605, -1.7007
69.875, 0.816605, -1.7007
69.9, 0.815947, -1.70077
69.925, 0.815283, -1.70084
69.95, 0.814561, -1.70091
69.975, 0.813738, -1.70098
70, 0.812683, -1.70106
70.025, 0.81109, -1.70115
70.05, 0.81109, -1.70115
70.075, 0.808217, -1.70125
70.1, 0.803697, -1.70137
70.125, 0.803697, -1.70137
70.15, 0.800723, -1.70147
70.175, 0.800035, -1.70156
70.2, 0.800035, -1.70156
70.225, 0.800035, -1.70156
70.25, 0.79667, -1.70163
70.275, 0.79667, -1.70163
70.3, 0.788289, -1.70173
70.325, 0.788289, -1.70173
70.35, 0.776102, -1.70187
70.375, 0.762418, -1.70201
70.4, 0.753213, -1.70212
70.425, 0.750593, -1.70221
70.45, 0.750593, -1.70221
70.475, 0.752415, -1.70235
70.5, 0.759267, -1.70251
70.525, 0.759267, -1.70251
70.55, 0.76596, -1.70266
70.575, 0.774417, -1.7028
70.6, 0.783716, -1.70294
70.625, 0.783716, -1.70294
70.65, 0.783716, -1.70294
70.675, 0.79306, -1.70308
70.7, 0.806006, -1.70321
70.725, 0.806006, -1.70321
70.75, 0.819254, -1.70337
70.775, 0.819254, -1.70337
70.8, 0.819254, -1.70337
70.825, 0.819254, -1.70337
70.85, 0.832744, -1.70333
70.875, 0.848881, -1.70328
70.9, 0.866748, -1.70323
70.925, 0.885762, -1.70317
70.95, 0.906226, -1.7031
70.975, 0.927927, -1.70302
71, 0.927927, -1.70302
71.025, 0.927927, -1.70302
71.05, 0.927927, -1.70302
71.075, 0.949505, -1.70286
71.1, 0.949505, -1.70286
71.125, 0.949505, -1.70286
71.15, 0.970293, -1.7027
71.175, 0.991941, -1.70255
71.2, 0.991941, -1.70255
71.225, 0.991941, -1.70255
71.25, 1.01286, -1.70239
71.275, 1.03419, -1.70222
71.3, 1.03419, -1.70222
71.325, 1.03419, -1.70222
71.35, 1.03419, -1.70222
71.375, 1.03419, -1.70222
71.4, 1.03419, -1.70222
71.425, 1.03419, -1.70222
71.45, 1.03419, -1.70222
71.475, 1.06376, -1.70167
71.5, 1.06376, -1.70167
71.525, 1.06376, -1.70167
71.55, 1.06376, -1.70167
71.575, 1.09198, -1.70116
71.6, 1.09198, -1.70116
71.625, 1.09198, -1.70116
71.65, 1.11672, -1.70074
71.675, 1.13978, -1.70033
71.7, 1.16145, -1.69992
71.725, 1.16145, -1.69992
71.75, 1.18205, -1.69953
71.775, 1.18205, -1.69953
71.8, 1.18205, -1.69953
71.825, 1.18205, -1.69953
71.85, 1.18205, -1.69953
71.875, 1.20111, -1.69916
71.9, 1.21836, -1.69879
71.925, 1.21836, -1.69879
71.95, 1.23393, -1.69843
71.975, 1.23393, -1.69843
72, 1.23393, -1.69843
72.025, 1.23393, -1.69843
72.05, 1.23393, -1.69843
72.075, 1.23393, -1.69843
72.1, 1.23393, -1.69843
72.125, 1.23393, -1.69843
72.15, 1.23393, -1.69843
72.175, 1.23393, -1.69843
72.2, 1.23393, -1.69843
72.225, 1.25415, -1.69798
72.25, 1.25415, -1.69798
72.275, 1.27339, -1.69754
72.3, 1.29188, -1.69713
72.325, 1.30979, -1.69673
72.35, 1.30979, -1.69673
72.375, 1.30979, -1.69673
72.4, 1.32714, -1.69635
72.425, 1.34389, -1.69599
72.45, 1.34389, -1.69599
72.475, 1.34389, -1.69599
72.5, 1.34389, -1.69599
72.525, 1.35932, -1.69563
72.55, 1.35932, -1.69563
72.575, 1.35932, -1.69563
72.6, 1.35932, -1.69563
72.625, 1.37552, -1.69531
72.65, 1.37552, -1.69531
72.675, 1.37552, -1.69531
72.7, 1.3913, -1.69501
72.725, 1.40621, -1.69472
72.75, 1.41979, -1.69443
72.775, 1.41979, -1.69443
72.8, 1.41979, -1.69443
72.825, 1.43194, -1.69414
72.85, 1.43194, -1.69414
72.875, 1.43194, -1.69414
72.9, 1.4447, -1.69388
72.925, 1.45796, -1.69366
72.95, 1.47123, -1.69346
72.975, 1.47123, -1.69346
73, 1.48368, -1.69325
73.025, 1.48368, -1.69325
73.05, 1.48368, -1.69325
73.075, 1.49472, -1.69305
73.1, 1.49472, -1.69305
73.125, 1.50516, -1.69286
73.15, 1.51505, -1.69266
73.175, 1.52449, -1.69248
73.2, 1.52449, -1.69248
73.225, 1.53362, -1.6923
73.25, 1.5425, -1.69213
73.275, 1.5425, -1.69213
73.3, 1.55119, -1.69197
73.325, 1.55119, -1.69197
73.35, 1.55961, -1.69181
73.375, 1.5678, -1.69166
73.4, 1.57576, -1.69152
73.425, 1.58347, -1.69138
73.45, 1.58347, -1.69138
73.475, 1.58347, -1.69138
73.5, 1.58347, -1.69138
73.525, 1.59102, -1.69125
73.55, 1.59851, -1.69114
73.575, 1.59851, -1.69114
73.6, 1.60582, -1.69102
73.625, 1.60582, -1.69102
73.65, 1.6127, -1.69091
73.675, 1.6127, -1.69091
73.7, 1.6127, -1.69091
73.725, 1.6127, -1.69091
73.75, 1.6127, -1.69091
73.775, 1.61985, -1.69081
73.8, 1.62723, -1.69074
73.825, 1.62723, -1.69074
73.85, 1.62723, -1.69074
73.875, 1.63434, -1.69065
73.9, 1.63434, -1.69065
73.925, 1.63434, -1.69065
73.95, 1.63434, -1.69065
73.975, 1.63434, -1.69065
74, 1.63434, -1.69065
74.025, 1.63434, -1.69065
74.05, 1.63434, -1.69065
74.075, 1.63434, -1.69065
74.1, 1.63434, -1.69065
74.125, 1.63434, -1.69065
74.15, 1.63434, -1.69065
74.175, 1.63434, -1.69065
74.2, 1.64113, -1.69057
74.225, 1.64765, -1.69049
74.25, 1.64765, -1.69049
74.275, 1.65408, -1.69041
74.3, 1.65408, -1.69041
74.325, 1.65408, -1.69041
74.35, 1.65408, -1.69041
74.375, 1.65408, -1.69041
74.4, 1.66027, -1.69035
74.425, 1.66634, -1.6903
74.45, 1.66634, -1.6903
74.475, 1.6722, -1.69027
74.5, 1.6722, -1.69027
74.525, 1.67783, -1.69024
74.55, 1.68327, -1.69023
74.575, 1.68327, -1.69023
74.6, 1.68851, -1.69022
74.625, 1.68851, -1.69022
74.65, 1.68851, -1.69022
74.675, 1.68851, -1.69022
74.7, 1.69333, -1.69024
74.725, 1.69333, -1.69024
74.75, 1.69333, -1.69024
74.775, 1.69785, -1.69026
74.8, 1.69785, -1.69026
74.825, 1.69785, -1.69026
74.85, 1.70215, -1.69028
74.875, 1.70215, -1.69028
74.9, 1.70215, -1.69028
74.925, 1.70572, -1.69033
74.95, 1.70572, -1.69033
74.975, 1.70572, -1.69033
75, 1.70811, -1.6904
75.025, 1.70811, -1.6904
75.05, 1.71115, -1.69045
75.075, 1.71115, -1.69045
75.1, 1.71115, -1.69045
75.125, 1.71364, -1.69052
75.15, 1.71364, -1.69052
75.175, 1.71607, -1.69058
75.2, 1.71607, -1.69058
75.225, 1.71607, -1.69058
75.25, 1.71607, -1.69058
75.275, 1.71607, -1.69058
75.3, 1.71607, -1.69058
75.325, 1.71607, -1.69058
75.35, 1.71852, -1.69063
75.375, 1.72088, -1.69067
75.4, 1.72312, -1.69071
75.425, 1.72312, -1.69071
75.45, 1.72312, -1.69071
75.475, 1.72528, -1.69074
75.5, 1.72732, -1.69077
75.525, 1.72732, -1.69077
75.55, 1.72927, -1.6908
75.575, 1.72927, -1.6908
75.6, 1.73115, -1.69082
75.625, 1.73294, -1.69085
75.65, 1.73294, -1.69085
75.675, 1.73294, -1.69085
75.7, 1.73465, -1.69087
75.725, 1.73627, -1.69089
75.75, 1.73779, -1.69091
75.775, 1.73925, -1.69093
75.8, 1.73925, -1.69093
75.825, 1.74076, -1.69095
75.85, 1.74076, -1.69095
75.875, 1.74229, -1.69098
75.9, 1.74384, -1.69101
75.925, 1.74534, -1.69104
75.95, 1.74675, -1.69107
75.975, 1.74802, -1.69109
76, 1.74802, -1.69109
76.025, 1.74802, -1.69109
76.05, 1.74802, -1.69109
76.075, 1.74802, -1.69109
76.1, 1.74802, -1.69109
76.125, 1.74969, -1.69112
76.15, 1.74969, -1.69112
76.175, 1.75128, -1.69114
76.2, 1.75128, -1.69114
76.225, 1.75128, -1.69114
76.25, 1.75128, -1.69114
76.275, 1.75051, -1.69119
76.3, 1.75051, -1.69119
76.325, 1.75051, -1.69119
76.35, 1.75051, -1.69119
76.375, 1.75051, -1.69119
76.4, 1.75202, -1.69122
76.425, 1.75384, -1.69127
76.45, 1.75384, -1.69127
76.475, 1.75384, -1.69127
76.5, 1.75384, -1.69127
76.525, 1.75387, -1.69131
76.55, 1.75387, -1.69131
76.575, 1.75387, -1.69131
76.6, 1.75387, -1.69131
76.625, 1.7537, -1.69135
76.65, 1.7537, -1.69135
76.675, 1.7537, -1.69135
76.7, 1.75332, -1.69138
76.725, 1.75332, -1.69138
76.75, 1.75332, -1.69138
76.775, 1.75332, -1.69138
76.8, 1.75278, -1.69142
76.825, 1.75206, -1.69145
76.85, 1.75114, -1.69148
76.875, 1.75114, -1.69148
76.9, 1.75025, -1.6915
76.925, 1.75025, -1.6915
76.95, 1.74939, -1.69153
76.975, 1.74886, -1.69156
77, 1.74881, -1.69159
77.025, 1.74918, -1.69162
77.05, 1.74995, -1.69166
77.075, 1.74995, -1.69166
77.1, 1.7508, -1.6917
77.125, 1.7518, -1.69174
77.15, 1.7518, -1.69174
77.175, 1.7518, -1.69174
77.2, 1.7518, -1.69174
77.225, 1.75304, -1.69179
77.25, 1.75304, -1.69179
77.275, 1.75304, -1.69179
77.3, 1.75304, -1.69179
77.325, 1.75304, -1.69179
77.35, 1.75304, -1.69179
77.375, 1.75304, -1.69179
77.4, 1.75304, -1.69179
77.425, 1.75444, -1.69174
77.45, 1.75471, -1.69169
77.475, 1.75471, -1.69169
77.5, 1.75471, -1.69169
77.525, 1.75568, -1.69165
77.55, 1.75568, -1.69165
77.575, 1.75666, -1.69163
77.6, 1.75666, -1.69163
77.625, 1.7576, -1.69161
77.65, 1.7576, -1.69161
77.675, 1.75836, -1.69159
77.7, 1.75836, -1.69159
77.725, 1.75836, -1.69159
77.75, 1.75836, -1.69159
77.775, 1.75936, -1.69157
77.8, 1.76044, -1.69155
77.825, 1.76044, -1.69155
77.85, 1.76144, -1.69155
77.875, 1.76144, -1.69155
77.9, 1.76144, -1.69155
77.925, 1.76144, -1.69155
77.95, 1.76219, -1.69156
77.975, 1.76219, -1.69156
78, 1.76267, -1.69158
78.025, 1.76267, -1.69158
78.05, 1.76267, -1.69158
78.075, 1.76267, -1.69158
78.1, 1.76267, -1.69158
78.125, 1.76263, -1.69161
78.15, 1.76263, -1.69161
78.175, 1.76209, -1.69166
78.2, 1.76106, -1.69171
78.225, 1.76106, -1.69171
78.25, 1.75996, -1.69176
78.275, 1.75885, -1.69182
78.3, 1.75783, -1.69187
78.325, 1.75783, -1.69187
78.35, 1.75783, -1.69187
78.375, 1.75652, -1.69192
78.4, 1.75652, -1.69192
78.425, 1.75367, -1.692
78.45, 1.74864, -1.69213
78.475, 1.7418, -1.69229
78.5, 1.7418, -1.69229
78.525, 1.7418, -1.69229
78.55, 1.7418, -1.69229
78.575, 1.7418, -1.69229
78.6, 1.7418, -1.69229
78.625, 1.7418, -1.69229
78.65, 1.7418, -1.69229
78.675, 1.73479, -1.69242
78.7, 1.72729, -1.69256
78.725, 1.72729, -1.69256
78.75, 1.72729, -1.69256
78.775, 1.72046, -1.69268
78.8, 1.71441, -1.69279
78.825, 1.71441, -1.69279
78.85, 1.71441, -1.69279
78.875, 1.70856, -1.69291
78.9, 1.70307, -1.69301
78.925, 1.69789, -1.69311
78.95, 1.69789, -1.69311
78.975, 1.69287, -1.69321
79, 1.69287, -1.69321
79.025, 1.69287, -1.69321
79.05, 1.68799, -1.6933
79.075, 1.68799, -1.6933
79.1, 1.68799, -1.6933
79.125, 1.68322, -1.69339
79.15, 1.68322, -1.69339
79.175, 1.68322, -1.69339
79.2, 1.68322, -1.69339
79.225, 1.67858, -1.69348
79.25, 1.67858, -1.69348
79.275, 1.67858, -1.69348
79.3, 1.67404, -1.69356
79.325, 1.66963, -1.69364
79.35, 1.66963, -1.69364
79.375, 1.66535, -1.69372
79.4, 1.66114, -1.69379
79.425, 1.66114, -1.69379
79.45, 1.66114, -1.69379
79.475, 1.66114, -1.69379
79.5, 1.65705, -1.69386
79.525, 1.6531, -1.69393
79.55, 1.6531, -1.69393
79.575, 1.6531, -1.69393
79.6, 1.6531, -1.69393
79.625, 1.6531, -1.69393
79.65, 1.6531, -1.69393
79.675, 1.6531, -1.69393
79.7, 1.64871, -1.69398
79.725, 1.64871, -1.69398
79.75, 1.64249, -1.69405
79.775, 1.64249, -1.69405
79.8, 1.63697, -1.69412
79.825, 1.63233, -1.69419
79.85, 1.63233, -1.69419
79.875, 1.62846, -1.69429
79.9, 1.62846, -1.69429
79.925, 1.62471, -1.69437
79.95, 1.6205, -1.69445
79.975, 1.6205, -1.69445
80, 1.6205, -1.69445
80.025, 1.6205, -1.69445
80.05, 1.6205, -1.69445
80.075, 1.61622, -1.69449
80.1, 1.61622, -1.69449
80.125, 1.60899, -1.69457
80.15, 1.59742, -1.6947
80.175, 1.59742, -1.6947
80.2, 1.59742, -1.6947
80.225, 1.59742, -1.6947
80.25, 1.59742, -1.6947
80.275, 1.59742, -1.6947
80.3, 1.59742, -1.6947
80.325, 1.59742, -1.6947
80.35, 1.58707, -1.69482
80.375, 1.58707, -1.69482
80.4, 1.57754, -1.69494
80.425, 1.57754, -1.69494
80.45, 1.57754, -1.69494
80.475, 1.5672, -1.69505
80.5, 1.5672, -1.69505
80.525, 1.5672, -1.69505
80.55, 1.5672, -1.69505
80.575, 1.55541, -1.69514
80.6, 1.55541, -1.69514
80.625, 1.54742, -1.69522
80.65, 1.54742, -1.69522
80.675, 1.54096, -1.6953
80.7, 1.54096, -1.6953
80.725, 1.54096, -1.6953
80.75, 1.54096, -1.6953
80.775, 1.53142, -1.69534
80.8, 1.52329, -1.69537
80.825, 1.52329, -1.69537
80.85, 1.51963, -1.69537
80.875, 1.51963, -1.69537
80.9, 1.51963, -1.69537
80.925, 1.51963, -1.69537
80.95, 1.51963, -1.69537
80.975, 1.51743, -1.69522
81, 1.51743, -1.69522
81.025, 1.51743, -1.69522
81.05, 1.51743, -1.69522
81.075, 1.51572, -1.69507
81.1, 1.52035, -1.69487
81.125, 1.53058, -1.69464
81.15, 1.53058, -1.69464
81.175, 1.53058, -1.69464
81.2, 1.53058, -1.69464
81.225, 1.53058, -1.69464
81.25, 1.53058, -1.69464
81.275, 1.54133, -1.69438
81.3, 1.54133, -1.69438
81.325, 1.54133, -1.69438
81.35, 1.552, -1.69413
81.375, 1.552, -1.69413
81.4, 1.552, -1.69413
81.425, 1.552, -1.69413
81.45, 1.56232, -1.69389
81.475, 1.56232, -1.69389
81.5, 1.5734, -1.69366
81.525, 1.5734, -1.69366
81.55, 1.58496, -1.69344
81.575, 1.58496, -1.69344
81.6, 1.58496, -1.69344
81.625, 1.59616, -1.69323
81.65, 1.59616, -1.69323
81.675, 1.60742, -1.69302
81.7, 1.61933, -1.69281
81.725, 1.61933, -1.69281
81.75, 1.61933, -1.69281
81.775, 1.63071, -1.69261
81.8, 1.63071, -1.69261
81.825, 1.63071, -1.69261
81.85, 1.63071, -1.69261
81.875, 1.64184, -1.69241
81.9, 1.64184, -1.69241
81.925, 1.64184, -1.69241
81.95, 1.65242, -1.69223
81.975, 1.65242, -1.69223
82, 1.65242, -1.69223
82.025, 1.6622, -1.69205
82.05, 1.67169, -1.69185
82.075, 1.67169, -1.69185
82.1, 1.67169, -1.69185
82.125, 1.67169, -1.69185
82.15, 1.67169, -1.69185
82.175, 1.68327, -1.69163
82.2, 1.69433, -1.69143
82.225, 1.69433, -1.69143
82.25, 1.69433, -1.69143
82.275, 1.70472, -1.69123
82.3, 1.70472, -1.69123
82.325, 1.70472, -1.69123
82.35, 1.7133, -1.69104
82.375, 1.7133, -1.69104
82.4, 1.72104, -1.69085
82.425, 1.72104, -1.69085
82.45, 1.72104, -1.69085
82.475, 1.72104, -1.69085
82.5, 1.72736, -1.69067
82.525, 1.73233, -1.69048
82.55, 1.73233, -1.69048
82.575, 1.73233, -1.69048
82.6, 1.73633, -1.6903
82.625, 1.73633, -1.6903
82.65, 1.73633, -1.6903
82.675, 1.73633, -1.6903
82.7, 1.74009, -1.69013
82.725, 1.74009, -1.69013
82.75, 1.74009, -1.69013
82.775, 1.74358, -1.68996
82.8, 1.74677, -1.68979
82.825, 1.74677, -1.68979
82.85, 1.74677, -1.68979
82.875, 1.74992, -1.68964
82.9, 1.74992, -1.68964
82.925, 1.74992, -1.68964
82.95, 1.75305, -1.68949
82.975, 1.75632, -1.68934
83, 1.75632, -1.68934
83.025, 1.75632, -1.68934
83.05, 1.75971, -1.68921
83.075, 1.76334, -1.6891
83.1, 1.76717, -1.68899
83.125, 1.77094, -1.68889
83.15, 1.77094, -1.68889
83.175, 1.77094, -1.68889
83.2, 1.77094, -1.68889
83.225, 1.77094, -1.68889
83.25, 1.77094, -1.68889
83.275, 1.77513, -1.68879
83.3, 1.77513, -1.68879
83.325, 1.77985, -1.68872
83.35, 1.78521, -1.68868
83.375, 1.78521, -1.68868
83.4, 1.79041, -1.68864
83.425, 1.79041, -1.68864
83.45, 1.79041, -1.68864
83.475, 1.79041, -1.68864
83.5, 1.79041, -1.68864
83.525, 1.79041, -1.68864
83.55, 1.79041, -1.68864
83.575, 1.79588, -1.6886
83.6, 1.79588, -1.6886
83.625, 1.79588, -1.6886
83.65, 1.79588, -1.6886
83.675, 1.79588, -1.6886
83.7, 1.79588, -1.6886
83.725, 1.79588, -1.6886
83.75, 1.79588, -1.6886
83.775, 1.79588, -1.6886
83.8, 1.80116, -1.68856
83.825, 1.80116, -1.68856
83.85, 1.80116, -1.68856
83.875, 1.80627, -1.68853
83.9, 1.80627, -1.68853
83.925, 1.80627, -1.68853
83.95, 1.81096, -1.68848
83.975, 1.81096, -1.68848
84, 1.81521, -1.68844
84.025, 1.81521, -1.68844
84.05, 1.81521, -1.68844
84.075, 1.81521, -1.68844
84.1, 1.81909, -1.6884
84.125, 1.81909, -1.6884
84.15, 1.81909, -1.6884
84.175, 1.82288, -1.68836
84.2, 1.82288, -1.68836
84.225, 1.82675, -1.68832
84.25, 1.83074, -1.68829
84.275, 1.83471, -1.68827
84.3, 1.83856, -1.68824
84.325, 1.84217, -1.68822
84.35, 1.8454, -1.68819
84.375, 1.8454, -1.68819
84.4, 1.8454, -1.68819
84.425, 1.8454, -1.68819
84.45, 1.8454, -1.68819
84.475, 1.8454, -1.68819
84.5, 1.8454, -1.68819
84.525, 1.8454, -1.68819
84.55, 1.8454, -1.68819
84.575, 1.8454, -1.68819
84.6, 1.8454, -1.68819
84.625, 1.84828, -1.68813
84.65, 1.84828, -1.68813
84.675, 1.84828, -1.68813
84.7, 1.84828, -1.68813
84.725, 1.84828, -1.68813
84.75, 1.84828, -1.68813
84.775, 1.84828, -1.68813
84.8, 1.84828, -1.68813
84.825, 1.84828, -1.68813
84.85, 1.85098, -1.68808
84.875, 1.85349, -1.68802
84.9, 1.85349, -1.68802
84.925, 1.85349, -1.68802
84.95, 1.85349, -1.68802
84.975, 1.85589, -1.68797
85, 1.85823, -1.68792
85.025, 1.85823, -1.68792
85.05, 1.85823, -1.68792
85.075, 1.85823, -1.68792
85.1, 1.86047, -1.68787
85.125, 1.86257, -1.68782
85.15, 1.86257, -1.68782
85.175, 1.86452, -1.68777
85.2, 1.86452, -1.68777
85.225, 1.86452, -1.68777
85.25, 1.86651, -1.68772
85.275, 1.86858, -1.68768
85.3, 1.87074, -1.68765
85.325, 1.87074, -1.68765
85.35, 1.87074, -1.68765
85.375, 1.87074, -1.68765
85.4, 1.87074, -1.68765
85.425, 1.87202, -1.68764
85.45, 1.87202, -1.68764
85.475, 1.87202, -1.68764
85.5, 1.87341, -1.68762
85.525, 1.87341, -1.68762
85.55, 1.87341, -1.68762
85.575, 1.87341, -1.68762
85.6, 1.87341, -1.68762
85.625, 1.87341, -1.68762
85.65, 1.87341, -1.68762
85.675, 1.87384, -1.68765
85.7, 1.87384, -1.68765
85.725, 1.87384, -1.68765
85.75, 1.87384, -1.68765
85.775, 1.87384, -1.68765
85.8, 1.87384, -1.68765
85.825, 1.87401, -1.68766
85.85, 1.87401, -1.68766
85.875, 1.87433, -1.68768
85.9, 1.87433, -1.68768
85.925, 1.87433, -1.68768
85.95, 1.87433, -1.68768
85.975, 1.87433, -1.68768
86, 1.87433, -1.68768
86.025, 1.87488, -1.68768
86.05, 1.87488, -1.68768
86.075, 1.87488, -1.68768
86.1, 1.87488, -1.68768
86.125, 1.8752, -1.68769
86.15, 1.8752, -1.68769
86.175, 1.8752, -1.68769
86.2, 1.8752, -1.68769
86.225, 1.87552, -1.68769
86.25, 1.87552, -1.68769
86.275, 1.87583, -1.68769
86.3, 1.87614, -1.6877
86.325, 1.87614, -1.6877
86.35, 1.87614, -1.6877
86.375, 1.87614, -1.6877
86.4, 1.87614, -1.6877
86.425, 1.87614, -1.6877
86.45, 1.87623, -1.6877
86.475, 1.87631, -1.68771
86.5, 1.87654, -1.68771
86.525, 1.87654, -1.68771
86.55, 1.87687, -1.68772
86.575, 1.8773, -1.68774
86.6, 1.87777, -1.68775
86.625, 1.87777, -1.68775
86.65, 1.87777, -1.68775
86.675, 1.87761, -1.68776
86.7, 1.87656, -1.68777
86.725, 1.87503, -1.68778
86.75, 1.8735, -1.68779
86.775, 1.8735, -1.68779
86.8, 1.8735, -1.68779
86.825, 1.8735, -1.68779
86.85, 1.8735, -1.68779
86.875, 1.87222, -1.68778
86.9, 1.87043, -1.68777
86.925, 1.86771, -1.68775
86.95, 1.86366, -1.68773
86.975, 1.86366, -1.68773
87, 1.85937, -1.68772
87.025, 1.85546, -1.68771
87.05, 1.85219, -1.68771
87.075, 1.84942, -1.68772
87.1, 1.84694, -1.68775
87.125, 1.84453, -1.68779
87.15, 1.84218, -1.68783
87.175, 1.83981, -1.68787
87.2, 1.83729, -1.6879
87.225, 1.83729, -1.6879
87.25, 1.83729, -1.6879
87.275, 1.83729, -1.6879
87.3, 1.83489, -1.68793
87.325, 1.83489, -1.68793
87.35, 1.83489, -1.68793
87.375, 1.83489, -1.68793
87.4, 1.83489, -1.68793
87.425, 1.83489, -1.68793
87.45, 1.83489, -1.68793
87.475, 1.83489, -1.68793
87.5, 1.83489, -1.68793
87.525, 1.83489, -1.68793
87.55, 1.83489, -1.68793
87.575, 1.83489, -1.68793
87.6, 1.83278, -1.68795
87.625, 1.83278, -1.68795
87.65, 1.83278, -1.68795
87.675, 1.83071, -1.68797
87.7, 1.83071, -1.68797
87.725, 1.83071, -1.68797
87.75, 1.82857, -1.688
87.775, 1.82857, -1.688
87.8, 1.82857, -1.688
87.825, 1.82857, -1.688
87.85, 1.82857, -1.688
87.875, 1.82857, -1.688
87.9, 1.82857, -1.688
87.925, 1.82703, -1.68803
87.95, 1.82703, -1.68803
87.975, 1.82541, -1.68806
88, 1.8237, -1.6881
88.025, 1.8237, -1.6881
88.05, 1.8237, -1.6881
88.075, 1.82133, -1.68814
88.1, 1.82133, -1.68814
88.125, 1.81728, -1.68819
88.15, 1.81728, -1.68819
88.175, 1.81728, -1.68819
88.2, 1.81728, -1.68819
88.225, 1.81728, -1.68819
88.25, 1.81416, -1.68825
88.275, 1.81416, -1.68825
88.3, 1.81416, -1.68825
88.325, 1.81416, -1.68825
88.35, 1.81416, -1.68825
88.375, 1.81025, -1.68829
88.4, 1.80539, -1.68834
88.425, 1.80539, -1.68834
88.45, 1.80539, -1.68834
88.475, 1.80073, -1.68838
88.5, 1.79621, -1.68843
88.525, 1.79196, -1.68847
88.55, 1.79196, -1.68847
88.575, 1.79196, -1.68847
88.6, 1.79196, -1.68847
88.625, 1.79196, -1.68847
88.65, 1.79196, -1.68847
88.675, 1.79196, -1.68847
88.7, 1.79196, -1.68847
88.725, 1.79196, -1.68847
88.75, 1.78788, -1.68851
88.775, 1.78788, -1.68851
88.8, 1.78788, -1.68851
88.825, 1.78788, -1.68851
88.85, 1.78788, -1.68851
88.875, 1.78394, -1.68854
88.9, 1.78394, -1.68854
88.925, 1.78009, -1.68858
88.95, 1.78009, -1.68858
88.975, 1.77619, -1.68861
89, 1.77619, -1.68861
89.025, 1.77619, -1.68861
89.05, 1.77257, -1.68864
89.075, 1.76922, -1.68867
89.1, 1.76603, -1.68872
89.125, 1.76274, -1.68878
89.15, 1.75912, -1.68886
89.175, 1.75912, -1.68886
89.2, 1.75912, -1.68886
89.225, 1.75912, -1.68886
89.25, 1.75912, -1.68886
89.275, 1.755, -1.68893
89.3, 1.755, -1.68893
89.325, 1.755, -1.68893
89.35, 1.755, -1.68893
89.375, 1.755, -1.68893
89.4, 1.75129, -1.68902
89.425, 1.75129, -1.68902
89.45, 1.74813, -1.68909
89.475, 1.74813, -1.68909
89.5, 1.74813, -1.68909
89.525, 1.74813, -1.68909
89.55, 1.74813, -1.68909
89.575, 1.74813, -1.68909
89.6, 1.74813, -1.68909
89.625, 1.74973, -1.68908
89.65, 1.74973, -1.68908
89.675, 1.74973, -1.68908
89.7, 1.74973, -1.68908
89.725, 1.7513, -1.68906
89.75, 1.75281, -1.68905
89.775, 1.75425, -1.68904
89.8, 1.75564, -1.68902
89.825, 1.75697, -1.68901
89.85, 1.75827, -1.689
89.875, 1.75955, -1.68899
89.9, 1.75955, -1.68899
89.925, 1.76075, -1.68898
89.95, 1.76075, -1.68898
89.975, 1.7619, -1.68898
