20, 0.0121216, -5.24302
20.025, 0.0276255, -5.23816
20.05, 0.0328229, -5.15379
20.075, 0.060716, -5.01957
20.1, 0.0968996, -4.96601
20.125, 0.136822, -4.8158
20.15, 0.176483, -4.74345
20.175, 0.182253, -4.55592
20.2, 0.176531, -4.49597
20.225, 0.186643, -4.28492
20.25, 0.20254, -4.2095
20.275, 0.218391, -3.98349
20.3, 0.230283, -3.89273
20.325, 0.227655, -3.65266
20.35, 0.222044, -3.55462
20.375, 0.224413, -3.27812
20.4, 0.229442, -3.18927
20.425, 0.235816, -2.88376
20.45, 0.242361, -2.77829
20.475, 0.247117, -2.46907
20.5, 0.251159, -2.35466
20.525, 0.252801, -2.01897
20.55, 0.253272, -1.88974
20.575, 0.247356, -1.55073
20.6, 0.240416, -1.40129
20.625, 0.23883, -0.999644
20.65, 0.239255, -0.873986
20.675, 0.233534, -0.470421
20.7, 0.224209, -0.312421
20.725, 0.220247, 0.0842411
20.75, 0.218651, 0.26116
20.775, 0.241497, 0.660123
20.8, 0.320764, 0.839727
20.825, 0.488823, 1.25134
20.85, 0.659405, 1.44578
20.875, 0.75269, 1.89868
20.9, 0.849371, 2.0508
20.925, 1.06068, 2.45207
20.95, 1.3054, 2.59959
20.975, 1.6656, 2.95087
21, 2.06753, 3.08995
21.025, 2.58188, 3.41643
21.05, 3.12456, 3.5109
21.075, 3.79241, 3.79711
21.1, 4.49409, 3.89107
21.125, 5.28058, 4.15338
21.15, 6.07645, 4.24964
21.175, 6.91083, 4.51783
21.2, 7.72798, 4.59389
21.225, 8.5436, 4.87627
21.25, 9.33465, 4.95885
21.275, 10.1497, 5.2581
21.3, 10.9507, 5.31921
21.325, 11.828, 5.564
21.35, 12.7169, 5.65975
21.375, 13.6769, 5.87553
21.4, 14.6374, 5.95696
21.425, 15.6449, 6.14615
21.45, 16.6406, 6.18424
21.475, 17.5303, 6.2952
21.5, 18.3621, 6.3269
21.525, 19.126, 6.42175
21.55, 19.8505, 6.45346
21.575, 20.6439, 6.52977
21.6, 21.4528, 6.54473
21.625, 22.3231, 6.54729
21.65, 23.1955, 6.54729
21.675, 24.0595, 6.54729
21.7, 24.8911, 6.5469
21.725, 25.6586, 6.52261
21.75, 26.377, 6.49769
21.775, 27.0538, 6.37931
21.8, 27.6949, 6.34071
21.825, 28.2977, 6.17363
21.85, 28.884, 6.12225
21.875, 29.4694, 5.91529
21.9, 30.029, 5.8492
21.925, 30.5369, 5.61386
21.95, 31.0108, 5.52374
21.975, 31.4278, 5.21413
22, 31.8115, 5.1474
22.025, 32.1269, 4.83089
22.05, 32.3992, 4.73732
22.075, 32.5955, 4.40892
22.1, 32.7656, 4.30026
22.125, 32.8945, 3.95332
22.15, 33.0041, 3.82741
22.175, 33.0237, 3.42423
22.2, 33.0022, 3.33002
22.225, 32.8929, 2.96902
22.25, 32.7463, 2.81345
22.275, 32.5004, 2.41359
22.3, 32.2254, 2.30353
22.325, 31.8353, 1.9199
22.35, 31.4086, 1.80562
22.375, 30.8492, 1.44795
22.4, 30.2511, 1.33201
22.425, 29.5211, 0.951963
22.45, 28.7607, 0.868489
22.475, 27.9128, 0.558241
22.5, 27.0552, 0.473617
22.525, 26.1569, 0.215269
22.55, 25.2716, 0.125019
22.575, 24.4061, -0.122463
22.6, 23.576, -0.200696
22.625, 22.7781, -0.414686
22.65, 22.0167, -0.494709
22.675, 21.2904, -0.693743
22.7, 20.5973, -0.771465
22.725, 19.9111, -0.975995
22.75, 19.2479, -1.0302
22.775, 18.5822, -1.20622
22.8, 17.933, -1.25978
22.825, 17.2768, -1.41701
22.85, 16.6376, -1.46559
22.875, 16.0079, -1.59828
22.9, 15.4019, -1.63177
22.925, 14.8312, -1.73915
22.95, 14.2913, -1.76906
22.975, 13.7888, -1.87146
23, 13.314, -1.896
23.025, 12.8537, -1.98459
23.05, 12.4116, -1.99903
23.075, 11.9719, -2.06857
23.1, 11.5453, -2.07969
23.125, 11.1314, -2.11344
23.15, 10.7357, -2.12431
23.175, 10.3641, -2.1422
23.2, 10.0134, -2.14527
23.225, 9.68632, -2.1454
23.25, 9.37801, -2.1454
23.275, 9.06037, -2.13428
23.3, 8.74832, -2.12354
23.325, 8.44024, -2.07458
23.35, 8.14258, -2.05464
23.375, 7.86239, -2.00121
23.4, 7.59915, -1.9805
23.425, 7.35866, -1.89421
23.45, 7.13364, -1.86059
23.475, 6.92094, -1.76306
23.5, 6.71897, -1.72304
23.525, 6.52135, -1.61477
23.55, 6.33119, -1.56875
23.575, 6.14724, -1.43018
23.6, 5.97094, -1.38812
23.625, 5.80201, -1.22949
23.65, 5.6417, -1.17797
23.675, 5.49312, -1.00629
23.7, 5.35262, -0.940842
23.725, 5.21591, -0.724167
23.75, 5.08455, -0.670222
23.775, 4.94514, -0.456871
23.8, 4.806, -0.394489
23.825, 4.66313, -0.152248
23.85, 4.52324, -0.0741424
23.875, 4.38809, 0.219359
23.9, 4.26408, 0.284298
23.925, 4.17241, 0.575882
23.95, 4.09475, 0.650024
23.975, 4.01181, 0.90735
24, 3.90848, 1.01844
24.025, 3.77051, 1.31296
24.05, 3.62451, 1.45856
24.075, 3.57064, 1.79578
24.1, 3.5598, 1.89779
24.125, 3.60967, 2.23092
24.15, 3.68361, 2.35172
24.175, 3.89655, 2.66849
24.2, 4.15856, 2.79223
24.225, 4.5309, 3.10848
24.25, 4.93535, 3.20397
24.275, 5.43731, 3.49645
24.3, 5.9542, 3.58964
24.325, 6.50905, 3.84595
24.35, 7.06539, 3.93402
24.375, 7.65344, 4.20963
24.4, 8.24041, 4.27482
24.425, 8.9307, 4.52652
24.45, 9.64428, 4.58673
24.475, 10.4458, 4.80302
24.5, 11.2538, 4.83613
24.525, 12.0571, 4.97598
24.55, 12.8354, 5.02622
24.575, 13.6089, 5.14625
24.6, 14.3611, 5.18831
24.625, 15.1108, 5.28431
24.65, 15.839, 5.3063
24.675, 16.5683, 5.37162
24.7, 17.277, 5.3899
24.725, 17.9892, 5.43323
24.75, 18.6885, 5.43783
24.775, 19.3872, 5.43847
24.8, 20.0645, 5.43847
24.825, 20.7047, 5.43822
24.85, 21.3115, 5.43796
24.875, 21.9027, 5.41048
24.9, 22.4717, 5.38939
24.925, 23.0505, 5.28226
24.95, 23.6148, 5.24698
24.975, 24.1175, 5.10534
25, 24.5844, 5.0528
25.025, 25.0256, 4.88726
25.05, 25.4406, 4.83524
25.075, 25.8625, 4.64604
25.1, 26.2693, 4.58098
25.125, 26.6228, 4.33759
25.15, 26.9434, 4.28415
25.175, 27.1948, 4.02798
25.2, 27.4096, 3.97096
25.225, 27.5307, 3.72233
25.25, 27.6106, 3.63336
25.275, 27.6088, 3.36913
25.3, 27.5741, 3.29678
25.325, 27.5401, 3.03524
25.35, 27.5092, 2.95342
25.375, 27.4491, 2.6543
25.4, 27.3774, 2.58731
25.425, 27.2325, 2.27924
25.45, 27.0465, 2.19896
25.475, 26.673, 1.91927
25.5, 26.2367, 1.84704
25.525, 25.7045, 1.58754
25.55, 25.1491, 1.54063
25.575, 24.5581, 1.32408
25.6, 23.971, 1.25211
25.625, 23.3518, 1.05461
25.65, 22.7354, 0.978041
25.675, 22.0711, 0.796392
25.7, 21.4047, 0.743725
25.725, 20.7072, 0.580228
25.75, 20.0193, 0.533058
25.775, 19.3446, 0.416987
25.8, 18.6963, 0.374163
25.825, 18.0784, 0.244286
25.85, 17.4899, 0.217314
25.875, 16.9252, 0.114409
25.9, 16.3854, 0.0894822
25.925, 15.8565, 0.0111214
25.95, 15.3463, -0.0201974
25.975, 14.8631, -0.0806618
26, 14.4049, -0.0988139
26.025, 13.9639, -0.149819
26.05, 13.5414, -0.16273
26.075, 13.1183, -0.198139
26.1, 12.7055, -0.209516
26.125, 12.2863, -0.220254
26.15, 11.8774, -0.221277
26.175, 11.4809, -0.222172
26.2, 11.101, -0.221277
26.225, 10.7399, -0.202869
26.25, 10.3962, -0.190981
26.275, 10.068, -0.130005
26.3, 9.7551, -0.115049
26.325, 9.44962, -0.043335
26.35, 9.15321, -0.0224984
26.375, 8.85107, 0.0490874
26.4, 8.55593, 0.0775939
26.425, 8.26626, 0.175257
26.45, 7.98758, 0.214885
26.475, 7.73927, 0.348853
26.5, 7.51118, 0.383879
26.525, 7.30829, 0.518358
26.55, 7.12072, 0.560031
26.575, 6.94523, 0.717264
26.6, 6.77952, 0.766223
26.625, 6.5827, 0.950429
26.65, 6.37378, 0.990952
26.675, 6.10348, 1.22386
26.7, 5.8198, 1.28548
26.725, 5.65956, 1.52401
26.75, 5.55636, 1.58384
26.775, 5.54872, 1.79859
26.8, 5.57747, 1.86634
26.825, 5.68044, 2.08417
26.85, 5.81044, 2.15754
26.875, 5.94812, 2.35223
26.9, 6.08871, 2.4288
26.925, 6.27027, 2.62042
26.95, 6.46428, 2.70262
26.975, 6.71369, 2.91891
27, 6.98915, 2.97631
27.025, 7.35172, 3.17572
27.05, 7.73906, 3.23465
27.075, 8.18031, 3.41311
27.1, 8.63295, 3.47587
27.125, 9.12896, 3.64576
27.15, 9.6248, 3.6905
27.175, 10.1278, 3.83393
27.2, 10.6242, 3.87445
27.225, 11.1428, 4.00689
27.25, 11.6573, 4.04421
27.275, 12.2299, 4.16629
27.3, 12.8043, 4.18981
27.325, 13.3765, 4.26587
27.35, 13.9416, 4.2885
27.375, 14.5297, 4.33401
27.4, 15.1068, 4.34973
27.425, 15.6673, 4.37645
27.45, 16.2043, 4.37734
27.475, 16.7439, 4.37798
27.5, 17.2647, 4.37798
27.525, 17.7566, 4.37785
27.55, 18.2264, 4.37785
27.575, 18.6975, 4.37747
27.6, 19.1528, 4.37645
27.625, 19.5902, 4.32774
27.65, 20.0154, 4.3147
27.675, 20.4539, 4.23788
27.7, 20.8837, 4.20324
27.725, 21.28, 4.08537
27.75, 21.6629, 4.03948
27.775, 21.9776, 3.89874
27.8, 22.2449, 3.86052
27.825, 22.475, 3.72911
27.85, 22.6866, 3.68795
27.875, 22.8719, 3.51499
27.9, 23.0486, 3.48137
27.925, 23.2301, 3.30407
27.95, 23.3989, 3.23632
27.975, 23.5225, 3.06055
28, 23.6221, 2.98807
28.025, 23.603, 2.79121
28.05, 23.5317, 2.73074
28.075, 23.3648, 2.54321
28.1, 23.1643, 2.48556
28.125, 22.8891, 2.29957
28.15, 22.6009, 2.26301
28.175, 22.3327, 2.09363
28.2, 22.0761, 2.0494
28.225, 21.7986, 1.88207
28.25, 21.5186, 1.83745
28.275, 21.1571, 1.66105
28.3, 20.7713, 1.63037
28.325, 20.3333, 1.48106
28.35, 19.8848, 1.44961
28.375, 19.402, 1.35668
28.4, 18.9198, 1.31731
28.425, 18.4065, 1.23997
28.45, 17.8976, 1.20801
28.475, 17.3735, 1.134
28.5, 16.8589, 1.11584
28.525, 16.3507, 1.07762
28.55, 15.8596, 1.0633
28.575, 15.3823, 1.04042
28.6, 14.9249, 1.03403
28.625, 14.4848, 1.01179
28.65, 14.0635, 1.00936
28.675, 13.6426, 1.00898
28.7, 13.2331, 1.00987
28.725, 12.8237, 1.03262
28.75, 12.4265, 1.03991
28.775, 12.0372, 1.07609
28.8, 11.6632, 1.08887
28.825, 11.3123, 1.14588
28.85, 10.9804, 1.16531
28.875, 10.6703, 1.22578
28.9, 10.3753, 1.25569
28.925, 10.0971, 1.34901
28.95, 9.833, 1.38109
28.975, 9.5993, 1.47595
29, 9.38756, 1.51378
29.025, 9.21122, 1.6126
29.05, 9.05081, 1.6544
29.075, 8.93558, 1.77558
29.1, 8.84376, 1.81086
29.125, 8.79863, 1.93167
29.15, 8.77152, 1.96797
29.175, 8.77448, 2.09376
29.2, 8.78976, 2.1422
29.225, 8.81861, 2.27106
29.25, 8.85772, 2.30749
29.275, 8.93664, 2.4297
29.3, 9.02791, 2.47073
29.325, 9.18375, 2.59358
29.35, 9.35942, 2.62912
29.375, 9.59616, 2.748
29.4, 9.84803, 2.77241
29.425, 10.1005, 2.88555
29.45, 10.3406, 2.91277
29.475, 10.5646, 3.01287
29.5, 10.7765, 3.04188
29.525, 10.9913, 3.15054
29.55, 11.2026, 3.18314
29.575, 11.4863, 3.28822
29.6, 11.7981, 3.31417
29.625, 12.1797, 3.38639
29.65, 12.5759, 3.4048
29.675, 12.9774, 3.44852
29.7, 13.3635, 3.459
29.725, 13.6991, 3.49594
29.75, 14.0043, 3.51103
29.775, 14.2853, 3.54925
29.8, 14.5476, 3.55973
29.825, 14.8391, 3.59463
29.85, 15.1285, 3.6037
29.875, 15.4292, 3.62326
29.9, 15.7283, 3.62569
29.925, 16.0373, 3.62659
29.95, 16.3389, 3.62659
29.975, 16.6312, 3.62659
30, 16.9111, 3.62646
30, 17.1862, 3.62646
30.025, 17.4514, 3.62646
30.05, 17.7121, 3.62646
30.075, 17.9649, 3.62646
30.1, 18.2204, 3.62646
30.125, 18.4681, 3.62646
30.15, 18.7086, 3.62633
30.175, 18.9396, 3.62607
30.2, 19.1691, 3.62556
30.225, 19.3913, 3.62416
30.25, 19.6151, 3.60294
30.275, 19.83, 3.5922
30.3, 20.0361, 3.55896
30.325, 20.2288, 3.54835
30.35, 20.3656, 3.51282
30.375, 20.4842, 3.50745
30.4, 20.5776, 3.47574
30.425, 20.6578, 3.46731
30.45, 20.7644, 3.42781
30.475, 20.8777, 3.41042
30.5, 20.9326, 3.3621
30.525, 21.0511, 3.3396
30.55, 21.1648, 3.30189
30.575, 21.2517, 3.2707
30.6, 21.3156, 3.22762
30.625, 21.3081, 3.20244
30.65, 21.2795, 3.1747
30.675, 21.2037, 3.1568
30.7, 21.1132, 3.12766
30.725, 21.0769, 3.11769
30.75, 21.0656, 3.09059
30.775, 21.0651, 3.06745
30.8, 21.0659, 3.03217
30.825, 21.0995, 3.01223
30.85, 21.1406, 2.97349
30.875, 21.0774, 2.94946
30.9, 20.9805, 2.91341
30.925, 20.8602, 2.89194
30.95, 20.7298, 2.87788
30.975, 20.5906, 2.87455
31, 20.4514, 2.86842
31.025, 20.3366, 2.85896
31.05, 20.2385, 2.84234
31.075, 20.1502, 2.82943
31.1, 20.0662, 2.82189
31.125, 19.962, 2.81332
31.15, 19.8529, 2.80488
31.175, 19.7465, 2.80386
31.2, 19.6422, 2.80182
31.225, 19.5223, 2.80156
31.25, 19.4028, 2.80194
31.275, 19.3141, 2.80182
31.3, 19.236, 2.80207
31.325, 19.1456, 2.80233
31.35, 19.055, 2.80271
31.375, 18.977, 2.80412
31.4, 18.9044, 2.81358
31.425, 18.8272, 2.81588
31.45, 18.7498, 2.83147
31.475, 18.6797, 2.8371
31.5, 18.6136, 2.8587
31.525, 18.5413, 2.87775
31.55, 18.4688, 2.9028
31.575, 18.4029, 2.92172
31.6, 18.341, 2.94281
31.625, 18.2955, 2.96531
31.65, 18.267, 2.98768
31.675, 18.2587, 3.00903
31.7, 18.2573, 3.04086
31.725, 18.2663, 3.05441
31.75, 18.287, 3.08074
31.775, 18.2711, 3.09174
31.8, 18.2417, 3.11628
31.825, 18.2104, 3.13929
31.85, 18.1778, 3.18493
31.875, 18.1848, 3.20755
31.9, 18.2144, 3.23082
31.925, 18.323, 3.25076
31.95, 18.449, 3.25677
31.975, 18.6001, 3.26546
32, 18.7589, 3.26853
32.025, 18.8294, 3.27352
32.05, 18.8635, 3.29116
32.075, 18.8603, 3.30598
32.1, 18.8399, 3.34165
32.125, 18.8324, 3.36197
32.15, 18.839, 3.39112
32.175, 18.9111, 3.40544
32.2, 19.0014, 3.42857
32.225, 19.1215, 3.43957
32.25, 19.2457, 3.44097
32.275, 19.3627, 3.44507
32.3, 19.4749, 3.44685
32.325, 19.558, 3.4535
32.35, 19.6249, 3.46846
32.375, 19.6978, 3.48469
32.4, 19.7654, 3.49914
32.425, 19.8343, 3.50617
32.45, 19.9115, 3.51077
32.475, 20.0085, 3.51576
32.5, 20.1021, 3.51716
32.525, 20.1952, 3.51742
32.55, 20.2867, 3.51767
32.575, 20.3885, 3.5178
32.6, 20.4889, 3.5178
32.625, 20.5823, 3.51793
32.65, 20.6719, 3.51793
32.675, 20.7562, 3.5178
32.7, 20.834, 3.51767
32.725, 20.9068, 3.51755
32.75, 20.9772, 3.51742
32.775, 21.0472, 3.51576
32.8, 21.1146, 3.5031
32.825, 21.1898, 3.4884
32.85, 21.262, 3.45401
32.875, 21.3348, 3.43944
32.9, 21.4098, 3.40914
32.925, 21.4414, 3.39432
32.95, 21.4568, 3.36466
32.975, 21.4487, 3.34766
33, 21.4325, 3.31813
33.025, 21.4223, 3.30343
33.05, 21.4269, 3.27032
33.075, 21.4805, 3.24961
33.1, 21.5548, 3.20768
33.125, 21.6216, 3.18071
33.15, 21.6859, 3.12587
33.175, 21.6691, 3.10107
33.2, 21.615, 3.07678
33.225, 21.5116, 3.05812
33.25, 21.3852, 3.03792
33.275, 21.2427, 3.01913
33.3, 21.1125, 2.99459
33.325, 21.0402, 2.98206
33.35, 20.9855, 2.95943
33.375, 20.9463, 2.94409
33.4, 20.9166, 2.9253
33.425, 20.8516, 2.90587
33.45, 20.7664, 2.88107
33.475, 20.6398, 2.87366
33.5, 20.5061, 2.85947
33.525, 20.3478, 2.85448
33.55, 20.1895, 2.85346
33.575, 20.0523, 2.8509
33.6, 19.9258, 2.85026
33.625, 19.8048, 2.85026
33.65, 19.691, 2.85026
33.675, 19.5897, 2.85039
33.7, 19.4967, 2.85078
33.725, 19.4137, 2.8509
33.75, 19.3369, 2.85193
33.775, 19.2672, 2.85218
33.8, 19.202, 2.85295
33.825, 19.1432, 2.85602
33.85, 19.0892, 2.85845
33.875, 19.0358, 2.86318
33.9, 18.9821, 2.87979
33.925, 18.9163, 2.88797
33.95, 18.8522, 2.90293
33.975, 18.7913, 2.91827
34, 18.7354, 2.94422
34.025, 18.6631, 2.9579
34.05, 18.5875, 2.98142
34.075, 18.5323, 3.00456
34.1, 18.4836, 3.0245
34.125, 18.4289, 3.04828
34.15, 18.3758, 3.0902
34.175, 18.3452, 3.11219
34.2, 18.328, 3.15131
34.225, 18.3759, 3.17023
34.25, 18.4431, 3.19068
34.275, 18.5213, 3.2041
34.3, 18.6017, 3.2266
34.325, 18.6518, 3.23721
34.35, 18.6875, 3.25728
34.375, 18.6868, 3.27543
34.4, 18.6742, 3.30049
34.425, 18.6559, 3.3272
34.45, 18.6447, 3.36709
34.475, 18.7131, 3.39572
34.5, 18.8101, 3.42142
34.525, 18.9536, 3.43228
34.55, 19.1119, 3.43305
34.575, 19.263, 3.4333
34.6, 19.4004, 3.43548
34.625, 19.4807, 3.43944
34.65, 19.5378, 3.45631
34.675, 19.572, 3.46437
34.7, 19.5945, 3.48981
34.725, 19.6706, 3.49581
34.75, 19.7668, 3.50042
34.775, 19.891, 3.50093
34.8, 20.0244, 3.50118
34.825, 20.1544, 3.50118
34.85, 20.2719, 3.50118
34.875, 20.3676, 3.50118
34.9, 20.4544, 3.50118
34.925, 20.5294, 3.50106
34.95, 20.5978, 3.50106
34.975, 20.6687, 3.50093
35, 20.7387, 3.50067
35.025, 20.8108, 3.49952
35.05, 20.881, 3.4953
35.075, 20.9547, 3.48329
35.1, 21.0268, 3.46219
35.125, 21.0978, 3.44302
35.15, 21.164, 3.42142
35.175, 21.2108, 3.40851
35.2, 21.2514, 3.37808
35.225, 21.2899, 3.36607
35.25, 21.3254, 3.34293
35.275, 21.3522, 3.32158
35.3, 21.3718, 3.29218
35.325, 21.4139, 3.273
35.35, 21.4594, 3.2358
35.375, 21.4802, 3.21561
35.4, 21.4892, 3.18569
35.425, 21.5098, 3.15962
35.45, 21.5311, 3.12855
35.475, 21.5161, 3.0966
35.5, 21.4882, 3.05403
35.525, 21.4338, 3.02872
35.55, 21.372, 2.99471
35.575, 21.2688, 2.98257
35.6, 21.1584, 2.96723
35.625, 21.0821, 2.95151
35.65, 21.0163, 2.92415
35.675, 20.97, 2.91047
35.7, 20.9352, 2.88324
35.725, 20.8565, 2.86369
35.75, 20.7511, 2.84502
35.775, 20.5836, 2.83991
35.8, 20.3936, 2.83889
35.825, 20.167, 2.83901
35.85, 19.9352, 2.83965
35.875, 19.7893, 2.83991
35.9, 19.6822, 2.84029
35.925, 19.605, 2.84055
35.95, 19.5422, 2.84068
35.975, 19.5023, 2.84068
36, 19.4613, 2.84068
36.025, 19.3671, 2.8408
36.05, 19.2586, 2.8417
36.075, 19.1445, 2.84515
36.1, 19.0297, 2.85551
36.125, 18.9301, 2.85896
36.15, 18.8345, 2.87557
36.175, 18.7623, 2.88503
36.2, 18.7017, 2.89705
36.225, 18.6449, 2.91252
36.25, 18.5947, 2.92466
36.275, 18.539, 2.93924
36.3, 18.4862, 2.96979
36.325, 18.4434, 2.99152
36.35, 18.4025, 3.02092
36.375, 18.3691, 3.03677
36.4, 18.3457, 3.06464
36.425, 18.3269, 3.08253
36.45, 18.3094, 3.11027
36.475, 18.308, 3.12561
36.5, 18.3093, 3.15885
36.525, 18.3403, 3.17023
36.55, 18.3787, 3.19426
36.575, 18.4332, 3.21037
36.6, 18.4951, 3.23184
36.625, 18.5528, 3.24654
36.65, 18.6071, 3.27109
36.675, 18.6674, 3.2762
36.7, 18.7268, 3.29563
36.725, 18.7853, 3.30432
36.75, 18.843, 3.31953
36.775, 18.9341, 3.33449
36.8, 19.0383, 3.35558
36.825, 19.1497, 3.36645
36.85, 19.2622, 3.37591
36.875, 19.3877, 3.37719
36.9, 19.5038, 3.37962
36.925, 19.556, 3.39048
36.95, 19.5819, 3.39585
36.975, 19.5793, 3.39764
37, 19.5712, 3.41848
37.025, 19.6253, 3.43497
37.05, 19.6967, 3.45325
37.075, 19.8113, 3.45542
37.1, 19.9371, 3.4558
37.125, 20.0969, 3.4558
37.15, 20.2623, 3.45568
37.175, 20.3282, 3.45568
37.2, 20.3584, 3.45568
37.225, 20.3676, 3.45568
37.25, 20.3665, 3.45568
37.275, 20.3826, 3.45568
37.3, 20.4142, 3.45568
37.325, 20.4917, 3.45568
37.35, 20.5814, 3.45568
37.375, 20.6888, 3.45555
37.4, 20.8003, 3.4544
37.425, 20.873, 3.45171
37.45, 20.9265, 3.43676
37.475, 20.9785, 3.43241
37.5, 21.0273, 3.39943
37.525, 21.0571, 3.38703
37.55, 21.0901, 3.36351
37.575, 21.1383, 3.35009
37.6, 21.1875, 3.32363
37.625, 21.2296, 3.30189
37.65, 21.274, 3.28118
37.675, 21.2951, 3.26533
37.7, 21.2961, 3.24015
37.725, 21.2868, 3.21804
37.75, 21.2834, 3.19145
37.775, 21.2681, 3.1669
37.8, 21.2439, 3.14619
37.825, 21.2142, 3.12651
37.85, 21.1802, 3.09877
37.875, 21.1307, 3.08484
37.9, 21.0792, 3.05927
37.925, 21.0198, 3.04815
37.95, 20.9643, 3.03166
37.975, 20.9231, 3.01504
38, 20.8866, 2.99753
38.025, 20.8642, 2.98014
38.05, 20.8443, 2.95483
38.075, 20.7713, 2.93936
38.1, 20.6848, 2.92364
38.125, 20.5762, 2.91277
38.15, 20.4543, 2.90536
38.175, 20.3593, 2.89718
38.2, 20.2854, 2.88503
38.225, 20.2413, 2.88069
38.25, 20.2112, 2.85244
38.275, 20.1827, 2.84477
38.3, 20.1611, 2.82636
38.325, 20.0658, 2.81307
38.35, 19.9356, 2.80885
38.375, 19.7747, 2.80834
38.4, 19.6052, 2.80859
38.425, 19.4281, 2.80872
38.45, 19.2627, 2.80885
38.475, 19.1616, 2.80949
38.5, 19.086, 2.81064
38.525, 19.023, 2.81345
38.55, 18.9669, 2.81549
38.575, 18.8882, 2.81652
38.6, 18.7994, 2.82725
38.625, 18.68, 2.8408
38.65, 18.5531, 2.87212
38.675, 18.4223, 2.88606
38.7, 18.3, 2.91559
38.725, 18.2262, 2.93566
38.75, 18.1763, 2.9593
38.775, 18.1194, 2.97669
38.8, 18.0643, 3.00545
38.825, 18.0389, 3.02118
38.85, 18.0245, 3.06068
38.875, 18.0107, 3.07691
38.9, 17.9975, 3.11168
38.925, 18.0099, 3.1297
38.95, 18.031, 3.16153
38.975, 18.0574, 3.17969
39, 18.0803, 3.20947
39.025, 18.1261, 3.2234
39.05, 18.1783, 3.25396
39.075, 18.2388, 3.26751
39.1, 18.3002, 3.29512
39.125, 18.3969, 3.31033
39.15, 18.5044, 3.32835
39.175, 18.6193, 3.34855
39.2, 18.7347, 3.37016
39.225, 18.8316, 3.38422
39.25, 18.916, 3.39291
39.275, 19.0217, 3.3979
39.3, 19.1235, 3.40557
39.325, 19.2312, 3.41784
39.35, 19.342, 3.43203
39.375, 19.4781, 3.43279
39.4, 19.6264, 3.43369
39.425, 19.798, 3.43382
39.45, 19.9691, 3.43382
39.475, 20.0651, 3.43382
39.5, 20.1284, 3.43382
39.525, 20.1483, 3.43382
39.55, 20.1503, 3.43382
39.575, 20.1401, 3.4342
39.6, 20.1277, 3.43446
39.625, 20.2094, 3.43497
39.65, 20.3236, 3.43676
39.675, 20.4635, 3.43765
39.7, 20.607, 3.43765
39.725, 20.7084, 3.43752
39.75, 20.7842, 3.4374
39.775, 20.8003, 3.43727
39.8, 20.7954, 3.43727
39.825, 20.7766, 3.43727
39.85, 20.7532, 3.43727
39.875, 20.7769, 3.43727
39.9, 20.8197, 3.43714
39.925, 20.8864, 3.43663
39.95, 20.9589, 3.42985
39.975, 21.0271, 3.42538
40, 21.0946, 3.40007
40, 21.1314, 3.38971
40.025, 21.1594, 3.38856
40.05, 21.1724, 3.38882
40.075, 21.1757, 3.39227
40.1, 21.1917, 3.39559
40.125, 21.216, 3.40646
40.15, 21.2318, 3.41694
40.175, 21.2424, 3.44021
40.2, 21.2638, 3.45619
40.225, 21.291, 3.48418
40.25, 21.3185, 3.49978
40.275, 21.3452, 3.53736
40.3, 21.3778, 3.55871
40.325, 21.4144, 3.6
40.35, 21.4517, 3.62531
40.375, 21.4878, 3.65484
40.4, 21.526, 3.68015
40.425, 21.5653, 3.72808
40.45, 21.6122, 3.75058
40.475, 21.6669, 3.79494
40.5, 21.7671, 3.81591
40.525, 21.8874, 3.84812
40.55, 22.0231, 3.87202
40.575, 22.1646, 3.9137
40.6, 22.3026, 3.93722
40.625, 22.4297, 3.96751
40.65, 22.5286, 3.98311
40.675, 22.6105, 4.02095
40.7, 22.702, 4.04191
40.725, 22.7897, 4.08052
40.75, 22.9499, 4.09739
40.775, 23.1407, 4.10404
40.8, 23.3684, 4.11414
40.825, 23.6031, 4.11759
40.85, 23.8116, 4.12539
40.875, 23.9907, 4.13421
40.9, 24.0856, 4.13881
40.925, 24.1457, 4.14482
40.95, 24.1825, 4.14878
40.975, 24.2153, 4.17703
41, 24.3146, 4.19211
41.025, 24.4313, 4.20528
41.05, 24.6031, 4.20669
41.075, 24.7933, 4.20669
41.1, 24.9894, 4.20669
41.125, 25.1676, 4.20656
41.15, 25.2853, 4.20656
41.175, 25.3791, 4.2063
41.2, 25.442, 4.20618
41.225, 25.4922, 4.20605
41.25, 25.5691, 4.20592
41.275, 25.6576, 4.20221
41.3, 25.7682, 4.1971
41.325, 25.8843, 4.17307
41.35, 26.0124, 4.15926
41.375, 26.1399, 4.12372
41.4, 26.2485, 4.10059
41.425, 26.3421, 4.07106
41.45, 26.4374, 4.04536
41.475, 26.5277, 4.00548
41.5, 26.5881, 3.98004
41.525, 26.6396, 3.94374
41.55, 26.689, 3.91855
41.575, 26.7238, 3.87893
41.6, 26.7484, 3.8609
41.625, 26.7705, 3.82294
41.65, 26.7631, 3.80133
41.675, 26.7561, 3.75442
41.7, 26.741, 3.7346
41.725, 26.7199, 3.68564
41.75, 26.6758, 3.66583
41.775, 26.6222, 3.62812
41.8, 26.5501, 3.60664
41.825, 26.4724, 3.57967
41.85, 26.3646, 3.56625
41.875, 26.2546, 3.53314
41.9, 26.1642, 3.51588
41.925, 26.0843, 3.48086
41.95, 26.002, 3.46386
41.975, 25.9226, 3.42845
42, 25.84, 3.40914
42.025, 25.7473, 3.37437
42.05, 25.6056, 3.35648
42.075, 25.4499, 3.34523
42.1, 25.2748, 3.33871
42.125, 25.0919, 3.33615
42.15, 24.9475, 3.33334
42.175, 24.8275, 3.32299
42.2, 24.7378, 3.31723
42.225, 24.661, 3.30829
42.25, 24.5967, 3.3033
42.275, 24.5339, 3.29525
42.3, 24.3765, 3.28745
42.325, 24.1927, 3.28668
42.35, 23.9799, 3.28719
42.375, 23.7646, 3.29116
42.4, 23.5742, 3.30087
42.425, 23.4067, 3.31774
42.45, 23.2922, 3.3281
42.475, 23.2018, 3.35903
42.5, 23.1412, 3.36785
42.525, 23.0903, 3.39611
42.55, 23.0352, 3.40237
42.575, 22.9768, 3.43382
42.6, 22.9063, 3.45184
42.625, 22.8307, 3.48099
42.65, 22.7594, 3.50757
42.675, 22.6936, 3.54337
42.7, 22.6377, 3.56868
42.725, 22.5892, 3.61329
42.75, 22.5545, 3.64474
42.775, 22.5258, 3.68807
42.8, 22.52, 3.71338
42.825, 22.5258, 3.75838
42.85, 22.5652, 3.78229
42.875, 22.6125, 3.83099
42.9, 22.6638, 3.85707
42.925, 22.7189, 3.89963
42.95, 22.8075, 3.92111
42.975, 22.897, 3.9601
43, 23.0017, 3.97736
43.025, 23.1073, 4.01366
43.05, 23.21, 4.03373
43.075, 23.3082, 4.06863
43.1, 23.4224, 4.08844
43.125, 23.5323, 4.10966
43.15, 23.6623, 4.13063
43.175, 23.7949, 4.14801
43.2, 23.9011, 4.16757
43.225, 23.9931, 4.19991
43.25, 24.0967, 4.221
43.275, 24.2015, 4.24862
43.3, 24.3278, 4.25577
43.325, 24.4692, 4.25961
43.35, 24.6676, 4.26932
43.375, 24.8778, 4.2729
43.4, 25.0655, 4.27725
43.425, 25.2421, 4.28185
43.45, 25.3714, 4.28198
43.475, 25.4739, 4.28211
43.5, 25.5302, 4.28224
43.525, 25.5719, 4.28249
43.55, 25.6243, 4.28275
43.575, 25.6925, 4.28402
43.6, 25.8569, 4.28875
43.625, 26.051, 4.28927
43.65, 26.2572, 4.28927
43.675, 26.4609, 4.28863
43.7, 26.5998, 4.28428
43.725, 26.7029, 4.27175
43.75, 26.7383, 4.25795
43.775, 26.7496, 4.23507
43.8, 26.7549, 4.22267
43.825, 26.7667, 4.20694
43.85, 26.822, 4.19045
43.875, 26.8912, 4.16143
43.9, 26.9873, 4.14149
43.925, 27.0921, 4.0979
43.95, 27.1647, 4.07195
43.975, 27.2255, 4.03322
44, 27.2518, 4.00177
44.025, 27.259, 3.9656
44.05, 27.2517, 3.94207
44.075, 27.2405, 3.90718
44.1, 27.2213, 3.87292
44.125, 27.1999, 3.8292
44.15, 27.2015, 3.80299
44.175, 27.2172, 3.74905
44.2, 27.1852, 3.71351
44.225, 27.1452, 3.66685
44.25, 27.0932, 3.64461
44.275, 27.0277, 3.59488
44.3, 26.9561, 3.57264
44.325, 26.8817, 3.52701
44.35, 26.7767, 3.49454
44.375, 26.6665, 3.45759
44.4, 26.5358, 3.43343
44.425, 26.405, 3.40467
44.45, 26.2593, 3.38729
44.475, 26.1099, 3.35737
44.5, 25.9771, 3.34574
44.525, 25.8591, 3.31672
44.55, 25.7312, 3.30356
44.575, 25.6009, 3.28157
44.6, 25.4459, 3.26661
44.625, 25.2801, 3.24987
44.65, 25.0737, 3.23977
44.675, 24.8609, 3.2358
44.7, 24.6495, 3.23555
44.725, 24.4581, 3.23542
44.75, 24.3243, 3.23529
44.775, 24.2176, 3.23529
44.8, 24.1396, 3.23529
44.825, 24.0708, 3.23529
44.85, 23.9506, 3.23529
44.875, 23.8107, 3.2358
44.9, 23.6203, 3.23593
44.925, 23.4165, 3.24667
44.95, 23.2057, 3.25958
44.975, 23.0004, 3.29103
45, 22.8556, 3.31161
45.025, 22.7366, 3.34191
45.05, 22.6619, 3.36172
45.075, 22.6092, 3.38895
45.1, 22.5448, 3.39968
45.125, 22.469, 3.44366
45.15, 22.3822, 3.46884
45.175, 22.2947, 3.52113
45.2, 22.1978, 3.5605
45.225, 22.1006, 3.6147
45.25, 22.0601, 3.6464
45.275, 22.0427, 3.69293
45.3, 22.0528, 3.72681
45.325, 22.0736, 3.7658
45.35, 22.1153, 3.79775
45.375, 22.1604, 3.83968
45.4, 22.1977, 3.86755
45.425, 22.2363, 3.91549
45.45, 22.2936, 3.97569
45.475, 22.3621, 3.99768
45.5, 22.4478, 4.03693
45.525, 22.5782, 4.09394
45.55, 22.7203, 4.10902
45.575, 22.8661, 4.13472
45.6, 23.0558, 4.16987
45.625, 23.2524, 4.17754
45.65, 23.44, 4.20221
45.675, 23.6167, 4.23583
45.7, 23.7852, 4.2412
45.725, 23.9551, 4.25513
45.75, 24.109, 4.28364
45.775, 24.2494, 4.29259
45.8, 24.3825, 4.30665
45.825, 24.5257, 4.32519
45.85, 24.6721, 4.32698
45.875, 24.8126, 4.34078
45.9, 25.0009, 4.34973
45.925, 25.2026, 4.34999
45.95, 25.3998, 4.34999
45.975, 25.5731, 4.35011
46, 25.7238, 4.35011
46.025, 25.8574, 4.34999
46.05, 25.9428, 4.34999
46.075, 26.0087, 4.34999
46.1, 26.0689, 4.34986
46.125, 26.1949, 4.34986
46.15, 26.3449, 4.3496
46.175, 26.4967, 4.34858
46.2, 26.692, 4.31611
46.225, 26.9034, 4.30384
46.25, 27.1087, 4.26523
46.275, 27.1926, 4.19557
46.3, 27.2293, 4.1847
46.325, 27.2561, 4.15798
46.35, 27.2221, 4.12219
46.375, 27.1792, 4.10826
46.4, 27.1563, 4.07911
46.425, 27.2117, 4.03884
46.45, 27.2879, 4.01136
46.475, 27.3598, 3.97096
46.5, 27.4009, 3.91331
46.525, 27.4201, 3.89312
46.55, 27.4262, 3.84671
46.575, 27.3812, 3.78497
46.6, 27.3212, 3.76733
46.625, 27.2459, 3.74048
46.65, 27.1719, 3.6868
46.675, 27.1103, 3.67312
46.7, 27.0501, 3.63336
46.725, 26.9703, 3.57699
46.75, 26.8818, 3.5642
46.775, 26.7963, 3.53736
46.8, 26.6746, 3.48929
46.825, 26.5397, 3.4792
46.85, 26.4092, 3.45312
46.875, 26.2628, 3.41937
46.9, 26.113, 3.40978
46.925, 25.9677, 3.38677
46.95, 25.8137, 3.35635
46.975, 25.6576, 3.35009
47, 25.5034, 3.33718
47.025, 25.3654, 3.30752
47.05, 25.2366, 3.30317
47.075, 25.1186, 3.29652
47.1, 24.997, 3.27965
47.125, 24.8758, 3.2739
47.15, 24.7588, 3.26214
47.175, 24.602, 3.24322
47.2, 24.4321, 3.2422
47.225, 24.2679, 3.24207
47.25, 24.0879, 3.24207
47.275, 23.9168, 3.24207
47.3, 23.7634, 3.24271
47.325, 23.6621, 3.24539
47.35, 23.5807, 3.2468
47.375, 23.5043, 3.24872
47.4, 23.3919, 3.26124
47.425, 23.2612, 3.26712
47.45, 23.1282, 3.28885
47.475, 22.9467, 3.3405
47.5, 22.7589, 3.35456
47.525, 22.5783, 3.39879
47.55, 22.4994, 3.46692
47.575, 22.4635, 3.48137
47.6, 22.4417, 3.51895
47.625, 22.4861, 3.55973
47.65, 22.5517, 3.57814
47.675, 22.6168, 3.60166
47.7, 22.5957, 3.63988
47.725, 22.5433, 3.65151
47.75, 22.4897, 3.69076
47.775, 22.4351, 3.75122
47.8, 22.391, 3.77168
47.825, 22.3582, 3.81757
47.85, 22.3929, 3.88775
47.875, 22.4513, 3.91076
47.9, 22.5098, 3.94489
47.925, 22.5986, 3.99295
47.95, 22.6949, 4.01021
47.975, 22.7806, 4.03846
48, 22.8663, 4.09944
48.025, 22.9517, 4.11452
48.05, 23.0295, 4.14635
48.075, 23.1602, 4.19493
48.1, 23.3077, 4.21116
48.125, 23.4492, 4.24184
48.15, 23.618, 4.28645
48.175, 23.7909, 4.29233
48.2, 23.9598, 4.31381
48.225, 24.1254, 4.33771
48.25, 24.2848, 4.34474
48.275, 24.4372, 4.3574
48.3, 24.5994, 4.37555
48.325, 24.7576, 4.37977
48.35, 24.91, 4.39038
48.375, 25.0837, 4.39485
48.4, 25.2611, 4.39562
48.425, 25.4319, 4.39639
48.45, 25.6123, 4.39843
48.475, 25.7898, 4.39882
48.5, 25.96, 4.39895
48.525, 26.1334, 4.39882
48.55, 26.3027, 4.39882
48.575, 26.4637, 4.39843
48.6, 26.5998, 4.39064
48.625, 26.7222, 4.38578
48.65, 26.8367, 4.36405
48.675, 26.9657, 4.32237
48.7, 27.0966, 4.31125
48.725, 27.2227, 4.28172
48.75, 27.3548, 4.23072
48.775, 27.4887, 4.21704
48.8, 27.6154, 4.17
48.825, 27.7046, 4.09688
48.85, 27.763, 4.07502
48.875, 27.8097, 4.03526
48.9, 27.7812, 3.96189
48.925, 27.7341, 3.93824
48.95, 27.6919, 3.89593
48.975, 27.6946, 3.82946
49, 27.7139, 3.80568
49.025, 27.7398, 3.75979
49.05, 27.7773, 3.67401
49.075, 27.8117, 3.65036
49.1, 27.8189, 3.58351
49.125, 27.6872, 3.51333
49.15, 27.5114, 3.49121
49.175, 27.3317, 3.46168
49.2, 27.1185, 3.42052
49.225, 26.9122, 3.40365
49.25, 26.73, 3.37016
49.275, 26.5959, 3.3212
49.3, 26.4815, 3.3056
49.325, 26.375, 3.27057
49.35, 26.2213, 3.2119
49.375, 26.0524, 3.19694
49.4, 25.884, 3.16537
49.425, 25.6609, 3.1444
49.45, 25.4261, 3.13469
49.475, 25.2016, 3.12255
49.5, 24.989, 3.11181
49.525, 24.7834, 3.11066
49.55, 24.5797, 3.10337
49.575, 24.391, 3.09519
49.6, 24.2125, 3.09135
49.625, 24.037, 3.09123
49.65, 23.8269, 3.09187
49.675, 23.613, 3.09212
49.7, 23.4099, 3.09672
49.725, 23.2211, 3.11449
49.75, 23.0408, 3.12446
49.775, 22.8705, 3.15246
49.8, 22.7222, 3.18685
49.825, 22.5889, 3.205
49.85, 22.4697, 3.22775
49.875, 22.3787, 3.27594
49.9, 22.2966, 3.28885
49.925, 22.2214, 3.32068
49.95, 22.1673, 3.36517
49.975, 22.1185, 3.38447
50, 22.0691, 3.42321
50, 22.0033, 3.47626
50.025, 21.9382, 3.51959
50.05, 21.8795, 3.59297
50.075, 21.8336, 3.71607
50.1, 21.801, 3.75672
50.125, 21.7888, 3.83764
50.15, 21.8557, 3.96624
50.175, 21.9479, 4.00765
50.2, 22.0391, 4.0965
50.225, 22.1397, 4.21333
50.25, 22.2327, 4.26779
50.275, 22.3226, 4.36469
50.3, 22.4552, 4.53048
50.325, 22.599, 4.56065
50.35, 22.7413, 4.6495
50.375, 23.0205, 4.80123
50.4, 23.3333, 4.83498
50.425, 23.6407, 4.91078
50.45, 24.0071, 5.02213
50.475, 24.3697, 5.04986
50.5, 24.7006, 5.11557
50.525, 24.9556, 5.21553
50.55, 25.1808, 5.25018
50.575, 25.392, 5.3247
50.6, 25.6903, 5.4386
50.625, 26.0225, 5.46327
50.65, 26.3541, 5.51492
50.675, 26.7805, 5.60325
50.7, 27.2166, 5.6223
50.725, 27.6376, 5.65336
50.75, 27.9994, 5.69567
50.775, 28.3228, 5.71203
50.8, 28.617, 5.74118
50.825, 28.8924, 5.78784
50.85, 29.1561, 5.79985
50.875, 29.4221, 5.82951
50.9, 29.7561, 5.86722
50.925, 30.1097, 5.87579
50.95, 30.4596, 5.8786
50.975, 30.8213, 5.87911
51, 31.1691, 5.87911
51.025, 31.4932, 5.87898
51.05, 31.7833, 5.87898
51.075, 32.0546, 5.87885
51.1, 32.3129, 5.87885
51.125, 32.5835, 5.87681
51.15, 32.8521, 5.87029
51.175, 33.1104, 5.83923
51.2, 33.3875, 5.7739
51.225, 33.6613, 5.75614
51.25, 33.918, 5.70718
51.275, 34.14, 5.62038
51.3, 34.3499, 5.58241
51.325, 34.5491, 5.51453
51.35, 34.7012, 5.4092
51.375, 34.8345, 5.37507
51.4, 34.9693, 5.30131
51.425, 35.0666, 5.18575
51.45, 35.1453, 5.15673
51.475, 35.2196, 5.08169
51.5, 35.2896, 4.96038
51.525, 35.3552, 4.90567
51.55, 35.4232, 4.81299
51.575, 35.4741, 4.65435
51.6, 35.5111, 4.62278
51.625, 35.5394, 4.52767
51.65, 35.4594, 4.35804
51.675, 35.3384, 4.32378
51.7, 35.2251, 4.24095
51.725, 35.025, 4.1103
51.75, 34.8012, 4.07259
51.775, 34.5868, 3.99704
51.8, 34.4344, 3.86832
51.825, 34.3016, 3.83738
51.85, 34.1782, 3.75991
51.875, 33.995, 3.61304
51.9, 33.7825, 3.58223
51.925, 33.5608, 3.51077
51.95, 33.1982, 3.40122
51.975, 32.7986, 3.37846
52, 32.4185, 3.33539
52.025, 32.0334, 3.26955
52.05, 31.6602, 3.24999
52.075, 31.3141, 3.21676
52.1, 30.9637, 3.16844
52.125, 30.6204, 3.15246
52.15, 30.292, 3.12996
52.175, 29.9099, 3.09736
52.2, 29.5181, 3.09148
52.225, 29.1362, 3.08292
52.25, 28.7442, 3.08113
52.275, 28.3574, 3.08087
52.3, 27.9879, 3.08126
52.325, 27.6301, 3.08611
52.35, 27.2847, 3.09212
52.375, 26.9546, 3.1205
52.4, 26.6178, 3.1678
52.425, 26.2972, 3.18531
52.45, 25.9974, 3.23325
52.475, 25.7249, 3.31404
52.5, 25.4707, 3.33385
52.525, 25.2362, 3.3938
52.55, 25.0342, 3.48559
52.575, 24.8467, 3.51499
52.6, 24.677, 3.58952
52.625, 24.5396, 3.70137
52.65, 24.4172, 3.741
52.675, 24.3079, 3.81718
52.7, 24.2795, 3.94732
52.725, 24.2828, 3.97723
52.75, 24.2884, 4.0506
52.775, 24.3368, 4.16834
52.8, 24.3896, 4.20272
52.825, 24.4312, 4.2839
52.85, 24.4768, 4.40355
52.875, 24.5265, 4.44982
52.9, 24.5764, 4.53138
52.925, 24.7269, 4.65857
52.95, 24.9105, 4.70165
52.975, 25.0934, 4.77247
53, 25.3553, 4.87934
53.025, 25.6311, 4.90759
53.05, 25.8966, 4.96294
53.075, 26.0839, 5.05651
53.1, 26.2359, 5.0923
53.125, 26.3705, 5.16555
53.15, 26.5054, 5.28533
53.175, 26.6515, 5.31639
53.2, 26.8163, 5.37686
53.225, 27.1367, 5.47388
53.25, 27.498, 5.49472
53.275, 27.8431, 5.53217
53.3, 28.2039, 5.57832
53.325, 28.5464, 5.59686
53.35, 28.8626, 5.63188
53.375, 29.132, 5.66039
53.4, 29.3817, 5.67714
53.425, 29.6278, 5.70002
53.45, 29.906, 5.74399
53.475, 30.1901, 5.7454
53.5, 30.4688, 5.74629
53.525, 30.7828, 5.75038
53.55, 31.0942, 5.75051
53.575, 31.3866, 5.75064
53.6, 31.6576, 5.75077
53.625, 31.9114, 5.75077
53.65, 32.1486, 5.75077
53.675, 32.3811, 5.75051
53.7, 32.609, 5.75051
53.725, 32.83, 5.74859
53.75, 33.0548, 5.72533
53.775, 33.2752, 5.71293
53.8, 33.4868, 5.67266
53.825, 33.7056, 5.59941
53.85, 33.9176, 5.56963
53.875, 34.1113, 5.51006
53.9, 34.2829, 5.42774
53.925, 34.4398, 5.39769
53.95, 34.5929, 5.33225
53.975, 34.6981, 5.21528
54, 34.786, 5.1837
54.025, 34.8701, 5.11186
54.05, 34.9057, 5.00001
54.075, 34.9315, 4.9655
54.1, 34.9671, 4.8911
54.125, 35.0262, 4.76058
54.15, 35.0872, 4.73029
54.175, 35.1474, 4.63927
54.2, 35.1273, 4.48983
54.225, 35.08, 4.4511
54.25, 35.018, 4.36545
54.275, 34.8442, 4.2398
54.3, 34.6427, 4.2017
54.325, 34.4487, 4.12564
54.35, 34.3027, 4.02338
54.375, 34.1801, 3.98017
54.4, 34.0707, 3.89874
54.425, 33.9603, 3.76592
54.45, 33.8503, 3.73269
54.475, 33.742, 3.6556
54.5, 33.4804, 3.53327
54.525, 33.1726, 3.49978
54.55, 32.8785, 3.4411
54.575, 32.5154, 3.35737
54.6, 32.141, 3.3382
54.625, 31.7863, 3.29704
54.65, 31.4443, 3.2367
54.675, 31.118, 3.22392
54.7, 30.8043, 3.19822
54.725, 30.4484, 3.15386
54.75, 30.0815, 3.1407
54.775, 29.7315, 3.12088
54.8, 29.3519, 3.1049
54.825, 28.9694, 3.10439
54.85, 28.5992, 3.10439
54.875, 28.2288, 3.1049
54.9, 27.8694, 3.1058
54.925, 27.5274, 3.11718
54.95, 27.1831, 3.14709
54.975, 26.8486, 3.16396
55, 26.528, 3.20461
55.025, 26.2182, 3.2638
55.05, 25.9234, 3.29652
55.075, 25.6447, 3.34152
55.1, 25.3922, 3.43548
55.125, 25.1561, 3.46181
55.15, 24.9296, 3.52291
55.175, 24.7385, 3.61393
55.2, 24.5661, 3.65177
55.225, 24.4027, 3.72348
55.25, 24.328, 3.84492
55.275, 24.2876, 3.87471
55.3, 24.2551, 3.95703
55.325, 24.2843, 4.06646
55.35, 24.334, 4.10378
55.375, 24.3924, 4.17166
55.4, 24.4101, 4.28108
55.425, 24.4088, 4.328
55.45, 24.4052, 4.4139
55.475, 24.4456, 4.5471
55.5, 24.5102, 4.60437
55.525, 24.5961, 4.69079
55.55, 24.8297, 4.80762
55.575, 25.1053, 4.84188
55.6, 25.3745, 4.90209
55.625, 25.6121, 4.98582
55.65, 25.8245, 5.02481
55.675, 26.0221, 5.09601
55.7, 26.1839, 5.20288
55.725, 26.3384, 5.23381
55.75, 26.4915, 5.30054
55.775, 26.7719, 5.40613
55.8, 27.0946, 5.43451
55.825, 27.4159, 5.47874
55.85, 27.8133, 5.55033
55.875, 28.212, 5.56554
55.9, 28.5704, 5.5989
55.925, 28.8683, 5.62383
55.95, 29.1396, 5.63354
55.975, 29.3976, 5.66231
56, 29.6552, 5.69951
56.025, 29.9134, 5.71075
56.05, 30.1704, 5.72456
56.075, 30.4639, 5.7399
56.1, 30.7521, 5.74041
56.125, 31.0208, 5.74156
56.15, 31.2967, 5.74169
56.175, 31.5628, 5.74169
56.2, 31.8122, 5.74169
56.225, 32.0634, 5.74169
56.25, 32.3063, 5.74156
56.275, 32.5357, 5.74143
56.3, 32.7608, 5.73926
56.325, 32.9792, 5.73313
56.35, 33.1875, 5.70897
56.375, 33.4021, 5.65323
56.4, 33.6202, 5.62933
56.425, 33.8333, 5.57155
56.45, 34.0411, 5.49191
56.475, 34.2378, 5.46966
56.5, 34.4184, 5.4083
56.525, 34.5606, 5.31243
56.55, 34.681, 5.26948
56.575, 34.7918, 5.2085
56.6, 34.8371, 5.10189
56.625, 34.8669, 5.06457
56.65, 34.8973, 4.99157
56.675, 34.9611, 4.89391
56.7, 35.0395, 4.84853
56.725, 35.1168, 4.76531
56.75, 35.1939, 4.64259
56.775, 35.2669, 4.58456
56.8, 35.3104, 4.48549
56.825, 35.1915, 4.35037
56.85, 35.0234, 4.30652
56.875, 34.8486, 4.23034
56.9, 34.6397, 4.12718
56.925, 34.4447, 4.09164
56.95, 34.2785, 4.02133
56.975, 34.155, 3.90385
57, 34.0545, 3.86832
57.025, 33.96, 3.7897
57.05, 33.7419, 3.64781
57.075, 33.4845, 3.62416
57.1, 33.2289, 3.56446
57.125, 32.8829, 3.46258
57.15, 32.5223, 3.44034
57.175, 32.1835, 3.40224
57.2, 31.8257, 3.33756
57.225, 31.4835, 3.32171
57.25, 31.1651, 3.29001
57.275, 30.8253, 3.23772
57.3, 30.481, 3.22622
57.325, 30.1493, 3.21011
57.35, 29.78, 3.20218
57.375, 29.4076, 3.20129
57.4, 29.0514, 3.19567
57.425, 28.7051, 3.19554
57.45, 28.3684, 3.19567
57.475, 28.0458, 3.19669
57.5, 27.7347, 3.20794
57.525, 27.4334, 3.21407
57.55, 27.1459, 3.24271
57.575, 26.8526, 3.29806
57.6, 26.5672, 3.31289
57.625, 26.2997, 3.35903
57.65, 26.0513, 3.43113
57.675, 25.8145, 3.45555
57.7, 25.5888, 3.50438
57.725, 25.3794, 3.58453
57.75, 25.1775, 3.61994
57.775, 24.9832, 3.69306
57.8, 24.8475, 3.80146
57.825, 24.7454, 3.83252
57.85, 24.6608, 3.90615
57.875, 24.6468, 4.02811
57.9, 24.6561, 4.06901
57.925, 24.6725, 4.14533
57.95, 24.693, 4.25194
57.975, 24.7071, 4.2931
58, 24.7174, 4.37747
58.025, 24.7327, 4.50607
58.05, 24.7454, 4.548
58.075, 24.7648, 4.6394
58.1, 24.9256, 4.77375
58.125, 25.1387, 4.81082
58.15, 25.3519, 4.87563
58.175, 25.6309, 4.95987
58.2, 25.9161, 4.98978
58.225, 26.171, 5.05408
58.25, 26.3519, 5.14561
58.275, 26.5157, 5.18907
58.3, 26.6746, 5.25478
58.325, 26.8872, 5.35641
58.35, 27.1197, 5.39194
58.375, 27.3555, 5.44576
58.4, 27.6657, 5.52233
58.425, 27.9889, 5.54381
58.45, 28.2993, 5.58267
58.475, 28.6002, 5.63393
58.5, 28.8857, 5.65349
58.525, 29.1515, 5.68174
58.55, 29.4243, 5.7275
58.575, 29.7004, 5.73747
58.6, 29.9647, 5.74156
58.625, 30.2741, 5.75166
58.65, 30.5882, 5.75754
58.675, 30.8847, 5.76687
58.7, 31.1835, 5.76879
58.725, 31.478, 5.76879
58.75, 31.7639, 5.76879
58.775, 32.0381, 5.76866
58.8, 32.3017, 5.76866
58.825, 32.5562, 5.76828
58.85, 32.7967, 5.76265
58.875, 33.0243, 5.75281
58.9, 33.2395, 5.70999
58.925, 33.4667, 5.65297
58.95, 33.688, 5.63406
58.975, 33.8857, 5.58612
59, 34.1172, 5.50431
59.025, 34.3536, 5.47235
59.05, 34.5736, 5.39948
59.075, 34.7526, 5.2884
59.1, 34.9064, 5.25836
59.125, 35.038, 5.18243
59.15, 35.0705, 5.05396
59.175, 35.0622, 5.02468
59.2, 35.0527, 4.95527
59.225, 35.0564, 4.83089
59.25, 35.0741, 4.80302
59.275, 35.1062, 4.7161
59.3, 35.1523, 4.59057
59.325, 35.1989, 4.54915
59.35, 35.2369, 4.45417
59.375, 35.1456, 4.31061
59.4, 35.0036, 4.26894
59.425, 34.854, 4.19352
59.45, 34.6243, 4.07374
59.475, 34.3757, 4.03974
59.5, 34.1333, 3.97416
59.525, 33.93, 3.86384
59.55, 33.7487, 3.83419
59.575, 33.5738, 3.76017
59.6, 33.36, 3.65599
59.625, 33.1283, 3.62211
59.65, 32.8932, 3.55794
59.675, 32.5987, 3.4783
59.7, 32.2916, 3.45299
59.725, 31.9902, 3.40301
59.75, 31.6719, 3.33168
59.775, 31.3601, 3.31135
59.8, 31.0642, 3.27211
59.825, 30.7313, 3.22992
59.85, 30.3918, 3.22174
59.875, 30.061, 3.19924
59.9, 29.7161, 3.17163
59.925, 29.3788, 3.16639
59.95, 29.0542, 3.16205
59.975, 28.7028, 3.16153
60, 28.3542, 3.16166
60, 28.0198, 3.16307
60.025, 27.6821, 3.16192
60.05, 27.3532, 3.16128
60.075, 27.0385, 3.15936
60.1, 26.7481, 3.15911
60.125, 26.4755, 3.15898
60.15, 26.2166, 3.15898
60.175, 25.9767, 3.15923
60.2, 25.7506, 3.15923
60.225, 25.5347, 3.15974
60.25, 25.2847, 3.16268
60.275, 25.0297, 3.16575
60.3, 24.7853, 3.17521
60.325, 24.5259, 3.19618
60.35, 24.2709, 3.205
60.375, 24.0432, 3.23261
60.4, 23.8938, 3.27901
60.425, 23.778, 3.28847
60.45, 23.6757, 3.30253
60.475, 23.573, 3.3382
60.5, 23.453, 3.34983
60.525, 23.317, 3.38268
60.55, 23.119, 3.43829
60.575, 22.9142, 3.45504
60.6, 22.7186, 3.50463
60.625, 22.6032, 3.59706
60.65, 22.5281, 3.61265
60.675, 22.4725, 3.66072
60.7, 22.5044, 3.72578
60.725, 22.5704, 3.73767
60.75, 22.637, 3.76937
60.775, 22.6715, 3.81527
60.8, 22.6901, 3.82907
60.825, 22.7069, 3.8733
60.85, 22.7136, 3.9454
60.875, 22.7198, 3.9679
60.9, 22.7318, 4.01085
60.925, 22.8143, 4.09202
60.95, 22.9148, 4.1089
60.975, 23.0109, 4.14776
61, 23.1517, 4.19774
61.025, 23.3041, 4.21027
61.05, 23.4494, 4.24261
61.075, 23.6039, 4.28901
61.1, 23.7645, 4.30384
61.125, 23.9279, 4.32263
61.15, 24.0971, 4.34999
61.175, 24.2594, 4.35625
61.2, 24.4204, 4.37031
61.225, 24.5943, 4.38476
61.25, 24.7684, 4.38885
61.275, 24.9311, 4.39869
61.3, 25.1012, 4.41582
61.325, 25.2659, 4.42247
61.35, 25.4239, 4.43308
61.375, 25.5866, 4.43448
61.4, 25.7427, 4.43448
61.425, 25.8911, 4.43448
61.45, 26.0134, 4.43436
61.475, 26.1249, 4.43436
61.5, 26.233, 4.43423
61.525, 26.3862, 4.43359
61.55, 26.5538, 4.43103
61.575, 26.7195, 4.41454
61.6, 26.9178, 4.3675
61.625, 27.1186, 4.3542
61.65, 27.3061, 4.32174
61.675, 27.4128, 4.24772
61.7, 27.4871, 4.23391
61.725, 27.5569, 4.20247
61.75, 27.5598, 4.14341
61.775, 27.569, 4.12935
61.8, 27.5987, 4.08576
61.825, 27.6857, 4.03808
61.85, 27.7893, 4.01456
61.875, 27.8866, 3.96368
61.9, 27.9227, 3.89286
61.925, 27.9166, 3.86972
61.95, 27.89, 3.82025
61.975, 27.7717, 3.7502
62, 27.6284, 3.73294
62.025, 27.4873, 3.70661
62.05, 27.35, 3.66609
62.075, 27.2295, 3.64998
62.1, 27.1297, 3.61738
62.125, 27.0488, 3.55653
62.15, 26.9741, 3.53902
62.175, 26.9071, 3.50221
62.2, 26.7625, 3.44085
62.225, 26.5922, 3.42794
62.25, 26.4183, 3.40863
62.275, 26.2121, 3.37629
62.3, 26.0096, 3.37092
62.325, 25.827, 3.35801
62.35, 25.6564, 3.33283
62.375, 25.4956, 3.32375
62.4, 25.3523, 3.30266
62.425, 25.2084, 3.29205
62.45, 25.0614, 3.28579
62.475, 24.9124, 3.28093
62.5, 24.7637, 3.26597
62.525, 24.6213, 3.26073
62.55, 24.4858, 3.25396
62.575, 24.3321, 3.25306
62.6, 24.1783, 3.25319
62.625, 24.0302, 3.25332
62.65, 23.8851, 3.25562
62.675, 23.7451, 3.25843
62.7, 23.615, 3.26981
62.725, 23.5026, 3.29614
62.75, 23.3961, 3.30253
62.775, 23.2943, 3.32516
62.8, 23.1971, 3.36185
62.825, 23.1017, 3.37207
62.85, 23.0117, 3.39751
62.875, 22.9294, 3.4241
62.9, 22.8537, 3.43458
62.925, 22.7782, 3.45568
62.95, 22.7526, 3.50527
62.975, 22.747, 3.52189
63, 22.7398, 3.54835
63.025, 22.7816, 3.58197
63.05, 22.8361, 3.58683
63.075, 22.8868, 3.60498
63.1, 22.8491, 3.64359
63.125, 22.7886, 3.65918
63.15, 22.727, 3.69331
63.175, 22.6791, 3.75966
63.2, 22.6513, 3.77206
63.225, 22.6432, 3.8122
63.25, 22.7305, 3.86538
63.275, 22.8505, 3.88148
63.3, 22.9711, 3.90539
63.325, 23.0471, 3.94463
63.35, 23.1022, 3.9601
63.375, 23.1375, 3.99193
63.4, 23.1398, 4.04754
63.425, 23.132, 4.06032
63.45, 23.1219, 4.10186
63.475, 23.2016, 4.16885
63.5, 23.3138, 4.18163
63.525, 23.4321, 4.20643
63.55, 23.6232, 4.23685
63.575, 23.8325, 4.2389
63.6, 24.0301, 4.25258
63.625, 24.2056, 4.27469
63.65, 24.3658, 4.2807
63.675, 24.5198, 4.28735
63.7, 24.6774, 4.29285
63.725, 24.8284, 4.29297
63.75, 24.9729, 4.29719
63.775, 25.106, 4.30167
63.8, 25.2325, 4.30282
63.825, 25.3526, 4.30742
63.85, 25.4865, 4.30959
63.875, 25.6206, 4.30997
63.9, 25.7506, 4.31023
63.925, 25.883, 4.3101
63.95, 26.0113, 4.3101
63.975, 26.1331, 4.30997
64, 26.2553, 4.30819
64.025, 26.3736, 4.30652
64.05, 26.4861, 4.2862
64.075, 26.6169, 4.24721
64.1, 26.7507, 4.23545
64.125, 26.8752, 4.21308
64.15, 26.9796, 4.16092
64.175, 27.0799, 4.14533
64.2, 27.1847, 4.108
64.225, 27.2218, 4.0515
64.25, 27.23, 4.03284
64.275, 27.2329, 3.99014
64.3, 27.1815, 3.93159
64.325, 27.1121, 3.91919
64.35, 27.0404, 3.89388
64.375, 27.043, 3.84198
64.4, 27.0733, 3.82357
64.425, 27.1066, 3.77717
64.45, 27.159, 3.70546
64.475, 27.2125, 3.67593
64.5, 27.2454, 3.62339
64.525, 27.142, 3.55244
64.55, 26.9993, 3.53531
64.575, 26.8591, 3.51358
64.6, 26.6819, 3.48099
64.625, 26.5133, 3.46923
64.65, 26.366, 3.43203
64.675, 26.272, 3.41477
64.7, 26.1972, 3.38703
64.725, 26.1155, 3.36913
64.75, 26.0368, 3.33142
64.775, 25.9055, 3.30803
64.8, 25.7512, 3.27991
64.825, 25.5411, 3.27109
64.85, 25.3157, 3.26009
64.875, 25.0989, 3.25651
64.9, 24.8868, 3.25357
64.925, 24.6912, 3.25281
64.95, 24.5096, 3.25038
64.975, 24.347, 3.25025
65, 24.1954, 3.25051
65.025, 24.0384, 3.25051
65.05, 23.8834, 3.25076
65.075, 23.7285, 3.2514
65.1, 23.5777, 3.25639
65.125, 23.4295, 3.26342
65.15, 23.289, 3.28451
65.175, 23.1599, 3.29678
65.2, 23.0377, 3.32708
65.225, 22.9213, 3.34817
65.25, 22.8138, 3.38179
65.275, 22.7222, 3.39956
65.3, 22.6401, 3.42934
65.325, 22.5743, 3.45465
65.35, 22.5137, 3.49978
65.375, 22.4621, 3.5288
65.4, 22.4383, 3.57891
65.425, 22.3904, 3.59885
65.45, 22.3451, 3.6464
65.475, 22.3083, 3.67849
65.5, 22.2785, 3.71786
65.525, 22.2553, 3.74521
65.55, 22.2673, 3.79456
65.575, 22.2974, 3.82754
65.6, 22.374, 3.88135
65.625, 22.4601, 3.90654
65.65, 22.5625, 3.94386
65.675, 22.6785, 3.96253
65.7, 22.7688, 4.00113
65.725, 22.8443, 4.02632
65.75, 22.9172, 4.07553
65.775, 22.983, 4.09816
65.8, 23.0652, 4.13216
65.825, 23.1636, 4.15901
65.85, 23.3466, 4.19365
65.875, 23.5553, 4.20963
65.9, 23.792, 4.22241
65.925, 24.0187, 4.22778
65.95, 24.1865, 4.23366
65.975, 24.326, 4.24222
66, 24.3948, 4.26817
66.025, 24.4381, 4.29054
66.05, 24.468, 4.33158
66.075, 24.5095, 4.35037
66.1, 24.6349, 4.38054
66.125, 24.7882, 4.38782
66.15, 24.9927, 4.39013
66.175, 25.2035, 4.39038
66.2, 25.4, 4.39038
66.225, 25.577, 4.39038
66.25, 25.694, 4.39038
66.275, 25.7872, 4.39025
66.3, 25.8763, 4.39025
66.325, 25.9617, 4.39025
66.35, 26.0746, 4.39013
66.375, 26.1954, 4.38949
66.4, 26.3314, 4.37402
66.425, 26.4681, 4.36264
66.45, 26.5918, 4.33618
66.475, 26.7037, 4.31803
66.5, 26.7978, 4.27993
66.525, 26.8841, 4.25232
66.55, 26.9616, 4.21103
66.575, 27.0285, 4.18738
66.6, 27.1038, 4.14788
66.625, 27.1896, 4.12424
66.65, 27.2668, 4.07259
66.675, 27.3432, 4.03808
66.7, 27.4187, 3.97723
66.725, 27.4833, 3.94629
66.75, 27.5326, 3.88787
66.775, 27.58, 3.84633
66.8, 27.5856, 3.78829
66.825, 27.5808, 3.74317
66.85, 27.541, 3.67861
66.875, 27.4761, 3.64678
66.9, 27.3797, 3.59476
66.925, 27.2743, 3.56587
66.95, 27.1561, 3.51064
66.975, 27.0467, 3.48188
67, 26.9605, 3.42794
67.025, 26.8874, 3.40032
67.05, 26.8156, 3.34894
67.075, 26.7461, 3.31992
67.1, 26.6164, 3.27083
67.125, 26.4593, 3.23708
67.15, 26.244, 3.20819
67.175, 26.008, 3.19145
67.2, 25.7511, 3.17317
67.225, 25.4986, 3.16716
67.25, 25.2811, 3.15463
67.275, 25.0834, 3.14415
67.3, 24.9216, 3.13737
67.325, 24.7707, 3.13175
67.35, 24.6088, 3.1251
67.375, 24.4409, 3.12255
67.4, 24.227, 3.11833
67.425, 24.0075, 3.1182
67.45, 23.7786, 3.11999
67.475, 23.5499, 3.12255
67.5, 23.353, 3.14223
67.525, 23.1751, 3.15169
67.55, 23.0139, 3.17061
67.575, 22.8626, 3.18429
67.6, 22.7282, 3.20576
67.625, 22.6049, 3.22801
67.65, 22.4749, 3.26661
67.675, 22.3439, 3.29793
67.7, 22.2224, 3.34536
67.725, 22.1093, 3.37591
67.75, 22.013, 3.42154
67.775, 21.9284, 3.45452
67.8, 21.8659, 3.50182
67.825, 21.8196, 3.54094
67.85, 21.7863, 3.60255
67.875, 21.755, 3.63758
67.9, 21.7557, 3.69817
67.925, 21.7689, 3.73601
67.95, 21.8122, 3.78778
67.975, 21.8629, 3.82421
68, 21.925, 3.88417
68.025, 21.9905, 3.91382
68.05, 22.0578, 3.97186
68.075, 22.1207, 4.0019
68.1, 22.1922, 4.04779
68.125, 22.2679, 4.09087
68.15, 22.407, 4.1507
68.175, 22.5585, 4.18265
68.2, 22.7343, 4.22279
68.225, 22.9198, 4.24938
68.25, 23.1106, 4.28773
68.275, 23.2904, 4.30703
68.3, 23.4218, 4.34372
68.325, 23.5325, 4.36903
68.35, 23.649, 4.40713
68.375, 23.7596, 4.43103
68.4, 23.9289, 4.46989
68.425, 24.1221, 4.47667
68.45, 24.3849, 4.48293
68.475, 24.6638, 4.48383
68.5, 24.9466, 4.48498
68.525, 25.2065, 4.4851
68.55, 25.3598, 4.48523
68.575, 25.4709, 4.48523
68.6, 25.5637, 4.48549
68.625, 25.6484, 4.48549
68.65, 25.7638, 4.48817
68.675, 25.8928, 4.48843
68.7, 26.072, 4.48856
68.725, 26.2635, 4.48843
68.75, 26.4592, 4.48817
68.775, 26.6509, 4.48638
68.8, 26.807, 4.46682
68.825, 26.9444, 4.45097
68.85, 27.0667, 4.42374
68.875, 27.1812, 4.39984
68.9, 27.2985, 4.35804
68.925, 27.4065, 4.33695
68.95, 27.5196, 4.29042
68.975, 27.6361, 4.26102
69, 27.7323, 4.20515
69.025, 27.8189, 4.16783
69.05, 27.8962, 4.09905
69.075, 27.9736, 4.06684
69.1, 28.0233, 4.0074
69.125, 28.0574, 3.9693
69.15, 28.0732, 3.92226
69.175, 28.0785, 3.87253
69.2, 28.0625, 3.81348
69.225, 28.0362, 3.78062
69.25, 27.9926, 3.71824
69.275, 27.9394, 3.67503
69.3, 27.8669, 3.6092
69.325, 27.7963, 3.57584
69.35, 27.7255, 3.51307
69.375, 27.6517, 3.47996
69.4, 27.552, 3.42589
69.425, 27.4414, 3.39214
69.45, 27.2833, 3.33641
69.475, 27.1134, 3.30688
69.5, 26.9251, 3.26789
69.525, 26.7321, 3.23491
69.55, 26.5632, 3.20449
69.575, 26.4105, 3.17981
69.6, 26.2764, 3.14466
69.625, 26.1503, 3.1283
69.65, 26.0049, 3.09174
69.675, 25.8649, 3.0718
69.7, 25.6348, 3.04559
69.725, 25.3731, 3.036
69.75, 25.0778, 3.02961
69.775, 24.7828, 3.02923
69.8, 24.5092, 3.02948
69.825, 24.2538, 3.02987
69.85, 24.0463, 3.03626
69.875, 23.8605, 3.03958
69.9, 23.6909, 3.04738
69.925, 23.533, 3.05774
69.95, 23.3265, 3.0709
69.975, 23.1061, 3.08752
70, 22.8663, 3.12216
70.025, 22.6297, 3.12932
70.05, 22.4016, 3.1398
70.075, 22.1941, 3.14325
70.1, 22.0547, 3.1453
70.125, 21.9402, 3.14901
70.15, 21.823, 3.15859
70.175, 21.7076, 3.16051
70.2, 21.6133, 3.16511
70.225, 21.5269, 3.16818
70.25, 21.4482, 3.17048
70.275, 21.3765, 3.17074
70.3, 21.3041, 3.17227
70.325, 21.2329, 3.17278
70.35, 21.1697, 3.17368
70.375, 21.1101, 3.17432
70.4, 21.0505, 3.18288
70.425, 20.9933, 3.188
70.45, 20.9441, 3.19388
70.475, 20.8961, 3.20001
70.5, 20.8583, 3.2004
70.525, 20.8267, 3.20052
70.55, 20.7982, 3.20052
70.575, 20.7726, 3.20052
70.6, 20.7386, 3.20052
70.625, 20.7012, 3.2004
70.65, 20.661, 3.20052
70.675, 20.6208, 3.20052
70.7, 20.5899, 3.20052
70.725, 20.5671, 3.20052
70.75, 20.5659, 3.2004
70.775, 20.5713, 3.20027
70.8, 20.5821, 3.2004
70.825, 20.5946, 3.20014
70.85, 20.5522, 3.20001
70.875, 20.4896, 3.19976
70.9, 20.407, 3.19937
70.925, 20.3195, 3.19937
70.95, 20.2514, 3.19937
70.975, 20.2029, 3.19937
71, 20.2154, 3.19963
71.025, 20.2487, 3.1995
71.05, 20.3053, 3.19937
71.075, 20.3681, 3.19848
71.1, 20.3635, 3.1839
71.125, 20.331, 3.17969
71.15, 20.2548, 3.1779
71.175, 20.1675, 3.17713
71.2, 20.0758, 3.17726
71.225, 19.9957, 3.17751
71.25, 19.9826, 3.1779
71.275, 19.9946, 3.17802
71.3, 20.0182, 3.17802
71.325, 20.0445, 3.17815
71.35, 20.0608, 3.17841
71.375, 20.0701, 3.17866
71.4, 20.0504, 3.17905
71.425, 20.0211, 3.18058
71.45, 19.992, 3.18199
71.475, 19.9638, 3.18569
71.5, 19.9371, 3.18812
71.525, 19.9112, 3.19183
71.55, 19.8958, 3.19388
71.575, 19.8835, 3.19707
71.6, 19.872, 3.20103
71.625, 19.8641, 3.2064
71.65, 19.8727, 3.21279
71.675, 19.8853, 3.21458
71.7, 19.8929, 3.21663
71.725, 19.9, 3.21752
71.75, 19.9165, 3.22277
71.775, 19.9334, 3.22775
71.8, 19.9485, 3.22839
71.825, 19.9623, 3.22865
71.85, 19.978, 3.22954
71.875, 19.9948, 3.22967
71.9, 20.0236, 3.23018
71.925, 20.054, 3.23044
71.95, 20.0877, 3.23044
71.975, 20.1222, 3.23044
72, 20.123, 3.23031
72.025, 20.1087, 3.23031
72.05, 20.076, 3.23018
72.075, 20.0384, 3.23031
72.1, 19.9972, 3.23031
72.125, 19.9678, 3.23031
72.15, 20.0001, 3.23056
72.175, 20.0534, 3.23056
72.2, 20.1227, 3.23056
72.225, 20.195, 3.23044
72.25, 20.2206, 3.22967
72.275, 20.2217, 3.22967
72.3, 20.1708, 3.22916
72.325, 20.1034, 3.22916
72.35, 20.0266, 3.22929
72.375, 19.949, 3.22941
72.4, 19.937, 3.22954
72.425, 19.9507, 3.22954
72.45, 19.9884, 3.22954
72.475, 20.0334, 3.22941
72.5, 20.066, 3.22929
72.525, 20.088, 3.22916
72.55, 20.0766, 3.22775
72.575, 20.054, 3.22762
72.6, 20.0241, 3.2266
72.625, 19.9928, 3.2266
72.65, 19.9754, 3.2266
72.675, 19.9648, 3.2266
72.7, 19.9659, 3.2266
72.725, 19.9709, 3.22673
72.75, 19.9776, 3.2266
72.775, 19.983, 3.2266
72.8, 19.9815, 3.22519
72.825, 19.9777, 3.2243
72.85, 19.9754, 3.22328
72.875, 19.9736, 3.22289
72.9, 19.976, 3.22251
72.925, 19.9789, 3.22238
72.95, 19.9814, 3.22213
72.975, 19.9845, 3.22162
73, 19.991, 3.22136
73.025, 20.0008, 3.22021
73.05, 20.0239, 3.21919
73.075, 20.0515, 3.21906
73.1, 20.0823, 3.2188
73.125, 20.114, 3.2188
73.15, 20.1284, 3.21829
73.175, 20.1342, 3.21689
73.2, 20.1271, 3.21369
73.225, 20.115, 3.20858
73.25, 20.0994, 3.20755
73.275, 20.0863, 3.20755
73.3, 20.12, 3.20602
73.325, 20.169, 3.20423
73.35, 20.2259, 3.19592
73.375, 20.2854, 3.18352
73.4, 20.3224, 3.15911
73.425, 20.3331, 3.14709
73.45, 20.2896, 3.13584
73.475, 20.2336, 3.13546
73.5, 20.1422, 3.13316
73.525, 20.0371, 3.13303
73.55, 19.9798, 3.13303
73.575, 19.9468, 3.13303
73.6, 19.9518, 3.13316
73.625, 19.9689, 3.13303
73.65, 19.9896, 3.12996
73.675, 20.0032, 3.12804
73.7, 19.9653, 3.1136
73.725, 19.9097, 3.11245
73.75, 19.849, 3.11104
73.775, 19.7883, 3.11104
73.8, 19.7564, 3.11117
73.825, 19.7361, 3.11117
73.85, 19.7514, 3.11117
73.875, 19.7794, 3.11117
73.9, 19.8027, 3.11079
73.925, 19.8203, 3.11091
73.95, 19.8281, 3.11091
73.975, 19.8313, 3.11091
74, 19.8182, 3.11091
74.025, 19.8004, 3.11104
74.05, 19.7826, 3.11117
74.075, 19.7643, 3.11117
74.1, 19.7373, 3.11142
74.125, 19.7079, 3.11168
74.15, 19.6808, 3.11194
74.175, 19.6551, 3.11245
74.2, 19.6396, 3.11462
74.225, 19.6294, 3.1159
74.25, 19.6279, 3.11769
74.275, 19.6286, 3.11794
74.3, 19.6214, 3.12012
74.325, 19.6088, 3.12446
74.35, 19.5784, 3.12919
74.375, 19.5446, 3.13239
74.4, 19.5112, 3.13635
74.425, 19.476, 3.14108
74.45, 19.4633, 3.1508
74.475, 19.4601, 3.15604
74.5, 19.4657, 3.16
74.525, 19.4726, 3.16345
74.55, 19.4913, 3.17048
74.575, 19.5092, 3.17636
74.6, 19.4884, 3.18838
74.625, 19.455, 3.19873
74.65, 19.4273, 3.22149
74.675, 19.4026, 3.23325
74.7, 19.4161, 3.24654
74.725, 19.4482, 3.24923
74.75, 19.5272, 3.25153
74.775, 19.6257, 3.25178
74.8, 19.733, 3.25178
74.825, 19.8376, 3.25178
74.85, 19.8496, 3.25178
74.875, 19.8267, 3.25178
74.9, 19.7677, 3.25191
74.925, 19.6982, 3.25268
74.95, 19.6689, 3.25818
74.975, 19.6629, 3.26674
75, 19.7099, 3.28208
75.025, 19.7749, 3.28515
75.05, 19.8521, 3.29052
75.075, 19.9333, 3.29052
75.1, 19.9838, 3.29052
75.125, 20.0178, 3.29052
75.15, 20.0211, 3.29064
75.175, 20.0141, 3.29052
75.2, 20.0104, 3.29064
75.225, 20.0101, 3.29064
75.25, 20.0235, 3.29077
75.275, 20.0422, 3.29077
75.3, 20.0702, 3.2909
75.325, 20.0999, 3.2909
75.35, 20.1113, 3.2909
75.375, 20.1148, 3.29077
75.4, 20.112, 3.29077
75.425, 20.1067, 3.29064
75.45, 20.1019, 3.29039
75.475, 20.1015, 3.29039
75.5, 20.1196, 3.29039
75.525, 20.1437, 3.29026
75.55, 20.1772, 3.29001
75.575, 20.2135, 3.28758
75.6, 20.2411, 3.27646
75.625, 20.2635, 3.27518
75.65, 20.2795, 3.26035
75.675, 20.2984, 3.25779
75.7, 20.3003, 3.24399
75.725, 20.296, 3.23644
75.75, 20.3054, 3.22532
75.775, 20.3188, 3.22187
75.8, 20.333, 3.19899
75.825, 20.3415, 3.19273
75.85, 20.3493, 3.17598
75.875, 20.3663, 3.16665
75.9, 20.4005, 3.14619
75.925, 20.4362, 3.13034
75.95, 20.4758, 3.10848
75.975, 20.5137, 3.09417
76, 20.4793, 3.06937
76.025, 20.416, 3.06272
76.05, 20.3206, 3.05582
76.075, 20.2184, 3.05147
76.1, 20.1018, 3.0507
76.125, 19.9987, 3.05083
76.15, 19.9863, 3.05083
76.175, 20.0051, 3.05058
76.2, 20.0258, 3.04048
76.225, 20.0475, 3.03575
76.25, 20.0164, 3.02284
76.275, 19.9639, 3.02194
76.3, 19.868, 3.02169
76.325, 19.7574, 3.02181
76.35, 19.6397, 3.02194
76.375, 19.5326, 3.02296
76.4, 19.4662, 3.02386
76.425, 19.4166, 3.02437
76.45, 19.3873, 3.02744
76.475, 19.3654, 3.02923
76.5, 19.3384, 3.03524
76.525, 19.311, 3.03613
76.55, 19.2738, 3.03984
76.575, 19.2302, 3.04278
76.6, 19.1975, 3.05403
76.625, 19.1691, 3.06489
76.65, 19.1371, 3.07972
76.675, 19.1035, 3.09135
76.7, 19.0704, 3.10682
76.725, 19.0435, 3.11679
76.75, 19.0271, 3.13047
76.775, 19.0174, 3.14095
76.8, 19.0272, 3.15923
76.825, 19.0454, 3.16805
76.85, 19.0688, 3.17636
76.875, 19.0895, 3.1816
76.9, 19.1172, 3.19733
76.925, 19.1518, 3.20704
76.95, 19.1801, 3.21752
76.975, 19.202, 3.22468
77, 19.2285, 3.23389
77.025, 19.2651, 3.24935
77.05, 19.3146, 3.26508
77.075, 19.3682, 3.2693
77.1, 19.4226, 3.27582
77.125, 19.4824, 3.27812
77.15, 19.5117, 3.28131
77.175, 19.5267, 3.28476
77.2, 19.521, 3.29972
77.225, 19.5114, 3.30726
77.25, 19.5001, 3.32222
77.275, 19.5027, 3.33283
77.3, 19.5848, 3.35507
77.325, 19.6901, 3.36018
77.35, 19.8153, 3.36313
77.375, 19.9383, 3.36325
77.4, 20.0396, 3.36364
77.425, 20.1266, 3.36376
77.45, 20.142, 3.36389
77.475, 20.1288, 3.36402
77.5, 20.1149, 3.3644
77.525, 20.1031, 3.36594
77.55, 20.1246, 3.37118
77.575, 20.1585, 3.3745
77.6, 20.2145, 3.37463
77.625, 20.2778, 3.37476
77.65, 20.3451, 3.37476
77.675, 20.412, 3.37476
77.7, 20.4758, 3.3745
77.725, 20.5353, 3.37425
77.75, 20.5865, 3.37284
77.775, 20.6342, 3.37067
77.8, 20.6725, 3.3543
77.825, 20.7044, 3.34497
77.85, 20.7376, 3.335
77.875, 20.7773, 3.32132
77.9, 20.8046, 3.30177
77.925, 20.8205, 3.28643
77.95, 20.8288, 3.27543
77.975, 20.8367, 3.26035
78, 20.8138, 3.25127
78.025, 20.7878, 3.23823
78.05, 20.769, 3.21433
78.075, 20.7598, 3.20231
78.1, 20.7579, 3.19209
78.125, 20.7583, 3.16626
78.15, 20.7511, 3.15872
78.175, 20.7455, 3.14453
78.2, 20.7424, 3.13201
78.225, 20.7281, 3.12024
78.25, 20.7007, 3.1003
78.275, 20.6725, 3.07474
78.3, 20.5998, 3.06413
78.325, 20.511, 3.06298
78.35, 20.4266, 3.06029
78.375, 20.31, 3.05607
78.4, 20.1893, 3.05518
78.425, 20.0917, 3.05518
78.45, 20.0598, 3.05492
78.475, 20.0498, 3.04955
78.5, 20.0429, 3.03294
78.525, 20.0362, 3.02923
78.55, 20.0237, 3.02309
78.575, 20.0043, 3.01785
78.6, 19.9268, 3.01338
78.625, 19.8372, 3.01299
78.65, 19.7589, 3.01146
78.675, 19.7046, 3.01133
78.7, 19.6623, 3.01133
78.725, 19.6272, 3.01133
78.75, 19.618, 3.01133
78.775, 19.6159, 3.01159
78.8, 19.6133, 3.01172
78.825, 19.5603, 3.01159
78.85, 19.4902, 3.01184
78.875, 19.4195, 3.01248
78.9, 19.3486, 3.01376
78.925, 19.2856, 3.0176
78.95, 19.2317, 3.02667
78.975, 19.2127, 3.02885
79, 19.2011, 3.03434
79.025, 19.1918, 3.04406
79.05, 19.1817, 3.05109
79.075, 19.168, 3.06413
79.1, 19.1518, 3.08164
79.125, 19.1393, 3.08841
79.15, 19.126, 3.09954
79.175, 19.1133, 3.11257
79.2, 19.104, 3.11564
79.225, 19.0971, 3.12932
79.25, 19.088, 3.1545
79.275, 19.0805, 3.16
79.3, 19.0686, 3.17457
79.325, 19.0588, 3.194
79.35, 19.0737, 3.20295
79.375, 19.0929, 3.21535
79.4, 19.1096, 3.22839
79.425, 19.1352, 3.23159
79.45, 19.1587, 3.24066
79.475, 19.1727, 3.25217
79.5, 19.1651, 3.25754
79.525, 19.1524, 3.27313
79.55, 19.1395, 3.29985
79.575, 19.1683, 3.30777
79.6, 19.2119, 3.32746
79.625, 19.2576, 3.34127
79.65, 19.3531, 3.3506
79.675, 19.4567, 3.35597
79.7, 19.5595, 3.35724
79.725, 19.5962, 3.35788
79.75, 19.6087, 3.36607
79.775, 19.6181, 3.39074
79.8, 19.6034, 3.39521
79.825, 19.5902, 3.41669
79.85, 19.5944, 3.4319
79.875, 19.7018, 3.43867
79.9, 19.8407, 3.43906
79.925, 19.9776, 3.43906
79.95, 20.0931, 3.43906
79.975, 20.1875, 3.43906
80, 20.2644, 3.43906
80.025, 20.2963, 3.43497
80.05, 20.3136, 3.42448
80.075, 20.3293, 3.38396
80.1, 20.3678, 3.35776
80.125, 20.4208, 3.3125
80.15, 20.4846, 3.25779
80.175, 20.5351, 3.2234
80.2, 20.5762, 3.17087
80.225, 20.6247, 3.08867
80.25, 20.6595, 3.04725
80.275, 20.6875, 2.98666
80.3, 20.7169, 2.90089
80.325, 20.7017, 2.8518
80.35, 20.6707, 2.79504
80.375, 20.6419, 2.70185
80.4, 20.5613, 2.65711
80.425, 20.4657, 2.59179
80.45, 20.3778, 2.50576
80.475, 20.2419, 2.46511
80.5, 20.0877, 2.40477
80.525, 19.9363, 2.33063
80.55, 19.7538, 2.29036
80.575, 19.5623, 2.23463
80.6, 19.3765, 2.16036
80.625, 19.1378, 2.12597
80.65, 18.8869, 2.0765
80.675, 18.6409, 2.0177
80.7, 18.3552, 1.98254
80.725, 18.069, 1.94407
80.75, 17.7988, 1.89293
80.775, 17.5324, 1.86954
80.8, 17.2721, 1.83681
80.825, 17.0203, 1.79284
80.85, 16.727, 1.772
80.875, 16.4217, 1.75091
80.9, 16.1263, 1.73123
80.925, 15.7873, 1.72023
80.95, 15.4445, 1.71537
80.975, 15.1151, 1.71231
81, 14.8265, 1.71205
81.025, 14.5614, 1.71205
81.05, 14.3104, 1.71218
81.075, 14.0877, 1.71397
81.1, 13.8803, 1.71857
81.125, 13.6747, 1.72662
81.15, 13.4279, 1.73301
81.175, 13.1744, 1.75372
81.2, 12.9334, 1.77814
81.225, 12.6975, 1.80959
81.25, 12.4752, 1.84436
81.275, 12.2707, 1.88769
81.3, 12.1027, 1.9185
81.325, 11.956, 1.97065
81.35, 11.8211, 2.00006
81.375, 11.7088, 2.05643
81.4, 11.6058, 2.0857
81.425, 11.5222, 2.14885
81.45, 11.4471, 2.18375
81.475, 11.391, 2.25124
81.5, 11.3401, 2.28205
81.525, 11.3187, 2.35492
81.55, 11.3094, 2.38943
81.575, 11.3195, 2.46063
81.6, 11.3351, 2.494
81.625, 11.3724, 2.55344
81.65, 11.4218, 2.58859
81.675, 11.5074, 2.65916
81.7, 11.6014, 2.68881
81.725, 11.7153, 2.7448
81.75, 11.8357, 2.78648
81.775, 11.957, 2.84259
81.8, 12.0845, 2.8711
81.825, 12.2146, 2.91789
81.85, 12.3454, 2.94665
81.875, 12.5052, 3.00059
81.9, 12.6706, 3.03012
81.925, 12.877, 3.08381
81.95, 13.0945, 3.10516
81.975, 13.3442, 3.13789
82, 13.5977, 3.15233
82.025, 13.8309, 3.16409
82.05, 14.0473, 3.17726
82.075, 14.2188, 3.18365
82.1, 14.3725, 3.20538
82.125, 14.5082, 3.23146
82.15, 14.6333, 3.24309
82.175, 14.8256, 3.26776
82.2, 15.0414, 3.27032
82.225, 15.3095, 3.273
82.25, 15.5834, 3.27288
82.275, 15.8499, 3.27288
82.3, 16.0959, 3.27262
82.325, 16.2596, 3.26942
82.35, 16.3899, 3.26751
82.375, 16.5007, 3.25114
82.4, 16.5992, 3.23478
82.425, 16.7338, 3.22315
82.45, 16.8821, 3.21433
82.475, 17.0526, 3.1894
82.5, 17.2244, 3.16473
82.525, 17.4035, 3.11807
82.55, 17.5738, 3.08778
82.575, 17.7267, 3.02309
82.6, 17.8654, 2.98756
82.625, 17.9954, 2.92568
82.65, 18.1169, 2.89424
82.675, 18.189, 2.83838
82.7, 18.2378, 2.79773
82.725, 18.2463, 2.73624
82.75, 18.2433, 2.69699
82.775, 18.24, 2.64573
82.8, 18.2292, 2.60342
82.825, 18.1743, 2.55561
82.85, 18.1098, 2.511
82.875, 18.0466, 2.4545
82.9, 17.981, 2.42113
82.925, 17.8954, 2.37038
82.95, 17.8025, 2.33024
82.975, 17.6803, 2.27055
83, 17.5553, 2.24166
83.025, 17.4278, 2.17876
83.05, 17.2944, 2.14578
83.075, 17.1464, 2.10232
83.1, 16.9983, 2.07151
83.125, 16.8364, 2.01923
83.15, 16.6683, 1.99162
83.175, 16.4835, 1.95212
83.2, 16.2938, 1.93269
83.225, 16.0422, 1.90482
83.25, 15.7754, 1.89651
83.275, 15.5028, 1.88897
83.3, 15.2374, 1.88769
83.325, 14.9923, 1.88629
83.35, 14.7633, 1.88603
83.375, 14.574, 1.88603
83.4, 14.4061, 1.8859
83.425, 14.2465, 1.88194
83.45, 14.0839, 1.88156
83.475, 13.8856, 1.88066
83.5, 13.6821, 1.88296
83.525, 13.4676, 1.90226
83.55, 13.2545, 1.91799
83.575, 13.0715, 1.94317
83.6, 12.903, 1.96823
83.625, 12.7453, 2.003
83.65, 12.6, 2.03061
83.675, 12.4879, 2.06768
83.7, 12.3913, 2.0889
83.725, 12.2802, 2.12507
83.75, 12.1688, 2.15422
83.775, 12.0747, 2.21954
83.8, 11.9906, 2.24984
83.825, 11.9166, 2.30928
83.85, 11.8495, 2.34648
83.875, 11.8302, 2.40426
83.9, 11.8307, 2.44951
83.925, 11.8539, 2.49898
83.95, 11.8863, 2.53452
83.975, 11.9479, 2.57747
84, 12.0185, 2.6079
84.025, 12.1003, 2.65149
84.05, 12.1875, 2.6837
84.075, 12.286, 2.72384
84.1, 12.3864, 2.74736
84.125, 12.5058, 2.79363
84.15, 12.6299, 2.81997
84.175, 12.761, 2.86931
84.2, 12.8942, 2.89385
84.225, 13.0421, 2.93604
84.25, 13.1937, 2.95483
84.275, 13.3654, 2.98283
84.3, 13.5461, 3.00047
84.325, 13.7183, 3.02105
84.35, 13.8776, 3.03485
84.375, 14.0129, 3.06771
84.4, 14.133, 3.07883
84.425, 14.2567, 3.10158
84.45, 14.3737, 3.11526
84.475, 14.5348, 3.13443
84.5, 14.7147, 3.14543
84.525, 14.938, 3.16153
84.55, 15.1674, 3.16435
84.575, 15.407, 3.1646
84.6, 15.6472, 3.1646
84.625, 15.8258, 3.16447
84.65, 15.9768, 3.16435
84.675, 16.0916, 3.16256
84.7, 16.1915, 3.16217
84.725, 16.3108, 3.15565
84.75, 16.4403, 3.14581
84.775, 16.6069, 3.13098
84.8, 16.7802, 3.10248
84.825, 16.9734, 3.06528
84.85, 17.1671, 3.03805
84.875, 17.33, 3.00072
84.9, 17.47, 2.96531
84.925, 17.5475, 2.92696
84.95, 17.5985, 2.90037
84.975, 17.6421, 2.85832
85, 17.681, 2.8325
85.025, 17.6988, 2.78942
85.05, 17.7122, 2.76423
85.075, 17.732, 2.72218
85.1, 17.7503, 2.68945
85.125, 17.7367, 2.63269
85.15, 17.7158, 2.60547
85.175, 17.687, 2.5496
85.2, 17.6509, 2.51982
85.225, 17.5747, 2.46933
85.25, 17.4972, 2.44734
85.275, 17.4309, 2.40324
85.3, 17.3621, 2.37486
85.325, 17.2626, 2.31516
85.35, 17.1594, 2.28729
85.375, 17.0711, 2.24958
85.4, 16.9849, 2.22606
85.425, 16.8546, 2.18579
85.45, 16.7136, 2.16304
85.475, 16.5825, 2.13313
85.5, 16.4571, 2.11306
85.525, 16.2781, 2.07254
85.55, 16.0811, 2.05886
85.575, 15.8961, 2.04569
85.6, 15.7213, 2.04045
85.625, 15.5153, 2.02652
85.65, 15.3081, 2.02217
85.675, 15.1557, 2.01961
85.7, 15.0271, 2.01731
85.725, 14.8851, 2.00951
85.75, 14.7408, 2.00057
85.775, 14.5686, 2.00044
85.8, 14.3877, 2.00082
85.825, 14.1612, 2.00274
85.85, 13.9229, 2.01463
85.875, 13.7056, 2.04032
85.9, 13.5127, 2.06078
85.925, 13.3528, 2.09082
85.95, 13.2077, 2.10935
85.975, 13.0995, 2.13377
86, 13.0137, 2.15882
86.025, 12.9327, 2.18554
86.05, 12.8491, 2.2051
86.075, 12.7593, 2.23769
86.1, 12.6729, 2.26275
86.125, 12.5975, 2.30621
86.15, 12.5261, 2.33766
86.175, 12.4714, 2.37422
86.2, 12.4314, 2.4017
86.225, 12.4255, 2.44184
86.25, 12.4355, 2.47278
86.275, 12.4517, 2.51202
86.3, 12.4687, 2.54296
86.325, 12.5061, 2.59907
86.35, 12.5524, 2.62579
86.375, 12.6091, 2.68229
86.4, 12.6674, 2.7007
86.425, 12.7441, 2.74071
86.45, 12.8279, 2.76347
86.475, 12.9343, 2.81575
86.5, 13.0449, 2.83786
86.525, 13.1682, 2.87826
86.55, 13.2956, 2.90268
86.575, 13.43, 2.9377
86.6, 13.5646, 2.95956
86.625, 13.7175, 2.98832
86.65, 13.8708, 3.00468
86.675, 14.0125, 3.02041
86.7, 14.1427, 3.03575
86.725, 14.2673, 3.06029
86.75, 14.3898, 3.07704
86.775, 14.5283, 3.09864
86.8, 14.6764, 3.10273
86.825, 14.8877, 3.11526
86.85, 15.1122, 3.11603
86.875, 15.3592, 3.11628
86.9, 15.601, 3.11628
86.925, 15.7846, 3.11603
86.95, 15.9417, 3.1159
86.975, 16.0489, 3.11539
87, 16.1328, 3.11398
87.025, 16.2079, 3.11002
87.05, 16.2805, 3.10478
87.075, 16.4126, 3.0957
87.1, 16.5665, 3.07921
87.125, 16.7423, 3.04764
87.15, 16.919, 3.0213
87.175, 17.07, 2.98359
87.2, 17.2025, 2.95598
87.225, 17.2585, 2.90638
87.25, 17.2948, 2.8812
87.275, 17.3146, 2.84835
87.3, 17.3203, 2.82444
87.325, 17.3478, 2.78494
87.35, 17.3795, 2.76078
87.375, 17.4235, 2.71182
87.4, 17.4793, 2.68728
87.425, 17.5119, 2.63717
87.45, 17.5242, 2.60853
87.475, 17.5092, 2.55996
87.5, 17.4796, 2.53158
87.525, 17.4242, 2.47572
87.55, 17.3599, 2.45066
87.575, 17.2817, 2.40094
87.6, 17.2061, 2.37384
87.625, 17.1106, 2.3273
87.65, 17.0127, 2.30519
87.675, 16.9129, 2.26377
87.7, 16.812, 2.23731
87.725, 16.6917, 2.19602
87.75, 16.5679, 2.17365
87.775, 16.4366, 2.13747
87.8, 16.3057, 2.11881
87.825, 16.1515, 2.08455
87.85, 15.9954, 2.06985
87.875, 15.8208, 2.0439
87.9, 15.6432, 2.0384
87.925, 15.4571, 2.02
87.95, 15.2719, 2.01488
87.975, 15.1102, 2.00542
88, 14.9692, 2.00312
88.025, 14.8357, 1.99954
88.05, 14.7085, 1.99712
88.075, 14.5575, 1.99136
88.1, 14.3966, 1.99149
88.125, 14.203, 1.992
88.15, 14.0055, 2.00197
88.175, 13.7944, 2.0191
88.2, 13.5848, 2.03546
88.225, 13.4196, 2.06576
88.25, 13.2716, 2.08059
88.275, 13.1462, 2.1128
88.3, 13.0312, 2.12725
88.325, 12.9423, 2.16739
88.35, 12.861, 2.18899
88.375, 12.7674, 2.22645
88.4, 12.6708, 2.25163
88.425, 12.5854, 2.29918
88.45, 12.5066, 2.32245
88.475, 12.4611, 2.37
88.5, 12.4336, 2.3971
88.525, 12.4228, 2.42957
88.55, 12.423, 2.45948
88.575, 12.4426, 2.50026
88.6, 12.4786, 2.52992
88.625, 12.5244, 2.56494
88.65, 12.5691, 2.59677
88.675, 12.6217, 2.63244
88.7, 12.6822, 2.66644
88.725, 12.7429, 2.70965
88.75, 12.8, 2.73112
88.775, 12.8567, 2.77484
88.8, 12.9134, 2.80041
88.825, 12.9943, 2.8495
88.85, 13.0825, 2.87506
88.875, 13.1988, 2.90996
88.9, 13.3161, 2.93041
88.925, 13.4585, 2.96416
88.95, 13.614, 2.98078
88.975, 13.7675, 3.00085
89, 13.9079, 3.00839
89.025, 14.0509, 3.02948
89.05, 14.1964, 3.04303
89.075, 14.3395, 3.06477
89.1, 14.4721, 3.07231
89.125, 14.6292, 3.0819
89.15, 14.7947, 3.08343
89.175, 14.9929, 3.09046
89.2, 15.1946, 3.09187
89.225, 15.3784, 3.09314
89.25, 15.5474, 3.09314
89.275, 15.682, 3.09302
89.3, 15.7993, 3.09302
89.325, 15.9005, 3.09289
89.35, 15.9937, 3.09289
89.375, 16.1373, 3.09263
89.4, 16.2983, 3.08778
89.425, 16.4858, 3.06873
89.45, 16.677, 3.04163
89.475, 16.8735, 2.99177
89.5, 17.0569, 2.96378
89.525, 17.1454, 2.91712
89.55, 17.2, 2.88925
89.575, 17.1972, 2.86241
89.6, 17.1724, 2.83965
89.625, 17.1669, 2.80949
89.65, 17.1743, 2.78111
89.675, 17.2215, 2.73688
89.7, 17.2867, 2.69738
89.725, 17.3575, 2.64254
89.75, 17.4284, 2.61173
89.775, 17.4393, 2.54794
89.8, 17.4303, 2.51471
89.825, 17.3859, 2.45654
89.85, 17.3353, 2.42944
89.875, 17.268, 2.38176
89.9, 17.1893, 2.3585
89.925, 17.0714, 2.3034
89.95, 16.9445, 2.2795
89.975, 16.8156, 2.24063
