20, 1, -0.0108548, -0.0307598
20.025, 1, -0.0108548, -0.0307598
20.05, 1, -0.0108548, -0.0307598
20.075, 1, -0.0125977, -0.0311039
20.1, 1, -0.0125977, -0.0311039
20.125, 1, -0.0125977, -0.0311039
20.15, 1, -0.0125977, -0.0311039
20.175, 1, -0.0125977, -0.0311039
20.2, 1, -0.0145134, -0.0319468
20.225, 1, -0.0162484, -0.0325034
20.25, 1, -0.0178977, -0.0329798
20.275, 1, -0.0194831, -0.0334202
20.3, 1, -0.0194831, -0.0334202
20.325, 1, -0.0194831, -0.0334202
20.35, 1, -0.0210087, -0.0338221
20.375, 1, -0.0210087, -0.0338221
20.4, 1, -0.0210087, -0.0338221
20.425, 1, -0.0210087, -0.0338221
20.45, 1, -0.0225396, -0.0342153
20.475, 1, -0.0241053, -0.0347224
20.5, 1, -0.0241053, -0.0347224
20.525, 1, -0.0241053, -0.0347224
20.55, 1, -0.0265058, -0.0357267
20.575, 1, -0.0265058, -0.0357267
20.6, 1, -0.0312946, -0.039273
20.625, 1, -0.0377196, -0.0451695
20.65, 1, -0.0461701, -0.0531453
20.675, 1, -0.0461701, -0.0531453
20.7, 1, -0.0607574, -0.0636549
20.725, 1, -0.0607574, -0.0636549
20.75, 1, -0.0770789, -0.0756001
20.775, 1, -0.0927884, -0.0865568
20.8, 1, -0.0927884, -0.0865568
20.825, 1, -0.110071, -0.0973145
20.85, 1, -0.126805, -0.10751
20.875, 1, -0.143004, -0.117444
20.9, 1, -0.158731, -0.127113
20.925, 1, -0.158731, -0.127113
20.95, 1, -0.158731, -0.127113
20.975, 1, -0.158731, -0.127113
21, 1, -0.179967, -0.131435
21.025, 1, -0.179967, -0.131435
21.05, 1, -0.179967, -0.131435
21.075, 1, -0.179967, -0.131435
21.1, 1, -0.200471, -0.135591
21.125, 1, -0.222785, -0.136111
21.15, 1, -0.244683, -0.136136
21.175, 1, -0.265982, -0.135953
21.2, 1, -0.28665, -0.135643
21.225, 1, -0.28665, -0.135643
21.25, 1, -0.28665, -0.135643
21.275, 1, -0.28665, -0.135643
21.3, 1, -0.28665, -0.135643
21.325, 1, -0.28665, -0.135643
21.35, 1, -0.3086, -0.133489
21.375, 1, -0.330124, -0.131
21.4, 1, -0.330124, -0.131
21.425, 1, -0.330124, -0.131
21.45, 1, -0.350921, -0.128594
21.475, 1, -0.371204, -0.126043
21.5, 1, -0.371204, -0.126043
21.525, 1, -0.39084, -0.123523
21.55, 1, -0.39084, -0.123523
21.575, 1, -0.409851, -0.121043
21.6, 1, -0.409851, -0.121043
21.625, 1, -0.409851, -0.121043
21.65, 1, -0.42822, -0.118646
21.675, 1, -0.446057, -0.116232
21.7, 1, -0.446057, -0.116232
21.725, 1, -0.463323, -0.113866
21.75, 1, -0.480083, -0.111496
21.775, 1, -0.496335, -0.109144
21.8, 1, -0.512081, -0.106828
21.825, 1, -0.512081, -0.106828
21.85, 1, -0.512081, -0.106828
21.875, 1, -0.527339, -0.104538
21.9, 1, -0.542167, -0.102232
21.925, 1, -0.542167, -0.102232
21.95, 1, -0.542167, -0.102232
21.975, 1, -0.556657, -0.0998334
22, 1, -0.556657, -0.0998334
22.025, 1, -0.556657, -0.0998334
22.05, 1, -0.57077, -0.0973994
22.075, 1, -0.57077, -0.0973994
22.1, 1, -0.57077, -0.0973994
22.125, 1, -0.584785, -0.0946525
22.15, 1, -0.584785, -0.0946525
22.175, 1, -0.584785, -0.0946525
22.2, 1, -0.584785, -0.0946525
22.225, 1, -0.599558, -0.0907399
22.25, 1, -0.599558, -0.0907399
22.275, 1, -0.599558, -0.0907399
22.3, 1, -0.614343, -0.0864359
22.325, 1, -0.628564, -0.0823357
22.35, 1, -0.628564, -0.0823357
22.375, 1, -0.642531, -0.0781403
22.4, 1, -0.642531, -0.0781403
22.425, 1, -0.656298, -0.0738063
22.45, 1, -0.656298, -0.0738063
22.475, 1, -0.669924, -0.0692856
22.5, 1, -0.683118, -0.0648821
22.525, 1, -0.695932, -0.0605513
22.55, 1, -0.695932, -0.0605513
22.575, 1, -0.695932, -0.0605513
22.6, 1, -0.695932, -0.0605513
22.625, 1, -0.695932, -0.0605513
22.65, 1, -0.695932, -0.0605513
22.675, 1, -0.695932, -0.0605513
22.7, 1, -0.695932, -0.0605513
22.725, 1, -0.695932, -0.0605513
22.75, 1, -0.708617, -0.0560644
22.775, 1, -0.708617, -0.0560644
22.8, 1, -0.708617, -0.0560644
22.825, 1, -0.708617, -0.0560644
22.85, 1, -0.721191, -0.0513978
22.875, 1, -0.721191, -0.0513978
22.9, 1, -0.733506, -0.0467091
22.925, 1, -0.74554, -0.0420301
22.95, 1, -0.757291, -0.0373752
22.975, 1, -0.768753, -0.0327604
23, 1, -0.768753, -0.0327604
23.025, 1, -0.779922, -0.0282008
23.05, 1, -0.779922, -0.0282008
23.075, 1, -0.790795, -0.0237066
23.1, 1, -0.790795, -0.0237066
23.125, 1, -0.790795, -0.0237066
23.15, 1, -0.790795, -0.0237066
23.175, 1, -0.801273, -0.0193932
23.2, 1, -0.811377, -0.0152502
23.225, 1, -0.811377, -0.0152502
23.25, 1, -0.811377, -0.0152502
23.275, 1, -0.811377, -0.0152502
23.3, 1, -0.820723, -0.0116556
23.325, 1, -0.829801, -0.00813646
23.35, 1, -0.829801, -0.00813646
23.375, 1, -0.829801, -0.00813646
23.4, 1, -0.829801, -0.00813646
23.425, 1, -0.838635, -0.00467698
23.45, 1, -0.838635, -0.00467698
23.475, 1, -0.847272, -0.00124189
23.5, 1, -0.847272, -0.00124189
23.525, 1, -0.855688, 0.00214319
23.55, 1, -0.855688, 0.00214319
23.575, 1, -0.855688, 0.00214319
23.6, 1, -0.863705, 0.00530127
23.625, 1, -0.871384, 0.00827893
23.65, 1, -0.871384, 0.00827893
23.675, 1, -0.871384, 0.00827893
23.7, 1, -0.871384, 0.00827893
23.725, 1, -0.871384, 0.00827893
23.75, 1, -0.871384, 0.00827893
23.775, 1, -0.871384, 0.00827893
23.8, 1, -0.878508, 0.0108625
23.825, 1, -0.878508, 0.0108625
23.85, 1, -0.878508, 0.0108625
23.875, 1, -0.878508, 0.0108625
23.9, 1, -0.885524, 0.0134861
23.925, 1, -0.885524, 0.0134861
23.95, 1, -0.885524, 0.0134861
23.975, 1, -0.885524, 0.0134861
24, 1, -0.892465, 0.0161734
24.025, 1, -0.899144, 0.0187258
24.05, 1, -0.899144, 0.0187258
24.075, 1, -0.905664, 0.0212464
24.1, 1, -0.911965, 0.0236699
24.125, 1, -0.918062, 0.0260088
24.15, 1, -0.918062, 0.0260088
24.175, 1, -0.918062, 0.0260088
24.2, 1, -0.923979, 0.0282907
24.225, 1, -0.9297, 0.0304948
24.25, 1, -0.9297, 0.0304948
24.275, 1, -0.9297, 0.0304948
24.3, 1, -0.935241, 0.0326325
24.325, 1, -0.940608, 0.0347073
24.35, 1, -0.940608, 0.0347073
24.375, 1, -0.940608, 0.0347073
24.4, 1, -0.940608, 0.0347073
24.425, 1, -0.945792, 0.0367112
24.45, 1, -0.950783, 0.038634
24.475, 1, -0.950783, 0.038634
24.5, 1, -0.955709, 0.0406018
24.525, 1, -0.960476, 0.0425137
24.55, 1, -0.960476, 0.0425137
24.575, 1, -0.960476, 0.0425137
24.6, 1, -0.965015, 0.0442898
24.625, 1, -0.965015, 0.0442898
24.65, 1, -0.965015, 0.0442898
24.675, 1, -0.965015, 0.0442898
24.7, 1, -0.969593, 0.0462026
24.725, 1, -0.969593, 0.0462026
24.75, 1, -0.974221, 0.0482599
24.775, 1, -0.974221, 0.0482599
24.8, 1, -0.974221, 0.0482599
24.825, 1, -0.974221, 0.0482599
24.85, 1, -0.974221, 0.0482599
24.875, 1, -0.974221, 0.0482599
24.9, 1, -0.978343, 0.0498952
24.925, 1, -0.98228, 0.051432
24.95, 1, -0.98605, 0.0528871
24.975, 1, -0.98605, 0.0528871
25, 1, -0.98605, 0.0528871
25.025, 1, -0.98605, 0.0528871
25.05, 1, -0.98991, 0.0545116
25.075, 1, -0.98991, 0.0545116
25.1, 1, -0.993751, 0.0561953
25.125, 1, -0.997491, 0.0578556
25.15, 1, -1.00115, 0.0595136
25.175, 1, -1.00115, 0.0595136
25.2, 1, -1.00115, 0.0595136
25.225, 1, -1.00115, 0.0595136
25.25, 1, -1.0048, 0.0612231
25.275, 1, -1.0048, 0.0612231
25.3, 1, -1.0084, 0.0629574
25.325, 1, -1.0084, 0.0629574
25.35, 1, -1.012, 0.0647494
25.375, 1, -1.01556, 0.0665652
25.4, 1, -1.01906, 0.0683924
25.425, 1, -1.01906, 0.0683924
25.45, 1, -1.02249, 0.070202
25.475, 1, -1.02583, 0.0719752
25.5, 1, -1.02583, 0.0719752
25.525, 1, -1.02907, 0.0736971
25.55, 1, -1.03219, 0.0753595
25.575, 1, -1.03219, 0.0753595
25.6, 1, -1.03219, 0.0753595
25.625, 1, -1.03219, 0.0753595
25.65, 1, -1.03219, 0.0753595
25.675, 1, -1.03524, 0.0769912
25.7, 1, -1.03524, 0.0769912
25.725, 1, -1.03812, 0.0785138
25.75, 1, -1.04085, 0.0799141
25.775, 1, -1.04085, 0.0799141
25.8, 1, -1.04352, 0.0813095
25.825, 1, -1.04352, 0.0813095
25.85, 1, -1.0461, 0.0826447
25.875, 1, -1.0461, 0.0826447
25.9, 1, -1.0461, 0.0826447
25.925, 1, -1.0461, 0.0826447
25.95, 1, -1.0461, 0.0826447
25.975, 1, -1.04857, 0.0839231
26, 1, -1.04857, 0.0839231
26.025, 1, -1.04857, 0.0839231
26.05, 1, -1.04857, 0.0839231
26.075, 1, -1.04857, 0.0839231
26.1, 1, -1.04857, 0.0839231
26.125, 1, -1.04857, 0.0839231
26.15, 1, -1.05046, 0.0846621
26.175, 1, -1.05223, 0.0853202
26.2, 1, -1.05391, 0.0859144
26.225, 1, -1.05391, 0.0859144
26.25, 1, -1.05391, 0.0859144
26.275, 1, -1.05557, 0.0865289
26.3, 1, -1.05557, 0.0865289
26.325, 1, -1.05557, 0.0865289
26.35, 1, -1.05727, 0.0872188
26.375, 1, -1.05727, 0.0872188
26.4, 1, -1.05902, 0.0879849
26.425, 1, -1.05902, 0.0879849
26.45, 1, -1.05902, 0.0879849
26.475, 1, -1.05902, 0.0879849
26.5, 1, -1.05902, 0.0879849
26.525, 1, -1.05902, 0.0879849
26.55, 1, -1.05902, 0.0879849
26.575, 1, -1.06072, 0.0887369
26.6, 1, -1.06242, 0.0895117
26.625, 1, -1.06242, 0.0895117
26.65, 1, -1.06242, 0.0895117
26.675, 1, -1.06242, 0.0895117
26.7, 1, -1.06242, 0.0895117
26.725, 1, -1.06242, 0.0895117
26.75, 1, -1.06242, 0.0895117
26.775, 1, -1.06403, 0.09023
26.8, 1, -1.06559, 0.0909323
26.825, 1, -1.06559, 0.0909323
26.85, 1, -1.06559, 0.0909323
26.875, 1, -1.0671, 0.0916054
26.9, 1, -1.0671, 0.0916054
26.925, 1, -1.06868, 0.0923733
26.95, 1, -1.07032, 0.0932256
26.975, 1, -1.07032, 0.0932256
27, 1, -1.0719, 0.0940389
27.025, 1, -1.07338, 0.0947829
27.05, 1, -1.07338, 0.0947829
27.075, 1, -1.07493, 0.0956255
27.1, 1, -1.07493, 0.0956255
27.125, 1, -1.07493, 0.0956255
27.15, 1, -1.07638, 0.0963898
27.175, 1, -1.07638, 0.0963898
27.2, 1, -1.07638, 0.0963898
27.225, 1, -1.07774, 0.0970874
27.25, 1, -1.07774, 0.0970874
27.275, 1, -1.07774, 0.0970874
27.3, 1, -1.07774, 0.0970874
27.325, 1, -1.07774, 0.0970874
27.35, 1, -1.07913, 0.0978443
27.375, 1, -1.07913, 0.0978443
27.4, 1, -1.08056, 0.0986615
27.425, 1, -1.08194, 0.0994439
27.45, 1, -1.08194, 0.0994439
27.475, 1, -1.08194, 0.0994439
27.5, 1, -1.08194, 0.0994439
27.525, 1, -1.08194, 0.0994439
27.55, 1, -1.0832, 0.100135
27.575, 1, -1.0832, 0.100135
27.6, 1, -1.08449, 0.100868
27.625, 1, -1.08575, 0.1016
27.65, 1, -1.087, 0.102343
27.675, 1, -1.08826, 0.103104
27.7, 1, -1.08951, 0.103885
27.725, 1, -1.08951, 0.103885
27.75, 1, -1.08951, 0.103885
27.775, 1, -1.09079, 0.104711
27.8, 1, -1.09079, 0.104711
27.825, 1, -1.09208, 0.105559
27.85, 1, -1.09208, 0.105559
27.875, 1, -1.09208, 0.105559
27.9, 1, -1.09208, 0.105559
27.925, 1, -1.09208, 0.105559
27.95, 1, -1.09208, 0.105559
27.975, 1, -1.09336, 0.106418
28, 1, -1.09465, 0.107293
28.025, 1, -1.09465, 0.107293
28.05, 1, -1.09587, 0.108125
28.075, 1, -1.09704, 0.108912
28.1, 1, -1.09704, 0.108912
28.125, 1, -1.09704, 0.108912
28.15, 1, -1.09704, 0.108912
28.175, 1, -1.09814, 0.109638
28.2, 1, -1.09814, 0.109638
28.225, 1, -1.09922, 0.110366
28.25, 1, -1.09922, 0.110366
28.275, 1, -1.10029, 0.111087
28.3, 1, -1.10029, 0.111087
28.325, 1, -1.10029, 0.111087
28.35, 1, -1.10029, 0.111087
28.375, 1, -1.10029, 0.111087
28.4, 1, -1.10148, 0.11194
28.425, 1, -1.10261, 0.112749
28.45, 1, -1.10261, 0.112749
28.475, 1, -1.10261, 0.112749
28.5, 1, -1.10261, 0.112749
28.525, 1, -1.10261, 0.112749
28.55, 1, -1.10261, 0.112749
28.575, 1, -1.10261, 0.112749
28.6, 1, -1.10261, 0.112749
28.625, 1, -1.10261, 0.112749
28.65, 1, -1.10261, 0.112749
28.675, 1, -1.10261, 0.112749
28.7, 1, -1.10261, 0.112749
28.725, 1, -1.10261, 0.112749
28.75, 1, -1.10301, 0.112839
28.775, 1, -1.10337, 0.112895
28.8, 1, -1.10337, 0.112895
28.825, 1, -1.10374, 0.112973
28.85, 1, -1.10374, 0.112973
28.875, 1, -1.10374, 0.112973
28.9, 1, -1.10374, 0.112973
28.925, 1, -1.1042, 0.113147
28.95, 1, -1.1042, 0.113147
28.975, 1, -1.10471, 0.113376
29, 1, -1.10522, 0.113618
29.025, 1, -1.10522, 0.113618
29.05, 1, -1.10522, 0.113618
29.075, 1, -1.10522, 0.113618
29.1, 1, -1.10574, 0.113881
29.125, 1, -1.10627, 0.114152
29.15, 1, -1.10627, 0.114152
29.175, 1, -1.1068, 0.114436
29.2, 1, -1.1068, 0.114436
29.225, 1, -1.10737, 0.114764
29.25, 1, -1.10737, 0.114764
29.275, 1, -1.10737, 0.114764
29.3, 1, -1.10737, 0.114764
29.325, 1, -1.10737, 0.114764
29.35, 1, -1.10737, 0.114764
29.375, 1, -1.10737, 0.114764
29.4, 1, -1.10737, 0.114764
29.425, 1, -1.10737, 0.114764
29.45, 1, -1.10793, 0.115085
29.475, 1, -1.10846, 0.115396
29.5, 1, -1.10846, 0.115396
29.525, 1, -1.10846, 0.115396
29.55, 1, -1.10902, 0.11573
29.575, 1, -1.10902, 0.11573
29.6, 1, -1.10902, 0.11573
29.625, 1, -1.10902, 0.11573
29.65, 1, -1.10962, 0.116119
29.675, 1, -1.11018, 0.116475
29.7, 1, -1.11072, 0.116824
29.725, 1, -1.11125, 0.117168
29.75, 1, -1.11176, 0.117501
29.775, 1, -1.11225, 0.117823
29.8, 1, -1.11273, 0.118138
29.825, 1, -1.11273, 0.118138
29.85, 1, -1.1132, 0.118443
29.875, 1, -1.1132, 0.118443
29.9, 1, -1.11367, 0.118762
29.925, 1, -1.11414, 0.119076
29.95, 1, -1.11459, 0.119392
29.975, 1, -1.11505, 0.119713
30, 1, -1.11505, 0.119713
30, 1, -1.11552, 0.120052
30.025, 1, -1.11552, 0.120052
30.05, 1, -1.11605, 0.120458
30.075, 1, -1.11666, 0.120945
30.1, 1, -1.11666, 0.120945
30.125, 1, -1.11666, 0.120945
30.15, 1, -1.11752, 0.121689
30.175, 1, -1.11857, 0.122632
30.2, 1, -1.11979, 0.12374
30.225, 1, -1.11979, 0.12374
30.25, 1, -1.11979, 0.12374
30.275, 1, -1.11979, 0.12374
30.3, 1, -1.11979, 0.12374
30.325, 1, -1.12104, 0.124894
30.35, 1, -1.12225, 0.126011
30.375, 1, -1.12339, 0.127052
30.4, 1, -1.12339, 0.127052
30.425, 1, -1.12339, 0.127052
30.45, 1, -1.12339, 0.127052
30.475, 1, -1.12339, 0.127052
30.5, 1, -1.124, 0.127577
30.525, 1, -1.12462, 0.128108
30.55, 1, -1.12521, 0.128619
30.575, 1, -1.12521, 0.128619
30.6, 1, -1.12521, 0.128619
30.625, 1, -1.12592, 0.129247
30.65, 1, -1.12631, 0.12956
30.675, 1, -1.12631, 0.12956
30.7, 1, -1.12631, 0.12956
30.725, 1, -1.12631, 0.12956
30.75, 1, -1.12631, 0.12956
30.775, 1, -1.12476, 0.127937
30.8, 1, -1.12325, 0.126356
30.825, 1, -1.12325, 0.126356
30.85, 1, -1.1217, 0.124746
30.875, 1, -1.1217, 0.124746
30.9, 1, -1.1217, 0.124746
30.925, 1, -1.1217, 0.124746
30.95, 1, -1.12091, 0.123883
30.975, 1, -1.12091, 0.123883
31, 1, -1.12026, 0.123171
31.025, 1, -1.11948, 0.122329
31.05, 1, -1.1186, 0.121381
31.075, 1, -1.1186, 0.121381
31.1, 1, -1.11773, 0.120458
31.125, 1, -1.11663, 0.11929
31.15, 1, -1.11534, 0.117939
31.175, 1, -1.11392, 0.116458
31.2, 1, -1.11241, 0.114892
31.225, 1, -1.11088, 0.113293
31.25, 1, -1.10937, 0.111717
31.275, 1, -1.10789, 0.110168
31.3, 1, -1.10644, 0.108646
31.325, 1, -1.10644, 0.108646
31.35, 1, -1.10569, 0.107825
31.375, 1, -1.10569, 0.107825
31.4, 1, -1.10569, 0.107825
31.425, 1, -1.10569, 0.107825
31.45, 1, -1.10569, 0.107825
31.475, 1, -1.10553, 0.107585
31.5, 1, -1.10553, 0.107585
31.525, 1, -1.1056, 0.107582
31.55, 1, -1.1056, 0.107582
31.575, 1, -1.10584, 0.107727
31.6, 1, -1.10584, 0.107727
31.625, 1, -1.10619, 0.107982
31.65, 1, -1.1065, 0.108194
31.675, 1, -1.1065, 0.108194
31.7, 1, -1.10686, 0.108459
31.725, 1, -1.1072, 0.108695
31.75, 1, -1.1072, 0.108695
31.775, 1, -1.1072, 0.108695
31.8, 1, -1.1072, 0.108695
31.825, 1, -1.10761, 0.109004
31.85, 1, -1.108, 0.109293
31.875, 1, -1.108, 0.109293
31.9, 1, -1.10841, 0.109611
31.925, 1, -1.10841, 0.109611
31.95, 1, -1.10901, 0.110126
31.975, 1, -1.10901, 0.110126
32, 1, -1.10901, 0.110126
32.025, 1, -1.10901, 0.110126
32.05, 1, -1.10929, 0.110317
32.075, 1, -1.10929, 0.110317
32.1, 1, -1.10929, 0.110317
32.125, 1, -1.10958, 0.110524
32.15, 1, -1.10958, 0.110524
32.175, 1, -1.10958, 0.110524
32.2, 1, -1.10958, 0.110524
32.225, 1, -1.11055, 0.111425
32.25, 1, -1.11055, 0.111425
32.275, 1, -1.11055, 0.111425
32.3, 1, -1.11171, 0.112517
32.325, 1, -1.11171, 0.112517
32.35, 1, -1.11171, 0.112517
32.375, 1, -1.11304, 0.113779
32.4, 1, -1.11424, 0.114922
32.425, 1, -1.11424, 0.114922
32.45, 1, -1.11424, 0.114922
32.475, 1, -1.11424, 0.114922
32.5, 1, -1.11424, 0.114922
32.525, 1, -1.1155, 0.116128
32.55, 1, -1.1155, 0.116128
32.575, 1, -1.11702, 0.117598
32.6, 1, -1.11857, 0.119107
32.625, 1, -1.1202, 0.120704
32.65, 1, -1.1202, 0.120704
32.675, 1, -1.1202, 0.120704
32.7, 1, -1.1202, 0.120704
32.725, 1, -1.1202, 0.120704
32.75, 1, -1.12172, 0.122182
32.775, 1, -1.12329, 0.123723
32.8, 1, -1.12329, 0.123723
32.825, 1, -1.125, 0.125415
32.85, 1, -1.125, 0.125415
32.875, 1, -1.12684, 0.127231
32.9, 1, -1.12684, 0.127231
32.925, 1, -1.12684, 0.127231
32.95, 1, -1.12684, 0.127231
32.975, 1, -1.12684, 0.127231
33, 1, -1.12871, 0.129082
33.025, 1, -1.13059, 0.130951
33.05, 1, -1.13059, 0.130951
33.075, 1, -1.13059, 0.130951
33.1, 1, -1.13259, 0.132934
33.125, 1, -1.1347, 0.135033
33.15, 1, -1.1347, 0.135033
33.175, 1, -1.13679, 0.137109
33.2, 1, -1.13679, 0.137109
33.225, 1, -1.13679, 0.137109
33.25, 1, -1.13679, 0.137109
33.275, 1, -1.13679, 0.137109
33.3, 1, -1.13832, 0.13864
33.325, 1, -1.13984, 0.140148
33.35, 1, -1.14134, 0.141648
33.375, 1, -1.14286, 0.14316
33.4, 1, -1.14435, 0.144656
33.425, 1, -1.1458, 0.146101
33.45, 1, -1.1458, 0.146101
33.475, 1, -1.1458, 0.146101
33.5, 1, -1.1458, 0.146101
33.525, 1, -1.1458, 0.146101
33.55, 1, -1.14685, 0.147148
33.575, 1, -1.14782, 0.148116
33.6, 1, -1.14782, 0.148116
33.625, 1, -1.14877, 0.149062
33.65, 1, -1.14877, 0.149062
33.675, 1, -1.14877, 0.149062
33.7, 1, -1.14877, 0.149062
33.725, 1, -1.14877, 0.149062
33.75, 1, -1.14877, 0.149062
33.775, 1, -1.14915, 0.149444
33.8, 1, -1.14915, 0.149444
33.825, 1, -1.14915, 0.149444
33.85, 1, -1.14915, 0.149444
33.875, 1, -1.14915, 0.149444
33.9, 1, -1.14915, 0.149444
33.925, 1, -1.14919, 0.14949
33.95, 1, -1.14924, 0.149536
33.975, 1, -1.14924, 0.149536
34, 1, -1.14924, 0.149536
34.025, 1, -1.1495, 0.149789
34.05, 1, -1.14981, 0.150095
34.075, 1, -1.14981, 0.150095
34.1, 1, -1.1503, 0.150566
34.125, 1, -1.15084, 0.151088
34.15, 1, -1.15084, 0.151088
34.175, 1, -1.15145, 0.151684
34.2, 1, -1.15145, 0.151684
34.225, 1, -1.15145, 0.151684
34.25, 1, -1.15203, 0.152247
34.275, 1, -1.15203, 0.152247
34.3, 1, -1.15261, 0.152802
34.325, 1, -1.15261, 0.152802
34.35, 1, -1.15326, 0.153434
34.375, 1, -1.15326, 0.153434
34.4, 1, -1.15397, 0.154122
34.425, 1, -1.15466, 0.154791
34.45, 1, -1.15466, 0.154791
34.475, 1, -1.15529, 0.155399
34.5, 1, -1.15529, 0.155399
34.525, 1, -1.15605, 0.156146
34.55, 1, -1.15605, 0.156146
34.575, 1, -1.15679, 0.156874
34.6, 1, -1.15679, 0.156874
34.625, 1, -1.15679, 0.156874
34.65, 1, -1.15679, 0.156874
34.675, 1, -1.15737, 0.157439
34.7, 1, -1.15783, 0.157891
34.725, 1, -1.15783, 0.157891
34.75, 1, -1.15783, 0.157891
34.775, 1, -1.15783, 0.157891
34.8, 1, -1.15783, 0.157891
34.825, 1, -1.15822, 0.158264
34.85, 1, -1.15853, 0.158561
34.875, 1, -1.15853, 0.158561
34.9, 1, -1.15853, 0.158561
34.925, 1, -1.15853, 0.158561
34.95, 1, -1.15872, 0.158738
34.975, 1, -1.15872, 0.158738
35, 1, -1.15872, 0.158738
35.025, 1, -1.15898, 0.158994
35.05, 1, -1.15898, 0.158994
35.075, 1, -1.15932, 0.159322
35.1, 1, -1.15932, 0.159322
35.125, 1, -1.15978, 0.159783
35.15, 1, -1.1602, 0.160201
35.175, 1, -1.1606, 0.160601
35.2, 1, -1.1606, 0.160601
35.225, 1, -1.1606, 0.160601
35.25, 1, -1.1606, 0.160601
35.275, 1, -1.1606, 0.160601
35.3, 1, -1.1606, 0.160601
35.325, 1, -1.1606, 0.160601
35.35, 1, -1.1606, 0.160601
35.375, 1, -1.15975, 0.15975
35.4, 1, -1.15975, 0.15975
35.425, 1, -1.15975, 0.15975
35.45, 1, -1.15975, 0.15975
35.475, 1, -1.15893, 0.158935
35.5, 1, -1.15893, 0.158935
35.525, 1, -1.15816, 0.158165
35.55, 1, -1.15816, 0.158165
35.575, 1, -1.15742, 0.157421
35.6, 1, -1.15742, 0.157421
35.625, 1, -1.15742, 0.157421
35.65, 1, -1.15683, 0.156843
35.675, 1, -1.15683, 0.156843
35.7, 1, -1.15648, 0.1565
35.725, 1, -1.15628, 0.156309
35.75, 1, -1.15628, 0.156309
35.775, 1, -1.15628, 0.156309
35.8, 1, -1.15628, 0.156309
35.825, 1, -1.15628, 0.156309
35.85, 1, -1.15602, 0.156061
35.875, 1, -1.15578, 0.155833
35.9, 1, -1.15578, 0.155833
35.925, 1, -1.15561, 0.15567
35.95, 1, -1.15551, 0.155589
35.975, 1, -1.15541, 0.155506
36, 1, -1.15527, 0.155376
36.025, 1, -1.15527, 0.155376
36.05, 1, -1.15517, 0.155281
36.075, 1, -1.15517, 0.155281
36.1, 1, -1.15519, 0.155308
36.125, 1, -1.1552, 0.15533
36.15, 1, -1.15522, 0.155347
36.175, 1, -1.15522, 0.155347
36.2, 1, -1.15528, 0.155413
36.225, 1, -1.15528, 0.155413
36.25, 1, -1.15538, 0.15552
36.275, 1, -1.15538, 0.15552
36.3, 1, -1.15558, 0.155719
36.325, 1, -1.15578, 0.155915
36.35, 1, -1.15578, 0.155915
36.375, 1, -1.15578, 0.155915
36.4, 1, -1.15578, 0.155915
36.425, 1, -1.15577, 0.15591
36.45, 1, -1.15577, 0.155908
36.475, 1, -1.15577, 0.155908
36.5, 1, -1.15577, 0.155908
36.525, 1, -1.15577, 0.155908
36.55, 1, -1.15586, 0.155989
36.575, 1, -1.15602, 0.156144
36.6, 1, -1.15602, 0.156144
36.625, 1, -1.1564, 0.156521
36.65, 1, -1.1564, 0.156521
36.675, 1, -1.15709, 0.157202
36.7, 1, -1.15799, 0.158082
36.725, 1, -1.15902, 0.159098
36.75, 1, -1.15902, 0.159098
36.775, 1, -1.15902, 0.159098
36.8, 1, -1.15981, 0.159869
36.825, 1, -1.15981, 0.159869
36.85, 1, -1.15981, 0.159869
36.875, 1, -1.15981, 0.159869
36.9, 1, -1.15981, 0.159869
36.925, 1, -1.16063, 0.160672
36.95, 1, -1.16161, 0.161629
36.975, 1, -1.16161, 0.161629
37, 1, -1.16161, 0.161629
37.025, 1, -1.16237, 0.162368
37.05, 1, -1.16299, 0.162968
37.075, 1, -1.16299, 0.162968
37.1, 1, -1.16299, 0.162968
37.125, 1, -1.16299, 0.162968
37.15, 1, -1.16359, 0.163552
37.175, 1, -1.16359, 0.163552
37.2, 1, -1.16359, 0.163552
37.225, 1, -1.16359, 0.163552
37.25, 1, -1.16359, 0.163552
37.275, 1, -1.16359, 0.163552
37.3, 1, -1.16359, 0.163552
37.325, 1, -1.16359, 0.163552
37.35, 1, -1.16359, 0.163552
37.375, 1, -1.16359, 0.163552
37.4, 1, -1.16359, 0.163552
37.425, 1, -1.16359, 0.163552
37.45, 1, -1.16359, 0.163552
37.475, 1, -1.16216, 0.162105
37.5, 1, -1.16216, 0.162105
37.525, 1, -1.16216, 0.162105
37.55, 1, -1.16084, 0.160768
37.575, 1, -1.16084, 0.160768
37.6, 1, -1.15956, 0.159474
37.625, 1, -1.15956, 0.159474
37.65, 1, -1.15956, 0.159474
37.675, 1, -1.15839, 0.158286
37.7, 1, -1.15839, 0.158286
37.725, 1, -1.15729, 0.157177
37.75, 1, -1.15729, 0.157177
37.775, 1, -1.15729, 0.157177
37.8, 1, -1.15631, 0.156192
37.825, 1, -1.15534, 0.155214
37.85, 1, -1.15438, 0.154251
37.875, 1, -1.15344, 0.15331
37.9, 1, -1.15252, 0.152392
37.925, 1, -1.15252, 0.152392
37.95, 1, -1.15252, 0.152392
37.975, 1, -1.15252, 0.152392
38, 1, -1.15252, 0.152392
38.025, 1, -1.15252, 0.152392
38.05, 1, -1.15252, 0.152392
38.075, 1, -1.15143, 0.151302
38.1, 1, -1.15143, 0.151302
38.125, 1, -1.15037, 0.150248
38.15, 1, -1.14936, 0.149234
38.175, 1, -1.1484, 0.148282
38.2, 1, -1.14754, 0.147421
38.225, 1, -1.1468, 0.146688
38.25, 1, -1.1468, 0.146688
38.275, 1, -1.1468, 0.146688
38.3, 1, -1.14616, 0.146052
38.325, 1, -1.14551, 0.145416
38.35, 1, -1.14488, 0.144793
38.375, 1, -1.14426, 0.144169
38.4, 1, -1.14364, 0.143556
38.425, 1, -1.14305, 0.142972
38.45, 1, -1.14249, 0.142407
38.475, 1, -1.14249, 0.142407
38.5, 1, -1.14249, 0.142407
38.525, 1, -1.14249, 0.142407
38.55, 1, -1.14249, 0.142407
38.575, 1, -1.14249, 0.142407
38.6, 1, -1.14249, 0.142407
38.625, 1, -1.14249, 0.142407
38.65, 1, -1.14249, 0.142407
38.675, 1, -1.14157, 0.141492
38.7, 1, -1.14157, 0.141492
38.725, 1, -1.14069, 0.140614
38.75, 1, -1.13982, 0.139749
38.775, 1, -1.13982, 0.139749
38.8, 1, -1.13898, 0.138915
38.825, 1, -1.13898, 0.138915
38.85, 1, -1.13819, 0.138121
38.875, 1, -1.13819, 0.138121
38.9, 1, -1.13819, 0.138121
38.925, 1, -1.13819, 0.138121
38.95, 1, -1.13741, 0.137344
38.975, 1, -1.13665, 0.136592
39, 1, -1.13665, 0.136592
39.025, 1, -1.13665, 0.136592
39.05, 1, -1.136, 0.135943
39.075, 1, -1.136, 0.135943
39.1, 1, -1.136, 0.135943
39.125, 1, -1.136, 0.135943
39.15, 1, -1.136, 0.135943
39.175, 1, -1.136, 0.135943
39.2, 1, -1.136, 0.135943
39.225, 1, -1.136, 0.135943
39.25, 1, -1.136, 0.135943
39.275, 1, -1.13553, 0.135472
39.3, 1, -1.13553, 0.135472
39.325, 1, -1.13553, 0.135472
39.35, 1, -1.13508, 0.135017
39.375, 1, -1.13462, 0.134555
39.4, 1, -1.13462, 0.134555
39.425, 1, -1.13462, 0.134555
39.45, 1, -1.13417, 0.134108
39.475, 1, -1.13374, 0.133681
39.5, 1, -1.13374, 0.133681
39.525, 1, -1.1334, 0.133338
39.55, 1, -1.1334, 0.133338
39.575, 1, -1.1334, 0.133338
39.6, 1, -1.1334, 0.133338
39.625, 1, -1.13304, 0.132972
39.65, 1, -1.13304, 0.132972
39.675, 1, -1.13304, 0.132972
39.7, 1, -1.13304, 0.132972
39.725, 1, -1.13268, 0.132616
39.75, 1, -1.13234, 0.132269
39.775, 1, -1.13234, 0.132269
39.8, 1, -1.13234, 0.132269
39.825, 1, -1.13234, 0.132269
39.85, 1, -1.13199, 0.131922
39.875, 1, -1.13199, 0.131922
39.9, 1, -1.13165, 0.131576
39.925, 1, -1.13165, 0.131576
39.95, 1, -1.13133, 0.13126
39.975, 1, -1.131, 0.130931
40, 1, -1.13066, 0.130591
40, 1, -1.13066, 0.130591
40.025, 1, -1.13066, 0.130591
40.05, 1, -1.13066, 0.130591
40.075, 1, -1.13043, 0.130366
40.1, 1, -1.13043, 0.130366
40.125, 1, -1.13038, 0.130316
40.15, 1, -1.13038, 0.130316
40.175, 1, -1.13038, 0.130316
40.2, 1, -1.13038, 0.130316
40.225, 1, -1.13038, 0.130316
40.25, 1, -1.13038, 0.130316
40.275, 1, -1.13038, 0.130316
40.3, 1, -1.13038, 0.130316
40.325, 1, -1.13011, 0.130057
40.35, 1, -1.12993, 0.129883
40.375, 1, -1.12982, 0.129779
40.4, 1, -1.12976, 0.129724
40.425, 1, -1.12975, 0.129719
40.45, 1, -1.12975, 0.129719
40.475, 1, -1.12975, 0.129719
40.5, 1, -1.12975, 0.129719
40.525, 1, -1.12978, 0.129757
40.55, 1, -1.12993, 0.129914
40.575, 1, -1.13016, 0.130155
40.6, 1, -1.13016, 0.130155
40.625, 1, -1.13016, 0.130155
40.65, 1, -1.13016, 0.130155
40.675, 1, -1.13016, 0.130155
40.7, 1, -1.13014, 0.130143
40.725, 1, -1.13002, 0.130033
40.75, 1, -1.13002, 0.130033
40.775, 1, -1.13002, 0.130033
40.8, 1, -1.1298, 0.129819
40.825, 1, -1.1298, 0.129819
40.85, 1, -1.1298, 0.129819
40.875, 1, -1.12968, 0.129701
40.9, 1, -1.12928, 0.129308
40.925, 1, -1.12928, 0.129308
40.95, 1, -1.12928, 0.129308
40.975, 1, -1.12928, 0.129308
41, 1, -1.12928, 0.129308
41.025, 1, -1.12928, 0.129308
41.05, 1, -1.12928, 0.129308
41.075, 1, -1.12719, 0.127236
41.1, 1, -1.12506, 0.125115
41.125, 1, -1.12506, 0.125115
41.15, 1, -1.12506, 0.125115
41.175, 1, -1.12506, 0.125115
41.2, 1, -1.12327, 0.123327
41.225, 1, -1.12137, 0.121434
41.25, 1, -1.12137, 0.121434
41.275, 1, -1.1196, 0.119671
41.3, 1, -1.11778, 0.117852
41.325, 1, -1.11778, 0.117852
41.35, 1, -1.11778, 0.117852
41.375, 1, -1.11628, 0.116353
41.4, 1, -1.11477, 0.114831
41.425, 1, -1.11325, 0.113305
41.45, 1, -1.11325, 0.113305
41.475, 1, -1.11325, 0.113305
41.5, 1, -1.11325, 0.113305
41.525, 1, -1.1123, 0.112335
41.55, 1, -1.11143, 0.111437
41.575, 1, -1.11065, 0.110628
41.6, 1, -1.10995, 0.109889
41.625, 1, -1.10931, 0.109209
41.65, 1, -1.10931, 0.109209
41.675, 1, -1.10931, 0.109209
41.7, 1, -1.10931, 0.109209
41.725, 1, -1.10931, 0.109209
41.75, 1, -1.10931, 0.109209
41.775, 1, -1.10931, 0.109209
41.8, 1, -1.10894, 0.108798
41.825, 1, -1.10894, 0.108798
41.85, 1, -1.10894, 0.108798
41.875, 1, -1.10858, 0.108398
41.9, 1, -1.10824, 0.108019
41.925, 1, -1.10793, 0.107677
41.95, 1, -1.10766, 0.107382
41.975, 1, -1.10766, 0.107382
42, 1, -1.10766, 0.107382
42.025, 1, -1.10766, 0.107382
42.05, 1, -1.10766, 0.107382
42.075, 1, -1.10766, 0.107382
42.1, 1, -1.10766, 0.107382
42.125, 1, -1.10766, 0.107382
42.15, 1, -1.10766, 0.107382
42.175, 1, -1.10766, 0.107382
42.2, 1, -1.10766, 0.107382
42.225, 1, -1.10766, 0.107382
42.25, 1, -1.10766, 0.107382
42.275, 1, -1.10704, 0.106732
42.3, 1, -1.10704, 0.106732
42.325, 1, -1.10704, 0.106732
42.35, 1, -1.10704, 0.106732
42.375, 1, -1.10649, 0.106154
42.4, 1, -1.10579, 0.105433
42.425, 1, -1.10498, 0.104608
42.45, 1, -1.10498, 0.104608
42.475, 1, -1.1043, 0.103914
42.5, 1, -1.1043, 0.103914
42.525, 1, -1.10376, 0.103373
42.55, 1, -1.10376, 0.103373
42.575, 1, -1.10336, 0.102974
42.6, 1, -1.10293, 0.10254
42.625, 1, -1.10293, 0.10254
42.65, 1, -1.10293, 0.10254
42.675, 1, -1.10281, 0.102419
42.7, 1, -1.10281, 0.102419
42.725, 1, -1.10281, 0.102419
42.75, 1, -1.103, 0.102624
42.775, 1, -1.103, 0.102624
42.8, 1, -1.103, 0.102624
42.825, 1, -1.103, 0.102624
42.85, 1, -1.103, 0.102624
42.875, 1, -1.103, 0.102624
42.9, 1, -1.10342, 0.10305
42.925, 1, -1.10392, 0.103557
42.95, 1, -1.10392, 0.103557
42.975, 1, -1.10392, 0.103557
43, 1, -1.10453, 0.104187
43.025, 1, -1.10453, 0.104187
43.05, 1, -1.10529, 0.104959
43.075, 1, -1.10529, 0.104959
43.1, 1, -1.10618, 0.105864
43.125, 1, -1.10717, 0.106882
43.15, 1, -1.10819, 0.107921
43.175, 1, -1.10819, 0.107921
43.2, 1, -1.10918, 0.108931
43.225, 1, -1.10918, 0.108931
43.25, 1, -1.10918, 0.108931
43.275, 1, -1.10918, 0.108931
43.3, 1, -1.10918, 0.108931
43.325, 1, -1.10969, 0.109471
43.35, 1, -1.11031, 0.110119
43.375, 1, -1.11031, 0.110119
43.4, 1, -1.11094, 0.110768
43.425, 1, -1.11154, 0.11139
43.45, 1, -1.112, 0.111873
43.475, 1, -1.112, 0.111873
43.5, 1, -1.11258, 0.112477
43.525, 1, -1.11258, 0.112477
43.55, 1, -1.11258, 0.112477
43.575, 1, -1.11258, 0.112477
43.6, 1, -1.11269, 0.112606
43.625, 1, -1.11269, 0.112606
43.65, 1, -1.11286, 0.112798
43.675, 1, -1.11293, 0.112897
43.7, 1, -1.11293, 0.112897
43.725, 1, -1.11308, 0.113059
43.75, 1, -1.11313, 0.113131
43.775, 1, -1.11313, 0.113131
43.8, 1, -1.11313, 0.113131
43.825, 1, -1.11313, 0.113131
43.85, 1, -1.11313, 0.113131
43.875, 1, -1.11258, 0.112594
43.9, 1, -1.11258, 0.112594
43.925, 1, -1.11258, 0.112594
43.95, 1, -1.11217, 0.112201
43.975, 1, -1.11217, 0.112201
44, 1, -1.11217, 0.112201
44.025, 1, -1.11209, 0.112132
44.05, 1, -1.11209, 0.112132
44.075, 1, -1.11221, 0.112257
44.1, 1, -1.11234, 0.112396
44.125, 1, -1.11234, 0.112396
44.15, 1, -1.11263, 0.112682
44.175, 1, -1.11263, 0.112682
44.2, 1, -1.11263, 0.112682
44.225, 1, -1.11263, 0.112682
44.25, 1, -1.11263, 0.112682
44.275, 1, -1.11263, 0.112682
44.3, 1, -1.11263, 0.112682
44.325, 1, -1.11263, 0.112682
44.35, 1, -1.11263, 0.112682
44.375, 1, -1.11254, 0.112593
44.4, 1, -1.11249, 0.11253
44.425, 1, -1.11249, 0.11253
44.45, 1, -1.11247, 0.112507
44.475, 1, -1.11247, 0.112507
44.5, 1, -1.11248, 0.112498
44.525, 1, -1.11249, 0.112495
44.55, 1, -1.11251, 0.112499
44.575, 1, -1.11251, 0.112499
44.6, 1, -1.11251, 0.112499
44.625, 1, -1.11251, 0.112499
44.65, 1, -1.11257, 0.112545
44.675, 1, -1.11257, 0.112545
44.7, 1, -1.11257, 0.112545
44.725, 1, -1.11257, 0.112545
44.75, 1, -1.11257, 0.112545
44.775, 1, -1.11291, 0.11287
44.8, 1, -1.11291, 0.11287
44.825, 1, -1.11291, 0.11287
44.85, 1, -1.11334, 0.113284
44.875, 1, -1.11334, 0.113284
44.9, 1, -1.11334, 0.113284
44.925, 1, -1.1137, 0.113633
44.95, 1, -1.1137, 0.113633
44.975, 1, -1.1137, 0.113633
45, 1, -1.11421, 0.114136
45.025, 1, -1.11454, 0.114464
45.05, 1, -1.11454, 0.114464
45.075, 1, -1.11454, 0.114464
45.1, 1, -1.11454, 0.114464
45.125, 1, -1.11454, 0.114464
45.15, 1, -1.11454, 0.114464
45.175, 1, -1.11421, 0.114128
45.2, 1, -1.11421, 0.114128
45.225, 1, -1.11421, 0.114128
45.25, 1, -1.11421, 0.114128
45.275, 1, -1.11421, 0.114128
45.3, 1, -1.11421, 0.114128
45.325, 1, -1.11421, 0.114128
45.35, 1, -1.11421, 0.114128
45.375, 1, -1.11383, 0.113738
45.4, 1, -1.11383, 0.113738
45.425, 1, -1.11357, 0.113485
45.45, 1, -1.11334, 0.113249
45.475, 1, -1.11334, 0.113249
45.5, 1, -1.11334, 0.113249
45.525, 1, -1.11334, 0.113249
45.55, 1, -1.11334, 0.113249
45.575, 1, -1.11334, 0.113249
45.6, 1, -1.11324, 0.113158
45.625, 1, -1.11324, 0.113158
45.65, 1, -1.11325, 0.113174
45.675, 1, -1.11325, 0.113174
45.7, 1, -1.11325, 0.113174
45.725, 1, -1.11325, 0.113174
45.75, 1, -1.11333, 0.11326
45.775, 1, -1.11342, 0.113358
45.8, 1, -1.11342, 0.113358
45.825, 1, -1.11342, 0.113358
45.85, 1, -1.11349, 0.113446
45.875, 1, -1.11349, 0.113446
45.9, 1, -1.11359, 0.113551
45.925, 1, -1.11374, 0.113713
45.95, 1, -1.11374, 0.113713
45.975, 1, -1.11374, 0.113713
46, 1, -1.11389, 0.113882
46.025, 1, -1.11389, 0.113882
46.05, 1, -1.11404, 0.114041
46.075, 1, -1.11404, 0.114041
46.1, 1, -1.11425, 0.114265
46.125, 1, -1.11425, 0.114265
46.15, 1, -1.11425, 0.114265
46.175, 1, -1.11425, 0.114265
46.2, 1, -1.11415, 0.114174
46.225, 1, -1.11414, 0.114171
46.25, 1, -1.1141, 0.114147
46.275, 1, -1.11399, 0.114046
46.3, 1, -1.11399, 0.114046
46.325, 1, -1.11399, 0.114046
46.35, 1, -1.11399, 0.114046
46.375, 1, -1.11422, 0.114284
46.4, 1, -1.11422, 0.114284
46.425, 1, -1.11422, 0.114284
46.45, 1, -1.11422, 0.114284
46.475, 1, -1.11422, 0.114284
46.5, 1, -1.1142, 0.114277
46.525, 1, -1.1142, 0.114277
46.55, 1, -1.11423, 0.114309
46.575, 1, -1.11423, 0.114309
46.6, 1, -1.11437, 0.114458
46.625, 1, -1.11453, 0.114611
46.65, 1, -1.1147, 0.114785
46.675, 1, -1.1149, 0.114981
46.7, 1, -1.1149, 0.114981
46.725, 1, -1.11526, 0.115325
46.75, 1, -1.11567, 0.115727
46.775, 1, -1.11615, 0.116192
46.8, 1, -1.11671, 0.116728
46.825, 1, -1.11671, 0.116728
46.85, 1, -1.11671, 0.116728
46.875, 1, -1.11671, 0.116728
46.9, 1, -1.11671, 0.116728
46.925, 1, -1.11727, 0.117273
46.95, 1, -1.11727, 0.117273
46.975, 1, -1.11727, 0.117273
47, 1, -1.11727, 0.117273
47.025, 1, -1.11727, 0.117273
47.05, 1, -1.11727, 0.117273
47.075, 1, -1.11727, 0.117273
47.1, 1, -1.1175, 0.117488
47.125, 1, -1.11774, 0.117715
47.15, 1, -1.11774, 0.117715
47.175, 1, -1.11804, 0.117998
47.2, 1, -1.11804, 0.117998
47.225, 1, -1.11847, 0.118405
47.25, 1, -1.11899, 0.118899
47.275, 1, -1.11899, 0.118899
47.3, 1, -1.11899, 0.118899
47.325, 1, -1.1194, 0.119288
47.35, 1, -1.1194, 0.119288
47.375, 1, -1.11991, 0.119783
47.4, 1, -1.11991, 0.119783
47.425, 1, -1.11991, 0.119783
47.45, 1, -1.11991, 0.119783
47.475, 1, -1.1201, 0.119956
47.5, 1, -1.1201, 0.119956
47.525, 1, -1.1203, 0.120129
47.55, 1, -1.12038, 0.120199
47.575, 1, -1.12037, 0.120174
47.6, 1, -1.12037, 0.120174
47.625, 1, -1.12037, 0.120174
47.65, 1, -1.12089, 0.120682
47.675, 1, -1.12142, 0.121207
47.7, 1, -1.12142, 0.121207
47.725, 1, -1.12142, 0.121207
47.75, 1, -1.12142, 0.121207
47.775, 1, -1.12142, 0.121207
47.8, 1, -1.12176, 0.121546
47.825, 1, -1.12203, 0.121813
47.85, 1, -1.12203, 0.121813
47.875, 1, -1.12264, 0.122426
47.9, 1, -1.12264, 0.122426
47.925, 1, -1.12368, 0.123474
47.95, 1, -1.12368, 0.123474
47.975, 1, -1.12368, 0.123474
48, 1, -1.12368, 0.123474
48.025, 1, -1.12368, 0.123474
48.05, 1, -1.12368, 0.123474
48.075, 1, -1.12411, 0.123902
48.1, 1, -1.12457, 0.124369
48.125, 1, -1.12457, 0.124369
48.15, 1, -1.12519, 0.125009
48.175, 1, -1.12587, 0.125707
48.2, 1, -1.12661, 0.126467
48.225, 1, -1.12661, 0.126467
48.25, 1, -1.12661, 0.126467
48.275, 1, -1.12661, 0.126467
48.3, 1, -1.12661, 0.126467
48.325, 1, -1.1273, 0.127172
48.35, 1, -1.1273, 0.127172
48.375, 1, -1.12799, 0.127884
48.4, 1, -1.12799, 0.127884
48.425, 1, -1.12799, 0.127884
48.45, 1, -1.12866, 0.128584
48.475, 1, -1.12934, 0.12928
48.5, 1, -1.13001, 0.129971
48.525, 1, -1.13067, 0.130653
48.55, 1, -1.13131, 0.131315
48.575, 1, -1.13131, 0.131315
48.6, 1, -1.13131, 0.131315
48.625, 1, -1.13131, 0.131315
48.65, 1, -1.13131, 0.131315
48.675, 1, -1.13191, 0.131939
48.7, 1, -1.13191, 0.131939
48.725, 1, -1.13191, 0.131939
48.75, 1, -1.13191, 0.131939
48.775, 1, -1.13232, 0.132373
48.8, 1, -1.13232, 0.132373
48.825, 1, -1.13232, 0.132373
48.85, 1, -1.13275, 0.132828
48.875, 1, -1.13306, 0.133156
48.9, 1, -1.13306, 0.133156
48.925, 1, -1.13368, 0.133785
48.95, 1, -1.13368, 0.133785
48.975, 1, -1.13368, 0.133785
49, 1, -1.13396, 0.134082
49.025, 1, -1.13396, 0.134082
49.05, 1, -1.13396, 0.134082
49.075, 1, -1.13396, 0.134082
49.1, 1, -1.13396, 0.134082
49.125, 1, -1.13396, 0.134082
49.15, 1, -1.13396, 0.134082
49.175, 1, -1.13396, 0.134082
49.2, 1, -1.13397, 0.134109
49.225, 1, -1.13396, 0.134106
49.25, 1, -1.13396, 0.134106
49.275, 1, -1.13396, 0.134106
49.3, 1, -1.13396, 0.134106
49.325, 1, -1.13392, 0.134084
49.35, 1, -1.13386, 0.134028
49.375, 1, -1.13378, 0.13396
49.4, 1, -1.13374, 0.13392
49.425, 1, -1.13374, 0.13392
49.45, 1, -1.13397, 0.134147
49.475, 1, -1.13397, 0.134147
49.5, 1, -1.13441, 0.134581
49.525, 1, -1.13441, 0.134581
49.55, 1, -1.13441, 0.134581
49.575, 1, -1.13441, 0.134581
49.6, 1, -1.13501, 0.135166
49.625, 1, -1.13501, 0.135166
49.65, 1, -1.13577, 0.135921
49.675, 1, -1.13665, 0.136777
49.7, 1, -1.13665, 0.136777
49.725, 1, -1.13665, 0.136777
49.75, 1, -1.13665, 0.136777
49.775, 1, -1.13665, 0.136777
49.8, 1, -1.13665, 0.136777
49.825, 1, -1.13746, 0.137573
49.85, 1, -1.13746, 0.137573
49.875, 1, -1.13746, 0.137573
49.9, 1, -1.13826, 0.138358
49.925, 1, -1.13826, 0.138358
49.95, 1, -1.13826, 0.138358
49.975, 1, -1.13902, 0.139111
50, 1, -1.13902, 0.139111
50, 1, -1.13902, 0.139111
50.025, 1, -1.13902, 0.139111
50.05, 1, -1.13969, 0.139764
50.075, 1, -1.14027, 0.140323
50.1, 1, -1.14027, 0.140323
50.125, 1, -1.14027, 0.140323
50.15, 1, -1.14112, 0.141168
50.175, 1, -1.14112, 0.141168
50.2, 1, -1.14112, 0.141168
50.225, 1, -1.14112, 0.141168
50.25, 1, -1.14112, 0.141168
50.275, 1, -1.14112, 0.141168
50.3, 1, -1.14112, 0.141168
50.325, 1, -1.14056, 0.140587
50.35, 1, -1.14056, 0.140587
50.375, 1, -1.14056, 0.140587
50.4, 1, -1.14052, 0.140541
50.425, 1, -1.14077, 0.140792
50.45, 1, -1.14077, 0.140792
50.475, 1, -1.14077, 0.140792
50.5, 1, -1.14144, 0.141468
50.525, 1, -1.14227, 0.142297
50.55, 1, -1.14227, 0.142297
50.575, 1, -1.14227, 0.142297
50.6, 1, -1.14227, 0.142297
50.625, 1, -1.14227, 0.142297
50.65, 1, -1.14323, 0.143267
50.675, 1, -1.14428, 0.144328
50.7, 1, -1.14428, 0.144328
50.725, 1, -1.14428, 0.144328
50.75, 1, -1.14428, 0.144328
50.775, 1, -1.14531, 0.145368
50.8, 1, -1.14628, 0.146337
50.825, 1, -1.14628, 0.146337
50.85, 1, -1.1472, 0.147273
50.875, 1, -1.14807, 0.148149
50.9, 1, -1.1489, 0.148983
50.925, 1, -1.14967, 0.14976
50.95, 1, -1.15038, 0.150479
50.975, 1, -1.15038, 0.150479
51, 1, -1.15038, 0.150479
51.025, 1, -1.15038, 0.150479
51.05, 1, -1.15038, 0.150479
51.075, 1, -1.15038, 0.150479
51.1, 1, -1.15025, 0.150354
51.125, 1, -1.14996, 0.150074
51.15, 1, -1.14996, 0.150074
51.175, 1, -1.14976, 0.14988
51.2, 1, -1.14976, 0.14988
51.225, 1, -1.14976, 0.14988
51.25, 1, -1.14966, 0.149783
51.275, 1, -1.14966, 0.149783
51.3, 1, -1.14964, 0.149778
51.325, 1, -1.14964, 0.149778
51.35, 1, -1.14973, 0.149868
51.375, 1, -1.14973, 0.149868
51.4, 1, -1.14973, 0.149868
51.425, 1, -1.15009, 0.150231
51.45, 1, -1.15009, 0.150231
51.475, 1, -1.15009, 0.150231
51.5, 1, -1.15009, 0.150231
51.525, 1, -1.15009, 0.150231
51.55, 1, -1.14923, 0.149383
51.575, 1, -1.14923, 0.149383
51.6, 1, -1.14923, 0.149383
51.625, 1, -1.14866, 0.148814
51.65, 1, -1.14866, 0.148814
51.675, 1, -1.14854, 0.148692
51.7, 1, -1.14854, 0.148692
51.725, 1, -1.14918, 0.149315
51.75, 1, -1.15003, 0.150136
51.775, 1, -1.15003, 0.150136
51.8, 1, -1.15003, 0.150136
51.825, 1, -1.15063, 0.150706
51.85, 1, -1.15063, 0.150706
51.875, 1, -1.15126, 0.151305
51.9, 1, -1.15126, 0.151305
51.925, 1, -1.15126, 0.151305
51.95, 1, -1.15126, 0.151305
51.975, 1, -1.15126, 0.151305
52, 1, -1.15213, 0.152141
52.025, 1, -1.15213, 0.152141
52.05, 1, -1.15213, 0.152141
52.075, 1, -1.15213, 0.152141
52.1, 1, -1.15213, 0.152141
52.125, 1, -1.15213, 0.152141
52.15, 1, -1.15265, 0.152643
52.175, 1, -1.15265, 0.152643
52.2, 1, -1.15265, 0.152643
52.225, 1, -1.1531, 0.153059
52.25, 1, -1.1535, 0.153438
52.275, 1, -1.1535, 0.153438
52.3, 1, -1.1535, 0.153438
52.325, 1, -1.15395, 0.153857
52.35, 1, -1.15395, 0.153857
52.375, 1, -1.15395, 0.153857
52.4, 1, -1.15446, 0.154348
52.425, 1, -1.15446, 0.154348
52.45, 1, -1.15446, 0.154348
52.475, 1, -1.15508, 0.154947
52.5, 1, -1.15508, 0.154947
52.525, 1, -1.15582, 0.155671
52.55, 1, -1.15651, 0.156348
52.575, 1, -1.15715, 0.156984
52.6, 1, -1.15715, 0.156984
52.625, 1, -1.15715, 0.156984
52.65, 1, -1.15783, 0.157661
52.675, 1, -1.15846, 0.158283
52.7, 1, -1.15846, 0.158283
52.725, 1, -1.15846, 0.158283
52.75, 1, -1.15846, 0.158283
52.775, 1, -1.15846, 0.158283
52.8, 1, -1.15846, 0.158283
52.825, 1, -1.15846, 0.158283
52.85, 1, -1.15846, 0.158283
52.875, 1, -1.15846, 0.158283
52.9, 1, -1.15661, 0.15642
52.925, 1, -1.15661, 0.15642
52.95, 1, -1.15661, 0.15642
52.975, 1, -1.15661, 0.15642
53, 1, -1.15537, 0.155166
53.025, 1, -1.15537, 0.155166
53.05, 1, -1.15449, 0.154277
53.075, 1, -1.15373, 0.15352
53.1, 1, -1.15373, 0.15352
53.125, 1, -1.15373, 0.15352
53.15, 1, -1.15373, 0.15352
53.175, 1, -1.15317, 0.15297
53.2, 1, -1.15317, 0.15297
53.225, 1, -1.15288, 0.152689
53.25, 1, -1.15288, 0.152689
53.275, 1, -1.15291, 0.152735
53.3, 1, -1.15291, 0.152735
53.325, 1, -1.15291, 0.152735
53.35, 1, -1.15299, 0.152837
53.375, 1, -1.15312, 0.152985
53.4, 1, -1.15312, 0.152985
53.425, 1, -1.15312, 0.152985
53.45, 1, -1.15328, 0.153172
53.475, 1, -1.15328, 0.153172
53.5, 1, -1.15328, 0.153172
53.525, 1, -1.15328, 0.153172
53.55, 1, -1.15328, 0.153172
53.575, 1, -1.15347, 0.153381
53.6, 1, -1.15347, 0.153381
53.625, 1, -1.15364, 0.153572
53.65, 1, -1.15364, 0.153572
53.675, 1, -1.15364, 0.153572
53.7, 1, -1.15364, 0.153572
53.725, 1, -1.15373, 0.153685
53.75, 1, -1.15373, 0.153685
53.775, 1, -1.15381, 0.153792
53.8, 1, -1.15381, 0.153792
53.825, 1, -1.15381, 0.153792
53.85, 1, -1.15381, 0.153792
53.875, 1, -1.15381, 0.153792
53.9, 1, -1.15381, 0.153792
53.925, 1, -1.15381, 0.153792
53.95, 1, -1.15312, 0.153128
53.975, 1, -1.15227, 0.152297
54, 1, -1.15227, 0.152297
54.025, 1, -1.15227, 0.152297
54.05, 1, -1.15227, 0.152297
54.075, 1, -1.15227, 0.152297
54.1, 1, -1.15227, 0.152297
54.125, 1, -1.15114, 0.151186
54.15, 1, -1.14989, 0.149953
54.175, 1, -1.14853, 0.148612
54.2, 1, -1.14853, 0.148612
54.225, 1, -1.1473, 0.14739
54.25, 1, -1.14599, 0.146087
54.275, 1, -1.14466, 0.144756
54.3, 1, -1.14336, 0.143437
54.325, 1, -1.14336, 0.143437
54.35, 1, -1.14336, 0.143437
54.375, 1, -1.14336, 0.143437
54.4, 1, -1.14336, 0.143437
54.425, 1, -1.14336, 0.143437
54.45, 1, -1.1415, 0.141575
54.475, 1, -1.13966, 0.139715
54.5, 1, -1.13966, 0.139715
54.525, 1, -1.13966, 0.139715
54.55, 1, -1.13966, 0.139715
54.575, 1, -1.13966, 0.139715
54.6, 1, -1.13966, 0.139715
54.625, 1, -1.13966, 0.139715
54.65, 1, -1.13966, 0.139715
54.675, 1, -1.13966, 0.139715
54.7, 1, -1.13966, 0.139715
54.725, 1, -1.13966, 0.139715
54.75, 1, -1.13781, 0.137841
54.775, 1, -1.13781, 0.137841
54.8, 1, -1.13781, 0.137841
54.825, 1, -1.13606, 0.13606
54.85, 1, -1.13432, 0.134275
54.875, 1, -1.13432, 0.134275
54.9, 1, -1.13432, 0.134275
54.925, 1, -1.13432, 0.134275
54.95, 1, -1.13267, 0.132595
54.975, 1, -1.13267, 0.132595
55, 1, -1.13267, 0.132595
55.025, 1, -1.13267, 0.132595
55.05, 1, -1.13267, 0.132595
55.075, 1, -1.13267, 0.132595
55.1, 1, -1.13102, 0.130905
55.125, 1, -1.13102, 0.130905
55.15, 1, -1.12947, 0.129317
55.175, 1, -1.12947, 0.129317
55.2, 1, -1.12947, 0.129317
55.225, 1, -1.12815, 0.127969
55.25, 1, -1.1268, 0.126601
55.275, 1, -1.1268, 0.126601
55.3, 1, -1.12565, 0.125435
55.325, 1, -1.12565, 0.125435
55.35, 1, -1.12565, 0.125435
55.375, 1, -1.12565, 0.125435
55.4, 1, -1.12477, 0.124532
55.425, 1, -1.12382, 0.123572
55.45, 1, -1.12382, 0.123572
55.475, 1, -1.1231, 0.122841
55.5, 1, -1.12236, 0.122098
55.525, 1, -1.12163, 0.121368
55.55, 1, -1.12095, 0.120693
55.575, 1, -1.12095, 0.120693
55.6, 1, -1.12077, 0.12053
55.625, 1, -1.12077, 0.12053
55.65, 1, -1.12077, 0.12053
55.675, 1, -1.12077, 0.12053
55.7, 1, -1.12077, 0.12053
55.725, 1, -1.12049, 0.120255
55.75, 1, -1.12049, 0.120255
55.775, 1, -1.12053, 0.120314
55.8, 1, -1.12053, 0.120314
55.825, 1, -1.12053, 0.120314
55.85, 1, -1.12053, 0.120314
55.875, 1, -1.12097, 0.120776
55.9, 1, -1.12097, 0.120776
55.925, 1, -1.12153, 0.121361
55.95, 1, -1.12153, 0.121361
55.975, 1, -1.12211, 0.121967
56, 1, -1.12211, 0.121967
56.025, 1, -1.12211, 0.121967
56.05, 1, -1.12211, 0.121967
56.075, 1, -1.1228, 0.122691
56.1, 1, -1.1228, 0.122691
56.125, 1, -1.1228, 0.122691
56.15, 1, -1.1228, 0.122691
56.175, 1, -1.12352, 0.123444
56.2, 1, -1.12352, 0.123444
56.225, 1, -1.12422, 0.124175
56.25, 1, -1.12422, 0.124175
56.275, 1, -1.12422, 0.124175
56.3, 1, -1.12483, 0.124827
56.325, 1, -1.12483, 0.124827
56.35, 1, -1.12543, 0.125463
56.375, 1, -1.12601, 0.126075
56.4, 1, -1.12601, 0.126075
56.425, 1, -1.12601, 0.126075
56.45, 1, -1.12657, 0.126667
56.475, 1, -1.12706, 0.127196
56.5, 1, -1.12706, 0.127196
56.525, 1, -1.12757, 0.127734
56.55, 1, -1.12803, 0.128219
56.575, 1, -1.12844, 0.128651
56.6, 1, -1.12844, 0.128651
56.625, 1, -1.12844, 0.128651
56.65, 1, -1.12844, 0.128651
56.675, 1, -1.12844, 0.128651
56.7, 1, -1.12851, 0.12875
56.725, 1, -1.12853, 0.12879
56.75, 1, -1.12853, 0.12879
56.775, 1, -1.12853, 0.12879
56.8, 1, -1.12879, 0.129062
56.825, 1, -1.129, 0.129286
56.85, 1, -1.129, 0.129286
56.875, 1, -1.129, 0.129286
56.9, 1, -1.12949, 0.129791
56.925, 1, -1.12996, 0.130267
56.95, 1, -1.12996, 0.130267
56.975, 1, -1.13058, 0.130889
57, 1, -1.13117, 0.131475
57.025, 1, -1.13117, 0.131475
57.05, 1, -1.13117, 0.131475
57.075, 1, -1.13117, 0.131475
57.1, 1, -1.13239, 0.132687
57.125, 1, -1.13239, 0.132687
57.15, 1, -1.13239, 0.132687
57.175, 1, -1.13239, 0.132687
57.2, 1, -1.1333, 0.133588
57.225, 1, -1.1342, 0.134472
57.25, 1, -1.13508, 0.13533
57.275, 1, -1.13508, 0.13533
57.3, 1, -1.13508, 0.13533
57.325, 1, -1.13613, 0.136358
57.35, 1, -1.13728, 0.137469
57.375, 1, -1.13728, 0.137469
57.4, 1, -1.13871, 0.138848
57.425, 1, -1.13871, 0.138848
57.45, 1, -1.13871, 0.138848
57.475, 1, -1.13871, 0.138848
57.5, 1, -1.13871, 0.138848
57.525, 1, -1.13871, 0.138848
57.55, 1, -1.13996, 0.140057
57.575, 1, -1.13996, 0.140057
57.6, 1, -1.14114, 0.1412
57.625, 1, -1.14114, 0.1412
57.65, 1, -1.14114, 0.1412
57.675, 1, -1.14114, 0.1412
57.7, 1, -1.14114, 0.1412
57.725, 1, -1.14114, 0.1412
57.75, 1, -1.14114, 0.1412
57.775, 1, -1.14198, 0.141995
57.8, 1, -1.14264, 0.142615
57.825, 1, -1.14264, 0.142615
57.85, 1, -1.14338, 0.143327
57.875, 1, -1.14338, 0.143327
57.9, 1, -1.14422, 0.144136
57.925, 1, -1.14488, 0.144771
57.95, 1, -1.14488, 0.144771
57.975, 1, -1.14488, 0.144771
58, 1, -1.14561, 0.145481
58.025, 1, -1.14561, 0.145481
58.05, 1, -1.14658, 0.146427
58.075, 1, -1.14737, 0.147206
58.1, 1, -1.14737, 0.147206
58.125, 1, -1.14737, 0.147206
58.15, 1, -1.14849, 0.148307
58.175, 1, -1.14849, 0.148307
58.2, 1, -1.14849, 0.148307
58.225, 1, -1.14849, 0.148307
58.25, 1, -1.14849, 0.148307
58.275, 1, -1.14849, 0.148307
58.3, 1, -1.1481, 0.147899
58.325, 1, -1.1481, 0.147899
58.35, 1, -1.1481, 0.147899
58.375, 1, -1.14825, 0.148039
58.4, 1, -1.14854, 0.148323
58.425, 1, -1.14854, 0.148323
58.45, 1, -1.14931, 0.149104
58.475, 1, -1.15026, 0.150077
58.5, 1, -1.15026, 0.150077
58.525, 1, -1.15135, 0.151189
58.55, 1, -1.15247, 0.15233
58.575, 1, -1.15247, 0.15233
58.6, 1, -1.15373, 0.153627
58.625, 1, -1.15373, 0.153627
58.65, 1, -1.15525, 0.155194
58.675, 1, -1.15525, 0.155194
58.7, 1, -1.15525, 0.155194
58.725, 1, -1.15525, 0.155194
58.75, 1, -1.1564, 0.156374
58.775, 1, -1.1564, 0.156374
58.8, 1, -1.1575, 0.157515
58.825, 1, -1.1575, 0.157515
58.85, 1, -1.1575, 0.157515
58.875, 1, -1.1575, 0.157515
58.9, 1, -1.15843, 0.158478
58.925, 1, -1.15843, 0.158478
58.95, 1, -1.15933, 0.159425
58.975, 1, -1.16018, 0.160308
59, 1, -1.16018, 0.160308
59.025, 1, -1.16102, 0.161182
59.05, 1, -1.16179, 0.16198
59.075, 1, -1.1625, 0.162724
59.1, 1, -1.1625, 0.162724
59.125, 1, -1.16325, 0.163501
59.15, 1, -1.16325, 0.163501
59.175, 1, -1.16403, 0.164303
59.2, 1, -1.16474, 0.165028
59.225, 1, -1.16474, 0.165028
59.25, 1, -1.16557, 0.165882
59.275, 1, -1.16636, 0.166681
59.3, 1, -1.16711, 0.167445
59.325, 1, -1.16785, 0.168194
59.35, 1, -1.16861, 0.168969
59.375, 1, -1.16861, 0.168969
59.4, 1, -1.16861, 0.168969
59.425, 1, -1.16861, 0.168969
59.45, 1, -1.16825, 0.16862
59.475, 1, -1.16825, 0.16862
59.5, 1, -1.16824, 0.168619
59.525, 1, -1.16828, 0.16866
59.55, 1, -1.16828, 0.16866
59.575, 1, -1.16828, 0.16866
59.6, 1, -1.16828, 0.16866
59.625, 1, -1.16826, 0.16864
59.65, 1, -1.16826, 0.16864
59.675, 1, -1.16887, 0.169232
59.7, 1, -1.16887, 0.169232
59.725, 1, -1.16887, 0.169232
59.75, 1, -1.16887, 0.169232
59.775, 1, -1.16887, 0.169232
59.8, 1, -1.16887, 0.169232
59.825, 1, -1.16785, 0.168209
59.85, 1, -1.16785, 0.168209
59.875, 1, -1.16785, 0.168209
59.9, 1, -1.16708, 0.16741
59.925, 1, -1.16708, 0.16741
59.95, 1, -1.16708, 0.16741
59.975, 1, -1.16708, 0.16741
60, 1, -1.16708, 0.16741
60, 1, -1.1663, 0.166612
60.025, 1, -1.16532, 0.165594
60.05, 1, -1.16532, 0.165594
60.075, 1, -1.16532, 0.165594
60.1, 1, -1.16424, 0.164471
60.125, 1, -1.16308, 0.163256
60.15, 1, -1.16189, 0.162012
60.175, 1, -1.16189, 0.162012
60.2, 1, -1.16189, 0.162012
60.225, 1, -1.16189, 0.162012
60.25, 1, -1.16189, 0.162012
60.275, 1, -1.16073, 0.160803
60.3, 1, -1.15963, 0.159656
60.325, 1, -1.15963, 0.159656
60.35, 1, -1.15963, 0.159656
60.375, 1, -1.15963, 0.159656
60.4, 1, -1.15852, 0.158502
60.425, 1, -1.15738, 0.157323
60.45, 1, -1.15623, 0.156133
60.475, 1, -1.15508, 0.154944
60.5, 1, -1.15508, 0.154944
60.525, 1, -1.15424, 0.154077
60.55, 1, -1.15338, 0.153192
60.575, 1, -1.15338, 0.153192
60.6, 1, -1.15338, 0.153192
60.625, 1, -1.15338, 0.153192
60.65, 1, -1.15338, 0.153192
60.675, 1, -1.15338, 0.153192
60.7, 1, -1.15338, 0.153192
60.725, 1, -1.15338, 0.153192
60.75, 1, -1.15338, 0.153192
60.775, 1, -1.15338, 0.153192
60.8, 1, -1.15044, 0.150199
60.825, 1, -1.1475, 0.147223
60.85, 1, -1.14459, 0.144279
60.875, 1, -1.14459, 0.144279
60.9, 1, -1.1419, 0.141564
60.925, 1, -1.1419, 0.141564
60.95, 1, -1.1419, 0.141564
60.975, 1, -1.1419, 0.141564
61, 1, -1.1419, 0.141564
61.025, 1, -1.1419, 0.141564
61.05, 1, -1.1419, 0.141564
61.075, 1, -1.13949, 0.139123
61.1, 1, -1.13949, 0.139123
61.125, 1, -1.1373, 0.136923
61.15, 1, -1.13521, 0.134851
61.175, 1, -1.13521, 0.134851
61.2, 1, -1.13521, 0.134851
61.225, 1, -1.13521, 0.134851
61.25, 1, -1.13361, 0.133282
61.275, 1, -1.13215, 0.131879
61.3, 1, -1.13082, 0.130632
61.325, 1, -1.12957, 0.129487
61.35, 1, -1.12957, 0.129487
61.375, 1, -1.12839, 0.128404
61.4, 1, -1.12839, 0.128404
61.425, 1, -1.12839, 0.128404
61.45, 1, -1.12839, 0.128404
61.475, 1, -1.12839, 0.128404
61.5, 1, -1.12839, 0.128404
61.525, 1, -1.12839, 0.128404
61.55, 1, -1.12721, 0.12732
61.575, 1, -1.12721, 0.12732
61.6, 1, -1.12721, 0.12732
61.625, 1, -1.12721, 0.12732
61.65, 1, -1.12721, 0.12732
61.675, 1, -1.12611, 0.126306
61.7, 1, -1.12611, 0.126306
61.725, 1, -1.12504, 0.125317
61.75, 1, -1.12504, 0.125317
61.775, 1, -1.12504, 0.125317
61.8, 1, -1.12408, 0.124427
61.825, 1, -1.12304, 0.123443
61.85, 1, -1.12304, 0.123443
61.875, 1, -1.12304, 0.123443
61.9, 1, -1.12304, 0.123443
61.925, 1, -1.12304, 0.123443
61.95, 1, -1.12304, 0.123443
61.975, 1, -1.12304, 0.123443
62, 1, -1.12185, 0.122323
62.025, 1, -1.12038, 0.120902
62.05, 1, -1.11869, 0.119242
62.075, 1, -1.1169, 0.117481
62.1, 1, -1.1169, 0.117481
62.125, 1, -1.1169, 0.117481
62.15, 1, -1.1169, 0.117481
62.175, 1, -1.1169, 0.117481
62.2, 1, -1.11556, 0.116163
62.225, 1, -1.11409, 0.114689
62.25, 1, -1.11409, 0.114689
62.275, 1, -1.11409, 0.114689
62.3, 1, -1.11409, 0.114689
62.325, 1, -1.11409, 0.114689
62.35, 1, -1.11286, 0.113456
62.375, 1, -1.11286, 0.113456
62.4, 1, -1.11286, 0.113456
62.425, 1, -1.11286, 0.113456
62.45, 1, -1.11233, 0.11289
62.475, 1, -1.11153, 0.111987
62.5, 1, -1.11153, 0.111987
62.525, 1, -1.11153, 0.111987
62.55, 1, -1.11153, 0.111987
62.575, 1, -1.11153, 0.111987
62.6, 1, -1.11048, 0.110849
62.625, 1, -1.10937, 0.109635
62.65, 1, -1.10825, 0.108416
62.675, 1, -1.10825, 0.108416
62.7, 1, -1.10825, 0.108416
62.725, 1, -1.10825, 0.108416
62.75, 1, -1.1072, 0.107259
62.775, 1, -1.1072, 0.107259
62.8, 1, -1.10618, 0.106127
62.825, 1, -1.10519, 0.105031
62.85, 1, -1.10426, 0.104003
62.875, 1, -1.10426, 0.104003
62.9, 1, -1.10426, 0.104003
62.925, 1, -1.10426, 0.104003
62.95, 1, -1.10354, 0.103196
62.975, 1, -1.10354, 0.103196
63, 1, -1.10354, 0.103196
63.025, 1, -1.10354, 0.103196
63.05, 1, -1.10354, 0.103196
63.075, 1, -1.10354, 0.103196
63.1, 1, -1.10327, 0.102851
63.125, 1, -1.10327, 0.102851
63.15, 1, -1.10312, 0.102627
63.175, 1, -1.10274, 0.102183
63.2, 1, -1.10274, 0.102183
63.225, 1, -1.10262, 0.102015
63.25, 1, -1.10262, 0.102015
63.275, 1, -1.10262, 0.102015
63.3, 1, -1.10262, 0.102015
63.325, 1, -1.1031, 0.102446
63.35, 1, -1.10325, 0.102554
63.375, 1, -1.10325, 0.102554
63.4, 1, -1.10325, 0.102554
63.425, 1, -1.10403, 0.103303
63.45, 1, -1.10455, 0.1038
63.475, 1, -1.1049, 0.104131
63.5, 1, -1.10515, 0.104373
63.525, 1, -1.1054, 0.104626
63.55, 1, -1.1054, 0.104626
63.575, 1, -1.10653, 0.105774
63.6, 1, -1.10781, 0.10708
63.625, 1, -1.10781, 0.10708
63.65, 1, -1.10781, 0.10708
63.675, 1, -1.10781, 0.10708
63.7, 1, -1.10781, 0.10708
63.725, 1, -1.10781, 0.10708
63.75, 1, -1.10781, 0.10708
63.775, 1, -1.10781, 0.10708
63.8, 1, -1.1078, 0.107089
63.825, 1, -1.1078, 0.107144
63.85, 1, -1.1078, 0.107144
63.875, 1, -1.1078, 0.107144
63.9, 1, -1.1078, 0.107144
63.925, 1, -1.1078, 0.107144
63.95, 1, -1.1078, 0.107144
63.975, 1, -1.10789, 0.107302
64, 1, -1.10791, 0.107396
64.025, 1, -1.10791, 0.107396
64.05, 1, -1.10789, 0.107477
64.075, 1, -1.10784, 0.107537
64.1, 1, -1.10779, 0.107591
64.125, 1, -1.10779, 0.107591
64.15, 1, -1.10774, 0.10765
64.175, 1, -1.10771, 0.107718
64.2, 1, -1.1077, 0.107799
64.225, 1, -1.10771, 0.107895
64.25, 1, -1.10771, 0.107895
64.275, 1, -1.10773, 0.108004
64.3, 1, -1.10777, 0.108118
64.325, 1, -1.10777, 0.108118
64.35, 1, -1.10784, 0.108262
64.375, 1, -1.10784, 0.108262
64.4, 1, -1.10798, 0.108473
64.425, 1, -1.10814, 0.108693
64.45, 1, -1.10833, 0.108937
64.475, 1, -1.10855, 0.109208
64.5, 1, -1.10855, 0.109208
64.525, 1, -1.10855, 0.109208
64.55, 1, -1.10875, 0.109452
64.575, 1, -1.10894, 0.109685
64.6, 1, -1.10894, 0.109685
64.625, 1, -1.10894, 0.109685
64.65, 1, -1.10921, 0.109994
64.675, 1, -1.10921, 0.109994
64.7, 1, -1.10921, 0.109994
64.725, 1, -1.10921, 0.109994
64.75, 1, -1.10959, 0.110418
64.775, 1, -1.10959, 0.110418
64.8, 1, -1.10959, 0.110418
64.825, 1, -1.11038, 0.111227
64.85, 1, -1.11038, 0.111227
64.875, 1, -1.11138, 0.112253
64.9, 1, -1.11238, 0.113255
64.925, 1, -1.11238, 0.113255
64.95, 1, -1.11238, 0.113255
64.975, 1, -1.11238, 0.113255
65, 1, -1.11238, 0.113255
65.025, 1, -1.11238, 0.113255
65.05, 1, -1.1134, 0.114277
65.075, 1, -1.1134, 0.114277
65.1, 1, -1.11466, 0.115523
65.125, 1, -1.11466, 0.115523
65.15, 1, -1.11605, 0.116889
65.175, 1, -1.11741, 0.118209
65.2, 1, -1.11741, 0.118209
65.225, 1, -1.11877, 0.11952
65.25, 1, -1.12007, 0.120768
65.275, 1, -1.12136, 0.12199
65.3, 1, -1.12136, 0.12199
65.325, 1, -1.12283, 0.123391
65.35, 1, -1.12436, 0.124826
65.375, 1, -1.12588, 0.126258
65.4, 1, -1.12588, 0.126258
65.425, 1, -1.12588, 0.126258
65.45, 1, -1.12588, 0.126258
65.475, 1, -1.12731, 0.12761
65.5, 1, -1.12873, 0.128962
65.525, 1, -1.13012, 0.130291
65.55, 1, -1.13147, 0.131582
65.575, 1, -1.13147, 0.131582
65.6, 1, -1.13147, 0.131582
65.625, 1, -1.13147, 0.131582
65.65, 1, -1.13282, 0.132872
65.675, 1, -1.13408, 0.134083
65.7, 1, -1.13408, 0.134083
65.725, 1, -1.13408, 0.134083
65.75, 1, -1.13408, 0.134083
65.775, 1, -1.13408, 0.134083
65.8, 1, -1.13408, 0.134083
65.825, 1, -1.13462, 0.134559
65.85, 1, -1.13498, 0.134877
65.875, 1, -1.13498, 0.134877
65.9, 1, -1.13498, 0.134877
65.925, 1, -1.13498, 0.134877
65.95, 1, -1.13556, 0.135414
65.975, 1, -1.13556, 0.135414
66, 1, -1.13646, 0.136274
66.025, 1, -1.13646, 0.136274
66.05, 1, -1.13646, 0.136274
66.075, 1, -1.13646, 0.136274
66.1, 1, -1.13745, 0.137229
66.125, 1, -1.1383, 0.138052
66.15, 1, -1.13906, 0.1388
66.175, 1, -1.13977, 0.139514
66.2, 1, -1.14048, 0.140236
66.225, 1, -1.14122, 0.141005
66.25, 1, -1.14122, 0.141005
66.275, 1, -1.14248, 0.142308
66.3, 1, -1.14248, 0.142308
66.325, 1, -1.14427, 0.144147
66.35, 1, -1.14624, 0.146183
66.375, 1, -1.14624, 0.146183
66.4, 1, -1.14624, 0.146183
66.425, 1, -1.14624, 0.146183
66.45, 1, -1.14624, 0.146183
66.475, 1, -1.14624, 0.146183
66.5, 1, -1.14624, 0.146183
66.525, 1, -1.14624, 0.146183
66.55, 1, -1.14624, 0.146183
66.575, 1, -1.14626, 0.146251
66.6, 1, -1.14626, 0.146251
66.625, 1, -1.14615, 0.146215
66.65, 1, -1.14594, 0.146078
66.675, 1, -1.14569, 0.145912
66.7, 1, -1.14549, 0.145788
66.725, 1, -1.14549, 0.145788
66.75, 1, -1.14549, 0.145788
66.775, 1, -1.14555, 0.145912
66.8, 1, -1.14555, 0.145912
66.825, 1, -1.14562, 0.146047
66.85, 1, -1.1457, 0.146188
66.875, 1, -1.1457, 0.146188
66.9, 1, -1.1457, 0.146188
66.925, 1, -1.1457, 0.146188
66.95, 1, -1.1457, 0.146188
66.975, 1, -1.1457, 0.146188
67, 1, -1.14567, 0.146226
67.025, 1, -1.14567, 0.146226
67.05, 1, -1.14583, 0.146433
67.075, 1, -1.14583, 0.146433
67.1, 1, -1.14609, 0.146747
67.125, 1, -1.14609, 0.146747
67.15, 1, -1.14609, 0.146747
67.175, 1, -1.14609, 0.146747
67.2, 1, -1.14609, 0.146747
67.225, 1, -1.14598, 0.146683
67.25, 1, -1.14598, 0.146683
67.275, 1, -1.14598, 0.146683
67.3, 1, -1.14615, 0.146893
67.325, 1, -1.14615, 0.146893
67.35, 1, -1.14615, 0.146893
67.375, 1, -1.14615, 0.146893
67.4, 1, -1.14648, 0.147269
67.425, 1, -1.14648, 0.147269
67.45, 1, -1.14698, 0.147797
67.475, 1, -1.14733, 0.148164
67.5, 1, -1.14733, 0.148164
67.525, 1, -1.14791, 0.148752
67.55, 1, -1.14791, 0.148752
67.575, 1, -1.14791, 0.148752
67.6, 1, -1.14791, 0.148752
67.625, 1, -1.14791, 0.148752
67.65, 1, -1.14791, 0.148752
67.675, 1, -1.14791, 0.148752
67.7, 1, -1.14791, 0.148752
67.725, 1, -1.14707, 0.147933
67.75, 1, -1.14619, 0.147055
67.775, 1, -1.14619, 0.147055
67.8, 1, -1.14619, 0.147055
67.825, 1, -1.14548, 0.146325
67.85, 1, -1.14548, 0.146325
67.875, 1, -1.14548, 0.146325
67.9, 1, -1.14548, 0.146325
67.925, 1, -1.14548, 0.146325
67.95, 1, -1.14548, 0.146325
67.975, 1, -1.14492, 0.145741
68, 1, -1.14492, 0.145741
68.025, 1, -1.14435, 0.145139
68.05, 1, -1.14435, 0.145139
68.075, 1, -1.14375, 0.144515
68.1, 1, -1.14315, 0.14388
68.125, 1, -1.14255, 0.143243
68.15, 1, -1.14255, 0.143243
68.175, 1, -1.14255, 0.143243
68.2, 1, -1.14255, 0.143243
68.225, 1, -1.14255, 0.143243
68.25, 1, -1.14255, 0.143243
68.275, 1, -1.14187, 0.142532
68.3, 1, -1.14187, 0.142532
68.325, 1, -1.14187, 0.142532
68.35, 1, -1.14187, 0.142532
68.375, 1, -1.14187, 0.142532
68.4, 1, -1.14107, 0.141693
68.425, 1, -1.14107, 0.141693
68.45, 1, -1.14107, 0.141693
68.475, 1, -1.14107, 0.141693
68.5, 1, -1.14039, 0.140977
68.525, 1, -1.1396, 0.140157
68.55, 1, -1.1396, 0.140157
68.575, 1, -1.13893, 0.139467
68.6, 1, -1.13893, 0.139467
68.625, 1, -1.13843, 0.138951
68.65, 1, -1.13788, 0.138388
68.675, 1, -1.13788, 0.138388
68.7, 1, -1.13788, 0.138388
68.725, 1, -1.13761, 0.138105
68.75, 1, -1.13761, 0.138105
68.775, 1, -1.13761, 0.138105
68.8, 1, -1.13757, 0.138054
68.825, 1, -1.13754, 0.138029
68.85, 1, -1.13757, 0.138059
68.875, 1, -1.13757, 0.138059
68.9, 1, -1.13757, 0.138059
68.925, 1, -1.13794, 0.138444
68.95, 1, -1.13794, 0.138444
68.975, 1, -1.13794, 0.138444
69, 1, -1.13794, 0.138444
69.025, 1, -1.13823, 0.138741
69.05, 1, -1.13823, 0.138741
69.075, 1, -1.13823, 0.138741
69.1, 1, -1.13863, 0.13915
69.125, 1, -1.13914, 0.139684
69.15, 1, -1.13914, 0.139684
69.175, 1, -1.13914, 0.139684
69.2, 1, -1.1399, 0.140465
69.225, 1, -1.1399, 0.140465
69.25, 1, -1.1399, 0.140465
69.275, 1, -1.14059, 0.141174
69.3, 1, -1.14059, 0.141174
69.325, 1, -1.14123, 0.141832
69.35, 1, -1.14183, 0.142447
69.375, 1, -1.14183, 0.142447
69.4, 1, -1.14241, 0.143046
69.425, 1, -1.143, 0.143654
69.45, 1, -1.143, 0.143654
69.475, 1, -1.143, 0.143654
69.5, 1, -1.143, 0.143654
69.525, 1, -1.143, 0.143654
69.55, 1, -1.14354, 0.144213
69.575, 1, -1.14354, 0.144213
69.6, 1, -1.14354, 0.144213
69.625, 1, -1.14354, 0.144213
69.65, 1, -1.14354, 0.144213
69.675, 1, -1.14378, 0.144469
69.7, 1, -1.1439, 0.144612
69.725, 1, -1.1439, 0.144612
69.75, 1, -1.14402, 0.144748
69.775, 1, -1.14402, 0.144765
69.8, 1, -1.14402, 0.144765
69.825, 1, -1.14409, 0.144842
69.85, 1, -1.14409, 0.144842
69.875, 1, -1.14425, 0.145011
69.9, 1, -1.14425, 0.145011
69.925, 1, -1.14425, 0.145011
69.95, 1, -1.14425, 0.145011
69.975, 1, -1.14425, 0.145011
70, 1, -1.14403, 0.144799
70.025, 1, -1.14403, 0.144799
70.05, 1, -1.14403, 0.144799
70.075, 1, -1.14402, 0.144795
70.1, 1, -1.14402, 0.144795
70.125, 1, -1.14402, 0.144795
70.15, 1, -1.14402, 0.144795
70.175, 1, -1.14402, 0.144795
70.2, 1, -1.14402, 0.144795
70.225, 1, -1.14402, 0.144795
70.25, 1, -1.1438, 0.144588
70.275, 1, -1.1438, 0.144588
70.3, 1, -1.1438, 0.144588
70.325, 1, -1.1438, 0.144588
70.35, 1, -1.1438, 0.144588
70.375, 1, -1.1438, 0.144588
70.4, 1, -1.1438, 0.144588
70.425, 1, -1.14397, 0.144759
70.45, 1, -1.14397, 0.144759
70.475, 1, -1.14397, 0.144759
70.5, 1, -1.14397, 0.144759
70.525, 1, -1.14397, 0.144759
70.55, 1, -1.14432, 0.145105
70.575, 1, -1.14432, 0.145105
70.6, 1, -1.14432, 0.145105
70.625, 1, -1.14464, 0.145419
70.65, 1, -1.14464, 0.145419
70.675, 1, -1.14464, 0.145419
70.7, 1, -1.14464, 0.145419
70.725, 1, -1.14473, 0.145498
70.75, 1, -1.14482, 0.145571
70.775, 1, -1.14482, 0.145571
70.8, 1, -1.14482, 0.145571
70.825, 1, -1.14482, 0.145571
70.85, 1, -1.14482, 0.145571
70.875, 1, -1.14482, 0.145571
70.9, 1, -1.14482, 0.145571
70.925, 1, -1.14482, 0.145571
70.95, 1, -1.14388, 0.144602
70.975, 1, -1.14388, 0.144602
71, 1, -1.14299, 0.14369
71.025, 1, -1.14184, 0.142532
71.05, 1, -1.14052, 0.141202
71.075, 1, -1.13909, 0.139774
71.1, 1, -1.13761, 0.138292
71.125, 1, -1.13611, 0.136792
71.15, 1, -1.13611, 0.136792
71.175, 1, -1.13611, 0.136792
71.2, 1, -1.13611, 0.136792
71.225, 1, -1.13611, 0.136792
71.25, 1, -1.13407, 0.134754
71.275, 1, -1.13198, 0.132657
71.3, 1, -1.12983, 0.130513
71.325, 1, -1.12983, 0.130513
71.35, 1, -1.12791, 0.128599
71.375, 1, -1.12791, 0.128599
71.4, 1, -1.12791, 0.128599
71.425, 1, -1.12657, 0.127271
71.45, 1, -1.12524, 0.125966
71.475, 1, -1.12398, 0.124756
71.5, 1, -1.12398, 0.124756
71.525, 1, -1.12368, 0.12452
71.55, 1, -1.12376, 0.124686
71.575, 1, -1.12376, 0.124686
71.6, 1, -1.12376, 0.124686
71.625, 1, -1.12411, 0.125132
71.65, 1, -1.12454, 0.12567
71.675, 1, -1.12454, 0.12567
71.7, 1, -1.12514, 0.126386
71.725, 1, -1.12514, 0.126386
71.75, 1, -1.12586, 0.127231
71.775, 1, -1.12586, 0.127231
71.8, 1, -1.12586, 0.127231
71.825, 1, -1.12586, 0.127231
71.85, 1, -1.12586, 0.127231
71.875, 1, -1.12629, 0.127769
71.9, 1, -1.12675, 0.128326
71.925, 1, -1.12675, 0.128326
71.95, 1, -1.12732, 0.128979
71.975, 1, -1.1279, 0.129644
72, 1, -1.12848, 0.130293
72.025, 1, -1.12904, 0.130922
72.05, 1, -1.12904, 0.130922
72.075, 1, -1.12957, 0.131527
72.1, 1, -1.13009, 0.132106
72.125, 1, -1.13009, 0.132106
72.15, 1, -1.13075, 0.132827
72.175, 1, -1.13144, 0.133568
72.2, 1, -1.13223, 0.134392
72.225, 1, -1.13223, 0.134392
72.25, 1, -1.13308, 0.135278
72.275, 1, -1.13308, 0.135278
72.3, 1, -1.13395, 0.136183
72.325, 1, -1.13395, 0.136183
72.35, 1, -1.13395, 0.136183
72.375, 1, -1.13395, 0.136183
72.4, 1, -1.13439, 0.13667
72.425, 1, -1.13439, 0.13667
72.45, 1, -1.13521, 0.137517
72.475, 1, -1.13521, 0.137517
72.5, 1, -1.13642, 0.138744
72.525, 1, -1.13734, 0.139664
72.55, 1, -1.13808, 0.140401
72.575, 1, -1.13808, 0.140401
72.6, 1, -1.13932, 0.141614
72.625, 1, -1.14045, 0.142713
72.65, 1, -1.14162, 0.143827
72.675, 1, -1.14296, 0.145094
72.7, 1, -1.14466, 0.146701
72.725, 1, -1.14466, 0.146701
72.75, 1, -1.14742, 0.149339
72.775, 1, -1.14742, 0.149339
72.8, 1, -1.15062, 0.152418
72.825, 1, -1.15062, 0.152418
72.85, 1, -1.15397, 0.155648
72.875, 1, -1.15397, 0.155648
72.9, 1, -1.15728, 0.158837
72.925, 1, -1.15728, 0.158837
72.95, 1, -1.15728, 0.158837
72.975, 1, -1.15728, 0.158837
73, 1, -1.15728, 0.158837
73.025, 1, -1.15728, 0.158837
73.05, 1, -1.15851, 0.159958
73.075, 1, -1.15891, 0.160202
73.1, 1, -1.15891, 0.160202
73.125, 1, -1.15891, 0.160202
73.15, 1, -1.15929, 0.160448
73.175, 1, -1.15958, 0.160598
73.2, 1, -1.15958, 0.160598
73.225, 1, -1.15958, 0.160598
73.25, 1, -1.15958, 0.160598
73.275, 1, -1.15958, 0.160598
73.3, 1, -1.15967, 0.160548
73.325, 1, -1.15967, 0.160548
73.35, 1, -1.15977, 0.160514
73.375, 1, -1.15989, 0.1605
73.4, 1, -1.16007, 0.160564
73.425, 1, -1.16007, 0.160564
73.45, 1, -1.16059, 0.160975
73.475, 1, -1.16141, 0.161698
73.5, 1, -1.16258, 0.162781
73.525, 1, -1.16402, 0.164143
73.55, 1, -1.16569, 0.165744
73.575, 1, -1.16756, 0.16756
73.6, 1, -1.16756, 0.16756
73.625, 1, -1.16756, 0.16756
73.65, 1, -1.16756, 0.16756
73.675, 1, -1.16744, 0.167361
73.7, 1, -1.16733, 0.167178
73.725, 1, -1.16733, 0.167178
73.75, 1, -1.16733, 0.167178
73.775, 1, -1.16734, 0.167122
73.8, 1, -1.16731, 0.167037
73.825, 1, -1.16731, 0.167037
73.85, 1, -1.16731, 0.167037
73.875, 1, -1.16731, 0.167037
73.9, 1, -1.16731, 0.167037
73.925, 1, -1.16615, 0.165814
73.95, 1, -1.16502, 0.16462
73.975, 1, -1.16502, 0.16462
74, 1, -1.16428, 0.163839
74.025, 1, -1.16428, 0.163839
74.05, 1, -1.16409, 0.163615
74.075, 1, -1.16409, 0.163615
74.1, 1, -1.16457, 0.164081
74.125, 1, -1.16537, 0.164894
74.15, 1, -1.16537, 0.164894
74.175, 1, -1.16537, 0.164894
74.2, 1, -1.16668, 0.16623
74.225, 1, -1.16828, 0.167893
74.25, 1, -1.16828, 0.167893
74.275, 1, -1.16828, 0.167893
74.3, 1, -1.16828, 0.167893
74.325, 1, -1.16828, 0.167893
74.35, 1, -1.16828, 0.167893
74.375, 1, -1.16921, 0.168869
74.4, 1, -1.16921, 0.168869
74.425, 1, -1.17011, 0.169839
74.45, 1, -1.1709, 0.170719
74.475, 1, -1.1709, 0.170719
74.5, 1, -1.1709, 0.170719
74.525, 1, -1.17167, 0.171572
74.55, 1, -1.17167, 0.171572
74.575, 1, -1.17167, 0.171572
74.6, 1, -1.17167, 0.171572
74.625, 1, -1.17167, 0.171572
74.65, 1, -1.17203, 0.172029
74.675, 1, -1.17203, 0.172029
74.7, 1, -1.1724, 0.172493
74.725, 1, -1.17277, 0.172942
74.75, 1, -1.17318, 0.173422
74.775, 1, -1.17318, 0.173422
74.8, 1, -1.17318, 0.173422
74.825, 1, -1.17318, 0.173422
74.85, 1, -1.17318, 0.173422
74.875, 1, -1.17232, 0.172649
74.9, 1, -1.17141, 0.171815
74.925, 1, -1.17046, 0.170943
74.95, 1, -1.17046, 0.170943
74.975, 1, -1.17046, 0.170943
75, 1, -1.16979, 0.170335
75.025, 1, -1.16906, 0.169657
75.05, 1, -1.16906, 0.169657
75.075, 1, -1.16906, 0.169657
75.1, 1, -1.16863, 0.169269
75.125, 1, -1.16863, 0.169269
75.15, 1, -1.16851, 0.169184
75.175, 1, -1.16851, 0.169184
75.2, 1, -1.16851, 0.169184
75.225, 1, -1.16865, 0.169358
75.25, 1, -1.16865, 0.169358
75.275, 1, -1.16865, 0.169358
75.3, 1, -1.16865, 0.169358
75.325, 1, -1.16865, 0.169358
75.35, 1, -1.16865, 0.169358
75.375, 1, -1.16865, 0.169358
75.4, 1, -1.16747, 0.168216
75.425, 1, -1.16747, 0.168216
75.45, 1, -1.16747, 0.168216
75.475, 1, -1.16747, 0.168216
75.5, 1, -1.16747, 0.168216
75.525, 1, -1.16747, 0.168216
75.55, 1, -1.16747, 0.168216
75.575, 1, -1.16747, 0.168216
75.6, 1, -1.16747, 0.168216
75.625, 1, -1.16627, 0.167056
75.65, 1, -1.16627, 0.167056
75.675, 1, -1.16496, 0.165731
75.7, 1, -1.16346, 0.164174
75.725, 1, -1.1619, 0.162532
75.75, 1, -1.1619, 0.162532
75.775, 1, -1.1619, 0.162532
75.8, 1, -1.1619, 0.162532
75.825, 1, -1.1619, 0.162532
75.85, 1, -1.16037, 0.160922
75.875, 1, -1.16037, 0.160922
75.9, 1, -1.15885, 0.15931
75.925, 1, -1.15885, 0.15931
75.95, 1, -1.15885, 0.15931
75.975, 1, -1.15885, 0.15931
76, 1, -1.15749, 0.157873
76.025, 1, -1.15749, 0.157873
76.05, 1, -1.15641, 0.156739
76.075, 1, -1.15543, 0.155712
76.1, 1, -1.15543, 0.155712
76.125, 1, -1.15543, 0.155712
76.15, 1, -1.15468, 0.154926
76.175, 1, -1.15391, 0.154128
76.2, 1, -1.15391, 0.154128
76.225, 1, -1.15338, 0.153574
76.25, 1, -1.15338, 0.153574
76.275, 1, -1.15338, 0.153574
76.3, 1, -1.15302, 0.153185
76.325, 1, -1.15302, 0.153185
76.35, 1, -1.15282, 0.152979
76.375, 1, -1.15282, 0.152979
76.4, 1, -1.15278, 0.152923
76.425, 1, -1.15278, 0.152923
76.45, 1, -1.15278, 0.152923
76.475, 1, -1.1528, 0.152938
76.5, 1, -1.1528, 0.152938
76.525, 1, -1.1528, 0.152938
76.55, 1, -1.15299, 0.153123
76.575, 1, -1.15314, 0.153276
76.6, 1, -1.15314, 0.153276
76.625, 1, -1.1536, 0.153745
76.65, 1, -1.1536, 0.153745
76.675, 1, -1.15446, 0.154634
76.7, 1, -1.15446, 0.154634
76.725, 1, -1.15446, 0.154634
76.75, 1, -1.15446, 0.154634
76.775, 1, -1.15531, 0.155513
76.8, 1, -1.15531, 0.155513
76.825, 1, -1.15531, 0.155513
76.85, 1, -1.15531, 0.155513
76.875, 1, -1.15621, 0.156443
76.9, 1, -1.15621, 0.156443
76.925, 1, -1.15621, 0.156443
76.95, 1, -1.15621, 0.156443
76.975, 1, -1.15621, 0.156443
77, 1, -1.15621, 0.156443
77.025, 1, -1.15621, 0.156443
77.05, 1, -1.15621, 0.156443
77.075, 1, -1.15679, 0.157036
77.1, 1, -1.15679, 0.157036
77.125, 1, -1.15735, 0.157621
77.15, 1, -1.1579, 0.158208
77.175, 1, -1.15845, 0.158793
77.2, 1, -1.15845, 0.158793
77.225, 1, -1.15845, 0.158793
77.25, 1, -1.15845, 0.158793
77.275, 1, -1.15845, 0.158793
77.3, 1, -1.15845, 0.158793
77.325, 1, -1.15845, 0.158793
77.35, 1, -1.15845, 0.158793
77.375, 1, -1.1582, 0.158595
77.4, 1, -1.1582, 0.158595
77.425, 1, -1.1582, 0.158595
77.45, 1, -1.15796, 0.15841
77.475, 1, -1.15796, 0.15841
77.5, 1, -1.1577, 0.158205
77.525, 1, -1.1577, 0.158205
77.55, 1, -1.1577, 0.158205
77.575, 1, -1.15757, 0.158111
77.6, 1, -1.15757, 0.158111
77.625, 1, -1.15749, 0.158062
77.65, 1, -1.15714, 0.157727
77.675, 1, -1.15714, 0.157727
77.7, 1, -1.15714, 0.157727
77.725, 1, -1.15687, 0.157469
77.75, 1, -1.15638, 0.156981
77.775, 1, -1.15638, 0.156981
77.8, 1, -1.15638, 0.156981
77.825, 1, -1.15609, 0.15669
77.85, 1, -1.15609, 0.15669
77.875, 1, -1.15601, 0.156596
77.9, 1, -1.15601, 0.156596
77.925, 1, -1.15619, 0.156758
77.95, 1, -1.15619, 0.156758
77.975, 1, -1.15665, 0.157178
78, 1, -1.15665, 0.157178
78.025, 1, -1.15665, 0.157178
78.05, 1, -1.15736, 0.157861
78.075, 1, -1.15736, 0.157861
78.1, 1, -1.15836, 0.158806
78.125, 1, -1.15939, 0.159781
78.15, 1, -1.16051, 0.160819
78.175, 1, -1.16173, 0.16195
78.2, 1, -1.16308, 0.163196
78.225, 1, -1.16452, 0.164525
78.25, 1, -1.16604, 0.165937
78.275, 1, -1.16758, 0.167372
78.3, 1, -1.16758, 0.167372
78.325, 1, -1.16758, 0.167372
78.35, 1, -1.16758, 0.167372
78.375, 1, -1.1685, 0.168189
78.4, 1, -1.16938, 0.168967
78.425, 1, -1.17022, 0.169718
78.45, 1, -1.17105, 0.17046
78.475, 1, -1.17105, 0.17046
78.5, 1, -1.17105, 0.17046
78.525, 1, -1.17105, 0.17046
78.55, 1, -1.17183, 0.171149
78.575, 1, -1.1724, 0.171636
78.6, 1, -1.17285, 0.172016
78.625, 1, -1.17331, 0.17241
78.65, 1, -1.17331, 0.17241
78.675, 1, -1.17424, 0.173281
78.7, 1, -1.17513, 0.174125
78.725, 1, -1.17513, 0.174125
78.75, 1, -1.17513, 0.174125
78.775, 1, -1.17513, 0.174125
78.8, 1, -1.17513, 0.174125
78.825, 1, -1.17513, 0.174125
78.85, 1, -1.17396, 0.172881
78.875, 1, -1.17396, 0.172881
78.9, 1, -1.17396, 0.172881
78.925, 1, -1.17326, 0.172114
78.95, 1, -1.17326, 0.172114
78.975, 1, -1.17326, 0.172114
79, 1, -1.17285, 0.171651
79.025, 1, -1.17285, 0.171651
79.05, 1, -1.17285, 0.171651
79.075, 1, -1.17268, 0.171428
79.1, 1, -1.17268, 0.171428
79.125, 1, -1.17273, 0.171432
79.15, 1, -1.17273, 0.171432
79.175, 1, -1.17273, 0.171432
79.2, 1, -1.17273, 0.171432
79.225, 1, -1.17306, 0.171728
79.25, 1, -1.17306, 0.171728
79.275, 1, -1.17418, 0.17283
79.3, 1, -1.17553, 0.174206
79.325, 1, -1.17553, 0.174206
79.35, 1, -1.1776, 0.176316
79.375, 1, -1.1776, 0.176316
79.4, 1, -1.1776, 0.176316
79.425, 1, -1.17988, 0.178636
79.45, 1, -1.17988, 0.178636
79.475, 1, -1.17988, 0.178636
79.5, 1, -1.17988, 0.178636
79.525, 1, -1.18203, 0.180824
79.55, 1, -1.18422, 0.183077
79.575, 1, -1.18422, 0.183077
79.6, 1, -1.18422, 0.183077
79.625, 1, -1.18422, 0.183077
79.65, 1, -1.18422, 0.183077
79.675, 1, -1.18422, 0.183077
79.7, 1, -1.1863, 0.185217
79.725, 1, -1.1863, 0.185217
79.75, 1, -1.1863, 0.185217
79.775, 1, -1.1883, 0.187273
79.8, 1, -1.1883, 0.187273
79.825, 1, -1.19022, 0.18926
79.85, 1, -1.19022, 0.18926
79.875, 1, -1.19215, 0.191236
79.9, 1, -1.19215, 0.191236
79.925, 1, -1.19408, 0.193212
79.95, 1, -1.19408, 0.193212
79.975, 1, -1.19598, 0.19515
80, 1, -1.19777, 0.196978
80.025, 1, -1.19777, 0.196978
80.05, 1, -1.19947, 0.198713
80.075, 1, -1.19947, 0.198713
80.1, 1, -1.19947, 0.198713
80.125, 1, -1.20112, 0.200399
80.15, 1, -1.20267, 0.201975
80.175, 1, -1.20267, 0.201975
80.2, 1, -1.2045, 0.203819
80.225, 1, -1.2045, 0.203819
80.25, 1, -1.20639, 0.205729
80.275, 1, -1.20827, 0.207611
80.3, 1, -1.20827, 0.207611
80.325, 1, -1.20827, 0.207611
80.35, 1, -1.20827, 0.207611
80.375, 1, -1.20827, 0.207611
80.4, 1, -1.20807, 0.207437
80.425, 1, -1.20807, 0.207437
80.45, 1, -1.20807, 0.207437
80.475, 1, -1.20816, 0.207551
80.5, 1, -1.20842, 0.207803
80.525, 1, -1.20842, 0.207803
80.55, 1, -1.20842, 0.207803
80.575, 1, -1.20882, 0.208196
80.6, 1, -1.20934, 0.208682
80.625, 1, -1.20934, 0.208682
80.65, 1, -1.21003, 0.209339
80.675, 1, -1.21003, 0.209339
80.7, 1, -1.21003, 0.209339
80.725, 1, -1.2108, 0.21007
80.75, 1, -1.21161, 0.210826
80.775, 1, -1.21241, 0.21158
80.8, 1, -1.21241, 0.21158
80.825, 1, -1.21241, 0.21158
80.85, 1, -1.21315, 0.212268
80.875, 1, -1.21315, 0.212268
80.9, 1, -1.21385, 0.212929
80.925, 1, -1.21452, 0.213563
80.95, 1, -1.21452, 0.213563
80.975, 1, -1.21452, 0.213563
81, 1, -1.21452, 0.213563
81.025, 1, -1.21492, 0.213918
81.05, 1, -1.21492, 0.213918
81.075, 1, -1.21544, 0.21441
81.1, 1, -1.21544, 0.21441
81.125, 1, -1.21622, 0.215167
81.15, 1, -1.21666, 0.215589
81.175, 1, -1.21666, 0.215589
81.2, 1, -1.21666, 0.215589
81.225, 1, -1.21666, 0.215589
81.25, 1, -1.21464, 0.213519
81.275, 1, -1.21464, 0.213519
81.3, 1, -1.21464, 0.213519
81.325, 1, -1.21464, 0.213519
81.35, 1, -1.21464, 0.213519
81.375, 1, -1.21464, 0.213519
81.4, 1, -1.21464, 0.213519
81.425, 1, -1.21464, 0.213519
81.45, 1, -1.21464, 0.213519
81.475, 1, -1.21464, 0.213519
81.5, 1, -1.20914, 0.207948
81.525, 1, -1.20914, 0.207948
81.55, 1, -1.20376, 0.202503
81.575, 1, -1.19848, 0.197145
81.6, 1, -1.19331, 0.191915
81.625, 1, -1.19331, 0.191915
81.65, 1, -1.19331, 0.191915
81.675, 1, -1.19331, 0.191915
81.7, 1, -1.19331, 0.191915
81.725, 1, -1.19331, 0.191915
81.75, 1, -1.18811, 0.186644
81.775, 1, -1.18811, 0.186644
81.8, 1, -1.18811, 0.186644
81.825, 1, -1.18811, 0.186644
81.85, 1, -1.18309, 0.181558
81.875, 1, -1.18309, 0.181558
81.9, 1, -1.18309, 0.181558
81.925, 1, -1.17825, 0.176662
81.95, 1, -1.17825, 0.176662
81.975, 1, -1.17825, 0.176662
82, 1, -1.17363, 0.171986
82.025, 1, -1.17363, 0.171986
82.05, 1, -1.16916, 0.167473
82.075, 1, -1.16916, 0.167473
82.1, 1, -1.16489, 0.163175
82.125, 1, -1.16071, 0.158977
82.15, 1, -1.16071, 0.158977
82.175, 1, -1.15684, 0.155112
82.2, 1, -1.15314, 0.151435
82.225, 1, -1.15314, 0.151435
82.25, 1, -1.14992, 0.148277
82.275, 1, -1.14992, 0.148277
82.3, 1, -1.14735, 0.145818
82.325, 1, -1.14529, 0.143924
82.35, 1, -1.14529, 0.143924
82.375, 1, -1.14529, 0.143924
82.4, 1, -1.14529, 0.143924
82.425, 1, -1.14529, 0.143924
82.45, 1, -1.14403, 0.142839
82.475, 1, -1.14403, 0.142839
82.5, 1, -1.14318, 0.142203
82.525, 1, -1.14318, 0.142203
82.55, 1, -1.14318, 0.142203
82.575, 1, -1.14255, 0.141785
82.6, 1, -1.14255, 0.141785
82.625, 1, -1.14195, 0.141399
82.65, 1, -1.14195, 0.141399
82.675, 1, -1.14195, 0.141399
82.7, 1, -1.14195, 0.141399
82.725, 1, -1.14195, 0.141399
82.75, 1, -1.14195, 0.141399
82.775, 1, -1.14162, 0.141249
82.8, 1, -1.14162, 0.141249
82.825, 1, -1.14167, 0.141443
82.85, 1, -1.14167, 0.141443
82.875, 1, -1.14206, 0.141949
82.9, 1, -1.14248, 0.14247
82.925, 1, -1.14248, 0.14247
82.95, 1, -1.14248, 0.14247
82.975, 1, -1.14347, 0.143541
83, 1, -1.14442, 0.144558
83.025, 1, -1.14542, 0.145596
83.05, 1, -1.14542, 0.145596
83.075, 1, -1.14542, 0.145596
83.1, 1, -1.14542, 0.145596
83.125, 1, -1.14542, 0.145596
83.15, 1, -1.14486, 0.145114
83.175, 1, -1.14486, 0.145114
83.2, 1, -1.14486, 0.145114
83.225, 1, -1.1448, 0.145118
83.25, 1, -1.1448, 0.145118
83.275, 1, -1.14511, 0.145444
83.3, 1, -1.14511, 0.145444
83.325, 1, -1.14577, 0.146098
83.35, 1, -1.14618, 0.146452
83.375, 1, -1.14644, 0.14661
83.4, 1, -1.14644, 0.14661
83.425, 1, -1.14709, 0.147135
83.45, 1, -1.14767, 0.147546
83.475, 1, -1.14767, 0.147546
83.5, 1, -1.14767, 0.147546
83.525, 1, -1.14767, 0.147546
83.55, 1, -1.14767, 0.147546
83.575, 1, -1.14679, 0.146546
83.6, 1, -1.14679, 0.146546
83.625, 1, -1.14604, 0.145624
83.65, 1, -1.14604, 0.145624
83.675, 1, -1.14604, 0.145624
83.7, 1, -1.14536, 0.144771
83.725, 1, -1.14453, 0.143748
83.75, 1, -1.14453, 0.143748
83.775, 1, -1.14453, 0.143748
83.8, 1, -1.14369, 0.142733
83.825, 1, -1.14369, 0.142733
83.85, 1, -1.14284, 0.141709
83.875, 1, -1.14284, 0.141709
83.9, 1, -1.14284, 0.141709
83.925, 1, -1.14284, 0.141709
83.95, 1, -1.14284, 0.141709
83.975, 1, -1.14284, 0.141709
84, 1, -1.14166, 0.140391
84.025, 1, -1.14071, 0.139323
84.05, 1, -1.14071, 0.139323
84.075, 1, -1.14071, 0.139323
84.1, 1, -1.14071, 0.139323
84.125, 1, -1.14071, 0.139323
84.15, 1, -1.14071, 0.139323
84.175, 1, -1.14029, 0.138808
84.2, 1, -1.14029, 0.138808
84.225, 1, -1.14029, 0.138808
84.25, 1, -1.14029, 0.138808
84.275, 1, -1.14031, 0.138754
84.3, 1, -1.14017, 0.138555
84.325, 1, -1.1399, 0.138233
84.35, 1, -1.13954, 0.137833
84.375, 1, -1.13954, 0.137833
84.4, 1, -1.13914, 0.137394
84.425, 1, -1.13914, 0.137394
84.45, 1, -1.13914, 0.137394
84.475, 1, -1.13914, 0.137394
84.5, 1, -1.13914, 0.137394
84.525, 1, -1.13914, 0.137394
84.55, 1, -1.13657, 0.13474
84.575, 1, -1.13657, 0.13474
84.6, 1, -1.13657, 0.13474
84.625, 1, -1.13657, 0.13474
84.65, 1, -1.13657, 0.13474
84.675, 1, -1.13657, 0.13474
84.7, 1, -1.13657, 0.13474
84.725, 1, -1.1334, 0.131484
84.75, 1, -1.13029, 0.128284
84.775, 1, -1.12728, 0.125196
84.8, 1, -1.12441, 0.122245
84.825, 1, -1.12441, 0.122245
84.85, 1, -1.12166, 0.11942
84.875, 1, -1.12166, 0.11942
84.9, 1, -1.119, 0.116681
84.925, 1, -1.119, 0.116681
84.95, 1, -1.119, 0.116681
84.975, 1, -1.119, 0.116681
85, 1, -1.11646, 0.114069
85.025, 1, -1.11646, 0.114069
85.05, 1, -1.114, 0.111539
85.075, 1, -1.114, 0.111539
85.1, 1, -1.114, 0.111539
85.125, 1, -1.11169, 0.109171
85.15, 1, -1.10936, 0.106797
85.175, 1, -1.10705, 0.104448
85.2, 1, -1.10705, 0.104448
85.225, 1, -1.10705, 0.104448
85.25, 1, -1.10705, 0.104448
85.275, 1, -1.10705, 0.104448
85.3, 1, -1.10705, 0.104448
85.325, 1, -1.10559, 0.102971
85.35, 1, -1.10429, 0.101698
85.375, 1, -1.10325, 0.10074
85.4, 1, -1.10325, 0.10074
85.425, 1, -1.10302, 0.100657
85.45, 1, -1.10302, 0.100657
85.475, 1, -1.10302, 0.100657
85.5, 1, -1.10302, 0.100657
85.525, 1, -1.10302, 0.100657
85.55, 1, -1.104, 0.101825
85.575, 1, -1.104, 0.101825
85.6, 1, -1.104, 0.101825
85.625, 1, -1.10547, 0.10351
85.65, 1, -1.10678, 0.10508
85.675, 1, -1.10678, 0.10508
85.7, 1, -1.10678, 0.10508
85.725, 1, -1.10852, 0.10709
85.75, 1, -1.1101, 0.108945
85.775, 1, -1.11167, 0.110768
85.8, 1, -1.11335, 0.112695
85.825, 1, -1.11335, 0.112695
85.85, 1, -1.11514, 0.1147
85.875, 1, -1.11712, 0.116882
85.9, 1, -1.11712, 0.116882
85.925, 1, -1.11983, 0.119768
85.95, 1, -1.12303, 0.123106
85.975, 1, -1.12303, 0.123106
86, 1, -1.127, 0.127188
86.025, 1, -1.127, 0.127188
86.05, 1, -1.13212, 0.132379
86.075, 1, -1.13766, 0.13797
86.1, 1, -1.13766, 0.13797
86.125, 1, -1.14376, 0.144101
86.15, 1, -1.14376, 0.144101
86.175, 1, -1.15056, 0.150894
86.2, 1, -1.15791, 0.158208
86.225, 1, -1.15791, 0.158208
86.25, 1, -1.16493, 0.165188
86.275, 1, -1.17211, 0.172288
86.3, 1, -1.17211, 0.172288
86.325, 1, -1.17837, 0.1785
86.35, 1, -1.17837, 0.1785
86.375, 1, -1.18426, 0.184349
86.4, 1, -1.18426, 0.184349
86.425, 1, -1.18426, 0.184349
86.45, 1, -1.18426, 0.184349
86.475, 1, -1.18622, 0.186369
86.5, 1, -1.18781, 0.187817
86.525, 1, -1.18781, 0.187817
86.55, 1, -1.18781, 0.187817
86.575, 1, -1.18814, 0.18808
86.6, 1, -1.18804, 0.187835
86.625, 1, -1.18804, 0.187835
86.65, 1, -1.18804, 0.187835
86.675, 1, -1.18795, 0.187601
86.7, 1, -1.18717, 0.186531
86.725, 1, -1.18611, 0.18513
86.75, 1, -1.18611, 0.18513
86.775, 1, -1.18505, 0.183747
86.8, 1, -1.18394, 0.182301
86.825, 1, -1.18394, 0.182301
86.85, 1, -1.18394, 0.182301
86.875, 1, -1.18187, 0.179954
86.9, 1, -1.18002, 0.17785
86.925, 1, -1.18002, 0.17785
86.95, 1, -1.17824, 0.175844
86.975, 1, -1.17657, 0.17396
87, 1, -1.17657, 0.17396
87.025, 1, -1.17657, 0.17396
87.05, 1, -1.17465, 0.171859
87.075, 1, -1.17295, 0.169983
87.1, 1, -1.17295, 0.169983
87.125, 1, -1.17295, 0.169983
87.15, 1, -1.17295, 0.169983
87.175, 1, -1.17295, 0.169983
87.2, 1, -1.17119, 0.168087
87.225, 1, -1.17001, 0.166805
87.25, 1, -1.17001, 0.166805
87.275, 1, -1.17001, 0.166805
87.3, 1, -1.17001, 0.166805
87.325, 1, -1.17016, 0.166887
87.35, 1, -1.1706, 0.167296
87.375, 1, -1.17136, 0.168039
87.4, 1, -1.17243, 0.169116
87.425, 1, -1.17376, 0.170453
87.45, 1, -1.17376, 0.170453
87.475, 1, -1.17376, 0.170453
87.5, 1, -1.17376, 0.170453
87.525, 1, -1.17376, 0.170453
87.55, 1, -1.17023, 0.166868
87.575, 1, -1.17023, 0.166868
87.6, 1, -1.16685, 0.163433
87.625, 1, -1.16385, 0.160373
87.65, 1, -1.1612, 0.157678
87.675, 1, -1.15879, 0.155217
87.7, 1, -1.15879, 0.155217
87.725, 1, -1.15879, 0.155217
87.75, 1, -1.15879, 0.155217
87.775, 1, -1.15623, 0.152616
87.8, 1, -1.15623, 0.152616
87.825, 1, -1.15623, 0.152616
87.85, 1, -1.15623, 0.152616
87.875, 1, -1.15623, 0.152616
87.9, 1, -1.15623, 0.152616
87.925, 1, -1.15623, 0.152616
87.95, 1, -1.15623, 0.152616
87.975, 1, -1.15187, 0.148187
88, 1, -1.14772, 0.143966
88.025, 1, -1.14772, 0.143966
88.05, 1, -1.14772, 0.143966
88.075, 1, -1.14369, 0.139873
88.1, 1, -1.14369, 0.139873
88.125, 1, -1.14369, 0.139873
88.15, 1, -1.14369, 0.139873
88.175, 1, -1.14369, 0.139873
88.2, 1, -1.13968, 0.135802
88.225, 1, -1.13968, 0.135802
88.25, 1, -1.13968, 0.135802
88.275, 1, -1.1358, 0.131863
88.3, 1, -1.1358, 0.131863
88.325, 1, -1.1358, 0.131863
88.35, 1, -1.13205, 0.128058
88.375, 1, -1.13205, 0.128058
88.4, 1, -1.12842, 0.124372
88.425, 1, -1.12486, 0.12076
88.45, 1, -1.12486, 0.12076
88.475, 1, -1.12486, 0.12076
88.5, 1, -1.12486, 0.12076
88.525, 1, -1.12486, 0.12076
88.55, 1, -1.12184, 0.117705
88.575, 1, -1.11891, 0.114766
88.6, 1, -1.11891, 0.114766
88.625, 1, -1.11891, 0.114766
88.65, 1, -1.11891, 0.114766
88.675, 1, -1.11891, 0.114766
88.7, 1, -1.11891, 0.114766
88.725, 1, -1.11891, 0.114766
88.75, 1, -1.11714, 0.113035
88.775, 1, -1.11714, 0.113035
88.8, 1, -1.11594, 0.111966
88.825, 1, -1.11496, 0.11119
88.85, 1, -1.11419, 0.110686
88.875, 1, -1.11419, 0.110686
88.9, 1, -1.11419, 0.110686
88.925, 1, -1.11404, 0.110825
88.95, 1, -1.11404, 0.110825
88.975, 1, -1.11404, 0.110825
89, 1, -1.11404, 0.110825
89.025, 1, -1.11421, 0.111279
89.05, 1, -1.11421, 0.111279
89.075, 1, -1.11421, 0.111279
89.1, 1, -1.11421, 0.111279
89.125, 1, -1.11485, 0.112226
89.15, 1, -1.11485, 0.112226
89.175, 1, -1.11557, 0.113245
89.2, 1, -1.11557, 0.113245
89.225, 1, -1.11629, 0.114246
89.25, 1, -1.11629, 0.114246
89.275, 1, -1.11718, 0.115402
89.3, 1, -1.11718, 0.115402
89.325, 1, -1.11857, 0.11701
89.35, 1, -1.11857, 0.11701
89.375, 1, -1.11857, 0.11701
89.4, 1, -1.11857, 0.11701
89.425, 1, -1.12077, 0.119389
89.45, 1, -1.12077, 0.119389
89.475, 1, -1.12367, 0.122441
89.5, 1, -1.12367, 0.122441
89.525, 1, -1.12367, 0.122441
89.55, 1, -1.12367, 0.122441
89.575, 1, -1.12367, 0.122441
89.6, 1, -1.1264, 0.125316
89.625, 1, -1.1264, 0.125316
89.65, 1, -1.1264, 0.125316
89.675, 1, -1.1264, 0.125316
89.7, 1, -1.1264, 0.125316
89.725, 1, -1.1264, 0.125316
89.75, 1, -1.1264, 0.125316
89.775, 1, -1.12804, 0.127116
89.8, 1, -1.12932, 0.128506
89.825, 1, -1.12932, 0.128506
89.85, 1, -1.12932, 0.128506
89.875, 1, -1.13102, 0.130277
89.9, 1, -1.13102, 0.130277
89.925, 1, -1.13102, 0.130277
89.95, 1, -1.13102, 0.130277
89.975, 1, -1.13279, 0.13211
