20, 0.0804049, -0.155643
20.025, 0.0804049, -0.155643
20.05, 0.0804049, -0.155643
20.075, 0.0804049, -0.155643
20.1, 0.0804049, -0.155643
20.125, 0.128534, -0.155835
20.15, 0.128534, -0.155835
20.175, 0.114942, -0.15609
20.2, 0.114942, -0.15609
20.225, 0.114942, -0.15609
20.25, 0.114942, -0.15609
20.275, 0.114942, -0.15609
20.3, 0.121492, -0.156316
20.325, 0.130497, -0.156533
20.35, 0.141332, -0.156741
20.375, 0.141332, -0.156741
20.4, 0.155585, -0.156942
20.425, 0.155585, -0.156942
20.45, 0.155585, -0.156942
20.475, 0.176205, -0.157148
20.5, 0.202588, -0.157387
20.525, 0.202588, -0.157387
20.55, 0.238417, -0.157744
20.575, 0.276484, -0.158266
20.6, 0.276484, -0.158266
20.625, 0.276484, -0.158266
20.65, 0.313674, -0.15944
20.675, 0.313674, -0.15944
20.7, 0.313674, -0.15944
20.725, 0.313674, -0.15944
20.75, 0.313674, -0.15944
20.775, 0.332086, -0.162919
20.8, 0.351238, -0.166454
20.825, 0.351238, -0.166454
20.85, 0.351238, -0.166454
20.875, 0.366193, -0.170478
20.9, 0.366193, -0.170478
20.925, 0.381831, -0.17461
20.95, 0.381831, -0.17461
20.975, 0.397788, -0.178888
21, 0.397788, -0.178888
21.025, 0.397788, -0.178888
21.05, 0.411946, -0.183417
21.075, 0.411946, -0.183417
21.1, 0.426745, -0.188086
21.125, 0.426745, -0.188086
21.15, 0.442049, -0.19291
21.175, 0.442049, -0.19291
21.2, 0.442049, -0.19291
21.225, 0.442049, -0.19291
21.25, 0.442049, -0.19291
21.275, 0.442049, -0.19291
21.3, 0.442049, -0.19291
21.325, 0.442049, -0.19291
21.35, 0.442049, -0.19291
21.375, 0.442049, -0.19291
21.4, 0.446385, -0.197388
21.425, 0.455026, -0.201308
21.45, 0.464619, -0.205318
21.475, 0.464619, -0.205318
21.5, 0.464619, -0.205318
21.525, 0.475056, -0.209472
21.55, 0.475056, -0.209472
21.575, 0.475056, -0.209472
21.6, 0.482826, -0.213815
21.625, 0.491266, -0.218283
21.65, 0.49988, -0.222907
21.675, 0.508732, -0.227691
21.7, 0.508732, -0.227691
21.725, 0.508732, -0.227691
21.75, 0.508732, -0.227691
21.775, 0.508732, -0.227691
21.8, 0.508732, -0.227691
21.825, 0.508732, -0.227691
21.85, 0.508732, -0.227691
21.875, 0.516537, -0.232577
21.9, 0.525282, -0.237595
21.925, 0.525282, -0.237595
21.95, 0.525282, -0.237595
21.975, 0.525282, -0.237595
22, 0.525282, -0.237595
22.025, 0.525282, -0.237595
22.05, 0.525282, -0.237595
22.075, 0.525282, -0.237595
22.1, 0.536496, -0.242792
22.125, 0.536496, -0.242792
22.15, 0.536496, -0.242792
22.175, 0.548194, -0.248157
22.2, 0.560179, -0.253708
22.225, 0.560179, -0.253708
22.25, 0.560179, -0.253708
22.275, 0.573188, -0.259418
22.3, 0.587332, -0.265261
22.325, 0.602347, -0.271261
22.35, 0.618058, -0.277439
22.375, 0.618058, -0.277439
22.4, 0.618058, -0.277439
22.425, 0.618058, -0.277439
22.45, 0.634031, -0.283821
22.475, 0.634031, -0.283821
22.5, 0.634031, -0.283821
22.525, 0.650552, -0.290408
22.55, 0.667642, -0.297202
22.575, 0.667642, -0.297202
22.6, 0.667642, -0.297202
22.625, 0.667642, -0.297202
22.65, 0.685267, -0.304213
22.675, 0.703503, -0.311442
22.7, 0.722398, -0.318891
22.725, 0.722398, -0.318891
22.75, 0.722398, -0.318891
22.775, 0.741941, -0.326571
22.8, 0.741941, -0.326571
22.825, 0.741941, -0.326571
22.85, 0.741941, -0.326571
22.875, 0.741941, -0.326571
22.9, 0.741941, -0.326571
22.925, 0.741941, -0.326571
22.95, 0.741941, -0.326571
22.975, 0.741941, -0.326571
23, 0.741941, -0.326571
23.025, 0.762056, -0.334489
23.05, 0.762056, -0.334489
23.075, 0.762056, -0.334489
23.1, 0.762056, -0.334489
23.125, 0.782668, -0.342653
23.15, 0.782668, -0.342653
23.175, 0.804155, -0.351052
23.2, 0.804155, -0.351052
23.225, 0.826606, -0.35967
23.25, 0.826606, -0.35967
23.275, 0.84984, -0.368524
23.3, 0.873712, -0.377639
23.325, 0.898163, -0.387025
23.35, 0.923128, -0.396688
23.375, 0.948683, -0.406629
23.4, 0.974928, -0.41685
23.425, 0.974928, -0.41685
23.45, 1.00211, -0.427324
23.475, 1.00211, -0.427324
23.5, 1.03007, -0.438039
23.525, 1.05883, -0.44902
23.55, 1.05883, -0.44902
23.575, 1.08828, -0.460283
23.6, 1.08828, -0.460283
23.625, 1.08828, -0.460283
23.65, 1.11837, -0.471837
23.675, 1.11837, -0.471837
23.7, 1.14917, -0.483677
23.725, 1.18067, -0.495804
23.75, 1.21287, -0.508216
23.775, 1.21287, -0.508216
23.8, 1.21287, -0.508216
23.825, 1.21287, -0.508216
23.85, 1.24566, -0.520909
23.875, 1.24566, -0.520909
23.9, 1.24566, -0.520909
23.925, 1.24566, -0.520909
23.95, 1.24566, -0.520909
23.975, 1.27897, -0.533899
24, 1.27897, -0.533899
24.025, 1.27897, -0.533899
24.05, 1.27897, -0.533899
24.075, 1.31272, -0.547181
24.1, 1.31272, -0.547181
24.125, 1.31272, -0.547181
24.15, 1.34688, -0.560751
24.175, 1.3814, -0.574607
24.2, 1.3814, -0.574607
24.225, 1.41626, -0.588743
24.25, 1.41626, -0.588743
24.275, 1.41626, -0.588743
24.3, 1.45152, -0.603151
24.325, 1.45152, -0.603151
24.35, 1.45152, -0.603151
24.375, 1.45152, -0.603151
24.4, 1.45152, -0.603151
24.425, 1.45152, -0.603151
24.45, 1.45152, -0.603151
24.475, 1.48713, -0.617836
24.5, 1.52295, -0.632782
24.525, 1.55893, -0.64798
24.55, 1.59505, -0.663419
24.575, 1.59505, -0.663419
24.6, 1.59505, -0.663419
24.625, 1.59505, -0.663419
24.65, 1.63132, -0.679041
24.675, 1.63132, -0.679041
24.7, 1.66769, -0.694869
24.725, 1.7041, -0.710902
24.75, 1.74044, -0.72713
24.775, 1.77664, -0.743538
24.8, 1.77664, -0.743538
24.825, 1.77664, -0.743538
24.85, 1.8129, -0.760103
24.875, 1.84909, -0.776793
24.9, 1.84909, -0.776793
24.925, 1.84909, -0.776793
24.95, 1.84909, -0.776793
24.975, 1.84909, -0.776793
25, 1.84909, -0.776793
25.025, 1.84909, -0.776793
25.05, 1.84909, -0.776793
25.075, 1.84909, -0.776793
25.1, 1.84909, -0.776793
25.125, 1.84909, -0.776793
25.15, 1.84909, -0.776793
25.175, 1.88487, -0.793571
25.2, 1.88487, -0.793571
25.225, 1.88487, -0.793571
25.25, 1.88487, -0.793571
25.275, 1.92036, -0.810454
25.3, 1.92036, -0.810454
25.325, 1.92036, -0.810454
25.35, 1.9555, -0.827425
25.375, 1.9555, -0.827425
25.4, 1.9555, -0.827425
25.425, 1.9555, -0.827425
25.45, 1.99023, -0.844466
25.475, 2.02452, -0.861557
25.5, 2.05829, -0.878679
25.525, 2.05829, -0.878679
25.55, 2.05829, -0.878679
25.575, 2.05829, -0.878679
25.6, 2.05829, -0.878679
25.625, 2.05829, -0.878679
25.65, 2.05829, -0.878679
25.675, 2.09149, -0.895816
25.7, 2.09149, -0.895816
25.725, 2.09149, -0.895816
25.75, 2.09149, -0.895816
25.775, 2.09149, -0.895816
25.8, 2.12409, -0.912941
25.825, 2.12409, -0.912941
25.85, 2.15596, -0.930045
25.875, 2.15596, -0.930045
25.9, 2.15596, -0.930045
25.925, 2.15596, -0.930045
25.95, 2.18666, -0.947089
25.975, 2.18666, -0.947089
26, 2.18666, -0.947089
26.025, 2.18666, -0.947089
26.05, 2.18666, -0.947089
26.075, 2.18666, -0.947089
26.1, 2.21619, -0.963993
26.125, 2.21619, -0.963993
26.15, 2.21619, -0.963993
26.175, 2.24494, -0.980828
26.2, 2.24494, -0.980828
26.225, 2.24494, -0.980828
26.25, 2.24494, -0.980828
26.275, 2.27305, -0.99756
26.3, 2.27305, -0.99756
26.325, 2.30018, -1.01413
26.35, 2.30018, -1.01413
26.375, 2.32631, -1.03054
26.4, 2.32631, -1.03054
26.425, 2.32631, -1.03054
26.45, 2.35159, -1.0468
26.475, 2.35159, -1.0468
26.5, 2.35159, -1.0468
26.525, 2.35159, -1.0468
26.55, 2.376, -1.06289
26.575, 2.376, -1.06289
26.6, 2.376, -1.06289
26.625, 2.39955, -1.0788
26.65, 2.39955, -1.0788
26.675, 2.39955, -1.0788
26.7, 2.42211, -1.0945
26.725, 2.42211, -1.0945
26.75, 2.44373, -1.10998
26.775, 2.44373, -1.10998
26.8, 2.46445, -1.12524
26.825, 2.46445, -1.12524
26.85, 2.48429, -1.14027
26.875, 2.48429, -1.14027
26.9, 2.50326, -1.15506
26.925, 2.50326, -1.15506
26.95, 2.52137, -1.16961
26.975, 2.53864, -1.18391
27, 2.53864, -1.18391
27.025, 2.55505, -1.19795
27.05, 2.57064, -1.21172
27.075, 2.57064, -1.21172
27.1, 2.5854, -1.22522
27.125, 2.59942, -1.23845
27.15, 2.61268, -1.25139
27.175, 2.61268, -1.25139
27.2, 2.62508, -1.26403
27.225, 2.62508, -1.26403
27.25, 2.63648, -1.27635
27.275, 2.63648, -1.27635
27.3, 2.64729, -1.2884
27.325, 2.65752, -1.30017
27.35, 2.65752, -1.30017
27.375, 2.65752, -1.30017
27.4, 2.65752, -1.30017
27.425, 2.65752, -1.30017
27.45, 2.66739, -1.31166
27.475, 2.67636, -1.32283
27.5, 2.67636, -1.32283
27.525, 2.68446, -1.3337
27.55, 2.68446, -1.3337
27.575, 2.69206, -1.34429
27.6, 2.69206, -1.34429
27.625, 2.69918, -1.35461
27.65, 2.69918, -1.35461
27.675, 2.70583, -1.36466
27.7, 2.70583, -1.36466
27.725, 2.70583, -1.36466
27.75, 2.70583, -1.36466
27.775, 2.70583, -1.36466
27.8, 2.70583, -1.36466
27.825, 2.71202, -1.37445
27.85, 2.71202, -1.37445
27.875, 2.71776, -1.38397
27.9, 2.71776, -1.38397
27.925, 2.71776, -1.38397
27.95, 2.72298, -1.39323
27.975, 2.72774, -1.40224
28, 2.73206, -1.411
28.025, 2.73597, -1.41952
28.05, 2.73944, -1.42779
28.075, 2.73944, -1.42779
28.1, 2.73944, -1.42779
28.125, 2.74238, -1.43583
28.15, 2.74238, -1.43583
28.175, 2.74238, -1.43583
28.2, 2.74238, -1.43583
28.225, 2.74238, -1.43583
28.25, 2.74238, -1.43583
28.275, 2.74238, -1.43583
28.3, 2.74473, -1.44363
28.325, 2.74473, -1.44363
28.35, 2.74693, -1.45121
28.375, 2.74693, -1.45121
28.4, 2.74693, -1.45121
28.425, 2.74693, -1.45121
28.45, 2.74842, -1.45858
28.475, 2.74842, -1.45858
28.5, 2.74796, -1.46573
28.525, 2.74617, -1.47267
28.55, 2.74382, -1.47941
28.575, 2.7416, -1.48594
28.6, 2.73988, -1.49227
28.625, 2.73988, -1.49227
28.65, 2.73827, -1.49839
28.675, 2.73827, -1.49839
28.7, 2.7366, -1.50432
28.725, 2.7366, -1.50432
28.75, 2.7366, -1.50432
28.775, 2.7347, -1.51007
28.8, 2.7347, -1.51007
28.825, 2.7347, -1.51007
28.85, 2.7347, -1.51007
28.875, 2.7347, -1.51007
28.9, 2.73282, -1.51564
28.925, 2.73282, -1.51564
28.95, 2.73282, -1.51564
28.975, 2.73282, -1.51564
29, 2.73095, -1.52104
29.025, 2.729, -1.52627
29.05, 2.729, -1.52627
29.075, 2.729, -1.52627
29.1, 2.72708, -1.53134
29.125, 2.72708, -1.53134
29.15, 2.72708, -1.53134
29.175, 2.72708, -1.53134
29.2, 2.72708, -1.53134
29.225, 2.72708, -1.53134
29.25, 2.72514, -1.53626
29.275, 2.72323, -1.54101
29.3, 2.72133, -1.54562
29.325, 2.71946, -1.55008
29.35, 2.71761, -1.5544
29.375, 2.71761, -1.5544
29.4, 2.71761, -1.5544
29.425, 2.71576, -1.55859
29.45, 2.71576, -1.55859
29.475, 2.71392, -1.56263
29.5, 2.71205, -1.56655
29.525, 2.71205, -1.56655
29.55, 2.71205, -1.56655
29.575, 2.71018, -1.57034
29.6, 2.71018, -1.57034
29.625, 2.71018, -1.57034
29.65, 2.71018, -1.57034
29.675, 2.70825, -1.57401
29.7, 2.70825, -1.57401
29.725, 2.70636, -1.57757
29.75, 2.70636, -1.57757
29.775, 2.70444, -1.581
29.8, 2.70444, -1.581
29.825, 2.70444, -1.581
29.85, 2.70263, -1.58433
29.875, 2.70263, -1.58433
29.9, 2.70263, -1.58433
29.925, 2.70263, -1.58433
29.95, 2.70061, -1.58756
29.975, 2.69864, -1.59067
30, 2.69864, -1.59067
30, 2.69548, -1.59368
30.025, 2.69548, -1.59368
30.05, 2.69548, -1.59368
30.075, 2.68636, -1.59657
30.1, 2.68636, -1.59657
30.125, 2.68636, -1.59657
30.15, 2.67765, -1.59938
30.175, 2.67014, -1.6021
30.2, 2.67014, -1.6021
30.225, 2.67014, -1.6021
30.25, 2.67014, -1.6021
30.275, 2.67014, -1.6021
30.3, 2.67014, -1.6021
30.325, 2.67014, -1.6021
30.35, 2.6566, -1.60474
30.375, 2.6566, -1.60474
30.4, 2.6566, -1.60474
30.425, 2.64258, -1.60731
30.45, 2.62918, -1.60979
30.475, 2.62918, -1.60979
30.5, 2.62918, -1.60979
30.525, 2.62918, -1.60979
30.55, 2.62918, -1.60979
30.575, 2.61408, -1.61219
30.6, 2.60025, -1.61451
30.625, 2.60025, -1.61451
30.65, 2.60025, -1.61451
30.675, 2.58663, -1.61676
30.7, 2.58663, -1.61676
30.725, 2.58663, -1.61676
30.75, 2.58663, -1.61676
30.775, 2.57286, -1.61894
30.8, 2.55992, -1.62104
30.825, 2.55992, -1.62104
30.85, 2.55992, -1.62104
30.875, 2.54732, -1.62308
30.9, 2.54732, -1.62308
30.925, 2.53536, -1.62505
30.95, 2.52409, -1.62696
30.975, 2.51359, -1.6288
31, 2.50383, -1.63058
31.025, 2.50383, -1.63058
31.05, 2.50383, -1.63058
31.075, 2.50383, -1.63058
31.1, 2.49441, -1.63231
31.125, 2.49441, -1.63231
31.15, 2.48514, -1.63398
31.175, 2.48514, -1.63398
31.2, 2.48514, -1.63398
31.225, 2.47596, -1.63559
31.25, 2.47596, -1.63559
31.275, 2.47596, -1.63559
31.3, 2.46753, -1.63715
31.325, 2.46123, -1.63867
31.35, 2.46123, -1.63867
31.375, 2.45535, -1.64014
31.4, 2.45535, -1.64014
31.425, 2.45535, -1.64014
31.45, 2.45535, -1.64014
31.475, 2.44939, -1.64155
31.5, 2.44939, -1.64155
31.525, 2.44939, -1.64155
31.55, 2.44444, -1.64291
31.575, 2.44444, -1.64291
31.6, 2.44004, -1.64425
31.625, 2.43663, -1.64556
31.65, 2.43663, -1.64556
31.675, 2.43663, -1.64556
31.7, 2.43348, -1.64681
31.725, 2.43025, -1.64801
31.75, 2.43025, -1.64801
31.775, 2.43025, -1.64801
31.8, 2.43025, -1.64801
31.825, 2.43025, -1.64801
31.85, 2.43025, -1.64801
31.875, 2.43025, -1.64801
31.9, 2.42656, -1.6492
31.925, 2.42656, -1.6492
31.95, 2.42656, -1.6492
31.975, 2.42656, -1.6492
32, 2.42198, -1.65037
32.025, 2.4171, -1.65152
32.05, 2.41178, -1.65267
32.075, 2.40594, -1.6538
32.1, 2.39951, -1.65493
32.125, 2.3926, -1.65604
32.15, 2.38537, -1.65714
32.175, 2.37794, -1.65821
32.2, 2.37048, -1.65925
32.225, 2.37048, -1.65925
32.25, 2.37048, -1.65925
32.275, 2.37048, -1.65925
32.3, 2.37048, -1.65925
32.325, 2.36332, -1.66027
32.35, 2.36332, -1.66027
32.375, 2.36332, -1.66027
32.4, 2.36332, -1.66027
32.425, 2.36332, -1.66027
32.45, 2.36332, -1.66027
32.475, 2.35576, -1.66126
32.5, 2.35576, -1.66126
32.525, 2.35576, -1.66126
32.55, 2.34858, -1.66221
32.575, 2.34196, -1.66313
32.6, 2.34196, -1.66313
32.625, 2.34196, -1.66313
32.65, 2.34196, -1.66313
32.675, 2.34196, -1.66313
32.7, 2.34196, -1.66313
32.725, 2.34196, -1.66313
32.75, 2.34196, -1.66313
32.775, 2.34196, -1.66313
32.8, 2.33526, -1.66403
32.825, 2.33526, -1.66403
32.85, 2.33526, -1.66403
32.875, 2.33526, -1.66403
32.9, 2.33526, -1.66403
32.925, 2.33526, -1.66403
32.95, 2.32868, -1.66489
32.975, 2.32199, -1.66574
33, 2.32199, -1.66574
33.025, 2.315, -1.66657
33.05, 2.315, -1.66657
33.075, 2.30867, -1.66736
33.1, 2.30867, -1.66736
33.125, 2.30867, -1.66736
33.15, 2.30325, -1.66811
33.175, 2.30325, -1.66811
33.2, 2.30325, -1.66811
33.225, 2.30325, -1.66811
33.25, 2.29801, -1.66884
33.275, 2.29307, -1.66954
33.3, 2.29307, -1.66954
33.325, 2.28847, -1.67021
33.35, 2.28429, -1.67085
33.375, 2.2805, -1.67147
33.4, 2.27707, -1.67206
33.425, 2.27707, -1.67206
33.45, 2.27707, -1.67206
33.475, 2.27707, -1.67206
33.5, 2.27707, -1.67206
33.525, 2.2738, -1.67262
33.55, 2.2738, -1.67262
33.575, 2.2738, -1.67262
33.6, 2.2738, -1.67262
33.625, 2.27069, -1.67317
33.65, 2.2678, -1.67369
33.675, 2.2678, -1.67369
33.7, 2.26508, -1.6742
33.725, 2.26254, -1.67468
33.75, 2.26015, -1.67514
33.775, 2.26015, -1.67514
33.8, 2.2579, -1.67559
33.825, 2.2579, -1.67559
33.85, 2.25574, -1.67602
33.875, 2.25369, -1.67644
33.9, 2.25369, -1.67644
33.925, 2.25369, -1.67644
33.95, 2.25181, -1.67684
33.975, 2.25181, -1.67684
34, 2.24997, -1.67721
34.025, 2.24997, -1.67721
34.05, 2.24997, -1.67721
34.075, 2.24801, -1.67758
34.1, 2.24801, -1.67758
34.125, 2.24611, -1.67794
34.15, 2.24611, -1.67794
34.175, 2.24611, -1.67794
34.2, 2.24611, -1.67794
34.225, 2.24611, -1.67794
34.25, 2.2452, -1.67826
34.275, 2.2452, -1.67826
34.3, 2.2452, -1.67826
34.325, 2.2452, -1.67826
34.35, 2.2452, -1.67826
34.375, 2.2452, -1.67826
34.4, 2.24478, -1.67856
34.425, 2.24424, -1.67886
34.45, 2.24358, -1.67916
34.475, 2.24358, -1.67916
34.5, 2.24358, -1.67916
34.525, 2.24311, -1.67943
34.55, 2.24311, -1.67943
34.575, 2.24311, -1.67943
34.6, 2.24219, -1.6797
34.625, 2.24119, -1.67996
34.65, 2.24119, -1.67996
34.675, 2.24119, -1.67996
34.7, 2.24021, -1.68021
34.725, 2.24021, -1.68021
34.75, 2.24021, -1.68021
34.775, 2.23915, -1.68046
34.8, 2.23915, -1.68046
34.825, 2.23915, -1.68046
34.85, 2.23915, -1.68046
34.875, 2.23915, -1.68046
34.9, 2.23915, -1.68046
34.925, 2.23836, -1.68069
34.95, 2.23836, -1.68069
34.975, 2.23836, -1.68069
35, 2.23836, -1.68069
35.025, 2.2373, -1.68092
35.05, 2.2373, -1.68092
35.075, 2.23569, -1.68116
35.1, 2.23569, -1.68116
35.125, 2.23569, -1.68116
35.15, 2.23369, -1.68139
35.175, 2.23147, -1.68163
35.2, 2.23147, -1.68163
35.225, 2.22902, -1.68186
35.25, 2.22619, -1.6821
35.275, 2.22619, -1.6821
35.3, 2.2228, -1.68234
35.325, 2.2228, -1.68234
35.35, 2.2228, -1.68234
35.375, 2.2228, -1.68234
35.4, 2.2228, -1.68234
35.425, 2.2228, -1.68234
35.45, 2.2228, -1.68234
35.475, 2.2228, -1.68234
35.5, 2.2228, -1.68234
35.525, 2.2228, -1.68234
35.55, 2.2228, -1.68234
35.575, 2.2174, -1.6826
35.6, 2.21047, -1.68289
35.625, 2.20311, -1.68319
35.65, 2.19646, -1.68346
35.675, 2.19078, -1.68372
35.7, 2.19078, -1.68372
35.725, 2.19078, -1.68372
35.75, 2.18532, -1.68397
35.775, 2.18022, -1.68421
35.8, 2.17522, -1.68444
35.825, 2.17018, -1.68467
35.85, 2.17018, -1.68467
35.875, 2.17018, -1.68467
35.9, 2.16576, -1.68488
35.925, 2.16576, -1.68488
35.95, 2.1618, -1.68508
35.975, 2.1618, -1.68508
36, 2.1618, -1.68508
36.025, 2.1618, -1.68508
36.05, 2.15777, -1.68529
36.075, 2.15389, -1.68548
36.1, 2.15389, -1.68548
36.125, 2.15389, -1.68548
36.15, 2.15389, -1.68548
36.175, 2.15014, -1.68566
36.2, 2.15014, -1.68566
36.225, 2.14654, -1.68584
36.25, 2.14307, -1.68602
36.275, 2.14307, -1.68602
36.3, 2.13976, -1.68618
36.325, 2.13659, -1.68634
36.35, 2.13357, -1.68649
36.375, 2.13065, -1.68664
36.4, 2.13065, -1.68664
36.425, 2.12781, -1.68678
36.45, 2.12781, -1.68678
36.475, 2.12499, -1.68692
36.5, 2.12499, -1.68692
36.525, 2.12499, -1.68692
36.55, 2.12499, -1.68692
36.575, 2.12237, -1.68705
36.6, 2.12237, -1.68705
36.625, 2.12237, -1.68705
36.65, 2.12237, -1.68705
36.675, 2.12237, -1.68705
36.7, 2.12237, -1.68705
36.725, 2.12237, -1.68705
36.75, 2.12237, -1.68705
36.775, 2.12237, -1.68705
36.8, 2.1202, -1.68717
36.825, 2.11828, -1.68728
36.85, 2.11664, -1.68739
36.875, 2.11664, -1.68739
36.9, 2.11664, -1.68739
36.925, 2.11664, -1.68739
36.95, 2.11664, -1.68739
36.975, 2.11522, -1.68748
37, 2.11522, -1.68748
37.025, 2.11522, -1.68748
37.05, 2.11522, -1.68748
37.075, 2.11477, -1.68755
37.1, 2.11449, -1.68761
37.125, 2.11449, -1.68761
37.15, 2.11449, -1.68761
37.175, 2.11449, -1.68761
37.2, 2.11449, -1.68761
37.225, 2.11519, -1.68765
37.25, 2.11519, -1.68765
37.275, 2.11519, -1.68765
37.3, 2.11519, -1.68765
37.325, 2.11519, -1.68765
37.35, 2.11519, -1.68765
37.375, 2.11646, -1.68766
37.4, 2.11646, -1.68766
37.425, 2.1175, -1.68768
37.45, 2.11845, -1.6877
37.475, 2.11845, -1.6877
37.5, 2.11845, -1.6877
37.525, 2.11845, -1.6877
37.55, 2.11845, -1.6877
37.575, 2.11938, -1.68771
37.6, 2.11938, -1.68771
37.625, 2.12028, -1.68772
37.65, 2.12028, -1.68772
37.675, 2.12028, -1.68772
37.7, 2.12117, -1.68774
37.725, 2.12204, -1.68775
37.75, 2.12204, -1.68775
37.775, 2.12204, -1.68775
37.8, 2.12288, -1.68776
37.825, 2.12365, -1.68777
37.85, 2.12365, -1.68777
37.875, 2.12365, -1.68777
37.9, 2.12365, -1.68777
37.925, 2.12423, -1.68779
37.95, 2.12468, -1.68781
37.975, 2.12505, -1.68783
38, 2.12538, -1.68785
38.025, 2.12538, -1.68785
38.05, 2.12538, -1.68785
38.075, 2.12562, -1.68787
38.1, 2.12562, -1.68787
38.125, 2.12562, -1.68787
38.15, 2.12562, -1.68787
38.175, 2.12546, -1.68791
38.2, 2.12546, -1.68791
38.225, 2.12553, -1.68793
38.25, 2.12553, -1.68793
38.275, 2.12553, -1.68793
38.3, 2.12546, -1.68796
38.325, 2.12542, -1.68799
38.35, 2.12529, -1.68802
38.375, 2.12484, -1.68806
38.4, 2.12484, -1.68806
38.425, 2.12326, -1.68812
38.45, 2.12326, -1.68812
38.475, 2.12326, -1.68812
38.5, 2.12326, -1.68812
38.525, 2.12286, -1.68815
38.55, 2.12286, -1.68815
38.575, 2.12286, -1.68815
38.6, 2.12286, -1.68815
38.625, 2.12286, -1.68815
38.65, 2.12286, -1.68815
38.675, 2.12322, -1.68816
38.7, 2.12282, -1.68818
38.725, 2.12282, -1.68818
38.75, 2.12282, -1.68818
38.775, 2.12282, -1.68818
38.8, 2.12282, -1.68818
38.825, 2.12265, -1.6882
38.85, 2.12259, -1.68822
38.875, 2.12259, -1.68822
38.9, 2.12259, -1.68822
38.925, 2.12233, -1.68824
38.95, 2.12233, -1.68824
38.975, 2.12233, -1.68824
39, 2.12233, -1.68824
39.025, 2.122, -1.68826
39.05, 2.12159, -1.68829
39.075, 2.12159, -1.68829
39.1, 2.12159, -1.68829
39.125, 2.1212, -1.68831
39.15, 2.1212, -1.68831
39.175, 2.1212, -1.68831
39.2, 2.12085, -1.68833
39.225, 2.12052, -1.68835
39.25, 2.12019, -1.68837
39.275, 2.11983, -1.68838
39.3, 2.11983, -1.68838
39.325, 2.11938, -1.6884
39.35, 2.11886, -1.68843
39.375, 2.11886, -1.68843
39.4, 2.1184, -1.68845
39.425, 2.1184, -1.68845
39.45, 2.11796, -1.68847
39.475, 2.11796, -1.68847
39.5, 2.11715, -1.68849
39.525, 2.11715, -1.68849
39.55, 2.11715, -1.68849
39.575, 2.11502, -1.68854
39.6, 2.11164, -1.68862
39.625, 2.10799, -1.6887
39.65, 2.10799, -1.6887
39.675, 2.10799, -1.6887
39.7, 2.10799, -1.6887
39.725, 2.10421, -1.68878
39.75, 2.10421, -1.68878
39.775, 2.10421, -1.68878
39.8, 2.10421, -1.68878
39.825, 2.10421, -1.68878
39.85, 2.10421, -1.68878
39.875, 2.10421, -1.68878
39.9, 2.1016, -1.68884
39.925, 2.09941, -1.68889
39.95, 2.09941, -1.68889
39.975, 2.09941, -1.68889
40, 2.09941, -1.68889
40, 2.09679, -1.68895
40.025, 2.09679, -1.68895
40.05, 2.09679, -1.68895
40.075, 2.09679, -1.68895
40.1, 2.09071, -1.68904
40.125, 2.09071, -1.68904
40.15, 2.07834, -1.68919
40.175, 2.07834, -1.68919
40.2, 2.05985, -1.68939
40.225, 2.05985, -1.68939
40.25, 2.05985, -1.68939
40.275, 2.05985, -1.68939
40.3, 2.04167, -1.68958
40.325, 2.04167, -1.68958
40.35, 2.04167, -1.68958
40.375, 2.02292, -1.68977
40.4, 2.00662, -1.68994
40.425, 1.99258, -1.6901
40.45, 1.99258, -1.6901
40.475, 1.97731, -1.69025
40.5, 1.97731, -1.69025
40.525, 1.97731, -1.69025
40.55, 1.97731, -1.69025
40.575, 1.9605, -1.69034
40.6, 1.94672, -1.6904
40.625, 1.94672, -1.6904
40.65, 1.93411, -1.69047
40.675, 1.93411, -1.69047
40.7, 1.93411, -1.69047
40.725, 1.93411, -1.69047
40.75, 1.93411, -1.69047
40.775, 1.93411, -1.69047
40.8, 1.93411, -1.69047
40.825, 1.93411, -1.69047
40.85, 1.9232, -1.69034
40.875, 1.9232, -1.69034
40.9, 1.91463, -1.69021
40.925, 1.90985, -1.69006
40.95, 1.90866, -1.68989
40.975, 1.90866, -1.68989
41, 1.90863, -1.68974
41.025, 1.90863, -1.68974
41.05, 1.90863, -1.68974
41.075, 1.90776, -1.68958
41.1, 1.90776, -1.68958
41.125, 1.90626, -1.68943
41.15, 1.90615, -1.68927
41.175, 1.90851, -1.6891
41.2, 1.90851, -1.6891
41.225, 1.91197, -1.68897
41.25, 1.91704, -1.68884
41.275, 1.91704, -1.68884
41.3, 1.9218, -1.68871
41.325, 1.92544, -1.6886
41.35, 1.92544, -1.6886
41.375, 1.92769, -1.68849
41.4, 1.92959, -1.6884
41.425, 1.92959, -1.6884
41.45, 1.9319, -1.68831
41.475, 1.935, -1.68822
41.5, 1.93899, -1.68813
41.525, 1.94372, -1.68805
41.55, 1.94372, -1.68805
41.575, 1.94831, -1.68798
41.6, 1.95294, -1.68791
41.625, 1.95294, -1.68791
41.65, 1.95294, -1.68791
41.675, 1.95294, -1.68791
41.7, 1.95294, -1.68791
41.725, 1.95682, -1.68788
41.75, 1.95682, -1.68788
41.775, 1.96033, -1.68787
41.8, 1.96383, -1.68786
41.825, 1.96383, -1.68786
41.85, 1.9671, -1.68787
41.875, 1.97029, -1.68788
41.9, 1.97029, -1.68788
41.925, 1.97029, -1.68788
41.95, 1.97291, -1.6879
41.975, 1.97513, -1.68794
42, 1.97683, -1.68799
42.025, 1.97683, -1.68799
42.05, 1.97683, -1.68799
42.075, 1.97765, -1.68807
42.1, 1.97778, -1.68816
42.125, 1.97778, -1.68816
42.15, 1.97778, -1.68816
42.175, 1.97778, -1.68816
42.2, 1.97768, -1.68826
42.225, 1.97768, -1.68826
42.25, 1.97748, -1.68835
42.275, 1.97748, -1.68835
42.3, 1.97673, -1.68846
42.325, 1.97495, -1.68858
42.35, 1.97495, -1.68858
42.375, 1.97495, -1.68858
42.4, 1.97495, -1.68858
42.425, 1.97266, -1.68871
42.45, 1.97049, -1.68883
42.475, 1.96925, -1.68894
42.5, 1.96885, -1.68903
42.525, 1.96885, -1.68903
42.55, 1.96885, -1.68903
42.575, 1.96885, -1.68903
42.6, 1.9674, -1.68914
42.625, 1.9674, -1.68914
42.65, 1.96437, -1.68927
42.675, 1.96437, -1.68927
42.7, 1.96437, -1.68927
42.725, 1.96437, -1.68927
42.75, 1.96319, -1.68937
42.775, 1.96319, -1.68937
42.8, 1.96319, -1.68937
42.825, 1.96319, -1.68937
42.85, 1.96197, -1.68946
42.875, 1.96197, -1.68946
42.9, 1.96048, -1.68955
42.925, 1.95858, -1.68965
42.95, 1.95674, -1.68975
42.975, 1.95537, -1.68983
43, 1.95448, -1.68991
43.025, 1.95448, -1.68991
43.05, 1.95448, -1.68991
43.075, 1.95448, -1.68991
43.1, 1.95448, -1.68991
43.125, 1.95448, -1.68991
43.15, 1.95366, -1.68998
43.175, 1.95303, -1.69005
43.2, 1.95303, -1.69005
43.225, 1.95303, -1.69005
43.25, 1.95303, -1.69005
43.275, 1.95303, -1.69005
43.3, 1.95303, -1.69005
43.325, 1.95303, -1.69005
43.35, 1.9525, -1.69012
43.375, 1.95206, -1.69018
43.4, 1.95206, -1.69018
43.425, 1.95174, -1.69024
43.45, 1.95174, -1.69024
43.475, 1.95174, -1.69024
43.5, 1.95174, -1.69024
43.525, 1.95138, -1.6903
43.55, 1.95138, -1.6903
43.575, 1.9512, -1.69035
43.6, 1.9512, -1.69035
43.625, 1.95154, -1.69039
43.65, 1.95233, -1.69043
43.675, 1.95233, -1.69043
43.7, 1.95322, -1.69046
43.725, 1.95322, -1.69046
43.75, 1.9538, -1.6905
43.775, 1.9538, -1.6905
43.8, 1.9538, -1.6905
43.825, 1.9538, -1.6905
43.85, 1.9538, -1.6905
43.875, 1.95601, -1.6905
43.9, 1.95601, -1.6905
43.925, 1.95846, -1.6905
43.95, 1.96111, -1.6905
43.975, 1.96111, -1.6905
44, 1.96111, -1.6905
44.025, 1.96363, -1.6905
44.05, 1.96363, -1.6905
44.075, 1.96363, -1.6905
44.1, 1.96363, -1.6905
44.125, 1.96363, -1.6905
44.15, 1.96711, -1.69048
44.175, 1.96711, -1.69048
44.2, 1.9706, -1.69045
44.225, 1.9706, -1.69045
44.25, 1.9706, -1.69045
44.275, 1.97393, -1.69043
44.3, 1.97393, -1.69043
44.325, 1.97677, -1.69042
44.35, 1.97929, -1.69041
44.375, 1.97929, -1.69041
44.4, 1.97929, -1.69041
44.425, 1.97929, -1.69041
44.45, 1.97929, -1.69041
44.475, 1.97929, -1.69041
44.5, 1.97929, -1.69041
44.525, 1.98176, -1.6904
44.55, 1.98424, -1.69039
44.575, 1.9867, -1.69038
44.6, 1.9867, -1.69038
44.625, 1.9867, -1.69038
44.65, 1.98899, -1.69037
44.675, 1.99108, -1.69037
44.7, 1.99108, -1.69037
44.725, 1.99108, -1.69037
44.75, 1.99302, -1.69036
44.775, 1.99302, -1.69036
44.8, 1.99485, -1.69036
44.825, 1.99485, -1.69036
44.85, 1.99653, -1.69035
44.875, 1.99653, -1.69035
44.9, 1.99653, -1.69035
44.925, 1.99653, -1.69035
44.95, 1.99653, -1.69035
44.975, 1.99769, -1.69036
45, 1.99769, -1.69036
45.025, 1.99926, -1.69036
45.05, 2.00118, -1.69036
45.075, 2.00349, -1.69035
45.1, 2.00349, -1.69035
45.125, 2.00349, -1.69035
45.15, 2.00349, -1.69035
45.175, 2.00565, -1.69033
45.2, 2.00565, -1.69033
45.225, 2.00565, -1.69033
45.25, 2.00565, -1.69033
45.275, 2.00565, -1.69033
45.3, 2.00868, -1.6903
45.325, 2.01211, -1.69027
45.35, 2.01211, -1.69027
45.375, 2.01497, -1.69027
45.4, 2.01497, -1.69027
45.425, 2.01776, -1.69027
45.45, 2.01776, -1.69027
45.475, 2.01776, -1.69027
45.5, 2.01776, -1.69027
45.525, 2.02066, -1.69026
45.55, 2.02066, -1.69026
45.575, 2.02066, -1.69026
45.6, 2.02364, -1.69024
45.625, 2.02677, -1.69023
45.65, 2.0299, -1.69022
45.675, 2.0299, -1.69022
45.7, 2.0299, -1.69022
45.725, 2.0299, -1.69022
45.75, 2.0299, -1.69022
45.775, 2.03294, -1.6902
45.8, 2.03294, -1.6902
45.825, 2.03294, -1.6902
45.85, 2.03294, -1.6902
45.875, 2.03294, -1.6902
45.9, 2.03575, -1.6902
45.925, 2.03575, -1.6902
45.95, 2.03575, -1.6902
45.975, 2.03575, -1.6902
46, 2.03575, -1.6902
46.025, 2.03848, -1.69019
46.05, 2.04112, -1.69018
46.075, 2.04112, -1.69018
46.1, 2.04368, -1.69017
46.125, 2.04368, -1.69017
46.15, 2.04617, -1.69016
46.175, 2.04617, -1.69016
46.2, 2.04617, -1.69016
46.225, 2.04857, -1.69015
46.25, 2.04857, -1.69015
46.275, 2.0509, -1.69014
46.3, 2.05315, -1.69013
46.325, 2.05315, -1.69013
46.35, 2.05315, -1.69013
46.375, 2.05484, -1.69014
46.4, 2.05604, -1.69016
46.425, 2.05604, -1.69016
46.45, 2.05731, -1.69018
46.475, 2.05862, -1.6902
46.5, 2.05996, -1.69021
46.525, 2.05996, -1.69021
46.55, 2.05996, -1.69021
46.575, 2.06131, -1.69022
46.6, 2.06131, -1.69022
46.625, 2.06131, -1.69022
46.65, 2.06131, -1.69022
46.675, 2.06131, -1.69022
46.7, 2.06131, -1.69022
46.725, 2.06131, -1.69022
46.75, 2.06131, -1.69022
46.775, 2.06131, -1.69022
46.8, 2.06245, -1.69022
46.825, 2.06245, -1.69022
46.85, 2.06245, -1.69022
46.875, 2.06245, -1.69022
46.9, 2.06245, -1.69022
46.925, 2.06245, -1.69022
46.95, 2.06245, -1.69022
46.975, 2.06353, -1.69022
47, 2.06353, -1.69022
47.025, 2.06353, -1.69022
47.05, 2.06353, -1.69022
47.075, 2.06353, -1.69022
47.1, 2.06353, -1.69022
47.125, 2.06446, -1.69023
47.15, 2.06515, -1.69024
47.175, 2.06515, -1.69024
47.2, 2.0653, -1.69027
47.225, 2.0653, -1.69027
47.25, 2.0653, -1.69027
47.275, 2.0653, -1.69027
47.3, 2.0653, -1.69027
47.325, 2.06552, -1.69029
47.35, 2.06552, -1.69029
47.375, 2.06551, -1.69032
47.4, 2.06515, -1.69035
47.425, 2.06444, -1.69038
47.45, 2.06444, -1.69038
47.475, 2.06444, -1.69038
47.5, 2.06359, -1.69042
47.525, 2.06261, -1.69047
47.55, 2.06151, -1.69051
47.575, 2.06151, -1.69051
47.6, 2.06151, -1.69051
47.625, 2.06151, -1.69051
47.65, 2.06151, -1.69051
47.675, 2.06023, -1.69056
47.7, 2.05874, -1.69061
47.725, 2.05684, -1.69066
47.75, 2.05684, -1.69066
47.775, 2.054, -1.69073
47.8, 2.05009, -1.69083
47.825, 2.04496, -1.69094
47.85, 2.04496, -1.69094
47.875, 2.0399, -1.69105
47.9, 2.03542, -1.69116
47.925, 2.03542, -1.69116
47.95, 2.03542, -1.69116
47.975, 2.03542, -1.69116
48, 2.03542, -1.69116
48.025, 2.03542, -1.69116
48.05, 2.02984, -1.69126
48.075, 2.02984, -1.69126
48.1, 2.02984, -1.69126
48.125, 2.02526, -1.69135
48.15, 2.02526, -1.69135
48.175, 2.02157, -1.69144
48.2, 2.02157, -1.69144
48.225, 2.01776, -1.69155
48.25, 2.01776, -1.69155
48.275, 2.01776, -1.69155
48.3, 2.01776, -1.69155
48.325, 2.01417, -1.69164
48.35, 2.01417, -1.69164
48.375, 2.01071, -1.69172
48.4, 2.00777, -1.6918
48.425, 2.00523, -1.69187
48.45, 2.00297, -1.69194
48.475, 2.00297, -1.69194
48.5, 2.00297, -1.69194
48.525, 2.00297, -1.69194
48.55, 2.00297, -1.69194
48.575, 2.00297, -1.69194
48.6, 2.0013, -1.69199
48.625, 2.0013, -1.69199
48.65, 2.0013, -1.69199
48.675, 1.99965, -1.69204
48.7, 1.99965, -1.69204
48.725, 1.99965, -1.69204
48.75, 1.99791, -1.69209
48.775, 1.99791, -1.69209
48.8, 1.99614, -1.69214
48.825, 1.99614, -1.69214
48.85, 1.99614, -1.69214
48.875, 1.99614, -1.69214
48.9, 1.99447, -1.69219
48.925, 1.99285, -1.69223
48.95, 1.99285, -1.69223
48.975, 1.99285, -1.69223
49, 1.99285, -1.69223
49.025, 1.9913, -1.69227
49.05, 1.9913, -1.69227
49.075, 1.9898, -1.69232
49.1, 1.9898, -1.69232
49.125, 1.98835, -1.69235
49.15, 1.98835, -1.69235
49.175, 1.98835, -1.69235
49.2, 1.98835, -1.69235
49.225, 1.98835, -1.69235
49.25, 1.98835, -1.69235
49.275, 1.98715, -1.69239
49.3, 1.98715, -1.69239
49.325, 1.98715, -1.69239
49.35, 1.98612, -1.69242
49.375, 1.98612, -1.69242
49.4, 1.98512, -1.69244
49.425, 1.984, -1.69248
49.45, 1.984, -1.69248
49.475, 1.984, -1.69248
49.5, 1.98128, -1.69255
49.525, 1.98128, -1.69255
49.55, 1.98128, -1.69255
49.575, 1.98128, -1.69255
49.6, 1.98128, -1.69255
49.625, 1.98128, -1.69255
49.65, 1.98128, -1.69255
49.675, 1.98128, -1.69255
49.7, 1.98096, -1.69254
49.725, 1.98096, -1.69254
49.75, 1.98068, -1.69254
49.775, 1.98068, -1.69254
49.8, 1.98043, -1.69254
49.825, 1.98043, -1.69254
49.85, 1.97993, -1.69254
49.875, 1.97993, -1.69254
49.9, 1.97903, -1.69254
49.925, 1.97903, -1.69254
49.95, 1.97903, -1.69254
49.975, 1.97903, -1.69254
50, 1.97903, -1.69254
50, 1.97903, -1.69254
50.025, 1.97765, -1.69254
50.05, 1.97523, -1.69255
50.075, 1.97523, -1.69255
50.1, 1.97523, -1.69255
50.125, 1.96571, -1.69261
50.15, 1.96571, -1.69261
50.175, 1.95545, -1.69269
50.2, 1.9429, -1.69277
50.225, 1.92802, -1.69287
50.25, 1.92802, -1.69287
50.275, 1.9136, -1.69296
50.3, 1.9136, -1.69296
50.325, 1.89839, -1.69306
50.35, 1.89839, -1.69306
50.375, 1.89839, -1.69306
50.4, 1.89839, -1.69306
50.425, 1.88081, -1.69311
50.45, 1.86558, -1.69315
50.475, 1.86558, -1.69315
50.5, 1.85129, -1.69318
50.525, 1.85129, -1.69318
50.55, 1.85129, -1.69318
50.575, 1.83902, -1.69324
50.6, 1.8317, -1.69326
50.625, 1.8317, -1.69326
50.65, 1.8317, -1.69326
50.675, 1.8317, -1.69326
50.7, 1.8317, -1.69326
50.725, 1.82423, -1.69309
50.75, 1.82423, -1.69309
50.775, 1.81351, -1.69295
50.8, 1.81351, -1.69295
50.825, 1.81351, -1.69295
50.85, 1.81351, -1.69295
50.875, 1.81351, -1.69295
50.9, 1.81351, -1.69295
50.925, 1.80329, -1.6928
50.95, 1.80329, -1.6928
50.975, 1.80329, -1.6928
51, 1.80329, -1.6928
51.025, 1.80329, -1.6928
51.05, 1.79144, -1.69264
51.075, 1.7802, -1.69248
51.1, 1.7802, -1.69248
51.125, 1.7802, -1.69248
51.15, 1.77122, -1.69233
51.175, 1.77122, -1.69233
51.2, 1.76423, -1.69219
51.225, 1.76423, -1.69219
51.25, 1.75827, -1.69206
51.275, 1.75394, -1.69192
51.3, 1.75394, -1.69192
51.325, 1.75394, -1.69192
51.35, 1.75394, -1.69192
51.375, 1.74982, -1.69179
51.4, 1.74982, -1.69179
51.425, 1.74982, -1.69179
51.45, 1.74602, -1.69168
51.475, 1.7437, -1.69157
51.5, 1.7437, -1.69157
51.525, 1.7437, -1.69157
51.55, 1.7437, -1.69157
51.575, 1.7437, -1.69157
51.6, 1.7437, -1.69157
51.625, 1.7437, -1.69157
51.65, 1.7437, -1.69157
51.675, 1.7437, -1.69157
51.7, 1.7437, -1.69157
51.725, 1.74276, -1.69142
51.75, 1.74276, -1.69142
51.775, 1.74276, -1.69142
51.8, 1.74131, -1.6913
51.825, 1.74003, -1.6912
51.85, 1.73884, -1.69111
51.875, 1.73769, -1.69102
51.9, 1.73769, -1.69102
51.925, 1.73769, -1.69102
51.95, 1.73769, -1.69102
51.975, 1.73769, -1.69102
52, 1.73537, -1.69098
52.025, 1.73221, -1.69096
52.05, 1.72819, -1.69096
52.075, 1.72819, -1.69096
52.1, 1.72388, -1.69098
52.125, 1.72388, -1.69098
52.15, 1.72388, -1.69098
52.175, 1.72388, -1.69098
52.2, 1.71961, -1.69099
52.225, 1.7146, -1.69102
52.25, 1.7146, -1.69102
52.275, 1.70659, -1.69111
52.3, 1.70659, -1.69111
52.325, 1.70659, -1.69111
52.35, 1.69776, -1.69122
52.375, 1.69776, -1.69122
52.4, 1.69776, -1.69122
52.425, 1.69776, -1.69122
52.45, 1.69776, -1.69122
52.475, 1.69776, -1.69122
52.5, 1.69776, -1.69122
52.525, 1.69776, -1.69122
52.55, 1.69776, -1.69122
52.575, 1.68711, -1.69135
52.6, 1.68711, -1.69135
52.625, 1.68711, -1.69135
52.65, 1.68711, -1.69135
52.675, 1.68711, -1.69135
52.7, 1.68711, -1.69135
52.725, 1.68711, -1.69135
52.75, 1.68711, -1.69135
52.775, 1.67698, -1.69147
52.8, 1.66745, -1.69159
52.825, 1.66745, -1.69159
52.85, 1.66745, -1.69159
52.875, 1.66745, -1.69159
52.9, 1.66745, -1.69159
52.925, 1.65867, -1.6917
52.95, 1.65057, -1.6918
52.975, 1.65057, -1.6918
53, 1.64271, -1.69189
53.025, 1.64271, -1.69189
53.05, 1.64271, -1.69189
53.075, 1.64271, -1.69189
53.1, 1.64271, -1.69189
53.125, 1.64271, -1.69189
53.15, 1.64271, -1.69189
53.175, 1.63537, -1.69198
53.2, 1.62844, -1.69207
53.225, 1.62844, -1.69207
53.25, 1.62844, -1.69207
53.275, 1.62844, -1.69207
53.3, 1.62844, -1.69207
53.325, 1.62844, -1.69207
53.35, 1.62205, -1.69215
53.375, 1.61631, -1.69222
53.4, 1.61075, -1.69229
53.425, 1.61075, -1.69229
53.45, 1.60482, -1.69237
53.475, 1.59844, -1.69245
53.5, 1.59276, -1.69252
53.525, 1.59276, -1.69252
53.55, 1.58827, -1.69258
53.575, 1.58827, -1.69258
53.6, 1.58827, -1.69258
53.625, 1.58394, -1.69264
53.65, 1.58394, -1.69264
53.675, 1.58394, -1.69264
53.7, 1.58394, -1.69264
53.725, 1.58394, -1.69264
53.75, 1.58394, -1.69264
53.775, 1.58394, -1.69264
53.8, 1.58046, -1.69269
53.825, 1.5778, -1.69273
53.85, 1.5778, -1.69273
53.875, 1.5778, -1.69273
53.9, 1.57496, -1.69277
53.925, 1.57496, -1.69277
53.95, 1.57496, -1.69277
53.975, 1.57496, -1.69277
54, 1.57496, -1.69277
54.025, 1.57496, -1.69277
54.05, 1.57234, -1.69281
54.075, 1.56995, -1.69284
54.1, 1.56995, -1.69284
54.125, 1.56732, -1.69287
54.15, 1.56465, -1.6929
54.175, 1.56201, -1.69292
54.2, 1.56201, -1.69292
54.225, 1.55942, -1.69295
54.25, 1.55942, -1.69295
54.275, 1.55942, -1.69295
54.3, 1.55942, -1.69295
54.325, 1.55942, -1.69295
54.35, 1.55942, -1.69295
54.375, 1.55693, -1.69297
54.4, 1.55452, -1.69299
54.425, 1.55452, -1.69299
54.45, 1.55452, -1.69299
54.475, 1.55452, -1.69299
54.5, 1.55452, -1.69299
54.525, 1.5522, -1.69301
54.55, 1.54997, -1.69303
54.575, 1.5478, -1.69304
54.6, 1.5478, -1.69304
54.625, 1.5478, -1.69304
54.65, 1.5457, -1.69305
54.675, 1.54356, -1.69306
54.7, 1.5413, -1.69307
54.725, 1.53893, -1.69308
54.75, 1.5365, -1.69308
54.775, 1.53408, -1.69309
54.8, 1.53408, -1.69309
54.825, 1.53179, -1.6931
54.85, 1.53179, -1.6931
54.875, 1.52935, -1.69311
54.9, 1.52935, -1.69311
54.925, 1.52935, -1.69311
54.95, 1.52935, -1.69311
54.975, 1.52695, -1.69312
55, 1.52408, -1.69312
55.025, 1.5207, -1.69313
55.05, 1.5207, -1.69313
55.075, 1.5207, -1.69313
55.1, 1.51765, -1.69315
55.125, 1.51765, -1.69315
55.15, 1.51418, -1.69318
55.175, 1.51418, -1.69318
55.2, 1.51418, -1.69318
55.225, 1.51418, -1.69318
55.25, 1.51418, -1.69318
55.275, 1.51418, -1.69318
55.3, 1.51418, -1.69318
55.325, 1.51085, -1.6932
55.35, 1.51085, -1.6932
55.375, 1.50672, -1.69325
55.4, 1.50672, -1.69325
55.425, 1.50672, -1.69325
55.45, 1.50297, -1.6933
55.475, 1.50297, -1.6933
55.5, 1.49958, -1.69334
55.525, 1.4965, -1.69337
55.55, 1.4965, -1.69337
55.575, 1.49346, -1.6934
55.6, 1.49346, -1.6934
55.625, 1.49346, -1.6934
55.65, 1.49346, -1.6934
55.675, 1.49346, -1.6934
55.7, 1.49036, -1.69344
55.725, 1.49036, -1.69344
55.75, 1.4872, -1.69347
55.775, 1.4872, -1.69347
55.8, 1.48401, -1.69351
55.825, 1.48401, -1.69351
55.85, 1.48401, -1.69351
55.875, 1.48401, -1.69351
55.9, 1.48401, -1.69351
55.925, 1.48401, -1.69351
55.95, 1.48401, -1.69351
55.975, 1.48401, -1.69351
56, 1.48401, -1.69351
56.025, 1.48401, -1.69351
56.05, 1.48095, -1.69355
56.075, 1.48095, -1.69355
56.1, 1.48095, -1.69355
56.125, 1.47804, -1.69358
56.15, 1.47804, -1.69358
56.175, 1.47519, -1.69361
56.2, 1.47519, -1.69361
56.225, 1.47519, -1.69361
56.25, 1.47519, -1.69361
56.275, 1.47519, -1.69361
56.3, 1.47152, -1.69366
56.325, 1.47152, -1.69366
56.35, 1.47152, -1.69366
56.375, 1.46922, -1.69369
56.4, 1.46922, -1.69369
56.425, 1.46922, -1.69369
56.45, 1.46922, -1.69369
56.475, 1.46922, -1.69369
56.5, 1.46922, -1.69369
56.525, 1.46922, -1.69369
56.55, 1.46515, -1.69373
56.575, 1.45867, -1.6938
56.6, 1.45867, -1.6938
56.625, 1.45867, -1.6938
56.65, 1.45428, -1.69384
56.675, 1.45099, -1.69388
56.7, 1.44823, -1.69391
56.725, 1.44823, -1.69391
56.75, 1.44823, -1.69391
56.775, 1.44823, -1.69391
56.8, 1.44823, -1.69391
56.825, 1.44823, -1.69391
56.85, 1.44823, -1.69391
56.875, 1.44823, -1.69391
56.9, 1.44823, -1.69391
56.925, 1.44823, -1.69391
56.95, 1.44823, -1.69391
56.975, 1.44823, -1.69391
57, 1.44823, -1.69391
57.025, 1.44554, -1.69395
57.05, 1.44554, -1.69395
57.075, 1.44554, -1.69395
57.1, 1.44284, -1.69398
57.125, 1.44284, -1.69398
57.15, 1.44284, -1.69398
57.175, 1.44024, -1.69401
57.2, 1.44024, -1.69401
57.225, 1.43772, -1.69404
57.25, 1.43772, -1.69404
57.275, 1.43772, -1.69404
57.3, 1.43772, -1.69404
57.325, 1.43526, -1.69407
57.35, 1.43526, -1.69407
57.375, 1.43526, -1.69407
57.4, 1.43526, -1.69407
57.425, 1.43526, -1.69407
57.45, 1.43526, -1.69407
57.475, 1.43526, -1.69407
57.5, 1.43526, -1.69407
57.525, 1.43526, -1.69407
57.55, 1.43526, -1.69407
57.575, 1.43286, -1.6941
57.6, 1.4303, -1.69413
57.625, 1.4303, -1.69413
57.65, 1.42681, -1.69418
57.675, 1.42681, -1.69418
57.7, 1.42681, -1.69418
57.725, 1.42681, -1.69418
57.75, 1.42681, -1.69418
57.775, 1.42689, -1.69417
57.8, 1.42819, -1.69415
57.825, 1.42819, -1.69415
57.85, 1.42924, -1.69414
57.875, 1.42924, -1.69414
57.9, 1.42924, -1.69414
57.925, 1.42924, -1.69414
57.95, 1.42924, -1.69414
57.975, 1.42924, -1.69414
58, 1.42993, -1.69413
58.025, 1.42993, -1.69413
58.05, 1.42993, -1.69413
58.075, 1.42993, -1.69413
58.1, 1.42993, -1.69413
58.125, 1.429, -1.69417
58.15, 1.429, -1.69417
58.175, 1.42843, -1.69419
58.2, 1.42789, -1.69422
58.225, 1.42736, -1.69425
58.25, 1.42736, -1.69425
58.275, 1.42736, -1.69425
58.3, 1.42736, -1.69425
58.325, 1.42736, -1.69425
58.35, 1.42736, -1.69425
58.375, 1.42736, -1.69425
58.4, 1.42625, -1.69428
58.425, 1.42625, -1.69428
58.45, 1.42625, -1.69428
58.475, 1.42625, -1.69428
58.5, 1.42625, -1.69428
58.525, 1.42547, -1.69431
58.55, 1.42469, -1.69434
58.575, 1.42469, -1.69434
58.6, 1.42469, -1.69434
58.625, 1.42384, -1.69437
58.65, 1.42318, -1.6944
58.675, 1.42318, -1.6944
58.7, 1.42318, -1.6944
58.725, 1.42259, -1.69442
58.75, 1.4222, -1.69445
58.775, 1.4222, -1.69445
58.8, 1.4222, -1.69445
58.825, 1.42182, -1.69449
58.85, 1.42154, -1.69452
58.875, 1.42154, -1.69452
58.9, 1.42154, -1.69452
58.925, 1.42154, -1.69452
58.95, 1.42154, -1.69452
58.975, 1.42138, -1.69454
59, 1.42138, -1.69454
59.025, 1.42138, -1.69454
59.05, 1.42138, -1.69454
59.075, 1.42138, -1.69454
59.1, 1.4213, -1.69457
59.125, 1.4213, -1.69457
59.15, 1.4213, -1.69457
59.175, 1.4213, -1.69457
59.2, 1.4213, -1.69457
59.225, 1.4213, -1.69457
59.25, 1.4213, -1.69457
59.275, 1.41954, -1.69462
59.3, 1.41954, -1.69462
59.325, 1.41954, -1.69462
59.35, 1.41954, -1.69462
59.375, 1.41775, -1.69469
59.4, 1.41775, -1.69469
59.425, 1.41775, -1.69469
59.45, 1.41775, -1.69469
59.475, 1.41775, -1.69469
59.5, 1.41685, -1.69471
59.525, 1.41685, -1.69471
59.55, 1.41552, -1.69474
59.575, 1.41434, -1.69476
59.6, 1.41333, -1.69479
59.625, 1.41333, -1.69479
59.65, 1.41333, -1.69479
59.675, 1.41234, -1.69482
59.7, 1.41234, -1.69482
59.725, 1.41234, -1.69482
59.75, 1.41122, -1.69484
59.775, 1.41122, -1.69484
59.8, 1.40985, -1.69487
59.825, 1.40985, -1.69487
59.85, 1.40985, -1.69487
59.875, 1.40985, -1.69487
59.9, 1.40985, -1.69487
59.925, 1.40985, -1.69487
59.95, 1.40985, -1.69487
59.975, 1.40899, -1.6949
60, 1.40899, -1.6949
60, 1.40899, -1.6949
60.025, 1.40899, -1.6949
60.05, 1.40899, -1.6949
60.075, 1.40705, -1.69493
60.1, 1.40705, -1.69493
60.125, 1.40705, -1.69493
60.15, 1.40705, -1.69493
60.175, 1.40705, -1.69493
60.2, 1.40705, -1.69493
60.225, 1.40705, -1.69493
60.25, 1.3976, -1.69504
60.275, 1.38191, -1.69519
60.3, 1.36443, -1.69534
60.325, 1.36443, -1.69534
60.35, 1.36443, -1.69534
60.375, 1.34786, -1.69549
60.4, 1.33349, -1.69562
60.425, 1.33349, -1.69562
60.45, 1.33349, -1.69562
60.475, 1.33349, -1.69562
60.5, 1.33349, -1.69562
60.525, 1.33349, -1.69562
60.55, 1.33349, -1.69562
60.575, 1.33349, -1.69562
60.6, 1.32032, -1.69576
60.625, 1.31668, -1.69587
60.65, 1.31668, -1.69587
60.675, 1.31668, -1.69587
60.7, 1.31668, -1.69587
60.725, 1.31668, -1.69587
60.75, 1.31668, -1.69587
60.775, 1.31039, -1.69572
60.8, 1.31039, -1.69572
60.825, 1.31227, -1.69553
60.85, 1.31227, -1.69553
60.875, 1.32165, -1.69533
60.9, 1.32165, -1.69533
60.925, 1.33473, -1.69516
60.95, 1.35322, -1.69495
60.975, 1.35322, -1.69495
61, 1.3724, -1.69475
61.025, 1.3724, -1.69475
61.05, 1.39192, -1.69456
61.075, 1.39192, -1.69456
61.1, 1.39192, -1.69456
61.125, 1.41069, -1.6944
61.15, 1.41069, -1.6944
61.175, 1.41069, -1.6944
61.2, 1.42849, -1.69427
61.225, 1.4488, -1.69411
61.25, 1.4488, -1.69411
61.275, 1.4488, -1.69411
61.3, 1.4488, -1.69411
61.325, 1.46854, -1.69395
61.35, 1.46854, -1.69395
61.375, 1.46854, -1.69395
61.4, 1.46854, -1.69395
61.425, 1.46854, -1.69395
61.45, 1.46854, -1.69395
61.475, 1.48934, -1.69376
61.5, 1.51061, -1.69355
61.525, 1.51061, -1.69355
61.55, 1.51061, -1.69355
61.575, 1.53089, -1.69335
61.6, 1.55099, -1.69314
61.625, 1.55099, -1.69314
61.65, 1.55099, -1.69314
61.675, 1.55099, -1.69314
61.7, 1.55099, -1.69314
61.725, 1.55099, -1.69314
61.75, 1.55099, -1.69314
61.775, 1.55099, -1.69314
61.8, 1.55099, -1.69314
61.825, 1.57226, -1.69291
61.85, 1.59273, -1.69268
61.875, 1.59273, -1.69268
61.9, 1.59273, -1.69268
61.925, 1.59273, -1.69268
61.95, 1.59273, -1.69268
61.975, 1.61226, -1.69245
62, 1.61226, -1.69245
62.025, 1.61226, -1.69245
62.05, 1.61226, -1.69245
62.075, 1.62807, -1.69226
62.1, 1.64174, -1.69206
62.125, 1.64174, -1.69206
62.15, 1.64174, -1.69206
62.175, 1.64174, -1.69206
62.2, 1.64174, -1.69206
62.225, 1.64174, -1.69206
62.25, 1.64174, -1.69206
62.275, 1.64174, -1.69206
62.3, 1.64174, -1.69206
62.325, 1.64174, -1.69206
62.35, 1.65246, -1.69188
62.375, 1.66117, -1.6917
62.4, 1.66117, -1.6917
62.425, 1.66941, -1.69153
62.45, 1.66941, -1.69153
62.475, 1.6773, -1.69136
62.5, 1.6773, -1.69136
62.525, 1.6773, -1.69136
62.55, 1.68442, -1.69118
62.575, 1.69107, -1.69101
62.6, 1.69107, -1.69101
62.625, 1.69752, -1.69085
62.65, 1.69752, -1.69085
62.675, 1.70385, -1.6907
62.7, 1.71007, -1.69055
62.725, 1.71007, -1.69055
62.75, 1.71007, -1.69055
62.775, 1.71007, -1.69055
62.8, 1.71632, -1.69041
62.825, 1.72277, -1.69028
62.85, 1.72935, -1.69017
62.875, 1.72935, -1.69017
62.9, 1.72935, -1.69017
62.925, 1.72935, -1.69017
62.95, 1.73587, -1.69007
62.975, 1.73587, -1.69007
63, 1.73587, -1.69007
63.025, 1.74241, -1.68998
63.05, 1.7492, -1.68991
63.075, 1.75616, -1.68987
63.1, 1.75616, -1.68987
63.125, 1.75616, -1.68987
63.15, 1.75616, -1.68987
63.175, 1.76287, -1.68982
63.2, 1.76934, -1.68977
63.225, 1.7757, -1.68972
63.25, 1.7757, -1.68972
63.275, 1.78224, -1.68969
63.3, 1.78888, -1.6897
63.325, 1.79536, -1.68974
63.35, 1.79536, -1.68974
63.375, 1.80137, -1.68981
63.4, 1.80137, -1.68981
63.425, 1.8071, -1.68985
63.45, 1.8071, -1.68985
63.475, 1.81176, -1.68989
63.5, 1.81538, -1.68991
63.525, 1.81538, -1.68991
63.55, 1.81933, -1.68994
63.575, 1.82347, -1.68998
63.6, 1.82347, -1.68998
63.625, 1.82347, -1.68998
63.65, 1.82743, -1.69002
63.675, 1.82743, -1.69002
63.7, 1.83118, -1.69006
63.725, 1.83118, -1.69006
63.75, 1.83452, -1.69009
63.775, 1.83769, -1.69012
63.8, 1.84091, -1.69015
63.825, 1.84091, -1.69015
63.85, 1.84091, -1.69015
63.875, 1.84406, -1.69019
63.9, 1.84718, -1.69023
63.925, 1.84718, -1.69023
63.95, 1.85018, -1.69026
63.975, 1.85018, -1.69026
64, 1.85304, -1.6903
64.025, 1.85304, -1.6903
64.05, 1.85304, -1.6903
64.075, 1.85577, -1.69033
64.1, 1.85577, -1.69033
64.125, 1.85577, -1.69033
64.15, 1.85848, -1.69037
64.175, 1.85848, -1.69037
64.2, 1.85848, -1.69037
64.225, 1.85848, -1.69037
64.25, 1.86106, -1.69041
64.275, 1.86106, -1.69041
64.3, 1.86106, -1.69041
64.325, 1.86106, -1.69041
64.35, 1.86356, -1.69045
64.375, 1.86356, -1.69045
64.4, 1.86356, -1.69045
64.425, 1.86356, -1.69045
64.45, 1.86599, -1.69049
64.475, 1.86817, -1.69055
64.5, 1.87005, -1.69061
64.525, 1.87005, -1.69061
64.55, 1.87005, -1.69061
64.575, 1.87194, -1.69067
64.6, 1.87194, -1.69067
64.625, 1.87346, -1.69072
64.65, 1.87453, -1.69076
64.675, 1.87547, -1.6908
64.7, 1.87547, -1.6908
64.725, 1.8766, -1.69085
64.75, 1.87767, -1.69091
64.775, 1.87767, -1.69091
64.8, 1.87767, -1.69091
64.825, 1.87767, -1.69091
64.85, 1.87767, -1.69091
64.875, 1.87801, -1.69096
64.9, 1.87801, -1.69096
64.925, 1.87801, -1.69096
64.95, 1.87801, -1.69096
64.975, 1.87801, -1.69096
65, 1.87801, -1.69096
65.025, 1.87971, -1.691
65.05, 1.87971, -1.691
65.075, 1.88135, -1.69103
65.1, 1.88264, -1.69106
65.125, 1.88342, -1.69108
65.15, 1.88343, -1.6911
65.175, 1.88343, -1.6911
65.2, 1.88343, -1.6911
65.225, 1.88343, -1.6911
65.25, 1.88343, -1.6911
65.275, 1.88349, -1.69111
65.3, 1.88349, -1.69111
65.325, 1.88349, -1.69111
65.35, 1.88349, -1.69111
65.375, 1.88349, -1.69111
65.4, 1.8835, -1.69113
65.425, 1.8835, -1.69113
65.45, 1.8835, -1.69113
65.475, 1.8835, -1.69113
65.5, 1.8835, -1.69113
65.525, 1.8835, -1.69113
65.55, 1.8835, -1.69113
65.575, 1.88355, -1.69114
65.6, 1.88355, -1.69114
65.625, 1.88379, -1.69116
65.65, 1.88379, -1.69116
65.675, 1.88408, -1.69118
65.7, 1.88442, -1.6912
65.725, 1.88459, -1.69122
65.75, 1.88459, -1.69122
65.775, 1.8844, -1.69123
65.8, 1.88383, -1.69125
65.825, 1.88383, -1.69125
65.85, 1.88387, -1.69126
65.875, 1.88387, -1.69126
65.9, 1.88387, -1.69126
65.925, 1.88387, -1.69126
65.95, 1.88387, -1.69126
65.975, 1.88455, -1.69125
66, 1.88455, -1.69125
66.025, 1.88455, -1.69125
66.05, 1.88301, -1.69124
66.075, 1.88301, -1.69124
66.1, 1.88301, -1.69124
66.125, 1.88301, -1.69124
66.15, 1.8826, -1.69123
66.175, 1.8826, -1.69123
66.2, 1.8826, -1.69123
66.225, 1.8826, -1.69123
66.25, 1.8826, -1.69123
66.275, 1.88244, -1.69117
66.3, 1.88244, -1.69117
66.325, 1.88244, -1.69117
66.35, 1.88244, -1.69117
66.375, 1.88244, -1.69117
66.4, 1.88244, -1.69117
66.425, 1.88367, -1.69111
66.45, 1.88367, -1.69111
66.475, 1.88367, -1.69111
66.5, 1.88487, -1.69105
66.525, 1.88487, -1.69105
66.55, 1.88487, -1.69105
66.575, 1.88606, -1.691
66.6, 1.88731, -1.69096
66.625, 1.88731, -1.69096
66.65, 1.88851, -1.69093
66.675, 1.88967, -1.6909
66.7, 1.89074, -1.69089
66.725, 1.89164, -1.69088
66.75, 1.89228, -1.69089
66.775, 1.89228, -1.69089
66.8, 1.89248, -1.69091
66.825, 1.89243, -1.69093
66.85, 1.89243, -1.69093
66.875, 1.89234, -1.69096
66.9, 1.89233, -1.69098
66.925, 1.89246, -1.69099
66.95, 1.89264, -1.69101
66.975, 1.89271, -1.69102
67, 1.89271, -1.69102
67.025, 1.89217, -1.69105
67.05, 1.89217, -1.69105
67.075, 1.89217, -1.69105
67.1, 1.89217, -1.69105
67.125, 1.89117, -1.69109
67.15, 1.89117, -1.69109
67.175, 1.89117, -1.69109
67.2, 1.88988, -1.69113
67.225, 1.88813, -1.69118
67.25, 1.88573, -1.69125
67.275, 1.88201, -1.69133
67.3, 1.87637, -1.69144
67.325, 1.87637, -1.69144
67.35, 1.87091, -1.69155
67.375, 1.87091, -1.69155
67.4, 1.8663, -1.69165
67.425, 1.8663, -1.69165
67.45, 1.8663, -1.69165
67.475, 1.86001, -1.69178
67.5, 1.8536, -1.69191
67.525, 1.84746, -1.69203
67.55, 1.84746, -1.69203
67.575, 1.84746, -1.69203
67.6, 1.84135, -1.69216
67.625, 1.84135, -1.69216
67.65, 1.83555, -1.69227
67.675, 1.83555, -1.69227
67.7, 1.82707, -1.6924
67.725, 1.81686, -1.69255
67.75, 1.81686, -1.69255
67.775, 1.81686, -1.69255
67.8, 1.80775, -1.69268
67.825, 1.80775, -1.69268
67.85, 1.79918, -1.69281
67.875, 1.79918, -1.69281
67.9, 1.79014, -1.69293
67.925, 1.79014, -1.69293
67.95, 1.78054, -1.69305
67.975, 1.78054, -1.69305
68, 1.77041, -1.69317
68.025, 1.77041, -1.69317
68.05, 1.77041, -1.69317
68.075, 1.76106, -1.69329
68.1, 1.76106, -1.69329
68.125, 1.76106, -1.69329
68.15, 1.76106, -1.69329
68.175, 1.76106, -1.69329
68.2, 1.76106, -1.69329
68.225, 1.76106, -1.69329
68.25, 1.7516, -1.6934
68.275, 1.74256, -1.6935
68.3, 1.74256, -1.6935
68.325, 1.73404, -1.6936
68.35, 1.73404, -1.6936
68.375, 1.73404, -1.6936
68.4, 1.73404, -1.6936
68.425, 1.73404, -1.6936
68.45, 1.72581, -1.6937
68.475, 1.72581, -1.6937
68.5, 1.72581, -1.6937
68.525, 1.71783, -1.6938
68.55, 1.71783, -1.6938
68.575, 1.70982, -1.69389
68.6, 1.70982, -1.69389
68.625, 1.70982, -1.69389
68.65, 1.70982, -1.69389
68.675, 1.70982, -1.69389
68.7, 1.70138, -1.69401
68.725, 1.70138, -1.69401
68.75, 1.69093, -1.69418
68.775, 1.68042, -1.69435
68.8, 1.67073, -1.69451
68.825, 1.66134, -1.69466
68.85, 1.65196, -1.69481
68.875, 1.65196, -1.69481
68.9, 1.64117, -1.69497
68.925, 1.6306, -1.69512
68.95, 1.62102, -1.69527
68.975, 1.61203, -1.69543
69, 1.61203, -1.69543
69.025, 1.60331, -1.69558
69.05, 1.59488, -1.69573
69.075, 1.59488, -1.69573
69.1, 1.58611, -1.69587
69.125, 1.58611, -1.69587
69.15, 1.58611, -1.69587
69.175, 1.57773, -1.696
69.2, 1.57773, -1.696
69.225, 1.56953, -1.69613
69.25, 1.56953, -1.69613
69.275, 1.56159, -1.69626
69.3, 1.55379, -1.69638
69.325, 1.55379, -1.69638
69.35, 1.54597, -1.6965
69.375, 1.54597, -1.6965
69.4, 1.54597, -1.6965
69.425, 1.54597, -1.6965
69.45, 1.54597, -1.6965
69.475, 1.54597, -1.6965
69.5, 1.54597, -1.6965
69.525, 1.53895, -1.69662
69.55, 1.53279, -1.69673
69.575, 1.5274, -1.69684
69.6, 1.52285, -1.69696
69.625, 1.51916, -1.69707
69.65, 1.51619, -1.69719
69.675, 1.51355, -1.6973
69.7, 1.51355, -1.6973
69.725, 1.51355, -1.6973
69.75, 1.51073, -1.69741
69.775, 1.50774, -1.69751
69.8, 1.50774, -1.69751
69.825, 1.50513, -1.69761
69.85, 1.50513, -1.69761
69.875, 1.50305, -1.69772
69.9, 1.50305, -1.69772
69.925, 1.50305, -1.69772
69.95, 1.50086, -1.69781
69.975, 1.50086, -1.69781
70, 1.49777, -1.6979
70.025, 1.49777, -1.6979
70.05, 1.49471, -1.69799
70.075, 1.48833, -1.6981
70.1, 1.48833, -1.6981
70.125, 1.48833, -1.6981
70.15, 1.48833, -1.6981
70.175, 1.46745, -1.69841
70.2, 1.46745, -1.69841
70.225, 1.46745, -1.69841
70.25, 1.45582, -1.69865
70.275, 1.44986, -1.69887
70.3, 1.44986, -1.69887
70.325, 1.44986, -1.69887
70.35, 1.44986, -1.69887
70.375, 1.44986, -1.69887
70.4, 1.44986, -1.69887
70.425, 1.43098, -1.69895
70.45, 1.41776, -1.69901
70.475, 1.40743, -1.69905
70.5, 1.40743, -1.69905
70.525, 1.40148, -1.69909
70.55, 1.40148, -1.69909
70.575, 1.40148, -1.69909
70.6, 1.39509, -1.69913
70.625, 1.39509, -1.69913
70.65, 1.38985, -1.69916
70.675, 1.38985, -1.69916
70.7, 1.38504, -1.69919
70.725, 1.38504, -1.69919
70.75, 1.38504, -1.69919
70.775, 1.38504, -1.69919
70.8, 1.3792, -1.69918
70.825, 1.37732, -1.69915
70.85, 1.37919, -1.69909
70.875, 1.37919, -1.69909
70.9, 1.37919, -1.69909
70.925, 1.37919, -1.69909
70.95, 1.38071, -1.69898
70.975, 1.38573, -1.69884
71, 1.38573, -1.69884
71.025, 1.38573, -1.69884
71.05, 1.38573, -1.69884
71.075, 1.39058, -1.6987
71.1, 1.39058, -1.6987
71.125, 1.39058, -1.6987
71.15, 1.39546, -1.69859
71.175, 1.39546, -1.69859
71.2, 1.40132, -1.69851
71.225, 1.41039, -1.69841
71.25, 1.41039, -1.69841
71.275, 1.41919, -1.69831
71.3, 1.41919, -1.69831
71.325, 1.42777, -1.69822
71.35, 1.42777, -1.69822
71.375, 1.42777, -1.69822
71.4, 1.42777, -1.69822
71.425, 1.43507, -1.69816
71.45, 1.43507, -1.69816
71.475, 1.43507, -1.69816
71.5, 1.43507, -1.69816
71.525, 1.43507, -1.69816
71.55, 1.44587, -1.698
71.575, 1.45685, -1.69784
71.6, 1.46803, -1.69767
71.625, 1.46803, -1.69767
71.65, 1.46803, -1.69767
71.675, 1.47804, -1.69752
71.7, 1.47804, -1.69752
71.725, 1.48658, -1.6974
71.75, 1.48658, -1.6974
71.775, 1.49418, -1.69728
71.8, 1.49418, -1.69728
71.825, 1.49418, -1.69728
71.85, 1.49418, -1.69728
71.875, 1.50197, -1.69717
71.9, 1.50197, -1.69717
71.925, 1.50916, -1.69706
71.95, 1.50916, -1.69706
71.975, 1.50916, -1.69706
72, 1.50916, -1.69706
72.025, 1.51612, -1.69695
72.05, 1.51612, -1.69695
72.075, 1.5227, -1.69684
72.1, 1.52889, -1.69673
72.125, 1.52889, -1.69673
72.15, 1.52889, -1.69673
72.175, 1.5346, -1.69662
72.2, 1.5346, -1.69662
72.225, 1.54006, -1.69652
72.25, 1.54518, -1.69641
72.275, 1.54518, -1.69641
72.3, 1.54518, -1.69641
72.325, 1.54977, -1.69631
72.35, 1.55399, -1.69621
72.375, 1.55399, -1.69621
72.4, 1.55399, -1.69621
72.425, 1.55828, -1.69611
72.45, 1.56257, -1.69602
72.475, 1.56684, -1.69594
72.5, 1.571, -1.69587
72.525, 1.57493, -1.69579
72.55, 1.57844, -1.69571
72.575, 1.57844, -1.69571
72.6, 1.58119, -1.69563
72.625, 1.58302, -1.69555
72.65, 1.58302, -1.69555
72.675, 1.58302, -1.69555
72.7, 1.58302, -1.69555
72.725, 1.58558, -1.69547
72.75, 1.58839, -1.69541
72.775, 1.58839, -1.69541
72.8, 1.58839, -1.69541
72.825, 1.58839, -1.69541
72.85, 1.59044, -1.69534
72.875, 1.59044, -1.69534
72.9, 1.59044, -1.69534
72.925, 1.59285, -1.69526
72.95, 1.59285, -1.69526
72.975, 1.59545, -1.69519
73, 1.59545, -1.69519
73.025, 1.59545, -1.69519
73.05, 1.59783, -1.69512
73.075, 1.59966, -1.69505
73.1, 1.60099, -1.69497
73.125, 1.60099, -1.69497
73.15, 1.60175, -1.6949
73.175, 1.60175, -1.6949
73.2, 1.60175, -1.6949
73.225, 1.60232, -1.69482
73.25, 1.60232, -1.69482
73.275, 1.60232, -1.69482
73.3, 1.60302, -1.69476
73.325, 1.60377, -1.69469
73.35, 1.60457, -1.69463
73.375, 1.60457, -1.69463
73.4, 1.60457, -1.69463
73.425, 1.60457, -1.69463
73.45, 1.60457, -1.69463
73.475, 1.60457, -1.69463
73.5, 1.60457, -1.69463
73.525, 1.60457, -1.69463
73.55, 1.60457, -1.69463
73.575, 1.60534, -1.69457
73.6, 1.60639, -1.69452
73.625, 1.60767, -1.69449
73.65, 1.60914, -1.69446
73.675, 1.60914, -1.69446
73.7, 1.60914, -1.69446
73.725, 1.60914, -1.69446
73.75, 1.60914, -1.69446
73.775, 1.61057, -1.69443
73.8, 1.61057, -1.69443
73.825, 1.61057, -1.69443
73.85, 1.61057, -1.69443
73.875, 1.61057, -1.69443
73.9, 1.61057, -1.69443
73.925, 1.61057, -1.69443
73.95, 1.61057, -1.69443
73.975, 1.61057, -1.69443
74, 1.61057, -1.69443
74.025, 1.61057, -1.69443
74.05, 1.61057, -1.69443
74.075, 1.61057, -1.69443
74.1, 1.61057, -1.69443
74.125, 1.61057, -1.69443
74.15, 1.61057, -1.69443
74.175, 1.61057, -1.69443
74.2, 1.61255, -1.69438
74.225, 1.61439, -1.69432
74.25, 1.61439, -1.69432
74.275, 1.61439, -1.69432
74.3, 1.61572, -1.69427
74.325, 1.61572, -1.69427
74.35, 1.61572, -1.69427
74.375, 1.6175, -1.69422
74.4, 1.6175, -1.69422
74.425, 1.61934, -1.69417
74.45, 1.61934, -1.69417
74.475, 1.61934, -1.69417
74.5, 1.62104, -1.69413
74.525, 1.62249, -1.69408
74.55, 1.62249, -1.69408
74.575, 1.62249, -1.69408
74.6, 1.62389, -1.69403
74.625, 1.62389, -1.69403
74.65, 1.62389, -1.69403
74.675, 1.62389, -1.69403
74.7, 1.62542, -1.69399
74.725, 1.62707, -1.69395
74.75, 1.62884, -1.69392
74.775, 1.63071, -1.6939
74.8, 1.63071, -1.6939
74.825, 1.63071, -1.6939
74.85, 1.63071, -1.6939
74.875, 1.63253, -1.69387
74.9, 1.63432, -1.69385
74.925, 1.63608, -1.69383
74.95, 1.63608, -1.69383
74.975, 1.63608, -1.69383
75, 1.63608, -1.69383
75.025, 1.63784, -1.69382
75.05, 1.6396, -1.69381
75.075, 1.64136, -1.6938
75.1, 1.64136, -1.6938
75.125, 1.64136, -1.6938
75.15, 1.64136, -1.6938
75.175, 1.64136, -1.6938
75.2, 1.64136, -1.6938
75.225, 1.64136, -1.6938
75.25, 1.64136, -1.6938
75.275, 1.64352, -1.6938
75.3, 1.64352, -1.6938
75.325, 1.6453, -1.69382
75.35, 1.6453, -1.69382
75.375, 1.6453, -1.69382
75.4, 1.64713, -1.69383
75.425, 1.64865, -1.69382
75.45, 1.64865, -1.69382
75.475, 1.64865, -1.69382
75.5, 1.65062, -1.69382
75.525, 1.65272, -1.69381
75.55, 1.65487, -1.69382
75.575, 1.65487, -1.69382
75.6, 1.65487, -1.69382
75.625, 1.65487, -1.69382
75.65, 1.65731, -1.69381
75.675, 1.65731, -1.69381
75.7, 1.65926, -1.6938
75.725, 1.65926, -1.6938
75.75, 1.65926, -1.6938
75.775, 1.6617, -1.69378
75.8, 1.6617, -1.69378
75.825, 1.66412, -1.69378
75.85, 1.66412, -1.69378
75.875, 1.66646, -1.69377
75.9, 1.6687, -1.69377
75.925, 1.6687, -1.69377
75.95, 1.67074, -1.69376
75.975, 1.67074, -1.69376
76, 1.67262, -1.69375
76.025, 1.67439, -1.69374
76.05, 1.67439, -1.69374
76.075, 1.67439, -1.69374
76.1, 1.67439, -1.69374
76.125, 1.67613, -1.69373
76.15, 1.67777, -1.69372
76.175, 1.67777, -1.69372
76.2, 1.67777, -1.69372
76.225, 1.67777, -1.69372
76.25, 1.67929, -1.69371
76.275, 1.68061, -1.6937
76.3, 1.68174, -1.69369
76.325, 1.68174, -1.69369
76.35, 1.68271, -1.69368
76.375, 1.6836, -1.69367
76.4, 1.6836, -1.69367
76.425, 1.68467, -1.69366
76.45, 1.68591, -1.69366
76.475, 1.68591, -1.69366
76.5, 1.68715, -1.69366
76.525, 1.68715, -1.69366
76.55, 1.6883, -1.69365
76.575, 1.68932, -1.69365
76.6, 1.69021, -1.69365
76.625, 1.69021, -1.69365
76.65, 1.69021, -1.69365
76.675, 1.69021, -1.69365
76.7, 1.69021, -1.69365
76.725, 1.69021, -1.69365
76.75, 1.69092, -1.69365
76.775, 1.69092, -1.69365
76.8, 1.69092, -1.69365
76.825, 1.69104, -1.69365
76.85, 1.69104, -1.69365
76.875, 1.69104, -1.69365
76.9, 1.69113, -1.69364
76.925, 1.69154, -1.69364
76.95, 1.6923, -1.69364
76.975, 1.69343, -1.69365
77, 1.69343, -1.69365
77.025, 1.69455, -1.69366
77.05, 1.69556, -1.69368
77.075, 1.69556, -1.69368
77.1, 1.69556, -1.69368
77.125, 1.69577, -1.6937
77.15, 1.69554, -1.69372
77.175, 1.69519, -1.69373
77.2, 1.69487, -1.69375
77.225, 1.69471, -1.69377
77.25, 1.69471, -1.69377
77.275, 1.69471, -1.69377
77.3, 1.69471, -1.69377
77.325, 1.69459, -1.69379
77.35, 1.69464, -1.69381
77.375, 1.69464, -1.69381
77.4, 1.69464, -1.69381
77.425, 1.69473, -1.69383
77.45, 1.69499, -1.69385
77.475, 1.6954, -1.69387
77.5, 1.69588, -1.6939
77.525, 1.69588, -1.6939
77.55, 1.69588, -1.6939
77.575, 1.69635, -1.69393
77.6, 1.69635, -1.69393
77.625, 1.69635, -1.69393
77.65, 1.69635, -1.69393
77.675, 1.69635, -1.69393
77.7, 1.69635, -1.69393
77.725, 1.69635, -1.69393
77.75, 1.69635, -1.69393
77.775, 1.69635, -1.69393
77.8, 1.69635, -1.69393
77.825, 1.69635, -1.69393
77.85, 1.69659, -1.69396
77.875, 1.69659, -1.69396
77.9, 1.69659, -1.69396
77.925, 1.69669, -1.694
77.95, 1.69678, -1.69404
77.975, 1.69691, -1.69407
78, 1.69691, -1.69407
78.025, 1.69691, -1.69407
78.05, 1.69691, -1.69407
78.075, 1.69737, -1.6941
78.1, 1.69737, -1.6941
78.125, 1.69737, -1.6941
78.15, 1.69737, -1.6941
78.175, 1.69737, -1.6941
78.2, 1.69737, -1.6941
78.225, 1.70019, -1.69406
78.25, 1.70308, -1.69402
78.275, 1.70308, -1.69402
78.3, 1.70308, -1.69402
78.325, 1.70588, -1.69398
78.35, 1.70588, -1.69398
78.375, 1.70588, -1.69398
78.4, 1.70588, -1.69398
78.425, 1.70588, -1.69398
78.45, 1.70823, -1.69395
78.475, 1.70823, -1.69395
78.5, 1.70823, -1.69395
78.525, 1.70823, -1.69395
78.55, 1.71049, -1.69392
78.575, 1.71049, -1.69392
78.6, 1.71266, -1.6939
78.625, 1.71266, -1.6939
78.65, 1.71266, -1.6939
78.675, 1.71476, -1.69387
78.7, 1.71476, -1.69387
78.725, 1.71476, -1.69387
78.75, 1.71476, -1.69387
78.775, 1.71476, -1.69387
78.8, 1.71476, -1.69387
78.825, 1.71702, -1.69384
78.85, 1.7192, -1.69381
78.875, 1.72134, -1.69379
78.9, 1.72134, -1.69379
78.925, 1.72342, -1.69376
78.95, 1.72342, -1.69376
78.975, 1.72342, -1.69376
79, 1.72537, -1.69375
79.025, 1.7272, -1.69374
79.05, 1.7272, -1.69374
79.075, 1.72894, -1.69373
79.1, 1.7306, -1.69372
79.125, 1.73207, -1.69371
79.15, 1.73207, -1.69371
79.175, 1.73297, -1.6937
79.2, 1.73297, -1.6937
79.225, 1.73297, -1.6937
79.25, 1.73416, -1.69369
79.275, 1.73543, -1.69369
79.3, 1.73674, -1.69368
79.325, 1.73807, -1.69368
79.35, 1.73807, -1.69368
79.375, 1.73807, -1.69368
79.4, 1.73894, -1.69368
79.425, 1.73909, -1.69368
79.45, 1.73909, -1.69368
79.475, 1.73934, -1.69368
79.5, 1.73934, -1.69368
79.525, 1.73979, -1.69369
79.55, 1.73979, -1.69369
79.575, 1.73979, -1.69369
79.6, 1.73979, -1.69369
79.625, 1.73979, -1.69369
79.65, 1.73979, -1.69369
79.675, 1.73979, -1.69369
79.7, 1.73979, -1.69369
79.725, 1.73979, -1.69369
79.75, 1.74017, -1.6937
79.775, 1.74017, -1.6937
79.8, 1.74017, -1.6937
79.825, 1.74017, -1.6937
79.85, 1.74056, -1.69371
79.875, 1.74082, -1.69371
79.9, 1.74074, -1.69372
79.925, 1.74074, -1.69372
79.95, 1.74074, -1.69372
79.975, 1.73992, -1.69373
80, 1.73856, -1.69374
80.025, 1.73856, -1.69374
80.05, 1.73856, -1.69374
80.075, 1.73856, -1.69374
80.1, 1.73856, -1.69374
80.125, 1.73856, -1.69374
80.15, 1.73515, -1.69377
80.175, 1.72798, -1.69385
80.2, 1.71662, -1.69398
80.225, 1.71662, -1.69398
80.25, 1.70139, -1.69416
80.275, 1.70139, -1.69416
80.3, 1.68325, -1.69436
80.325, 1.66306, -1.69458
80.35, 1.66306, -1.69458
80.375, 1.66306, -1.69458
80.4, 1.66306, -1.69458
80.425, 1.64344, -1.6948
80.45, 1.64344, -1.6948
80.475, 1.64344, -1.6948
80.5, 1.6238, -1.69501
80.525, 1.6238, -1.69501
80.55, 1.60568, -1.69521
80.575, 1.59083, -1.69538
80.6, 1.59083, -1.69538
80.625, 1.57858, -1.69556
80.65, 1.56985, -1.69571
80.675, 1.56383, -1.69584
80.7, 1.56383, -1.69584
80.725, 1.55792, -1.69596
80.75, 1.55498, -1.69606
80.775, 1.55576, -1.69614
80.8, 1.55576, -1.69614
80.825, 1.55576, -1.69614
80.85, 1.5566, -1.69622
80.875, 1.5566, -1.69622
80.9, 1.5566, -1.69622
80.925, 1.55702, -1.69625
80.95, 1.55702, -1.69625
80.975, 1.55765, -1.69628
81, 1.55765, -1.69628
81.025, 1.55765, -1.69628
81.05, 1.55875, -1.69635
81.075, 1.55875, -1.69635
81.1, 1.5605, -1.69647
81.125, 1.56524, -1.69658
81.15, 1.5721, -1.69669
81.175, 1.58049, -1.69679
81.2, 1.58994, -1.69687
81.225, 1.60006, -1.69694
81.25, 1.61102, -1.697
81.275, 1.61102, -1.697
81.3, 1.62197, -1.69707
81.325, 1.62197, -1.69707
81.35, 1.6326, -1.69716
81.375, 1.6326, -1.69716
81.4, 1.64272, -1.69727
81.425, 1.64272, -1.69727
81.45, 1.64272, -1.69727
81.475, 1.65284, -1.69736
81.5, 1.65284, -1.69736
81.525, 1.65284, -1.69736
81.55, 1.65284, -1.69736
81.575, 1.65284, -1.69736
81.6, 1.65284, -1.69736
81.625, 1.65284, -1.69736
81.65, 1.66759, -1.69725
81.675, 1.66759, -1.69725
81.7, 1.66759, -1.69725
81.725, 1.6817, -1.69715
81.75, 1.6955, -1.69705
81.775, 1.6955, -1.69705
81.8, 1.6955, -1.69705
81.825, 1.6955, -1.69705
81.85, 1.70895, -1.69694
81.875, 1.72189, -1.69683
81.9, 1.72189, -1.69683
81.925, 1.72189, -1.69683
81.95, 1.72189, -1.69683
81.975, 1.73432, -1.69673
82, 1.74618, -1.69662
82.025, 1.74618, -1.69662
82.05, 1.75759, -1.69652
82.075, 1.75759, -1.69652
82.1, 1.76862, -1.69643
82.125, 1.77927, -1.69633
82.15, 1.77927, -1.69633
82.175, 1.77927, -1.69633
82.2, 1.77927, -1.69633
82.225, 1.78895, -1.69625
82.25, 1.78895, -1.69625
82.275, 1.78895, -1.69625
82.3, 1.78895, -1.69625
82.325, 1.79882, -1.69615
82.35, 1.79882, -1.69615
82.375, 1.80857, -1.69607
82.4, 1.81802, -1.69599
82.425, 1.8271, -1.69591
82.45, 1.8271, -1.69591
82.475, 1.83526, -1.69582
82.5, 1.84227, -1.69573
82.525, 1.84227, -1.69573
82.55, 1.84227, -1.69573
82.575, 1.84894, -1.69565
82.6, 1.84894, -1.69565
82.625, 1.85544, -1.69557
82.65, 1.86198, -1.69549
82.675, 1.86198, -1.69549
82.7, 1.86198, -1.69549
82.725, 1.8681, -1.69541
82.75, 1.87386, -1.69533
82.775, 1.87386, -1.69533
82.8, 1.87386, -1.69533
82.825, 1.87386, -1.69533
82.85, 1.87386, -1.69533
82.875, 1.87386, -1.69533
82.9, 1.87386, -1.69533
82.925, 1.87386, -1.69533
82.95, 1.87947, -1.69525
82.975, 1.87947, -1.69525
83, 1.87947, -1.69525
83.025, 1.88494, -1.69518
83.05, 1.88494, -1.69518
83.075, 1.89037, -1.69511
83.1, 1.8958, -1.69505
83.125, 1.8958, -1.69505
83.15, 1.90116, -1.695
83.175, 1.90116, -1.695
83.2, 1.90116, -1.695
83.225, 1.90116, -1.695
83.25, 1.90637, -1.69496
83.275, 1.90637, -1.69496
83.3, 1.90637, -1.69496
83.325, 1.90637, -1.69496
83.35, 1.90637, -1.69496
83.375, 1.91148, -1.69491
83.4, 1.91148, -1.69491
83.425, 1.91645, -1.69486
83.45, 1.91645, -1.69486
83.475, 1.91645, -1.69486
83.5, 1.91645, -1.69486
83.525, 1.91645, -1.69486
83.55, 1.92112, -1.69483
83.575, 1.92112, -1.69483
83.6, 1.92563, -1.6948
83.625, 1.92563, -1.6948
83.65, 1.92563, -1.6948
83.675, 1.92563, -1.6948
83.7, 1.9298, -1.69478
83.725, 1.9298, -1.69478
83.75, 1.9298, -1.69478
83.775, 1.9298, -1.69478
83.8, 1.9298, -1.69478
83.825, 1.9298, -1.69478
83.85, 1.93384, -1.69475
83.875, 1.93384, -1.69475
83.9, 1.93384, -1.69475
83.925, 1.93384, -1.69475
83.95, 1.93384, -1.69475
83.975, 1.93747, -1.69473
84, 1.93747, -1.69473
84.025, 1.94103, -1.69471
84.05, 1.94451, -1.69469
84.075, 1.94799, -1.69468
84.1, 1.94799, -1.69468
84.125, 1.94799, -1.69468
84.15, 1.94799, -1.69468
84.175, 1.94799, -1.69468
84.2, 1.94799, -1.69468
84.225, 1.94799, -1.69468
84.25, 1.95134, -1.69467
84.275, 1.95134, -1.69467
84.3, 1.95134, -1.69467
84.325, 1.95134, -1.69467
84.35, 1.95134, -1.69467
84.375, 1.95134, -1.69467
84.4, 1.95134, -1.69467
84.425, 1.95456, -1.69465
84.45, 1.95456, -1.69465
84.475, 1.95456, -1.69465
84.5, 1.95456, -1.69465
84.525, 1.95456, -1.69465
84.55, 1.95762, -1.69464
84.575, 1.9606, -1.69462
84.6, 1.9606, -1.69462
84.625, 1.96357, -1.69461
84.65, 1.96357, -1.69461
84.675, 1.96669, -1.69461
84.7, 1.96669, -1.69461
84.725, 1.96981, -1.69462
84.75, 1.97287, -1.69463
84.775, 1.97287, -1.69463
84.8, 1.97562, -1.69463
84.825, 1.97562, -1.69463
84.85, 1.97562, -1.69463
84.875, 1.97562, -1.69463
84.9, 1.97562, -1.69463
84.925, 1.97562, -1.69463
84.95, 1.9787, -1.69464
84.975, 1.98187, -1.69466
85, 1.98187, -1.69466
85.025, 1.98187, -1.69466
85.05, 1.98435, -1.69466
85.075, 1.98435, -1.69466
85.1, 1.98435, -1.69466
85.125, 1.98435, -1.69466
85.15, 1.98683, -1.69466
85.175, 1.98683, -1.69466
85.2, 1.98968, -1.69467
85.225, 1.99274, -1.69468
85.25, 1.99574, -1.69469
85.275, 1.99574, -1.69469
85.3, 1.99574, -1.69469
85.325, 1.99574, -1.69469
85.35, 1.99574, -1.69469
85.375, 1.99574, -1.69469
85.4, 1.99574, -1.69469
85.425, 1.99574, -1.69469
85.45, 1.99574, -1.69469
85.475, 1.99898, -1.69471
85.5, 1.99898, -1.69471
85.525, 2.00215, -1.69472
85.55, 2.00215, -1.69472
85.575, 2.00215, -1.69472
85.6, 2.00521, -1.69473
85.625, 2.00521, -1.69473
85.65, 2.00818, -1.69475
85.675, 2.01111, -1.69476
85.7, 2.01399, -1.69477
85.725, 2.01683, -1.69479
85.75, 2.01964, -1.6948
85.775, 2.02244, -1.69482
85.8, 2.02244, -1.69482
85.825, 2.02519, -1.69484
85.85, 2.02519, -1.69484
85.875, 2.02792, -1.69486
85.9, 2.03064, -1.69488
85.925, 2.03064, -1.69488
85.95, 2.03329, -1.6949
85.975, 2.03591, -1.69492
86, 2.03591, -1.69492
86.025, 2.03852, -1.69495
86.05, 2.03852, -1.69495
86.075, 2.03852, -1.69495
86.1, 2.04095, -1.69499
86.125, 2.04095, -1.69499
86.15, 2.04095, -1.69499
86.175, 2.04331, -1.69503
86.2, 2.04331, -1.69503
86.225, 2.04558, -1.69506
86.25, 2.04558, -1.69506
86.275, 2.04558, -1.69506
86.3, 2.04558, -1.69506
86.325, 2.04779, -1.69511
86.35, 2.04779, -1.69511
86.375, 2.04779, -1.69511
86.4, 2.04992, -1.69515
86.425, 2.04992, -1.69515
86.45, 2.04992, -1.69515
86.475, 2.04992, -1.69515
86.5, 2.04992, -1.69515
86.525, 2.05195, -1.6952
86.55, 2.05195, -1.6952
86.575, 2.05195, -1.6952
86.6, 2.05195, -1.6952
86.625, 2.05195, -1.6952
86.65, 2.05195, -1.6952
86.675, 2.05195, -1.6952
86.7, 2.05412, -1.69522
86.725, 2.05614, -1.69524
86.75, 2.05614, -1.69524
86.775, 2.05788, -1.69526
86.8, 2.05788, -1.69526
86.825, 2.05939, -1.69527
86.85, 2.05939, -1.69527
86.875, 2.05939, -1.69527
86.9, 2.06083, -1.69529
86.925, 2.06083, -1.69529
86.95, 2.06083, -1.69529
86.975, 2.06226, -1.69531
87, 2.06226, -1.69531
87.025, 2.06226, -1.69531
87.05, 2.06226, -1.69531
87.075, 2.06364, -1.69532
87.1, 2.06497, -1.69534
87.125, 2.06497, -1.69534
87.15, 2.06497, -1.69534
87.175, 2.06497, -1.69534
87.2, 2.06497, -1.69534
87.225, 2.06497, -1.69534
87.25, 2.06626, -1.69535
87.275, 2.06626, -1.69535
87.3, 2.06751, -1.69537
87.325, 2.06751, -1.69537
87.35, 2.06751, -1.69537
87.375, 2.06751, -1.69537
87.4, 2.06751, -1.69537
87.425, 2.06877, -1.69539
87.45, 2.07005, -1.69541
87.475, 2.07131, -1.69544
87.5, 2.07131, -1.69544
87.525, 2.07131, -1.69544
87.55, 2.07131, -1.69544
87.575, 2.07131, -1.69544
87.6, 2.07131, -1.69544
87.625, 2.07131, -1.69544
87.65, 2.07249, -1.69545
87.675, 2.07249, -1.69545
87.7, 2.07249, -1.69545
87.725, 2.07398, -1.69547
87.75, 2.07536, -1.6955
87.775, 2.07536, -1.6955
87.8, 2.07536, -1.6955
87.825, 2.07536, -1.6955
87.85, 2.07536, -1.6955
87.875, 2.07536, -1.6955
87.9, 2.07723, -1.69549
87.925, 2.07871, -1.69547
87.95, 2.07871, -1.69547
87.975, 2.07871, -1.69547
88, 2.07871, -1.69547
88.025, 2.07871, -1.69547
88.05, 2.08076, -1.69545
88.075, 2.08076, -1.69545
88.1, 2.08269, -1.69543
88.125, 2.08269, -1.69543
88.15, 2.08447, -1.69541
88.175, 2.08447, -1.69541
88.2, 2.08447, -1.69541
88.225, 2.08615, -1.69538
88.25, 2.08615, -1.69538
88.275, 2.08615, -1.69538
88.3, 2.08615, -1.69538
88.325, 2.08615, -1.69538
88.35, 2.08615, -1.69538
88.375, 2.08615, -1.69538
88.4, 2.08615, -1.69538
88.425, 2.08779, -1.69536
88.45, 2.08779, -1.69536
88.475, 2.08779, -1.69536
88.5, 2.08935, -1.69533
88.525, 2.08935, -1.69533
88.55, 2.09086, -1.69531
88.575, 2.09086, -1.69531
88.6, 2.09086, -1.69531
88.625, 2.09086, -1.69531
88.65, 2.09086, -1.69531
88.675, 2.09086, -1.69531
88.7, 2.09086, -1.69531
88.725, 2.0923, -1.69528
88.75, 2.09368, -1.69526
88.775, 2.09368, -1.69526
88.8, 2.09368, -1.69526
88.825, 2.09492, -1.69524
88.85, 2.09492, -1.69524
88.875, 2.09631, -1.69522
88.9, 2.09631, -1.69522
88.925, 2.09631, -1.69522
88.95, 2.09716, -1.69523
88.975, 2.09716, -1.69523
89, 2.09803, -1.69524
89.025, 2.09898, -1.69525
89.05, 2.09898, -1.69525
89.075, 2.09959, -1.69525
89.1, 2.09959, -1.69525
89.125, 2.09992, -1.69525
89.15, 2.10029, -1.69526
89.175, 2.10072, -1.69528
89.2, 2.10111, -1.6953
89.225, 2.10147, -1.69533
89.25, 2.10181, -1.69535
89.275, 2.10181, -1.69535
89.3, 2.10181, -1.69535
89.325, 2.10181, -1.69535
89.35, 2.10118, -1.69539
89.375, 2.10118, -1.69539
89.4, 2.10017, -1.69543
89.425, 2.10017, -1.69543
89.45, 2.0991, -1.69547
89.475, 2.0991, -1.69547
89.5, 2.0981, -1.69551
89.525, 2.0981, -1.69551
89.55, 2.0981, -1.69551
89.575, 2.09695, -1.69554
89.6, 2.09695, -1.69554
89.625, 2.09564, -1.69557
89.65, 2.09564, -1.69557
89.675, 2.09437, -1.69561
89.7, 2.09437, -1.69561
89.725, 2.09318, -1.69564
89.75, 2.09318, -1.69564
89.775, 2.09318, -1.69564
89.8, 2.09318, -1.69564
89.825, 2.09204, -1.69567
89.85, 2.09097, -1.69571
89.875, 2.09097, -1.69571
89.9, 2.08996, -1.69574
89.925, 2.08996, -1.69574
89.95, 2.08996, -1.69574
89.975, 2.08996, -1.69574
